﻿PostLink;PostTürü;BeğeniSayısı;YorumSayısı;Görüntülenme Sayısı;Tarih;DisplayPhoto;Caption;Takipçi
https://www.instagram.com/p/DRpqmOCjNkY/;Carousel;250;2;0;2025-11-29 21:49:29;https://scontent-lax3-1.cdninstagram.com/v/t51.82787-15/587621371_18542811106058638_1116261126982069085_n.jpg?stp=dst-jpg_e35_tt6&_nc_cat=110&ig_cache_key=Mzc3NjczNzA5NzEzOTY0MzE3Ng%3D%3D.3-ccb7-5&ccb=7-5&_nc_sid=58cdad&efg=eyJ2ZW5jb2RlX3RhZyI6InhwaWRzLjEzNjV4OTEwLnNkci5DMyJ9&_nc_ohc=HolrJiwBa5sQ7kNvwFiJcCJ&_nc_oc=Adl7r75m1EkkD0Qk5tk84wspWbwY_g6-cBztheG7OLe_k_rw_6-t3CBaAXlI6dabnoA&_nc_ad=z-m&_nc_cid=0&_nc_zt=23&_nc_ht=scontent-lax3-1.cdninstagram.com&_nc_gid=kyj9XAHT6Jv_S39r768W4A&oh=00_AfgM1jaEVWZtrvOPIuDtCNQTtY2kgaSZJ5cNElPtznhgCQ&oe=6931266E;"Cumhuriyet Halk Partimizin Türk Siyaset Tarihi'nin unutulmazları arasında yer alacağına inandığım 39. Olağan Kurultayı'ndaki olağanüstü konuşmasının ardından, Partimizin tarihindeki en yüksek oyu alarak yeniden Genel Başkanlığa seçilen Sayın Özgür Özel'i yürekten tebrik ediyorum ve kıymetli delegelerimizin bu tarihi kararından anlaşılması gerekenin; anlaması gerekenler tarafından, bu defa anlaşıldığını umuyorum.";171918
https://www.instagram.com/p/DRl8wRdDKnA/;Carousel;878;9;0;2025-11-28 11:11:10;https://scontent-lax3-1.cdninstagram.com/v/t51.82787-15/589078394_18542581006058638_6300115907458215447_n.jpg?stp=dst-jpg_e35_tt6&_nc_cat=104&ig_cache_key=Mzc3NTY5MTA1MzQwODcxODYyNg%3D%3D.3-ccb7-5&ccb=7-5&_nc_sid=58cdad&efg=eyJ2ZW5jb2RlX3RhZyI6InhwaWRzLjE0NDB4ODEwLnNkci5DMyJ9&_nc_ohc=7_md88SZPXcQ7kNvwFYSc4v&_nc_oc=AdmXeMPpBgHDfgj_X4CETU8U_2B92mkfDt1KbWO-OrbKF3ivJPzUrz7uEcmWdIZn7Go&_nc_ad=z-m&_nc_cid=0&_nc_zt=23&_nc_ht=scontent-lax3-1.cdninstagram.com&_nc_gid=kyj9XAHT6Jv_S39r768W4A&oh=00_AfjC0gEfAsNHowma9E4tGE6Pn9EjkQMnCJhRW4Xpst2Txg&oe=693108F7;"Merkezi İspanya’nın Barselona kentinde bulunan ve dünya çapında büyükşehirlerin oluşturduğu küresel bir ağ olmasının yanı sıra, büyükşehirler arasındaki işbirliği ve bilgi paylaşımını geliştirmeyi amaçlayan MEDCITIES’in 26 Kasım günü, Barselona'da gerçekleşen Genel Kurulu’nda yaptığım geniş kapsamlı konuşma ile Muğla’mızın ve Muğla Büyükşehir Belediyemizin güçlü konumunu, global turizm alanındaki önemini ve bölgemiz hakkındaki düşüncelerimi, bu çok değerli platformda paylaşma fırsatı bulduk.  Barselona Belediye Başkanı Sayın Jaume Collboni, Mersin Belediye Başkanı Sayın Vahap Seçer ve MEDCITIES Başkan Vekili Sayın Clare Hart’ın da  konuşmacı olarak katıldığı bu önemli toplantı, Muğla Büyükşehir Belediyesi tarihindeki ilk’lerimizden biri olan “Uluslararası işbirliğinde aktif rol üstlenme” kararımız doğrultusunda attığımız güçlü adımlardan biri olarak, yol haritamızdaki yerini aldı.  1.5 yıl gibi kısa bir sürede; UCLG, ICLEI, Mayors for Peace, Metropolis ve MedCities gibi çok önemli ağlara Muğlamızı dahil ederek, uluslararası işbirliğinde aktif rol üstlenmesini sağlamaktan, gurur duyuyorum.";
https://www.instagram.com/p/DRjX6gvjI1m/;Photo;1421;62;0;2025-11-27 11:10:47;https://scontent-lax3-1.cdninstagram.com/v/t51.82787-15/589170562_18542427217058638_2993162635523019706_n.jpg?stp=dst-jpg_e35_tt6&_nc_cat=109&ig_cache_key=Mzc3NDk2NjA4ODYyMzQ5MjQ1NA%3D%3D.3-ccb7-5&ccb=7-5&_nc_sid=58cdad&efg=eyJ2ZW5jb2RlX3RhZyI6InhwaWRzLjEwODB4MTA4MC5zZHIuQzMifQ%3D%3D&_nc_ohc=zNuI7HHsV_sQ7kNvwEYmIur&_nc_oc=AdkX2kuzHsSXEuIZDEsuOEvSvICgv1dLQ8QhX2JJSML-NVHLLHP6JgOObYU_T_4ZeSU&_nc_ad=z-m&_nc_cid=0&_nc_zt=23&_nc_ht=scontent-lax3-1.cdninstagram.com&_nc_gid=kyj9XAHT6Jv_S39r768W4A&oh=00_Afj4bBOreBRzILrWg6W6jtwlPLNNp6tlatYwjSx3L4p65w&oe=69310005;"MedCities (Akdeniz Kıyı Şehirleri Ağı) Olağan Genel Kurulu’na katılmak üzere bulunduğum Barcelona'da; Bodrum Kent Konseyi Kadın Meclisimizin ilk bağımsız Yönetim Kurulu Üyesi olmasının yanı sıra, Toplumsal Cinsiyet Eşitliği Komisyon Üyesi ve çok değerli bir Felsefe Öğretmeni olan Sayın Ayşe Tan İskender’in vefatını, üzüntüyle öğrendim. Bugün Bitez Camimizden son yolculuğuna uğurlanacak olan kıymetli dostumuza, saygıdeğer öğretmenimize Allah’tan rahmet; ailesine, çalışma arkadaşlarına ve sevenlerine, başsağlığı diliyorum.";
https://www.instagram.com/p/DReQN2UDPro/;Carousel;723;1;0;2025-11-25 11:27:19;https://scontent-lax3-1.cdninstagram.com/v/t51.82787-15/587818589_18542127925058638_8883405754646441838_n.jpg?stp=dst-jpg_e35_tt6&_nc_cat=104&ig_cache_key=Mzc3MzUyNDg0OTAzODQ4NzExMw%3D%3D.3-ccb7-5&ccb=7-5&_nc_sid=58cdad&efg=eyJ2ZW5jb2RlX3RhZyI6InhwaWRzLjE0NDB4OTU5LnNkci5DMyJ9&_nc_ohc=tMjlBzdw5aQQ7kNvwF4B6_A&_nc_oc=AdlxFRt6Y6gmydFH31ysp57ojmZkzDeNTJ1_AmEjQCcq7WFIncJh02-apcDzjgOsxr8&_nc_ad=z-m&_nc_cid=0&_nc_zt=23&_nc_ht=scontent-lax3-1.cdninstagram.com&_nc_gid=kyj9XAHT6Jv_S39r768W4A&oh=00_AfjhXOpeI3cANCVhAf0q5ZNP7hLeNEWC_gBjEmvbiOLDOQ&oe=6930FFED;"Muğlamızın Roma, Bizans, Menteşe Beyliği ve Osmanlı’ya kadar uzanan olağanüstü kültürel mirasını gün yüzüne çıkartmak için yürütülen çalışmalara Muğla Büyükşehir Belediyesi olarak katkı sağlamaktan, gurur duyuyoruz. Belediyemiz ile Kültür ve Turizm Bakanlığımız arasında dün imzaladığımız “Ortak Hizmet Protokolü” kapsamızda; Muğla genelinde devam eden 17 ayrı kazı çalışmasının; altyapı, lojistik ve mali ihtiyaçlarını karşılayacağız. Ayrıca, restorasyon ve kültür turizmi projeleri de geliştirerek, elde edilen bulguları sergi, yayın ve dijital platformlar aracılığı ile sizlere ulaştıracağız. Bizleri çok mutlu eden bu anlamlı işbirliği ve kentimizde devam eden değerli çalışmaları için, Kültür ve Turizm Bakanlığımıza teşekkür ederim.";
https://www.instagram.com/p/DRcfsVJDH4E/;Carousel;990;3;0;2025-11-24 19:04:04;https://scontent-lax3-1.cdninstagram.com/v/t51.82787-15/588607617_18542023300058638_406554758321712162_n.jpg?stp=dst-jpg_e35_tt6&_nc_cat=110&ig_cache_key=Mzc3MzAyOTk2MjQ0NjgwODgyOQ%3D%3D.3-ccb7-5&ccb=7-5&_nc_sid=58cdad&efg=eyJ2ZW5jb2RlX3RhZyI6InhwaWRzLjE0NDB4OTYwLnNkci5DMyJ9&_nc_ohc=IxFzf338Qb4Q7kNvwE4MwtY&_nc_oc=Adn7sOdxmgqe_Zfp1Tb6CWltmmEfAUBvFOnP7_j2BM0PdlfCS6PSjrt-in9USk2YtgY&_nc_ad=z-m&_nc_cid=0&_nc_zt=23&_nc_ht=scontent-lax3-1.cdninstagram.com&_nc_gid=kyj9XAHT6Jv_S39r768W4A&oh=00_AfghVBoquC-3jJhRpwTygcomnXp0_ixzHniQas3FpD9Ncg&oe=6931202D;Kıymetli öğretmenlerimiz için Muğla Sıtkı Koçman Üniversitemizde düzenlenen ve emekli öğretmenlerimize değerli Valimiz Sayın Dr. İdris Akbıyık tarafından Şeref Belgelerinin takdim edildiği, yeni öğretmenlerimizin ise yemin törenlerinin gerçekleştiği Öğretmenler Günü programına katılmaktan, büyük bir mutluluk duydum. Eğitim Kenti Muğlamıza çok yakışan bu programın organizasyonunda emeği geçenlere yürekten teşekkür ederim.;
https://www.instagram.com/p/DRb8BmSjEOX/;Carousel;1391;3;0;2025-11-24 13:52:24;https://scontent-lax3-1.cdninstagram.com/v/t51.82787-15/587986524_18541982953058638_4124358378989044936_n.jpg?stp=dst-jpg_e35_tt6&_nc_cat=109&ig_cache_key=Mzc3Mjg3MzA5MTQ0MjMxNzM5Ng%3D%3D.3-ccb7-5&ccb=7-5&_nc_sid=58cdad&efg=eyJ2ZW5jb2RlX3RhZyI6InhwaWRzLjEwNjV4NzEwLnNkci5DMyJ9&_nc_ohc=LG3IPlRMFy4Q7kNvwEBvaso&_nc_oc=Adk9KMhCEuOj-yQuhmC113RMOupBDZOYoJ2POawFf13O39KXvElu_vv_JFujGP3sSkI&_nc_ad=z-m&_nc_cid=0&_nc_zt=23&_nc_ht=scontent-lax3-1.cdninstagram.com&_nc_gid=kyj9XAHT6Jv_S39r768W4A&oh=00_AfgSxNA98f-kWaWPMJQBeZxQF43aG1YgogUcEGxNrLSg-A&oe=69311051;"Muğlamızın ve Muğla Büyükşehir Belediyemizin baştacı olan kıymetli öğretmenlerimizle dün, Türkan Saylan Çağdaş Yaşam Merkezimizde düzenlediğimiz ""Öğretmenler Günü"" özel davetimizde buluşmanın, mutluluğunu yaşadık. Ömürlerini eğitime adayan bu çok değerli ve fedakar insanlar iyi ki var. Daima var olsunlar.❤️";
https://www.instagram.com/p/DRbT2lUDPuL/;Photo;778;7;0;2025-11-24 08:01:22;https://scontent-lax3-2.cdninstagram.com/v/t51.82787-15/589096296_18541947343058638_4212711264126941059_n.jpg?stp=dst-jpg_e35_tt6&_nc_cat=107&ig_cache_key=Mzc3MjY5NjQyNjY1MzIxOTcyMw%3D%3D.3-ccb7-5&ccb=7-5&_nc_sid=58cdad&efg=eyJ2ZW5jb2RlX3RhZyI6InhwaWRzLjEzNDd4MTY3OS5zZHIuQzIifQ%3D%3D&_nc_ohc=IBaH_m8kW38Q7kNvwFms-9K&_nc_oc=AdmSyq_TqQBoRccQEim5y3bXP2LLaojU1GRXvgDqmCidx6g2Kzqq87sjIPpeyubw2uQ&_nc_ad=z-m&_nc_cid=0&_nc_zt=23&_nc_ht=scontent-lax3-2.cdninstagram.com&_nc_gid=kyj9XAHT6Jv_S39r768W4A&oh=00_AfgmQEPSc1kwRRSUomjfstcu5Fux1rQdIcrqbJ3tdFj1AQ&oe=6931206D;Hayatlarını bizleri eğitmeye adayan öğretmenlerimizin her günü sağlıklı, huzurlu ve mutlu, Öğretmenler Günü kutlu olsun..❤️;
https://www.instagram.com/p/DRZ8tCyjOXo/;Carousel;1075;32;0;2025-11-23 19:19:51;https://scontent-lax3-1.cdninstagram.com/v/t51.82787-15/587015611_18541861570058638_8854325742122680578_n.jpg?stp=dst-jpg_e35_tt6&_nc_cat=110&ig_cache_key=Mzc3MjMxMzEyNTUxODA3MjA5OQ%3D%3D.3-ccb7-5&ccb=7-5&_nc_sid=58cdad&efg=eyJ2ZW5jb2RlX3RhZyI6InhwaWRzLjE0NDB4OTYwLnNkci5DMyJ9&_nc_ohc=Z1JmSjTNyQoQ7kNvwH-uuNw&_nc_oc=AdnjZe-cD2fJ3YnBWdkquE-Fklusvk_9JhvL25vg4A1ds7M83qna0apra1luTwu3CpI&_nc_ad=z-m&_nc_cid=0&_nc_zt=23&_nc_ht=scontent-lax3-1.cdninstagram.com&_nc_gid=kyj9XAHT6Jv_S39r768W4A&oh=00_AfjTapUiIOI6QpOSu6xtnYBhbTrh-AmEm6_viL7VRQijfg&oe=693100B8;CHP Muğla İl Başkanımız, kıymetli kardeşim Sayın Nail Kızıl’ın babası Tevfik Kızıl ağabeyimizi bugün, dualarımız eşliğinde son yolculuğuna uğurladık. Mekanı cennet, ruhu şad olsun.;
https://www.instagram.com/p/DRY0WR0DI3Y/;Photo;853;81;0;2025-11-23 08:47:36;https://scontent-lax3-1.cdninstagram.com/v/t51.82787-15/588212966_18541788364058638_1464422618673711111_n.jpg?stp=dst-jpg_e35_tt6&_nc_cat=108&ig_cache_key=Mzc3MTk5NDkxNzI5NjcwNDk4NA%3D%3D.3-ccb7-5&ccb=7-5&_nc_sid=58cdad&efg=eyJ2ZW5jb2RlX3RhZyI6InhwaWRzLjE0NDB4MTkyMC5zZHIuQzIifQ%3D%3D&_nc_ohc=Bc-EFIkNyy4Q7kNvwHTNStQ&_nc_oc=AdmGvmTQaunomuVlc2FjQSjzgIi50JELZn7KxQ9GYZT5GlSiqnzcgOYATUtFoNICBB8&_nc_ad=z-m&_nc_cid=0&_nc_zt=23&_nc_ht=scontent-lax3-1.cdninstagram.com&_nc_gid=kyj9XAHT6Jv_S39r768W4A&oh=00_AfgQvilUq85fAS6YnWbfvpyYhy3NLoLhtCyLEtH0bEYa0Q&oe=69311957;;
https://www.instagram.com/p/DRYzFAhjCQb/;Carousel;4466;56;0;2025-11-23 08:36:30;https://scontent-iad3-1.cdninstagram.com/v/t51.82787-15/589286132_18541786708058638_2536198994778327809_n.jpg?stp=dst-jpg_e35_tt6&_nc_cat=101&ig_cache_key=Mzc3MTk4OTMxODA2ODYyMjk4MA%3D%3D.3-ccb7-5&ccb=7-5&_nc_sid=58cdad&efg=eyJ2ZW5jb2RlX3RhZyI6InhwaWRzLjg1MXg1NjEuc2RyLkMzIn0%3D&_nc_ohc=Zy1DBP6JNN4Q7kNvwEGxfyt&_nc_oc=Adm5Nrk8eHQpoMQRl0osQEKIaeG8PNnMfy078UbQyVK8H1HIc0uoqbhERJWkuhjSo6PN41JB2z67fSJaE3Y4Gogq&_nc_ad=z-m&_nc_cid=0&_nc_zt=23&_nc_ht=scontent-iad3-1.cdninstagram.com&_nc_gid=UcX2rQ00fkUPM2TiB9ow1w&oh=00_AfhJyNl4f6MXyiaqrYWbn3k7VxbnPK1jSK6As7q-h8qEOQ&oe=693100DB;"Muğlamızın en büyük gücü; alışveriş merkezleri, lüks otelleri, lüks rezidans projeleri değil, yerel ve doğal değerleridir. Çünkü, lüks otellere, alışveriş merkezlerine ve rezidans projelerine dünyanın her yerinde ulaşılabilir ancak, Muğla'nın benzeri bile yok. Bu nedenle betonun değil toprağın, rantın değil doğal yaşamın tarafındayız. Birbirinden güzel beldelerimizdeki tertemiz insanları, hayatlarını, benzersiz lezzetleri, milyonlarca insanın gözlerinin önüne taşımak ve kıymetli Muğlalıların binbir emekle ürettikleri ürünlerin değerini arttırmak, satışını kolaylaştırmak, bizim asli görevlerimizdendir. Bu anlayışımızın doğrultusunda dün, ülkemizin illerini ve ilçelerini doğal güzelliklerinden müziğine, müziğinden yemeklerine kadar en ince detayları ile tanıtan değerli dostum Serhan Asker’in Görkemli Hatıralar programında; Yerkesik Mahallemizin tüm değerlerini ve bu değerlerin en önemlilerinden biri olan Kerimoğlu Türküsü Evi’ni Menteşe Belediye Başkanımız Sayın Gonca Köksal Aras ile birlikte; milyonlarca vatandaşımızın ekranlarına misafir olarak, tanıttık. Bu unutulmaz güzellikteki programa katılan muhtarlarımız, değerli sanatçılarımız, kooperatif başkanlarımız başta olmak üzere; katılan ve emeği geçen herkese, yürekten teşekkür ederim.";
https://www.instagram.com/p/DRW2nW9DM1i/;Carousel;14985;260;0;2025-11-22 14:28:55;https://scontent-iad3-1.cdninstagram.com/v/t51.82787-15/584248295_18413897581142948_3370771997481578080_n.webp?_nc_cat=108&ig_cache_key=Mzc3MTQzODMyMDkwODU0MzY4MA%3D%3D.3-ccb7-5&ccb=7-5&_nc_sid=58cdad&efg=eyJ2ZW5jb2RlX3RhZyI6InhwaWRzLjE0NDB4MTQ4MC5zZHIuQzMifQ%3D%3D&_nc_ohc=UAWx5A3onVkQ7kNvwHRaAnk&_nc_oc=Adk6qLglRUCJzOP07xsEwJpTDNK5vhpcR3WuBJlNx_NkRhQ_Edqn5ClS8vTkApsrZPf1f4U9-_NjFRrwufKcMKBL&_nc_ad=z-m&_nc_cid=0&_nc_zt=23&_nc_ht=scontent-iad3-1.cdninstagram.com&_nc_gid=UcX2rQ00fkUPM2TiB9ow1w&oh=00_AfiS2nUszlps2T8_83evJf2S_Sl_CcJAKCgvbIFFuLAS8w&oe=69311059;Bugün efsanevi Kerimoğlu türküsüne gittik... Sevdiniz mi?  Kerimoğlu Türkü Evi'ndeydik... Ormancı türküsü de yüreğimizi hep yakmaz mı?  Ev sahibi @koksalgonca ve @ahmetaras'a Muğla halkına teşekkürler...  @candar.tolga ağzına sağlık... Yerel müzisyen kardeşlere de teşekkürler.  @halktvcomtr  @gorkemlihatiralar.tr;
https://www.instagram.com/p/DRR93yjDDZm/;Reels;839;11;28227;2025-11-20 16:58:35;https://scontent-iad3-2.cdninstagram.com/v/t51.82787-15/583797305_18541363240058638_7090019815335330488_n.jpg?stp=dst-jpg_e15_tt6&_nc_cat=100&ig_cache_key=Mzc3MDA2NjQ3Nzc2OTMwNzc1MDE4NTQxMzYzMjM3MDU4NjM4.3-ccb7-5&ccb=7-5&_nc_sid=58cdad&efg=eyJ2ZW5jb2RlX3RhZyI6InhwaWRzLjcyMHg0MDYuc2RyLkMzIn0%3D&_nc_ohc=jHUn_HsC2x4Q7kNvwFNJDSk&_nc_oc=Adng-7Psi1dM54RfKp5YP2U12Fr7kx8GWwoTBeLf-bXyljB9Ad1GQRRjgdKkfkF2QqWKyRFwrTNYdEVKCDyX2uBp&_nc_ad=z-m&_nc_cid=0&_nc_zt=23&_nc_ht=scontent-iad3-2.cdninstagram.com&_nc_gid=UcX2rQ00fkUPM2TiB9ow1w&oh=00_Afhrh8odlYLr48923jRctNFiTaaftqkNn6GP6Wuv3u_17w&oe=69310D6F;"Belediyemizin gerçek ve tek sahibi olan kıymetli Muğlalıları devam eden. planlanan ve tamamlanan çalışmalarımız hakkında her ay detaylı olarak bilgilendirmek için geliştirdiğimiz; her ayın son haftasında çalışmalarımızı bizzat benim anlatacağım ""Muğla Bilsin"" adlı canlı yayın programlarımızın birincisini 30 Ekim günü, Bodrum Kent TV ekranları aracılığı ile gerçekleştirmiştik. Bu ay gerçekleştireceğimiz canlı yayınımızı, ayın son haftasındaki Kurultayımız nedeniyle öne alarak; 21 Kasım Cuma akşamı saat 19.00’da bu defa, TV48 ekranları aracılığı ile ve Ahmet Aras sosyal medya hesapları üzerinden gerçekleştireceğiz. Geride bıraktığımız 18  ay içinde Muğlamız genelinde yaptığımız yeni yolları, yol bakım çalışmalarını ve kadınlar, öğrenciler, çocuklar için hayata geçirdiğimiz, her biri Muğla Büyükşehir Belediyesi tarihinde bir ilk olan projelerimizi, hizmete açtığımız tesisleri #MUĞLABİLSİN diye anlatacağım canlı yayında, buluşalım..";
https://www.instagram.com/p/DRRRm6zDG7R/;Carousel;1079;0;0;2025-11-20 10:29:21;https://scontent-iad3-1.cdninstagram.com/v/t51.82787-15/583638454_18541324600058638_4574832570621981683_n.jpg?stp=dst-jpg_e35_tt6&_nc_cat=110&ig_cache_key=Mzc2OTg3MTc4NjM0ODE1NjI1Mw%3D%3D.3-ccb7-5&ccb=7-5&_nc_sid=58cdad&efg=eyJ2ZW5jb2RlX3RhZyI6InhwaWRzLjEwNjV4NzEwLnNkci5DMyJ9&_nc_ohc=FEmGw9C7d-YQ7kNvwH6P3Cu&_nc_oc=AdmisYZSmAMZ83kxtKwT2FVlifJz-hnwfCEbGAmZiD6Dk7XUKB1hBvR6jsicHl5Q4VCTqnB53RcD0t0RR6AP0lqO&_nc_ad=z-m&_nc_cid=0&_nc_zt=23&_nc_ht=scontent-iad3-1.cdninstagram.com&_nc_gid=UcX2rQ00fkUPM2TiB9ow1w&oh=00_AfhQ41gf89hFv-WUXtgBXeYu-4R3hR4p9A5rhDeyGoVsSQ&oe=69311150;"Geride bıraktığımız 18 aydan bu güne geçen süre içinde aralıksız çalışarak yeni değerler katmaya devam ettiğimiz Muğla’mızda dün, Yerel Yönetimlerden ve Dirençli Kentlerden Sorumlu Genel Başkan Yardımcımız Sayın Gökan Zeybek ile İlçe Belediye Başkanlarımızın değerli katılımları eşliğinde; Menteşe Belediyemiz tarafından gerçekleştirilen üç yeni projenin resmi açılışlarını yapmanın yanı sıra, il ve ilçe başkanlıklarımızı ziyaret etmenin mutluluğunu yaşadık.  Bayır Özel Güneş Gündüz Bakım Evimizin açılışı ile başlayan, CHP Menteşe İlçe Örgütü Bayır Temsilciliği ziyareti, CHP Muğla İl Başkanlığı ziyareti, Menteşe Belediyesi Toplu Açılış Töreni, Menteşe Belediyesi Kent Meydanı Kent Lokantası ziyareti, Menteşe Belediyesi Kent Meydanı Gençlik Merkezi ziyareti ile devam eden ve Menteşe Belediyesi Kötekli Kent Lokantası ziyareti ile sona eren açılış programımızı kıymetli katımı ile onurlandıran Genel Başkan Yardımcımız Sayın Gökan Zeybek başta olmak üzere; değerli ilçe belediye başkanlarımıza ve il örgütümüze katılımları için, teşekkür ederim.";
https://www.instagram.com/p/DROr6p9DPcu/;Carousel;860;8;0;2025-11-19 10:21:31;https://scontent-iad3-1.cdninstagram.com/v/t51.82787-15/583639006_18541178527058638_3817321155352891632_n.jpg?stp=dst-jpg_e35_tt6&_nc_cat=101&ig_cache_key=Mzc2OTE0MzA3MDkwNzIxNjQ4OQ%3D%3D.3-ccb7-5&ccb=7-5&_nc_sid=58cdad&efg=eyJ2ZW5jb2RlX3RhZyI6InhwaWRzLjEwNjV4NzEwLnNkci5DMyJ9&_nc_ohc=vjvixV4YSm4Q7kNvwEyqdzX&_nc_oc=AdmTGEIJJMWI4HcqjqKMPY4t8l32xp-1TTwkLMS33SM1rXAZhY1-UMmB2Kbk15Wx5HzNy1uWFoW8Agjx-9cSIWg7&_nc_ad=z-m&_nc_cid=0&_nc_zt=23&_nc_ht=scontent-iad3-1.cdninstagram.com&_nc_gid=UcX2rQ00fkUPM2TiB9ow1w&oh=00_AfiEgmbieTDXV1KIAlPmZ1suoFK9729YjOpVlBv9W3VFUQ&oe=69310241;"Doğdukları, büyüdükleri, servet sahibi oldukları kentlere zerre kadar faydası olmayan “Cüce gönüllü” iş insanlarının çoğunlukta olduğu günümüzde iyi ki, “Vermek almaktan çok daha mutlu ediyor” diyerek Muğlamıza kalıcı değerler katan, Sayın Hasan Özcan gibi “Yüce gönüllü” iş insanlarımız da var.   Açılışını, CHP Grup Başkan vekilimiz Sayın Ali Mahir Başarır, CHP Muğla Milletvekillerimiz Sayın Gizem Özcan ve Sayın Cumhur Uzun, CHP Yüksek Disiplin Kurulu Üyemiz Sayın Remzi Kazmaz, CHP Muğla İl Başkanımız Sayın Nail Kızıl, İlçe Belediye Başkanlarımız, STK Temsilcilerimiz ve kıymetli Muhtarlarımız ile birlikte gerçekleştirmekten büyük mutluluk duyduğum “Hasan Özcan Yaşam Evi” için, Muğlamızın değerli iş insanı Sayın Hasan Özcan’a yürekten teşekkür ederim.  4500 Metrekarelik kapalı alanında yer alan ve günümüzün her türlü konforuna sahip olan 50 odasında; 100 kişiye hizmet vermek üzere hizmete açılan “Hasan Özcan Yaşam Evi” Muğlamıza hayırlı, uğurlu olsun.";
https://www.instagram.com/p/DRKfm-lDOsk/;Photo;3832;625;0;2025-11-17 19:17:00;https://scontent-iad3-2.cdninstagram.com/v/t51.82787-15/582658234_18540946714058638_6316247234794401114_n.jpg?stp=dst-jpg_e35_tt6&_nc_cat=100&ig_cache_key=Mzc2Nzk2MzA1NjIyNDM5ODExNg%3D%3D.3-ccb7-5&ccb=7-5&_nc_sid=58cdad&efg=eyJ2ZW5jb2RlX3RhZyI6InhwaWRzLjE0NDB4MTc4Ny5zZHIuQzMifQ%3D%3D&_nc_ohc=lPgxbJhSdlAQ7kNvwFpNzK-&_nc_oc=Adn5ldDwEO7WVYBBsVPttjjjeBHSpfiAA6pI3wedIAeH9PKeicooQakfPtc5s8i_5RcgVMxCpIeuXAuuzN3lxLT6&_nc_ad=z-m&_nc_cid=0&_nc_zt=23&_nc_ht=scontent-iad3-2.cdninstagram.com&_nc_gid=UcX2rQ00fkUPM2TiB9ow1w&oh=00_Afj_CYZ4stn8iI_e8991A8n98SJYaMH-1nkULAdHCAGPNw&oe=69311D8C;"Kolay değil.. 94 yıl boyunca hiç kimseyi üzmeden, kırmadan, sevilerek, sayılarak yaşamak.. Bugün, gölgesinde doğduğumuz, büyüdüğümüz koca çınarımızı, kıymetli dayımı, son yolculuğuna uğurladık.. Sadece ailesinin değil, hayatı boyunca sevgisini ve saygısını kazandığı insanların da kalplerinde yaşamaya devam edecek olan canım dayım Nazmi Özcan’a Allah’tan rahmet diliyorum, mekanı cennet olsun. Acımızı paylaşmak için yurt içinden ve yurt dışından arayan, mesaj gönderen, yanımızda olan dostlarımıza; tek tek, yürekten teşekkür ediyorum. İyi ki varsınız, daima var olun.";
https://www.instagram.com/p/DRCbdJSjMIi/;Carousel;1887;61;0;2025-11-14 16:06:47;https://scontent-iad3-2.cdninstagram.com/v/t51.82787-15/581226942_18540454603058638_2612101091077547796_n.jpg?stp=dst-jpg_e35_tt6&_nc_cat=111&ig_cache_key=Mzc2NTY5Mjk3OTY1NTQ5ODAxNQ%3D%3D.3-ccb7-5&ccb=7-5&_nc_sid=58cdad&efg=eyJ2ZW5jb2RlX3RhZyI6InhwaWRzLjEwNjV4NzEwLnNkci5DMyJ9&_nc_ohc=WPeaFnkkXjYQ7kNvwGWBshC&_nc_oc=Adl9Bs-gJwPf_cD5-XfphtB6jkqDXb1_93wp2sdbor7rETHfMhlxFk8xSpoQr99QaxikGvaEkN67JV2dEx3Ou1BT&_nc_ad=z-m&_nc_cid=0&_nc_zt=23&_nc_ht=scontent-iad3-2.cdninstagram.com&_nc_gid=UcX2rQ00fkUPM2TiB9ow1w&oh=00_AfhJ7WX6lmjtK8nT5_5_qJ2YOa50p7AMqr3HI2w6Q3mGPw&oe=6930FD20;Yüreklerimizi yakan uçak kazasının şehitlerinden Milas’lı evladımız Şehit Astsubay Başçavuş Emrah Kuran’ı bugün, dualarımız eşliğinde ebedi yolculuğuna uğurladık. Mekanı cennet, ruhu şad olsun.;
https://www.instagram.com/p/DRCY4aLjLs2/;Carousel;1195;16;0;2025-11-14 15:44:18;https://scontent-iad3-1.cdninstagram.com/v/t51.82787-15/581809349_18540450001058638_4053465089138178238_n.jpg?stp=dst-jpg_e35_tt6&_nc_cat=108&ig_cache_key=Mzc2NTY4MTY1ODI5Nzg1MDg0NQ%3D%3D.3-ccb7-5&ccb=7-5&_nc_sid=58cdad&efg=eyJ2ZW5jb2RlX3RhZyI6InhwaWRzLjE0NDB4OTYwLnNkci5DMyJ9&_nc_ohc=0kyBQ6fR7osQ7kNvwESSE5S&_nc_oc=AdlgW0lw5_uDcRHXtRkpoyMxopsJD2Eb81G8lT9IGPIKsyV0oj6MJwimSO6b5T5DrB7XHV1cRylIpOcKKaG6oei5&_nc_ad=z-m&_nc_cid=0&_nc_zt=23&_nc_ht=scontent-iad3-1.cdninstagram.com&_nc_gid=UcX2rQ00fkUPM2TiB9ow1w&oh=00_AfhDf_zoGXRuiBowGkzHAoZesCxQa_X5IqQdpEi15XcrbA&oe=693122A5;"Küçük bir evladımızı Duchenne Musküler Distrofisi (DMD) adlı kas hastalığının amansız pençesinden kurtarabilmek için dün akşam, Bodrum Belediyemizin Nurol Kültür Merkezi’nde; Bodrum Belediye Başkanımız Sayın Tamer Mandalinci ile birlikte düzenlediğimiz yardım gecesi, Muğlamızın güzel kalpli insanlarının katkılarıyla, amacına ulaştı.  Toplam 12 milyon TL bağışın toplandığı gecede bir milyon TL ile en yüksek bağışı yapan Sayın Fikret Öztürk ve değerli eşi Sayın Nurten Öztürk başta olmak üzere, küçük Eymen’in tedavisi için imkanları dahilinde bağış yapan herkese; tek tek teşekkür ediyorum. Sağolun, var olun.";
https://www.instagram.com/p/DQ8PHTVCIV3/;Photo;1203;21;0;2025-11-12 06:23:30;https://scontent-iad3-1.cdninstagram.com/v/t51.82787-15/581512564_18540108223058638_495573686431794949_n.jpg?stp=dst-jpg_e35_tt6&_nc_cat=104&ig_cache_key=Mzc2Mzk0OTg2MTA2Mjg3MDM5MQ%3D%3D.3-ccb7-5&ccb=7-5&_nc_sid=58cdad&efg=eyJ2ZW5jb2RlX3RhZyI6InhwaWRzLjE0NDB4ODEwLnNkci5DMyJ9&_nc_ohc=GYkMSGaiwagQ7kNvwG2sMCw&_nc_oc=AdmXVFs8wg7PB4omMSQrjcjjbHEj-e3c1Fc4T2NuFDS4eBTuA191Ua8DW6ZKKd76lyexcd8mRVDTAD83KBoR-YsZ&_nc_ad=z-m&_nc_cid=0&_nc_zt=23&_nc_ht=scontent-iad3-1.cdninstagram.com&_nc_gid=UcX2rQ00fkUPM2TiB9ow1w&oh=00_AfgUs5MnPnfuJYuGHBMHae_3KS2PlPOdVjaZEfV54UTUcg&oe=693125A1;Yeni bir güne ne yazık ki, 20 vatan evladımızı kaybetmiş olmanın acısıyla başlıyoruz. Türk Silahlı Kuvvetlerimizin, Azerbaycan’dan ülkemize dönmek üzere yola çıkan C130 kargo uçağının düşmesi sonucunda kaybettiğimiz ve biri de Milas’ın Ekinambarı Mahallesinden Astsubay Başçavuş Emrah Kuran evladımız olan tüm şehitlerimize Allah’tan rahmet, ailelerine ve Türk Silahlı Kuvvetlerimize başsağlığı diliyorum. Şehitlerimizin ruhları şad, mekânları cennet olsun.🇹🇷;
https://www.instagram.com/p/DQ7RPoIjF77/;Carousel;4149;20;0;2025-11-11 21:22:52;https://scontent-iad3-2.cdninstagram.com/v/t51.82787-15/580522464_18540057625058638_912026051410859858_n.jpg?stp=dst-jpg_e35_tt6&_nc_cat=111&ig_cache_key=Mzc2MzY3Nzc0NjAxMTMyMTk3MQ%3D%3D.3-ccb7-5&ccb=7-5&_nc_sid=58cdad&efg=eyJ2ZW5jb2RlX3RhZyI6InhwaWRzLjEwNjV4NzEwLnNkci5DMyJ9&_nc_ohc=EBDE2gxEfPoQ7kNvwEeKOcW&_nc_oc=AdnrLSv31565HjupjLCCNxKfGCH8rJU-IP5n0Ue95lG2PJUQ2pF5uKKnDia65UwdnjGFUcshO4aKI5geCpQnawLq&_nc_ad=z-m&_nc_cid=0&_nc_zt=23&_nc_ht=scontent-iad3-2.cdninstagram.com&_nc_gid=UcX2rQ00fkUPM2TiB9ow1w&oh=00_AfhWCK3clUV7eTHX1ddXU5pch_BygyIHmk97m5rB-3tQww&oe=69313168;"Var olma nedeni, Cumhuriyetimizin değerlerini, halkımızın refahını ve geleceğini korumak olan Cumhuriyet Halk Partimizin grup toplantısı için bugün, Ankara’daydık. İl, İlçe örgütlerimiz ve belediye başkanlarımızla birlikte katıldığımız grup toplantımızın ardından, Ankara’da güvenin diğer adına dönüşen Mansur Yavaş Başkanımızı, makamında ziyaret ettik. Yaşadığımız her türlü hukuksuzluğa ve zorluğa rağmen, Cumhuriyet sevdalısı halkımızın gücüyle; biz kazanacağız.";
https://www.instagram.com/p/DQ7B7kejJ0K/;Carousel;812;1;0;2025-11-11 19:09:04;https://scontent-iad3-2.cdninstagram.com/v/t51.82787-15/576565172_18540041584058638_3271471845015853831_n.jpg?stp=dst-jpg_e35_tt6&_nc_cat=106&ig_cache_key=Mzc2MzYxMDM5NDgyNTU5ODU5OA%3D%3D.3-ccb7-5&ccb=7-5&_nc_sid=58cdad&efg=eyJ2ZW5jb2RlX3RhZyI6InhwaWRzLjE0NDB4OTU5LnNkci5DMyJ9&_nc_ohc=me9vbgPnbNwQ7kNvwENfjFz&_nc_oc=AdlRktEr38tjxGXB4GQ7GbtI1GO_7e98L_e5gcaTjNnlrUhV4p4Y7nhPlYYkPb7MCb-AYfw0-bRyUkzu7dxdoRhb&_nc_ad=z-m&_nc_cid=0&_nc_zt=23&_nc_ht=scontent-iad3-2.cdninstagram.com&_nc_gid=UcX2rQ00fkUPM2TiB9ow1w&oh=00_Afgxpcx9WexRA4jujWq9vVrFQUUnSk5WNecOsMOXuUTt8A&oe=69310892;"10 Kasım akşamı, Muğla Büyükşehir Belediyemizin konservatuvarı tarafından Gazi Mustafa Kemal Atatürk Kültür Merkezimizde sahnelenen “Bir Işık Doğar Mustafa Kemal” adlı özel 10 Kasım gösterisinde; Ata’mızın sevdiği türkülerin zeybekle anlatımı, hepimizi duygulandırdı. Hüzün dolu bir günün sonunda bizlere yaşattıkları duygu dolu anlar için; Kültür, Sanat ve Sosyal İşler Daire Başkanımız Sayın Hülya Muratlı ile konservatuvarımızın değerli sanatçılarına, teşekkür ederim.";
https://www.instagram.com/p/DQ6r4PujBdc/;Photo;902;4;0;2025-11-11 15:56:22;https://scontent-iad3-2.cdninstagram.com/v/t51.82787-15/580973891_18540012232058638_457932968893897907_n.jpg?stp=dst-jpg_e35_tt6&_nc_cat=100&ig_cache_key=Mzc2MzUxMzQxOTc5OTIwNTcyNA%3D%3D.3-ccb7-5&ccb=7-5&_nc_sid=58cdad&efg=eyJ2ZW5jb2RlX3RhZyI6InhwaWRzLjE0NDB4OTYwLnNkci5DMyJ9&_nc_ohc=nDsz3KRx4U8Q7kNvwEEvdkY&_nc_oc=AdkIW8YVVAa_4p5Q2oMexdOp0Oa7bIhN61j2cNIZg7TMP1qTzjU_p-RSjKrAIPcZ-E40z9cFN3d8I1fChkC3v5Uq&_nc_ad=z-m&_nc_cid=0&_nc_zt=23&_nc_ht=scontent-iad3-2.cdninstagram.com&_nc_gid=UcX2rQ00fkUPM2TiB9ow1w&oh=00_AfgiBmnun8AZM0vUa3zaNMY-lKXlojqyD6_TiROZLQPxPQ&oe=69312D49;1998 yılında lösemili çocukları tedavi amacıyla kurulan ve geride bıraktığı 27 yıl içinde 30 binden fazla çocuğumuza umut olan LÖSEV’in (Lösemili Çocuklar Vakfı) İzmir İl Koordinatör Yardımcısı Sayın Gözde Kınlı, Halkla İlişkiler Koordinatörü Sayın Gamze Berçin Edirne ve Sosyal Hizmetler Sorumlusu Sayın Sıla Ceylan tarafından belediyemize gerçekleştirilen ziyaret, bizleri çok mutlu etti. Nazik ziyaretleri için, değerli LÖSEV Yöneticilerine teşekkür ederim. Muğla Büyükşehir Belediyesi olarak, çocuklarımıza hayat veren LÖSEV'in daima yanında olacağız.;
https://www.instagram.com/p/DQ6UvwbDAGS/;Carousel;1026;3;0;2025-11-11 12:34:14;https://scontent.cdninstagram.com/v/t51.82787-15/579608139_18539983396058638_5526320034729590414_n.jpg?stp=dst-jpg_e35_tt6&_nc_cat=104&ig_cache_key=Mzc2MzQxMTY3MzA1NTc3MjA2NQ%3D%3D.3-ccb7-5&ccb=7-5&_nc_sid=58cdad&efg=eyJ2ZW5jb2RlX3RhZyI6InhwaWRzLjE0NDB4OTU5LnNkci5DMyJ9&_nc_ohc=H6t2FU0QRH0Q7kNvwEwxeSa&_nc_oc=AdlkGlm_POwpZepky6IjgZ5vG47fOHHdSg-UpYRmbCgDrar98mmWe87PSy4KB5ktLCTaTbcCMnkiH5RvUvG1qkuK&_nc_ad=z-m&_nc_cid=0&_nc_zt=23&_nc_ht=scontent.cdninstagram.com&_nc_gid=ck8zcKYdeMpftoWRqY1sbA&oh=00_Afg_G7zj6eplkkJ_Ip9-y3wjdOkFcgB-STX9YFA7jsrUbg&oe=69310978;Muğla’mızın değerli gazetecilerinden kıymetli dostumuz Sayın Kenan Gürbüz tarafından kurulan Muğla Gazeteciler ve Yazarlar Derneği’nin değerli Yönetimini belediyemizde ağırlamaktan, mutluluk duyduk. Bu yeni ve önemli oluşumun Muğla’mıza değer katacağına inanarak, nazik ziyaretleri için Başkanımız Sayın Kenan Gürbüz’e ve Yönetim Kurulu Üyeleri’ne teşekkür ediyorum.;
https://www.instagram.com/p/DQ4qlVVDP0_/;Photo;5317;1587;0;2025-11-10 21:06:34;https://scontent.cdninstagram.com/v/t51.82787-15/576021151_18539703652058638_7751524331962068070_n.jpg?stp=dst-jpg_e35_tt6&_nc_cat=109&ig_cache_key=Mzc2Mjk0NDc3MjE0MzkwNjExMQ%3D%3D.3-ccb7-5&ccb=7-5&_nc_sid=58cdad&efg=eyJ2ZW5jb2RlX3RhZyI6InhwaWRzLjgwMHg2MDAuc2RyLkMzIn0%3D&_nc_ohc=bN_0lvgniJMQ7kNvwFBtSBV&_nc_oc=Adksa75_rtEwKjPQDGtK5oDKfJD7tfuBghil2TTApS2ZBEltqIoPW5jWYS0vqPcSTVl39PpANB12ntX8vWdkqbRz&_nc_ad=z-m&_nc_cid=0&_nc_zt=23&_nc_ht=scontent.cdninstagram.com&_nc_gid=ck8zcKYdeMpftoWRqY1sbA&oh=00_Afg5_bO8T-eLUDVoUmwUYuFDjospglSiV_qt4CdNW7QfsQ&oe=69313291;"10 Kasım günü, Türkiye Cumhuriyeti'nin radyo televizyon kurumunda gerçekleştirilen canlı yayında; horon teperek, kahkahalar eşliğinde eğlenenler ve bu utanç abidesi programın yayınlanmasını sağlayanlar.. Siz, insan değilsiniz.";
https://www.instagram.com/p/DQ4hrJ_DNBx/;Carousel;1668;9;0;2025-11-10 19:48:43;https://scontent.cdninstagram.com/v/t51.82787-15/576077403_18539693803058638_1963069663717743448_n.jpg?stp=dst-jpg_e35_tt6&_nc_cat=100&ig_cache_key=Mzc2MjkwNTU3NjU0OTE1NzQ2Mg%3D%3D.3-ccb7-5&ccb=7-5&_nc_sid=58cdad&efg=eyJ2ZW5jb2RlX3RhZyI6InhwaWRzLjE0NDB4OTYwLnNkci5DMyJ9&_nc_ohc=Qwi-lMsJM4sQ7kNvwHnUbWz&_nc_oc=Adkc7PklMQ2_C2vEB7dR8bFxzk3wnxyFqF7zqJxVLNg3ziMFHREwiNkYn21Kntr1FKMtHnQEJwEbOF5uCatXiilB&_nc_ad=z-m&_nc_cid=0&_nc_zt=23&_nc_ht=scontent.cdninstagram.com&_nc_gid=ck8zcKYdeMpftoWRqY1sbA&oh=00_AfjfKPdZfgrh1yJcuSt_99Hv14Pd1yai3jVzuvz88LWt9Q&oe=69310D73;"87 yıldır her 10 Kasım günü olduğu ve sonsuza kadar da olacağı gibi bugün; vatanımızı, bayrağımızı ve onurumuzu borçlu olduğumuz Ulu Önderimiz Gazi Mustafa Kemal Atatürk’ü sevgiyle, saygıyla, minnetle ve hasretle andık.   Cumhuriyet Meydanımızdaki çelenk töreni ile başlayan, Cumhuriyet Halk Partimizin 10 Kasım Basın Açıklaması ile devam eden ve Muğla Sıtkı Koçman Üniversitemizin Atatürk Kültür Merkezi’ndeki anma programı ile tamamlanan bu hüzün dolu gün boyunca andığımız Ata’mızın bizlere emanet ettiği Türkiye Cumhuriyeti’ni tüm değerleri ile birlikte yaşatmak, dünya var olduğu sürece vazgeçilmezimiz olacak.";
https://www.instagram.com/p/DQ2D8xujJ26/;Photo;2286;26;0;2025-11-09 20:50:30;https://scontent.cdninstagram.com/v/t51.82787-15/579627070_18539345860058638_8551379352913403083_n.jpg?stp=dst-jpg_e35_tt6&_nc_cat=103&ig_cache_key=Mzc2MjIxMTkwOTQxNzA4MjI5OA%3D%3D.3-ccb7-5&ccb=7-5&_nc_sid=58cdad&efg=eyJ2ZW5jb2RlX3RhZyI6InhwaWRzLjEzNDd4MTY3OS5zZHIuQzMifQ%3D%3D&_nc_ohc=srxT8Nf9dE8Q7kNvwF6lwX9&_nc_oc=AdlP2ZmKfIfIYx7wGCj3-lpMjRKb91zgH6G80mIPvB1DSXSfmxqgvzJEAwVWiFX4r2Fdc1vzu7cX_PzHnlSgyA-L&_nc_ad=z-m&_nc_cid=0&_nc_zt=23&_nc_ht=scontent.cdninstagram.com&_nc_gid=ck8zcKYdeMpftoWRqY1sbA&oh=00_AfhU-grNdTNwtQHSa04wjXxvXrB0B7CNEtr3nMCjvRKS5A&oe=6930FE26;"Düşmanın ayakları altındaki vatanımızı, bayrağımızı ve onurumuzu kurtaran, bizlere emanet eden Gazi Mustafa Kemal Atatürk, değerini bilen milyonlarca insanın kalbinde; 87 Yıl önce bugün yaşamaya başladı, sonsuza kadar da yaşayacak. ❤️🇹🇷";
https://www.instagram.com/p/DQ1u9BhDKdE/;Carousel;864;2;0;2025-11-09 17:47:02;https://scontent.cdninstagram.com/v/t51.82787-15/575604489_18539276614058638_37824269432090942_n.jpg?stp=dst-jpg_e35_tt6&_nc_cat=109&ig_cache_key=Mzc2MjExOTU1NTA5NjAwMDY0MA%3D%3D.3-ccb7-5&ccb=7-5&_nc_sid=58cdad&efg=eyJ2ZW5jb2RlX3RhZyI6InhwaWRzLjE0NDB4OTU5LnNkci5DMyJ9&_nc_ohc=S2H6AwW0UWMQ7kNvwGMd2VO&_nc_oc=AdlZLY_vTqCK8yWYHXAJaIWQwQVedYtHHXjcsAodbyE2BcQpCsigdaW22k5OqW5GNFCiMFH4wjEEzmoUsKL3BC0H&_nc_ad=z-m&_nc_cid=0&_nc_zt=23&_nc_ht=scontent.cdninstagram.com&_nc_gid=ck8zcKYdeMpftoWRqY1sbA&oh=00_AfjNEJlsDb20cZKiYWz4z6WRNgAl1fC9B3QboVYl3n01dw&oe=69310EDB;"Moldova’nın Gagavuz Özerk Bölgesi’nde yer alan Çadır Lunga kentine; Menteşe Belediye Başkanımız Sayın Gonca Köksal Aras, Menteşe Belediyesi Meclis Üyelerimiz ve Yörük Obaları Dernek Temsilcilerimiz ile birlikte gerçekleştirdiğimiz ziyaret programımızı, bugün tamamladık.   Menteşe Belediyemiz ile Çadır Lunga Belediyesi arasında; 3 Ekim 2025 tarihinde Muğla’da imzalanan iyi niyet anlaşmasının en kısa sürede somut ortaklıklara dönüşmesi yönündeki hedefimizin yanı sıra, Gagavuz Özerk Bölgesi ile Muğlamız arasındaki dostluğu, kültürel bağları ve iş birliğini de güçlendirmek amacıyla gerçekleştirdiğimiz bu önemli ziyaret sırasındaki değerli katılımları nedeniyle Türkiye Cumhuriyeti Kişinev Büyükelçisi Sayın Uygar Mustafa Sertel’e ve ziyaretimiz süresince gösterdiği yakın ilgi nedeniyle Çadır Lunga Belediye Başkanı Sayın Anatoli Topal’a teşekkür ederim.";
https://www.instagram.com/p/DQy1uU1jJQc/;Carousel;2585;120;0;2025-11-08 14:48:28;https://scontent.cdninstagram.com/v/t51.82787-15/574380169_18538879609058638_1029637178946213470_n.jpg?stp=dst-jpg_e35_tt6&_nc_cat=100&ig_cache_key=Mzc2MTMwNDkxMjUxNzY4MDY1Ng%3D%3D.3-ccb7-5&ccb=7-5&_nc_sid=58cdad&efg=eyJ2ZW5jb2RlX3RhZyI6InhwaWRzLjQzNngyNDQuc2RyLkMzIn0%3D&_nc_ohc=ZPez_vPPm1gQ7kNvwF5LBAb&_nc_oc=AdkZKrSFdwKr5YrGN0ZquHMEw1vcZagOV9jTTYzBOZIwaUXDTtYISd1QpuJDGEovfCglJZVD2xFzvdI3h0XN-iSL&_nc_ad=z-m&_nc_cid=0&_nc_zt=23&_nc_ht=scontent.cdninstagram.com&_nc_gid=ck8zcKYdeMpftoWRqY1sbA&oh=00_Afiv9vwR3toH0iN4d-1raso-BPtaT-HIOIk_kqZS7wfphQ&oe=69310845;"Fotoğrafta gördüğünüz tertemiz yüzlü insan, Aksaray İlimizin Eskil İlçesinde; 8 yıldır Milli Eğitim Müdürü olarak görev yapan, İbrahim Kılıçer..   2017 yılından beri ilçedeki öğrenciler için birçok imkanı seferber eden İbrahim Kılıçer, 2022 yılında bir önceki Eskil İlçe Belediyesi Yönetimi ile bir anlaşma yaparak, Milli Emlak’a ait olan araziye KOP (Kamu Ortaklık Payı) kapsamında iki katlı astronomi kütüphanesi yapılmasını sağladı. Ayrıca, emeklilere de lokal olarak hizmet veren bu güzelim kütüphane, Eskil İlçesinin yeni belediye başkanı olan Mustafa Zavlak’ın göreve başlamasının ardından kapatılarak, kebapçıya dönüştürüldü.  Bu akıl almaz duruma haklı olarak tepki gösteren İbrahim Kılıçer ile ilçenin yeni belediye başkanı arasında çıkan tartışma sonrasında İbrahim Kılıçer, İlçe Milli Eğitim Müdürlüğü görevinden alınıyor, Aksaray’da bir okula öğretmen olarak veriliyor ve sonra, evinde kendini asarak hayatına son veriyor.   Evli ve biri özel gereksinimli üç çocuk babası olan bu altın kalpli eğitimcimize Allah’tan rahmet, değerli ailesine ve sevenlerine başsağlığı diliyorum   İbrahim Kılıçer’in adını, hatırasını ve astronomi kütüphanesi hayalini, Muğla Büyükşehir Belediyesi olarak; küçük Muğlalılar için açacağımız bir astronomi kütüphanesinde biz; saygıyla, sevgiyle yaşatacağız.";
https://www.instagram.com/p/DQrxBPNjB4M/;Carousel;1565;54;0;2025-11-05 20:52:41;https://scontent.cdninstagram.com/v/t51.82787-15/573822830_18538185961058638_6815198583064627050_n.jpg?stp=dst-jpg_e35_tt6&_nc_cat=105&ig_cache_key=Mzc1OTMxMzg5MjgwMDIyOTcwMw%3D%3D.3-ccb7-5&ccb=7-5&_nc_sid=58cdad&efg=eyJ2ZW5jb2RlX3RhZyI6InhwaWRzLjE0NDB4OTYwLnNkci5DMyJ9&_nc_ohc=-WfIxGQ3oSAQ7kNvwGgNbaj&_nc_oc=Adk_bCx_1ahR55RSVfxtO0mr-Kv41YtCEa6PyE1AuSYBkf-1Q1PQkkqJGf_Sy8qJBxi7yCAyykHC_iPc5UQcT58Z&_nc_ad=z-m&_nc_cid=0&_nc_zt=23&_nc_ht=scontent.cdninstagram.com&_nc_gid=ck8zcKYdeMpftoWRqY1sbA&oh=00_AfioBL5jVNc75p4S1VTzCqAafp9TYHNh7H2sccYjFynPhw&oe=693103F8;"Bugün, Muğla İl Emniyet Müdürlüğümüzün değerli mensuplarından Polis Memuru Deniz Çakıcı kardeşimizi, geçirdiği kalp krizi nedeniyle kaybetmenin büyük acısıyla, son yolculuğuna uğurladık. Deniz kardeşimize Allah’tan rahmet; kıymetli Ailesine, mesai arkadaşlarına ve Emniyet Teşkilatımıza, Başsağlığı diliyorum. Mekanı cennet olsun.";
https://www.instagram.com/p/DQrnGVHjFv5/;Photo;1654;43;0;2025-11-05 19:26:00;https://scontent.cdninstagram.com/v/t51.82787-15/574476206_18538165849058638_606949968961737148_n.jpg?stp=dst-jpg_e35_tt6&_nc_cat=108&ig_cache_key=Mzc1OTI3MDI3Mjc3NjgyMTc1Mw%3D%3D.3-ccb7-5&ccb=7-5&_nc_sid=58cdad&efg=eyJ2ZW5jb2RlX3RhZyI6InhwaWRzLjEwODB4MTA4MC5zZHIuQzMifQ%3D%3D&_nc_ohc=PpfPZJkb-fEQ7kNvwE4Cd16&_nc_oc=AdmwwgT9bLhUu9-YykeR0hGsV7J1xDoeQYsYwi_KzE4E7zOIANZvahPhm8cVzn69fBQ9yyrcL-5kXqDboa-SH9Op&_nc_ad=z-m&_nc_cid=0&_nc_zt=23&_nc_ht=scontent.cdninstagram.com&_nc_gid=ck8zcKYdeMpftoWRqY1sbA&oh=00_AfhfWhDl2t4ejZRQ8GKm9ZRYnN9LYVPUBg9W3-WTctjOnQ&oe=693131D6;"Cumhuriyet Halk Partimizin 3. Genel Başkanı, Türk Siyaset Tarihimizin zerafeti, dürüstlüğü, cesareti, halk sevgisi ve vatan sevgisiyle tanınan benzersiz insanı merhum Bülent Ecevit’i aramızdan ayrılışının 19 Yılında; sevgi, saygı ve özlemle anıyoruz.";
https://www.instagram.com/p/DQrSmOTjOHT/;Reels;814;5;27932;2025-11-05 16:55:04;https://scontent.cdninstagram.com/v/t51.71878-15/573522525_758613700546123_8324644543261303960_n.jpg?stp=dst-jpg_e15_tt6&_nc_cat=109&ig_cache_key=Mzc1OTE4MDEwNTUwODUxMjIxMQ%3D%3D.3-ccb7-5&ccb=7-5&_nc_sid=58cdad&efg=eyJ2ZW5jb2RlX3RhZyI6InhwaWRzLjY0MHgzNjAuc2RyLkMzIn0%3D&_nc_ohc=U9FkJDp5BHwQ7kNvwHvLveX&_nc_oc=Adn6gcr8mThkzGOCG137C2AVgmlOtBykLnMng3_Y10dQPGFOC9CGxqmd5dN9ixO_PB_zAX3Ek7NW-Iup-0Cs2_Mw&_nc_ad=z-m&_nc_cid=0&_nc_zt=23&_nc_ht=scontent.cdninstagram.com&_nc_gid=ck8zcKYdeMpftoWRqY1sbA&oh=00_AfhyT9qvRmooc7-7chC7DfC0UMsN0FTAni9I2T8zf3FTGw&oe=69312B0E;Muğla'mıza 3. Huzurevini kazandırmanın, heyecanını yaşıyoruz. Kıymetli büyüklerimizi daima mutlu edebilmek, vazgeçilmez hedeflerimizden biri olmaya devam edecek.;
https://www.instagram.com/p/DQlR60BjKqS/;Carousel;2073;12;0;2025-11-03 08:25:29;https://scontent.cdninstagram.com/v/t51.82787-15/572125584_18537759793058638_8664198714310119794_n.jpg?stp=dst-jpg_e35_tt6&_nc_cat=101&ig_cache_key=Mzc1NzQ4ODI2MTIxNzEyNTI2OA%3D%3D.3-ccb7-5&ccb=7-5&_nc_sid=58cdad&efg=eyJ2ZW5jb2RlX3RhZyI6InhwaWRzLjE0NDB4OTYwLnNkci5DMyJ9&_nc_ohc=Ch4b02AAROAQ7kNvwHzi1od&_nc_oc=Adl2n4k1hi6SMRPS2zASMx7uAMpHkgAZSnA0kD2duISk54xN_84EKDD4_MtvUuTBn6MnX82uDCPY97g-ssMZGph_&_nc_ad=z-m&_nc_cid=0&_nc_zt=23&_nc_ht=scontent.cdninstagram.com&_nc_gid=ck8zcKYdeMpftoWRqY1sbA&oh=00_AfjFxpU854MnykbkY_1-iiLZuGWuBVboaHD9-9JXqH4L3Q&oe=69310D2C;"Yeni bir haftaya güzel bir gelişme ile başlayalım.. Muğlaspor’umuzun; 6 bin kişilik yeni tribün kapasitesine, 3 adet antrenman salonuna, 22 adet seyir locasına, protokol ve basın tribünlerine, toplantı salonlarına, Süper Lig standartlarında soyunma odalarına, protokol, basın, temsilci ve antrenör odalarına, basın, canlı yayın ve toplantı salonuna, uluslararası standartta atletizm pistine sahip olacak şekilde yenilenen Muğla Atatürk Stadyumu dün, bizleri çok mutlu eden bir galibiyetle hizmete açıldı.   Nesine 2. Lig 11. hafta maçında Seza Çimento Elazığspor’u 2-1 mağlup ederek yeni mabedinde ilk galibiyetini alan Muğlaspor’umuzun bizleri gururlandıran başarılarının devamını diliyorum ve Muğla Atatürk Stadyumu yenilenme projesinde emeği geçen herkese; başta Gençlik ve Spor Bakanımız Dr. Osman Aşkın Bak, Muğla Valimiz Sayın Dr. İdris Akbıyık, Muğla Gençlik ve Spor İl Müdürümüz Sayın Musa Kazım Açıkbaş ve Muğlaspor Başkanımız Sayın Menaf Kıyanç olmak üzere, yürekten teşekkür ediyorum.";
https://www.instagram.com/p/DQgka81jCda/;Carousel;947;7;0;2025-11-01 12:30:57;https://scontent.cdninstagram.com/v/t51.82787-15/572231203_18537429319058638_4476058943085613507_n.jpg?stp=dst-jpg_e35_tt6&_nc_cat=105&ig_cache_key=Mzc1NjE2MjI1OTYzOTYzMTMzNg%3D%3D.3-ccb7-5&ccb=7-5&_nc_sid=58cdad&efg=eyJ2ZW5jb2RlX3RhZyI6InhwaWRzLjEwNjV4NzEwLnNkci5DMyJ9&_nc_ohc=DLQ3mQ4O4WQQ7kNvwGjh-oE&_nc_oc=AdlNqQu8r7HJG5sqNbrJAJF91IwQr-i5X_Rc-H7fELeBgCd8Pjybv4uMhOnX6EfJULpSFjx6zaTnqA134MmwXIxI&_nc_ad=z-m&_nc_cid=0&_nc_zt=23&_nc_ht=scontent.cdninstagram.com&_nc_gid=ck8zcKYdeMpftoWRqY1sbA&oh=00_AfgHWOQHMnd9DDrl4h0RjwpgIzreZKkhjbdWF69Gium4wg&oe=69311587;"Başkanı olmaktan gurur duyduğum Kıyı Ege Belediyeler Birliğimizin Ekim ayı olağan toplantısını, dün İzmir’de gerçekleştirdik.   Yeni üyeleri ve yeni projeleriyle etki alanını sürekli genişleterek, diğer kıyı kentlerimizle iletişim içinde olan Kıyı Ege Belediyeler Birliğimizin dünkü toplantısında; iklim krizi, bütçe yetersizlikleri, muhalefet belediyelerine karşı uygulanan demokrasi dışı uygulamalar ve belediyelerin yetkilerini azaltılma çalışmalarına rağmen; “Herkesin söz sahibi olduğu” kentlerin sayısını çoğaltmak için, kararlılıkla sürdürmekte olduğumuz çalışmalarımıza devam ettik.   Ortak aklın ve birliktelikten doğan gücün eseri olan Kıyı Ege Belediyeler Birliğimizin Ekim ayı olağan toplantısına katılan değerli Başkanlarımıza ve katılımcılara, teşekkür ederim.";
https://www.instagram.com/p/DQfJVy1jOux/;Carousel;931;6;0;2025-10-31 23:15:05;https://scontent.cdninstagram.com/v/t51.82787-15/573892710_18537334147058638_4697713298694083642_n.jpg?stp=dst-jpg_e35_tt6&_nc_cat=110&ig_cache_key=Mzc1NTc2MTY3NTc0MDY4NDE4MA%3D%3D.3-ccb7-5&ccb=7-5&_nc_sid=58cdad&efg=eyJ2ZW5jb2RlX3RhZyI6InhwaWRzLjE0NDB4OTYwLnNkci5DMyJ9&_nc_ohc=_SrYJMIjsSQQ7kNvwEjx-YI&_nc_oc=AdnQYiMXJbbWci-rgrU66LyCI4oyXROX7WWz9BYb4jDmc6C1ZuhQzL8uUUxxHr50ZrC1mh4OLJJB1uO-yTDgWai4&_nc_ad=z-m&_nc_cid=0&_nc_zt=23&_nc_ht=scontent.cdninstagram.com&_nc_gid=ck8zcKYdeMpftoWRqY1sbA&oh=00_AfjowVzG7uVmrUE23x8_nHRKF_SHZQ3yaXycySqoiWLh2w&oe=693102C4;"Sadece ülkemizin “İlk Kadın Valisi” olduğu için değil, yönettiği kente değer katan varlığı, her konuda farkedilen zekası, vizyonu ve insanlığı ile adını Muğla’mızın tarihine altın harflerle yazdıran çok değerli Valimiz Sayın Lale Aytaman’ın hayranı olduğumuz başarılarını ve hayatını milyonlarca insana ulaştırmak amacıyla hazırlanan “Vali Hanım” belgeseline; Muğla Büyükşehir Belediyesi olarak katkı sağlamaktan, gurur duyuyoruz.   Cumhuriyetimizin 102. Yılında, Ulu Önderimiz Gazi Mustafa Kemal Atatürk’ün adını taşıyan Kültür Merkezimizde, Cumhuriyetimizin “İlk Kadın Valisi” olan Sayın Lale Aytaman’ın hayatına tanıklık etmek, hayatımızın unutulmaz anlarından biri oldu.   Dün akşam; Valimiz Sayın Dr. İdris Akbıyık’ın, Muğla Milletvekilimiz Sayın Cumhur Uzun’un, Muğla Sıtkı Koçman Üniversitesi Rektörü Sayın Prof. Dr. Turhan Kaçar’ın, Menteşe Belediye Başkanımız Sayın Gonca Köksal Aras’ın ve vatandaşlarımızın yoğun katılımı eşliğinde; hayranlıkla izlediğimiz “Vali Hanım” belgeselinin yapım fikrinden gösterim anına kadar tüm süreçlerde emeği geçen herkesi kutluyorum, hepsine ayrı ayrı teşekkür ediyorum.   Hayranı olduğumuz, kıymetli Valimiz Sayın Lale Aytaman'a ise Muğlamıza kazandırdığı değerler için yürekten teşekkür ediyorum ve sağlıkla, huzurla yaşayacağı, nice mutlu yıllar diliyorum.";
https://www.instagram.com/p/DQe83wHDByx/;Carousel;671;0;0;2025-10-31 21:26:07;https://scontent.cdninstagram.com/v/t51.82787-15/573305356_18537323515058638_8507531262838622552_n.jpg?stp=dst-jpg_e35_tt6&_nc_cat=106&ig_cache_key=Mzc1NTcwNjg0MDMwNzc0MTczMg%3D%3D.3-ccb7-5&ccb=7-5&_nc_sid=58cdad&efg=eyJ2ZW5jb2RlX3RhZyI6InhwaWRzLjEwNjV4NzEwLnNkci5DMyJ9&_nc_ohc=Y1rwX6sqheYQ7kNvwEFECSK&_nc_oc=Adm2IYyLe6NS4i9d5UgQzLMC53rn_PiDCyC7TeM8BsV3MMOmYURR_Q9mb8fGlsherDc&_nc_ad=z-m&_nc_cid=0&_nc_zt=23&_nc_ht=scontent.cdninstagram.com&_nc_gid=UWIaAw83J0oiqb3vP3J5Sg&oh=00_AfgDTCN7a-XlD3h3b_nKkwdntc_vfROg3Vryyy2syv5y4w&oe=69312F54;Bizler için ayrı bir önemi olan Ekim ayının son haftasını, 10. Zurnazen Festivali, Sümer Ezgü Konseri ve Muğla Büyükşehir Belediyemiz tarafından gerçekleştirilen Cumhuriyet Bayramı Korteji ile Emre Aydın konseri gibi Cumhuriyet Bayramı coşkumuza çok yakışan etkinliklerle tamamladık. Vatandaşlarımızın büyük ilgi göstermesinden mutluluk duyduğumuz etkinliklerimizde sahne alan değerli sanatçılarımıza ve emeği geçen herkese, teşekkür ederim.;
