﻿PostLink;PostTürü;BeğeniSayısı;YorumSayısı;Görüntülenme Sayısı;Tarih;DisplayPhoto;Caption;Takipçi
https://www.instagram.com/p/DRpc08SiKV6/;Photo;599;17;0;2025-11-29 19:49:10;https://scontent.cdninstagram.com/v/t39.30808-6/589565437_4001282273517457_8663555221520311160_n.jpg?stp=dst-jpg_e35_tt6&_nc_cat=109&ig_cache_key=Mzc3NjY3NjU0NTk3NzQyNzMyMg%3D%3D.3-ccb7-5&ccb=7-5&_nc_sid=58cdad&efg=eyJ2ZW5jb2RlX3RhZyI6InhwaWRzLjE2MDB4OTAwLnNkci5DMiJ9&_nc_ohc=LckBpUZGjCgQ7kNvwEEYh4_&_nc_oc=AdkMNcu6Xn9U39AyhkPEiQlEAe6sBcsNFdrJOD3ziuhOhuJSO-ch903AzmLmTVrIcfA&_nc_ad=z-m&_nc_cid=0&_nc_zt=23&_nc_ht=scontent.cdninstagram.com&_nc_gid=gBQMStxRSEi1Aih4F7tNeA&oh=00_Afg-yGFI0QY6KDZWPNERwX1NqvK-oj4h_z-nxpBGPIzcvw&oe=6930FE9E;Partimizin birlik ve beraberliğini, iktidara yürüyüşteki sarsılmaz irademizi gösterdiğimiz kurultayımızda, yeniden Genel Başkanımız olarak seçilen sayın Özgür Özel’i içtenlikle kutluyorum.  Genel Başkanımız sayın Özgür ÖZEL'in liderliğinde halkımızın taleplerine kulak veren, çözüm üreten, kapsayıcı ve umut aşılayan bir siyaset yaklaşımını büyütme konusunda kararlıyız.  #ŞimdiİktidarZamanı;62172
https://www.instagram.com/p/DRovfGyDMXw/;Carousel;452;4;0;2025-11-29 13:12:57;https://scontent.cdninstagram.com/v/t51.82787-15/588568664_18247472275293750_6417596634450035873_n.jpg?stp=dst-jpg_e35_tt6&_nc_cat=106&ig_cache_key=Mzc3NjQ3NzEyMTYxMTYyNzcwNQ%3D%3D.3-ccb7-5&ccb=7-5&_nc_sid=58cdad&efg=eyJ2ZW5jb2RlX3RhZyI6InhwaWRzLjEwODV4ODE3LnNkci5DMyJ9&_nc_ohc=WNKhBO_hNuwQ7kNvwFiVY4D&_nc_oc=AdmdYJTKpQ3YxKUg9m1IPApMV46YCLRBol81bc27TwaUleczMoiAD4Wba3Vrqin4Mjo&_nc_ad=z-m&_nc_cid=0&_nc_zt=23&_nc_ht=scontent.cdninstagram.com&_nc_gid=gBQMStxRSEi1Aih4F7tNeA&oh=00_Afg1o728rDuaEtrbx8BpIRO-B1k3QJE_DWEDM4DiYOH5aA&oe=693131EC;Cumhuriyet Halk Partimizin 39. Olağan Kurultayı’nı Genel Başkanımız sayın Özgür ÖZEL’in liderliğinde gerçekleştiriyoruz.   Cumhuriyetimizin ikinci yüzyılında halkımızın umudunu büyütmek için çalışmaya devam edeceğiz.  #Hedefiktidar #ŞimdiİktidarZamanı;
https://www.instagram.com/p/DRm_ppOiCmx/;Carousel;615;4;0;2025-11-28 20:55:43;https://scontent.cdninstagram.com/v/t39.30808-6/591889680_4000464550265896_608403529185602862_n.jpg?stp=dst-jpg_e35_tt6&_nc_cat=109&ig_cache_key=Mzc3NTk4NTI1MDIzNzY5ODAzMg%3D%3D.3-ccb7-5&ccb=7-5&_nc_sid=58cdad&efg=eyJ2ZW5jb2RlX3RhZyI6InhwaWRzLjE2MDB4MTA2Ni5zZHIuQzMifQ%3D%3D&_nc_ohc=UzguLUcorgoQ7kNvwEpb5Fe&_nc_oc=AdkUos3hnr015ECxC4-0358XN7dY5qXF7kp9JU_p66Fsf3QHLBHwclBSzq2N_5aP3oI&_nc_ad=z-m&_nc_cid=0&_nc_zt=23&_nc_ht=scontent.cdninstagram.com&_nc_gid=gBQMStxRSEi1Aih4F7tNeA&oh=00_AfidHaBB6uuxMWiC1p95DEdvt5DHQehNSBmeE9Nlkxo3Rg&oe=693133EC;Türkiye Odalar ve Borsalar Birliği Başkanı sayın M. Rifat Hisarcıklıoğlu ile beraberindeki heyeti belediyemizde ağırladık.  Şehrimizin ekonomik ve sosyal gelişimine yönelik istişarede bulunduk. Kırıkkale’miz için ortak akıl ve dayanışmayla çalışmayı önemsiyoruz.  Nazik ziyaretleri için sayın Hisarcıklıoğlu’na ve beraberindeki heyete teşekkürlerimi sunuyorum.;
https://www.instagram.com/p/DRmlhUIjLYr/;Reels;999;19;56681;2025-11-28 17:08:12;https://scontent.cdninstagram.com/v/t51.71878-15/587829702_2374324256316514_6093761090312927228_n.jpg?stp=dst-jpg_e15_tt6&_nc_cat=106&ig_cache_key=Mzc3NTg3MDM1NDY3ODY1ODYwMw%3D%3D.3-ccb7-5&ccb=7-5&_nc_sid=58cdad&efg=eyJ2ZW5jb2RlX3RhZyI6InhwaWRzLjY0MHgxMTM2LnNkci5DMyJ9&_nc_ohc=FAF2thzel9gQ7kNvwGEi23H&_nc_oc=Adl97PXJSgf6C8dM4jpN-FEBBd2hVN7JJEiVJPv6BESyy4B3plu-ymnZ8Q9E0OljKb0&_nc_ad=z-m&_nc_cid=0&_nc_zt=23&_nc_ht=scontent.cdninstagram.com&_nc_gid=gBQMStxRSEi1Aih4F7tNeA&oh=00_Afhyq8g0qEuTtS69JcHybP8mQFbZwl_QUSTesFAjLjK0Rg&oe=69312511;Yeni hizmet binalarımızla hizmetindeyiz.  Belediye hizmetlerimizi sizlere daha hızlı ve kolay ulaştırmak için Kızılkanat İş Merkezi içerisinde yeni Su Endeks Birimimizi ve Personel A.Ş. Genel Müdürlüğü hizmet binalarımızı faaliyete geçirdik.  Su sayaç okuma–güncelleme, abonelik kapama, sayaç değişimi, arıza ve fatura işlemleri gibi tüm su hizmetlerinizi artık burada tek noktadan daha hızlı şekilde gerçekleştirebilirsiniz.  #Kırıkkalebizimevimiz;
https://www.instagram.com/p/DRmYLAPCEs1/;Photo;710;20;0;2025-11-28 15:10:46;https://scontent.cdninstagram.com/v/t39.30808-6/590788373_4000219676957050_4893524514567333554_n.jpg?stp=dst-jpg_e35_tt6&_nc_cat=102&ig_cache_key=Mzc3NTgxMTY0Njg3OTQ1MTk1Nw%3D%3D.3-ccb7-5&ccb=7-5&_nc_sid=58cdad&efg=eyJ2ZW5jb2RlX3RhZyI6InhwaWRzLjE2MDB4OTAwLnNkci5DMyJ9&_nc_ohc=TEyc4pdxlpUQ7kNvwExSyYY&_nc_oc=Adm0BnLq1RYFRf01xLycTFSo8KvWTkId5rnnZJw2hxmO8T7kPFxMzJiAJ4zkBJlv8gY&_nc_ad=z-m&_nc_cid=0&_nc_zt=23&_nc_ht=scontent.cdninstagram.com&_nc_gid=gBQMStxRSEi1Aih4F7tNeA&oh=00_AfhP-unsalA9fuOr92lbDQsoaxFmjPHrGMgA665x_G4NuA&oe=6931025B;"Yahşihan Organize Sanayi Bölgesinde bir fabrikada meydana gelen elim iş kazasında hayatını kaybeden emekçi hemşehrilerimiz; Mutlu Atay ve Tekin Omay'a Allah'tan rahmet, kederli ailelerine ve çalışma arkadaşlarına sabır ve başsağlığı diliyor, bir daha böyle acıların yaşanmamasını temenni ediyorum.";
https://www.instagram.com/p/DRjk-5GCB3E/;Carousel;946;22;0;2025-11-27 13:04:58;https://scontent.cdninstagram.com/v/t39.30808-6/587226138_3999248893720795_55219574357266561_n.jpg?stp=c45.0.1510.1066a_dst-jpg_e35_tt6&_nc_cat=102&ig_cache_key=Mzc3NTAyMzUzOTc0OTkyNjgwMw%3D%3D.3-ccb7-5&ccb=7-5&_nc_sid=58cdad&efg=eyJ2ZW5jb2RlX3RhZyI6InhwaWRzLjE2MDB4MTA2Ni5zZHIuQzMifQ%3D%3D&_nc_ohc=OuObar-27BUQ7kNvwHjEiJb&_nc_oc=AdkAHorlq4ptHCtFhNhrkqJR9WtBnbD4Gf6M2gAK60VAYEcyIjljR_FpwBHIldBbWZk&_nc_ad=z-m&_nc_cid=0&_nc_zt=23&_nc_ht=scontent.cdninstagram.com&_nc_gid=gBQMStxRSEi1Aih4F7tNeA&oh=00_Afhff4_t_QhHZdSyXnPsKbLcZnWbTlNA0Co-yelNkc1Zng&oe=69310669;"Belediyemiz Fen İşleri Müdürlüğü personeli Nihat Temiz’i, hizmet binamızın önünde mesai arkadaşlarımızla birlikte dualarla uğurladık. Karaahmetli de kılınan cenaze namazına katıldık.   Merhum çalışma arkadaşımıza Allah’tan rahmet; ailesine, sevenlerine ve belediye ailemize sabır ve başsağlığı diliyorum.";
https://www.instagram.com/p/DRhfKKUCLKk/;Carousel;784;6;0;2025-11-26 17:35:36;https://scontent.cdninstagram.com/v/t39.30808-6/587032320_3998558877123130_6529028867092173491_n.jpg?stp=dst-jpg_e35_tt6&_nc_cat=105&ig_cache_key=Mzc3NDQzNDk2OTY1Mzg5ODk4Mg%3D%3D.3-ccb7-5&ccb=7-5&_nc_sid=58cdad&efg=eyJ2ZW5jb2RlX3RhZyI6InhwaWRzLjIwNDh4MTM2Ni5zZHIuQzMifQ%3D%3D&_nc_ohc=F3H4QtxhjyIQ7kNvwFVf9K6&_nc_oc=AdkGIGkhVUMqpOVG5J2KJ2kkv0Hgf7O6W5yQQbsKiPgAYJFizIgLRCeYlHeYZSUKYzk&_nc_ad=z-m&_nc_cid=0&_nc_zt=23&_nc_ht=scontent.cdninstagram.com&_nc_gid=gBQMStxRSEi1Aih4F7tNeA&oh=00_AfhkEce4KkfoVeeHevBsuczi7TkhRtQxBeYuxC3yyaR9uA&oe=693124B0;Kırıkkale Belediyemizin yüzde yüz iştiraki olan Personel A.Ş.’nin 2024 Yılı Kurumlar Vergi Rekortmenleri listesine girmiş olması nedeniyle düzenlenen ödül töreninde plaketimizi TSO Başkanımız sayın Ahmet Varlı’dan aldık.  Vergi rekortmenleri listesine giren tüm kurum ve işletmelerimizi tebrik ediyor, şehrimizin ekonomisine katkıları için teşekkür ediyorum.  Bu başarı, belediyemizde benimsediğimiz şeffaf ve hesap verebilir yönetim anlayışının güçlü bir yansımasıdır. Kırıkkale’miz için üretmeye ve değer katmaya devam edeceğiz.;
https://www.instagram.com/p/DRfOB5RiBrg/;Carousel;954;7;0;2025-11-25 20:27:27;https://scontent.cdninstagram.com/v/t39.30808-6/588993478_3997749140537437_1824101142755645161_n.jpg?stp=dst-jpg_e35_tt6&_nc_cat=105&ig_cache_key=Mzc3Mzc5NjY4NTkxNTM4MTk4MA%3D%3D.3-ccb7-5&ccb=7-5&_nc_sid=58cdad&efg=eyJ2ZW5jb2RlX3RhZyI6InhwaWRzLjE2MDB4MTA2Ni5zZHIuQzMifQ%3D%3D&_nc_ohc=YB99_J7qMc0Q7kNvwGXmsf5&_nc_oc=AdlfE4HVztC9oNa5QtYI8kkz3EBN4e47DuLogUU7mE9TI7V8Y8lWsG1kE_W62Hcr0u4&_nc_ad=z-m&_nc_cid=0&_nc_zt=23&_nc_ht=scontent.cdninstagram.com&_nc_gid=gBQMStxRSEi1Aih4F7tNeA&oh=00_AfjzvdfWABlS3S8IigwzfgWcWBQPxEh8E3dlf7yKgFsCBg&oe=69312078;Meydan AVM esnafımızı ziyaret ederek alışveriş yapan hemşehrilerimizle sohbet edip, hatırlarını sorduk  Bizleri güler yüzle karşılayan hemşehrilerimize ve esnafımıza teşekkür ediyorum.;
https://www.instagram.com/p/DRfHAyNCMYp/;Photo;304;0;0;2025-11-25 19:26:09;https://scontent.cdninstagram.com/v/t39.30808-6/589126285_3997706943874990_945708663882109101_n.jpg?stp=dst-jpg_e35_tt6&_nc_cat=106&ig_cache_key=Mzc3Mzc2NTg1Mjk5MTExMjc0NQ%3D%3D.3-ccb7-5&ccb=7-5&_nc_sid=58cdad&efg=eyJ2ZW5jb2RlX3RhZyI6InhwaWRzLjEwODB4MTA4MC5zZHIuQzMifQ%3D%3D&_nc_ohc=ABNIe8TaH3gQ7kNvwGfQLTH&_nc_oc=Adm7uD7-IigFtIFhlfm-Z0DUGSJpk8kUO2-uXoa7vEEM3s88sj0eM0aqFpyELXKeu8c&_nc_ad=z-m&_nc_cid=0&_nc_zt=23&_nc_ht=scontent.cdninstagram.com&_nc_gid=gBQMStxRSEi1Aih4F7tNeA&oh=00_AfiWKii-xQpQeQxTPLqMCz0G0pjAdmVWf6Khg0LtOYTNOw&oe=693106D5;"25 Kasım Kadına Yönelik Şiddete Karşı Uluslararası Mücadele Günü, bir kez daha hatırlatıyor ki; kadınların yaşam hakkını korumak ve şiddetin her türüne karşı durmak hepimizin ortak sorumluluğudur.  Kadınların özgürce yaşayabildiği, şiddetin tamamen son bulduğu bir Türkiye’yi hep birlikte arzuluyor ve bunun için çalışıyoruz.";
https://www.instagram.com/p/DReko01jCdb/;Reels;1865;31;45487;2025-11-25 14:26:06;https://scontent.cdninstagram.com/v/t51.71878-15/589808736_820478357453012_3271014460025114866_n.jpg?stp=dst-jpegr_e15_tt6&_nc_cat=108&ig_cache_key=Mzc3MzYxNDY3Mjk2OTQ3NTkzMQ%3D%3D.3-ccb7-5&ccb=7-5&_nc_sid=58cdad&efg=eyJ2ZW5jb2RlX3RhZyI6InhwaWRzLjY0MHgxMTM2Lmhkci5DMyJ9&_nc_ohc=FNcQf6UhvUYQ7kNvwEn2hdh&_nc_oc=AdkccM-WiH5-ljvhHNXXaeCJfLltdJMZjlzRKEiKGuKxbtpKJMKOj9VWvbCS5djfitw&_nc_ad=z-m&_nc_cid=0&_nc_zt=23&se=-1&_nc_ht=scontent.cdninstagram.com&_nc_gid=gBQMStxRSEi1Aih4F7tNeA&oh=00_AfgwuKdRJeWBh7mpDGypfPUgpro5m01K3w24xftVlJHu0Q&oe=6931118E;Ağız ve Diş Sağlığı Haftası nedeniyle, Diş Hekimi sayın Hasan Tezel hocamızla birlikte minik öğrencilerimize ağız ve diş sağlığı eğitimi verdik.   Ardından diş bakım setlerimizi hediye ederek sağlıklı bir gülümseme için küçük bir adım attık. 🦷😊  Farkındalık eğitimlerimize gönüllü olarak katılan Diş Hekimi sayın Hasan Tezel’e, Hemşire sayın Hatice Aktaş’a ve Sağlık Yönetici sayın Ecem Doğan’a sonsuz teşekkürlerimizi sunuyoruz.;
https://www.instagram.com/p/DRb-xFxCDUc/;Photo;683;11;0;2025-11-24 14:16:22;https://scontent.cdninstagram.com/v/t39.30808-6/587453583_3996573557321662_195515793265963945_n.jpg?stp=dst-jpg_e35_tt6&_nc_cat=105&ig_cache_key=Mzc3Mjg4NTE2NTE4MjMwMTQ2OA%3D%3D.3-ccb7-5&ccb=7-5&_nc_sid=58cdad&efg=eyJ2ZW5jb2RlX3RhZyI6InhwaWRzLjE2MDB4MTIwMC5zZHIuQzMifQ%3D%3D&_nc_ohc=ArrQ7rgVas0Q7kNvwH4ZrBg&_nc_oc=AdlX_o1hvAJ3HbXrg5DDH3FizdDJgC-jOVbepBpafCyj2Nh9gJiP5JqMWcFXmfjTlYI&_nc_ad=z-m&_nc_cid=0&_nc_zt=23&_nc_ht=scontent.cdninstagram.com&_nc_gid=gBQMStxRSEi1Aih4F7tNeA&oh=00_AfiLCVlYCKBIk7fTra4SGYCi8uhHFdIt9h7Ry1_pwEh9ew&oe=69312264;"Şehrimizin sevilen eşraflarından, genç yaşta vefat eden Emrah Kavlak ile Belediyemiz Zabıta Müdürlüğünden emekli Haydar Pehlivanlı’nın Nokta Camii’nde kılınan cenaze namazlarına katıldık.  Merhumlara Allah’tan rahmet; ailelerine, sevenlerine başsağlığı ve sabırlar dilerim.";
https://www.instagram.com/p/DRbwvRCCLqu/;Carousel;622;0;0;2025-11-24 12:13:46;https://scontent.cdninstagram.com/v/t39.30808-6/586175760_3996491527329865_2826014133891965237_n.jpg?stp=dst-jpg_e35_tt6&_nc_cat=102&ig_cache_key=Mzc3MjgyMzQyOTY0MTE4NTc0NA%3D%3D.3-ccb7-5&ccb=7-5&_nc_sid=58cdad&efg=eyJ2ZW5jb2RlX3RhZyI6InhwaWRzLjIwNDh4MTM2Ni5zZHIuQzMifQ%3D%3D&_nc_ohc=l4ALpn5MvOoQ7kNvwEccjje&_nc_oc=AdlzXhN5uspyy4dNO7ABQjh7lCNFeynsOtnsl1yc0YeSchcTjFL1w7IyeCD4XDzJHkQ&_nc_ad=z-m&_nc_cid=0&_nc_zt=23&_nc_ht=scontent.cdninstagram.com&_nc_gid=gBQMStxRSEi1Aih4F7tNeA&oh=00_AficephIpH9IHed82bn84XDCc9VLef700DPi3RhPv4rS7A&oe=69311ACE;24 Kasım Öğretmenler Günü kapsamında İl Millî Eğitim Müdürlüğümüz tarafından düzenlenen kutlama programına Valimiz sayın Mehmet Makas ile birlikte katıldık.  Bir ömür boyunca hayatımıza değen, bizi büyüten, düşünmeyi öğreten tüm öğretmenlerimize teşekkür ediyor, tüm öğretmenlerimizin Öğretmenler Günü’nü bir kez daha kutluyorum.;
https://www.instagram.com/p/DRbas0iCOZi/;Photo;631;2;0;2025-11-24 09:01:13;https://scontent.cdninstagram.com/v/t39.30808-6/586818853_3996374074008277_1063637323819471831_n.jpg?stp=dst-jpg_e35_tt6&_nc_cat=111&ig_cache_key=Mzc3MjcyNjU0MjEyNDc3MDkxNA%3D%3D.3-ccb7-5&ccb=7-5&_nc_sid=58cdad&efg=eyJ2ZW5jb2RlX3RhZyI6InhwaWRzLjEwODB4MTM1MC5zZHIuQzMifQ%3D%3D&_nc_ohc=vBGXFAgNi_oQ7kNvwETWNgb&_nc_oc=AdnTJWJz9ZQ3G9-cdHzv2a_6yL_iKNEnCssBz7as7PXZw1WmIRyzu-VZoccUKRhlt8g&_nc_ad=z-m&_nc_cid=0&_nc_zt=23&_nc_ht=scontent.cdninstagram.com&_nc_gid=AOPdeEVfwCaqD7-74dcFuA&oh=00_Afg9ArrmgF10kasKUUF7oVSqtbhh4wO3pr2m9s1GRwi4WQ&oe=69310AD5;"Başöğretmen Gazi Mustafa Kemal Atatürk’ün izinde; ülkemizin aydınlık yarınları için ilim ve irfanla emek veren tüm öğretmenlerimizin 24 Kasım Öğretmenler Günü’nü en içten duygularımla kutluyorum.  Atatürk’ün dediği gibi; ""Cumhuriyet sizden fikri hür, vicdanı hür, irfanı hür nesiller ister.""  #24KasımÖğretmenlerGünü";
https://www.instagram.com/p/DRZ9YbVDIxw/;Reels;891;8;29525;2025-11-23 19:26:58;https://scontent.cdninstagram.com/v/t51.71878-15/584038632_3095642207275561_8693951312185806112_n.jpg?stp=dst-jpegr_e15_tt6&_nc_cat=101&ig_cache_key=Mzc3MjMxNjEyMjM0ODI5MzIzMg%3D%3D.3-ccb7-5&ccb=7-5&_nc_sid=58cdad&efg=eyJ2ZW5jb2RlX3RhZyI6InhwaWRzLjY0MHgxMTM2Lmhkci5DMyJ9&_nc_ohc=rmOcXbIwVkMQ7kNvwFJG8NX&_nc_oc=AdlW3gNsA3tcePF7FYObER3bep8K4jbnpQU7DeMsUxDI2lmZyQxzCaTw5N5EFCCSnw0&_nc_ad=z-m&_nc_cid=0&_nc_zt=23&se=-1&_nc_ht=scontent.cdninstagram.com&_nc_gid=AOPdeEVfwCaqD7-74dcFuA&oh=00_AfgmY-jtaewAMt0luT9HazivvC5Uu-sRD50Sb0G7Nt-Xxw&oe=69311378;24 Kasım Öğretmenler Günü vesilesiyle Bilim Merkezimizde öğretmenlerimizle kahvaltıda bir araya geldik. Günün anısına hatıra ormanı oluşturup fidanlarımızı toprakla buluşturduk, ardından kısa bir workshop etkinliği gerçekleştirdik.  Tüm öğretmenlerimizin Öğretmenler Günü’nü yürekten kutluyorum.;
https://www.instagram.com/p/DRZq1JBiCO4/;Carousel;1058;5;0;2025-11-23 16:43:40;https://scontent.cdninstagram.com/v/t39.30808-6/585888800_3995758760736475_5462816535461279219_n.jpg?stp=dst-jpg_e35_tt6&_nc_cat=103&ig_cache_key=Mzc3MjIzNDQ4MDA2OTcwNDgwMA%3D%3D.3-ccb7-5&ccb=7-5&_nc_sid=58cdad&efg=eyJ2ZW5jb2RlX3RhZyI6InhwaWRzLjIwNDh4MTM2Ni5zZHIuQzMifQ%3D%3D&_nc_ohc=skVs528oZlwQ7kNvwEa_Sr3&_nc_oc=Adn9DNXKxcq8n60Rp0CV0s9s1dEu6Fr9mTj6x65Rq3a4pqCSr9qEjrAk391pa3Uf14k&_nc_ad=z-m&_nc_cid=0&_nc_zt=23&_nc_ht=scontent.cdninstagram.com&_nc_gid=AOPdeEVfwCaqD7-74dcFuA&oh=00_Afh4IALmnkzgp05VGE4C9jIDlDx0PACwjUabGrx85etxoA&oe=69310123;Temelini kısa süre önce attığımız Şehitlik Anıtı ile restorasyonunu sürdürdüğümüz Sosyal Tesis alanında incelemelerde bulunduk. Vatandaşlarımızla sohbet ederek devam eden çalışmalarımızı paylaştık.  Söz verdiğimiz bu iki güzel eseri şehrimize kazandıracak olmanın mutluluğunu yaşıyoruz.;
https://www.instagram.com/p/DRXNlMtjA-W/;Reels;2868;41;86841;2025-11-22 17:50:30;https://scontent.cdninstagram.com/v/t51.71878-15/587734223_1910017436614377_4554078671109541575_n.jpg?stp=dst-jpegr_e15_tt6&_nc_cat=106&ig_cache_key=Mzc3MTU0Mjk0MzgyMDQxODk2Ng%3D%3D.3-ccb7-5&ccb=7-5&_nc_sid=58cdad&efg=eyJ2ZW5jb2RlX3RhZyI6InhwaWRzLjY0MHgxMTM2Lmhkci5DMyJ9&_nc_ohc=Y2da9M-NMT0Q7kNvwH9-gL9&_nc_oc=Admo8Suf7lzopNQJAN5qGCxe5v5b6da4Y75g8RCCYQstfEwflLazO7LeUZkNmOEImmw&_nc_ad=z-m&_nc_cid=0&_nc_zt=23&se=-1&_nc_ht=scontent.cdninstagram.com&_nc_gid=AOPdeEVfwCaqD7-74dcFuA&oh=00_AfhBhi4Kgi7ZZSX8QWKf2EZtUW0srsnqrgGn9Wvls4m36A&oe=69312399;Çocuklar, neşemiz, heyecanımız, ümidimiz, geleceğimiz, herşeyimiz...;
https://www.instagram.com/p/DRUqr86iCmz/;Carousel;541;3;0;2025-11-21 18:06:12;https://scontent.cdninstagram.com/v/t39.30808-6/585891287_3993985977580420_1833677029991203531_n.jpg?stp=dst-jpg_e35_tt6&_nc_cat=102&ig_cache_key=Mzc3MDgyNjUwNDk1NjA4MDAwNQ%3D%3D.3-ccb7-5&ccb=7-5&_nc_sid=58cdad&efg=eyJ2ZW5jb2RlX3RhZyI6InhwaWRzLjIwNDh4MTUzNi5zZHIuQzMifQ%3D%3D&_nc_ohc=xYwnh6iyQgQQ7kNvwF57cPF&_nc_oc=Adlpb65unciQ9WgSNYVfOz8PcwPZDqic1lA2S6RBB1RIolOWHficvbVbk3xNmIpDe8Q&_nc_ad=z-m&_nc_cid=0&_nc_zt=23&_nc_ht=scontent.cdninstagram.com&_nc_gid=AOPdeEVfwCaqD7-74dcFuA&oh=00_Afiw6miHMZ4273AfiMzOwWx6GymV2EoY7OgqO0ur-o0ExQ&oe=69312E9D;"Kasım ayı Belediye Meclis toplantımızı gerçekleştirerek 2026 yılı bütçemizi kabul ettik.   Şeffaf, katılımcı ve sürdürülebilir bir anlayışla; hemşehrilerimizin ihtiyaçlarını merkeze alarak hazırladığımız bu bütçeye katkı sunan çalışma arkadaşlarımıza ve tüm meclis üyelerimize teşekkür ediyor, bütçemizin Kırıkkale'mize hayırlı olmasını diliyorum.  Ekonomik koşullara rağmen denk bütçe hedefimizi koruyor, Kırıkkale’mizi daha yaşanabilir bir kent yapma kararlılığımızı sürdürüyoruz.";
https://www.instagram.com/p/DRUfsC8iG_x/;Carousel;930;2;0;2025-11-21 16:30:06;https://scontent.cdninstagram.com/v/t39.30808-6/587329469_3993911454254539_4208098511714688651_n.jpg?stp=dst-jpg_e35_tt6&_nc_cat=111&ig_cache_key=Mzc3MDc3ODEwNDI5ODQ4MDcyNg%3D%3D.3-ccb7-5&ccb=7-5&_nc_sid=58cdad&efg=eyJ2ZW5jb2RlX3RhZyI6InhwaWRzLjIwNDh4MTM2Ni5zZHIuQzMifQ%3D%3D&_nc_ohc=DANixXDI8-UQ7kNvwEM9cnl&_nc_oc=AdnaowOIT4S15XU5CgL3MJ_9PSE3LsMiV6w2Af142HVk77PRjwMcNui9uJE0Ho5r8eg&_nc_ad=z-m&_nc_cid=0&_nc_zt=23&_nc_ht=scontent.cdninstagram.com&_nc_gid=AOPdeEVfwCaqD7-74dcFuA&oh=00_AfhwSPmqtSWcHo4mWpasvEwH7yXAyRQoiEufeLSAjjwsnw&oe=6931139F;Kursiyer kadınlarımızın hazırladığı “Çocuklarımız Üşümesin” kermesine katıldık. Hem dayanışmayı hem de emeklerini büyüten tüm kadınlarımıza teşekkür ediyorum. 💙;
https://www.instagram.com/p/DRT0o6IDBVD/;Reels;1048;47;34440;2025-11-21 10:14:37;https://scontent.cdninstagram.com/v/t51.71878-15/583704226_1494331318288075_605022423069065646_n.jpg?stp=dst-jpegr_e15_tt6&_nc_cat=100&ig_cache_key=Mzc3MDU4ODgyMjY0ODkxOTM2Mw%3D%3D.3-ccb7-5&ccb=7-5&_nc_sid=58cdad&efg=eyJ2ZW5jb2RlX3RhZyI6InhwaWRzLjY0MHgxMTM2Lmhkci5DMyJ9&_nc_ohc=tINpY2PphOMQ7kNvwGmxYah&_nc_oc=AdlecmiP6ZNF33JhRJIIfFC6kZNdjhYSNl_pl2svV8nMX66x5pnKJm6M54TweMaVFX0&_nc_ad=z-m&_nc_cid=0&_nc_zt=23&se=-1&_nc_ht=scontent.cdninstagram.com&_nc_gid=AOPdeEVfwCaqD7-74dcFuA&oh=00_AfjwPbUXUyYnJmnqKDPrZ1hi3ofNet0K2hXCH1RI9KiQcA&oe=69310D80;Çalılıöz Mahallesi 494 sokak ve bağlantılı alanlarda başlattığımız kapsamlı altyapı çalışmalarında sona yaklaşıyoruz.   Yağmur suyu, kanal ve şebeke hattını tamamladıktan sonra şimdi de asfalt serimi ve yürüyüş yolu yapımına geçtik.  Bittiğinde hepimizin içine sinecek, çok daha güzel bir Çalılıöz olacak. 💙;
https://www.instagram.com/p/DRR2rasDE6H/;Reels;1372;21;36930;2025-11-20 16:06:42;https://scontent.cdninstagram.com/v/t51.71878-15/583645440_1447591170126684_2909498935430980494_n.jpg?stp=dst-jpegr_e15_tt6&_nc_cat=100&ig_cache_key=Mzc3MDAzNDg0MTE5MTIwNjUzNQ%3D%3D.3-ccb7-5&ccb=7-5&_nc_sid=58cdad&efg=eyJ2ZW5jb2RlX3RhZyI6InhwaWRzLjY0MHgxMTM2Lmhkci5DMyJ9&_nc_ohc=sqZeqh9ZurcQ7kNvwFjVq_9&_nc_oc=AdkHx8Ijly9R4s6SlxwHQbq5QGo89EcftNyabdJAb7oSpJZamPVeFcIJn_bW_OYN6nk&_nc_ad=z-m&_nc_cid=0&_nc_zt=23&se=-1&_nc_ht=scontent.cdninstagram.com&_nc_gid=AOPdeEVfwCaqD7-74dcFuA&oh=00_AfjsWS8RKsBCW9DMD2i-8NVmTZfFCeah8T8rfM0KAnvUBA&oe=69310A07;20 Kasım Dünya Çocuk Hakları Günü kapsamında, Kırıkkale Barosu Çocuk Hakları Komisyonu ile birlikte Bilim Merkezimizde çocuklarımız için anlamlı etkinlikler gerçekleştirdik.  Katkıları ve destekleri için Baro Başkanımız Av. Turan Zeki’ye ve Çocuk Hakları Komisyonu üyesi değerli avukatlarımıza teşekkür ediyorum.  Çocuklarımızın haklarını koruyan, onların güvenli ve mutlu bir geleceğe yürümeleri için emek veren herkesle birlikte çalışmaya devam edeceğiz. 💙🌿;
https://www.instagram.com/p/DRRfkwXiHh3/;Carousel;695;1;0;2025-11-20 12:31:23;https://scontent.cdninstagram.com/v/t39.30808-6/587240053_3992750074370677_5745595395062955946_n.jpg?stp=c0.30.1200.878a_cp6_dst-jpg_e35_tt6&_nc_cat=108&ig_cache_key=Mzc2OTkzMzE5MzY2Nzk0MzM2Mg%3D%3D.3-ccb7-5&ccb=7-5&_nc_sid=58cdad&efg=eyJ2ZW5jb2RlX3RhZyI6InhwaWRzLjEyMDB4OTM5LnNkci5DMyJ9&_nc_ohc=ts_4VJpZJy8Q7kNvwFFMeUt&_nc_oc=AdmMOGyHMwnvOIhO0gfiF2yckigkEcL4MmRBea0fGcLf1uCemk5iDBsFBdm-z-euj88&_nc_ad=z-m&_nc_cid=0&_nc_zt=23&_nc_ht=scontent.cdninstagram.com&_nc_gid=AOPdeEVfwCaqD7-74dcFuA&oh=00_AfhkafobRrSyP1Ydd55dY9-zCcku10r71gkTaQ1XZVDRMA&oe=6931020D;Karşıyaka Mahallesi’ndeki Muhtarlık Parkı’nı yeniliyor ve büyütüyoruz! 🌳🛝  Oyun alanı, dinlenme ve spor bölümleri ile mahallemize nefes alan, daha konforlu bir yaşam alanı kazandırıyoruz. Ayrıca futbol sahasıyla çocuklarımız ve gençlerimiz için keyifli bir buluşma noktası oluşturuyoruz.;
https://www.instagram.com/p/DRPiJmcjIQQ/;Reels;2986;51;93919;2025-11-19 18:15:40;https://scontent.cdninstagram.com/v/t51.71878-15/584409679_25237604542593399_5782679495755623604_n.jpg?stp=dst-jpg_e15_tt6&_nc_cat=110&ig_cache_key=Mzc2OTM4MTYwNjQ3MDIyMjg2NA%3D%3D.3-ccb7-5&ccb=7-5&_nc_sid=58cdad&efg=eyJ2ZW5jb2RlX3RhZyI6InhwaWRzLjY0MHgxMTM2LnNkci5DMyJ9&_nc_ohc=aw5frH-icrwQ7kNvwHlZGna&_nc_oc=AdkIOvXsaaBj25Z-JAprdfPkr4dJKIngKxXtz2doNDV4bKkumin_jPp-xjCfhjwrTHY&_nc_ad=z-m&_nc_cid=0&_nc_zt=23&_nc_ht=scontent.cdninstagram.com&_nc_gid=AOPdeEVfwCaqD7-74dcFuA&oh=00_Afgu1HV7B4YshMYAlccCuE2BHuJ1a-2fev0Vccw_h34Rzw&oe=693114FC;Kırıkkale Fen Lisesi’nin düzenlediği fidan dikim etkinliğine katılarak öğrencilerimizle birlikte fidanları toprakla buluşturduk.  Yeşil bir Kırıkkale için gençlerimizin duyarlılığı bizlere güç veriyor. 🌿💚 Bu anlamlı programı organize eden okul müdürümüz ve öğretmenlerimize teşekkür ediyorum.;
https://www.instagram.com/p/DRNJTRQCGBv/;Carousel;601;1;0;2025-11-18 19:59:48;https://scontent.cdninstagram.com/v/t39.30808-6/585533587_3991285384517146_7729887791604701731_n.jpg?stp=dst-jpg_e35_tt6&_nc_cat=106&ig_cache_key=Mzc2ODcwOTM0Mzc0MzYyNzQ2MA%3D%3D.3-ccb7-5&ccb=7-5&_nc_sid=58cdad&efg=eyJ2ZW5jb2RlX3RhZyI6InhwaWRzLjIwNDh4MTM2Ni5zZHIuQzMifQ%3D%3D&_nc_ohc=YMYFBKD6yLkQ7kNvwENTqZD&_nc_oc=AdlbQ6A5MV6EyIVeKxXdL5frHIUIpXLNQ_7fsVRSZeTg18YO0del2ODSnosKafCK4bk&_nc_ad=z-m&_nc_cid=0&_nc_zt=23&_nc_ht=scontent.cdninstagram.com&_nc_gid=AOPdeEVfwCaqD7-74dcFuA&oh=00_AfiDL0O5NsHAKB2kTk27owtCcuxrXMS0pEbl2JVizq3sAA&oe=69313308;CHP Genel Başkanımız Sayın Özgür Özel’in başkanlığındaki TBMM Grup Toplantısı’na İl Başkanımız Sayın Av. Onur Yüksel Bozdağ ile katıldık.;
https://www.instagram.com/p/DRNGcgICBZ3/;Carousel;1007;7;0;2025-11-18 19:34:51;https://scontent.cdninstagram.com/v/t39.30808-6/583321142_3991267521185599_4917027862613370311_n.jpg?stp=dst-jpg_e35_tt6&_nc_cat=105&ig_cache_key=Mzc2ODY5Njc5MjU5OTIzNjE1OQ%3D%3D.3-ccb7-5&ccb=7-5&_nc_sid=58cdad&efg=eyJ2ZW5jb2RlX3RhZyI6InhwaWRzLjE2MDB4MTIwMC5zZHIuQzMifQ%3D%3D&_nc_ohc=mmlXD6leBhMQ7kNvwFtNW3v&_nc_oc=Adnh90e4SpRd8T0FvxZ-n3HIznBqJxS1Lw58COqxey5L1ISSUwwOMdVhiscJ60NMF4g&_nc_ad=z-m&_nc_cid=0&_nc_zt=23&_nc_ht=scontent.cdninstagram.com&_nc_gid=AOPdeEVfwCaqD7-74dcFuA&oh=00_AfhhLvaWxPYkaihNOoekS6V_1Yd7FNoGj9poKMZkbj2YoA&oe=69311E50;Belediye Meclis Üyemiz Ulaş Emre Demirel’in kıymetli babası Aziz amcamızı, tedavi gördüğü Ankara Bilkent Hastanesi’nde İl Başkanımız Onur Yüksel Bozdağ ile birlikte ziyaret ettik.  Aziz amcamıza acil şifalar diliyor, en kısa sürede sağlığına kavuşmasını gönülden temenni ediyorum.;
https://www.instagram.com/p/DRMVEijiAvR/;Carousel;590;0;0;2025-11-18 12:23:24;https://scontent-man2-1.cdninstagram.com/v/t39.30808-6/584705437_3990945664551118_75696135403385537_n.jpg?stp=dst-jpg_e35_tt6&_nc_cat=104&ig_cache_key=Mzc2ODQ3OTYxMzYyNjk0MDM1Mg%3D%3D.3-ccb7-5&ccb=7-5&_nc_sid=58cdad&efg=eyJ2ZW5jb2RlX3RhZyI6InhwaWRzLjE2MDB4MTIwMC5zZHIuQzMifQ%3D%3D&_nc_ohc=Us144bclKGgQ7kNvwFnXQrj&_nc_oc=Adlyf5-yF6d06S8RhPoY-DK8SAgQdHjvwp6PjX70rIs2RIqyhGhEqAs5O2-LQe6BGNzYZO9dbhOWjeSA_wcAQZBm&_nc_ad=z-m&_nc_cid=0&_nc_zt=23&_nc_ht=scontent-man2-1.cdninstagram.com&_nc_gid=MTDCLs8Rearc_5FvK8iJiA&oh=00_AfiLQWPvNnLhlRcgYoJtU9-4ned5v-BwAmu3XmKz7CejQw&oe=6931041C;Gerçek sınav provası.📚   Atatürk Kültür ve Gençlik merkezimizde, LGS'ye hazırlanan öğrencilerimiz için ücretsiz deneme sınavı düzenlendik.   İki oturum halinde kentimizde ki tüm gençlerimize açık gerçekleştirdiğimiz deneme sınavında✍️Öğrencilerimiz hem bilgilerini pekiştiriyor hem de sınav deneyimi kazanıyor.;
https://www.instagram.com/p/DRH2BBXDCfY/;Reels;1443;36;49730;2025-11-16 18:41:21;https://scontent-man2-1.cdninstagram.com/v/t51.71878-15/582028671_1197797805541350_4827734252991550424_n.jpg?stp=dst-jpegr_e15_tt6&_nc_cat=108&ig_cache_key=Mzc2NzIxNzE3ODAxMDIwMDAyNA%3D%3D.3-ccb7-5&ccb=7-5&_nc_sid=58cdad&efg=eyJ2ZW5jb2RlX3RhZyI6InhwaWRzLjY0MHgxMTM2Lmhkci5DMyJ9&_nc_ohc=TI4VmYK0tNIQ7kNvwEkEmN_&_nc_oc=AdkizkEfvE5nPOAr0z72UySNqu7JlqK2MXZXkyM3mxENDjoBZuLRtB7u8PE6fziTyQTe7d18ZAb3tlDAOdfOMveb&_nc_ad=z-m&_nc_cid=0&_nc_zt=23&se=-1&_nc_ht=scontent-man2-1.cdninstagram.com&_nc_gid=MTDCLs8Rearc_5FvK8iJiA&oh=00_Afhr0G4xyFIcgADnixRUZMsmcNjUwKWYa7xLs96c7kWR5w&oe=69310454;"Osman Gazi Mahallesi’nde Şehit Suat Yalçın Parkının açılışını, Aziz Şehidimizin kıymetli ailesi ve hemşehrilerimizle birlikte gerçekleştirdik. 🌿  Baştan sona yenilediğimiz park; yeni oyun grupları, yürüyüş yolları ve oturma alanlarıyla çocuklarımız için güzel bir yaşam alanı oldu.  Bir yılda kazandırdığımız 17 parkın her biri gibi, burası da mahallemize nefes olacak.   Kahraman şehidimizin hatırasını yaşattığımız parkımız Kırıkkale’mize hayırlı olsun.";
https://www.instagram.com/p/DRHYq_qCErj/;Carousel;765;9;0;2025-11-16 14:18:40;https://scontent-man2-1.cdninstagram.com/v/t39.30808-6/581952865_3989188638060154_204184083539536771_n.jpg?stp=dst-jpg_e35_tt6&_nc_cat=107&ig_cache_key=Mzc2NzA4ODA5MzIyOTIzMzY1Nw%3D%3D.3-ccb7-5&ccb=7-5&_nc_sid=58cdad&efg=eyJ2ZW5jb2RlX3RhZyI6InhwaWRzLjIwNDh4MTM2Ni5zZHIuQzMifQ%3D%3D&_nc_ohc=_S9TKT0sj5MQ7kNvwH4vVxy&_nc_oc=AdkEI5RgoowwA3dI2IZIikGjcq5CMKsthfx_hGNvA7GJufOjKaWQ3tS9uvCO40KqG0wj1Hct9LrBVcVbg-ZBeLmj&_nc_ad=z-m&_nc_cid=0&_nc_zt=23&_nc_ht=scontent-man2-1.cdninstagram.com&_nc_gid=MTDCLs8Rearc_5FvK8iJiA&oh=00_AfgkRkp3MIzGZDOGDVzaJiXf4UCBvH715rJuecQZ9IfpJA&oe=69312899;"Belediyemiz KOSKİ Müdürlüğünde görev yapan değerli çalışma arkadaşımız Adem Tekertarla’nın vefatı dolayısıyla Belediye Hizmet Binası önünde düzenlenen törene katıldık.  Kıymetli mesai arkadaşımız Tekertarla’ya Allah’tan rahmet; ailesine, sevenlerine ve tüm çalışma arkadaşlarımıza başsağlığı diliyorum. Mekânı cennet olsun.";
https://www.instagram.com/p/DRFvMbsiElr/;Photo;564;1;0;2025-11-15 22:57:00;https://scontent-man2-1.cdninstagram.com/v/t39.30808-6/583143781_3988646551447696_5126608755018268615_n.jpg?stp=dst-jpg_e35_tt6&_nc_cat=104&ig_cache_key=Mzc2NjYyNDIyNTkyMzE4OTA5OQ%3D%3D.3-ccb7-5&ccb=7-5&_nc_sid=58cdad&efg=eyJ2ZW5jb2RlX3RhZyI6InhwaWRzLjE2MjB4MTA4MC5zZHIuQzMifQ%3D%3D&_nc_ohc=Nx5buzRXMQAQ7kNvwHwFb9X&_nc_oc=Adk_8NC414QQby-Upxz_VTWTaOA_heG-L_mFRPML_JO1Q8Tehe2NOL9rVfqy--BqGmXJQuuawuMDvRgQub7Gyaxl&_nc_ad=z-m&_nc_cid=0&_nc_zt=23&_nc_ht=scontent-man2-1.cdninstagram.com&_nc_gid=MTDCLs8Rearc_5FvK8iJiA&oh=00_AfjCvnMJhZOMbaFLT5KTxGQNbEtLHWWMGiAlF5UJDKg2bg&oe=69311C10;Tebrikler Millî Takım! 🇹🇷⚽  2026 FIFA Dünya Kupası Elemeleri’nde Bulgaristan’ı 2-0 mağlup ederek bizlere gurur yaşatan Ay-Yıldızlı futbolcularımızı yürekten tebrik ediyorum.  Sahadaki mücadele, coşku ve birlik duygusu hepimizin göğsünü kabarttı!;
https://www.instagram.com/p/DREyJZ8CObP/;Photo;456;5;0;2025-11-15 14:03:34;https://scontent-man2-1.cdninstagram.com/v/t39.30808-6/583623828_3988265244819160_1273555530216299254_n.jpg?stp=dst-jpg_e35_tt6&_nc_cat=106&ig_cache_key=Mzc2NjM1NTczNzA0MDE4NTAzOQ%3D%3D.3-ccb7-5&ccb=7-5&_nc_sid=58cdad&efg=eyJ2ZW5jb2RlX3RhZyI6InhwaWRzLjEwODB4MTM1MC5zZHIuQzMifQ%3D%3D&_nc_ohc=ixuRipMswS0Q7kNvwGszRkj&_nc_oc=AdkEAMU1qYp_dRg2gmEc4HBbyoXfwqDx443cM8rT0N2ALyi-ZxhcuOU25oLHmNmuNWTUfa5Dho2Sh2ao7LKY_6jN&_nc_ad=z-m&_nc_cid=0&_nc_zt=23&_nc_ht=scontent-man2-1.cdninstagram.com&_nc_gid=MTDCLs8Rearc_5FvK8iJiA&oh=00_AfiBrEAU0s7YrrV7GPX8S7L_q1elKp_tb2s8rzyRL9AyuA&oe=69311AA2;Bir parkımızı daha tamamladık.😎  Osma Gazi mahallemizde Şehit Suat Yalçın Parkımızı pazar günü saat: 14.30'da açıyoruz. Parkımızın açılışına tüm hemşehrilerimiz davetlidir.🙋‍♂️  📅 16 Kasım ⏰ 14.30;
https://www.instagram.com/p/DREvd1aDCI8/;Photo;228;5;0;2025-11-15 13:40:07;https://scontent-man2-1.cdninstagram.com/v/t51.82787-15/583242478_18246180589293750_1469847694363773624_n.jpg?stp=dst-jpg_e35_tt6&_nc_cat=104&ig_cache_key=Mzc2NjM0Mzk0Njc4NDc0Mzk5Ng%3D%3D.3-ccb7-5&ccb=7-5&_nc_sid=58cdad&efg=eyJ2ZW5jb2RlX3RhZyI6InhwaWRzLjEwODB4MTA4MC5zZHIuQzMifQ%3D%3D&_nc_ohc=N9Zl6jvlSXoQ7kNvwFhoLqr&_nc_oc=Admpr3PYjDvTYScTz3T99KmYmPd4WuJiwskyNMENMBznZQKjflaNot7VwR3WlYA2C0hTQ9HggIkHUotjl6wG2gf_&_nc_ad=z-m&_nc_cid=0&_nc_zt=23&_nc_ht=scontent-man2-1.cdninstagram.com&_nc_gid=MTDCLs8Rearc_5FvK8iJiA&oh=00_AfgWSfO785Gyol8g3hDJVswpv_DhNTyhdoQJ4g63g-C6sg&oe=69310838;Kuzey Kıbrıs Türk Cumhuriyeti’nin 42. kuruluş yıl dönümünü kutlu olsun.  Kıbrıs Türk halkının özgürlük ve demokrasi mücadelesine önderlik eden merhum Başbakanımız Bülent Ecevit’i, Kurucu Cumhurbaşkanı Rauf Denktaş’ı ve bu yolda emeği geçen tüm şehit ve gazilerimizi saygı ve minnetle anıyorum.  Kıbrıs Türk halkına barış, huzur ve refah dolu bir gelecek diliyorum.;
https://www.instagram.com/p/DRCoSquCIxC/;Reels;942;20;35085;2025-11-14 17:59:04;https://scontent-man2-1.cdninstagram.com/v/t15.5256-10/567644617_826128786933934_1527449056943154955_n.jpg?stp=dst-jpg_e15_tt6&_nc_cat=110&ig_cache_key=Mzc2NTc0OTQ0MzExNTY1MDExNA%3D%3D.3-ccb7-5&ccb=7-5&_nc_sid=58cdad&efg=eyJ2ZW5jb2RlX3RhZyI6InhwaWRzLjEwODB4MTkyMC5zZHIuQzMifQ%3D%3D&_nc_ohc=LfIK-Za7vfcQ7kNvwFjJe35&_nc_oc=AdlL9AlarcviFYnWemDIqtPJkLkLoaDmC0SuFDm4PdqVrwUKZgSzC490F8F9CV-w0ql584CPrATzf1npXCFyoZ3T&_nc_ad=z-m&_nc_cid=0&_nc_zt=23&_nc_ht=scontent-man2-1.cdninstagram.com&_nc_gid=MTDCLs8Rearc_5FvK8iJiA&oh=00_Afio2BiMUA1q2Y0K3XIWxSVLkSX-FbKPalEqD-XCALpiMA&oe=69313645;Şehrimizin altyapısını baştan sona güçlendirmek için yoğun bir çalışma dönemi içindeyiz. 🚧  📍 Çalılıöz Mahallesi 494. Sokak üzerinde başlattığımız altyapı çalışmalarını tamamlayarak asfalt serimine geçtik.  Vatandaşlarımızın memnuniyeti, yaptığımız her işte bize güç ve motivasyon veren en büyük değerdir.;
https://www.instagram.com/p/DRCLv08CEKF/;Photo;1088;18;0;2025-11-14 13:49:32;https://scontent-man2-1.cdninstagram.com/v/t39.30808-6/581462152_3987355538243464_7649444711832685478_n.jpg?stp=dst-jpg_e35_tt6&_nc_cat=103&ig_cache_key=Mzc2NTYyMzkwMzYwMzkzMzgyOQ%3D%3D.3-ccb7-5&ccb=7-5&_nc_sid=58cdad&efg=eyJ2ZW5jb2RlX3RhZyI6InhwaWRzLjEwODB4MTM1MC5zZHIuQzMifQ%3D%3D&_nc_ohc=xmQ7x1qvmBUQ7kNvwGTtzMe&_nc_oc=Adma8Xc8QdWA0znOouwwqSFmthprFbEmucRePe40x5PNuXf5Vbflcep8fhzQzJjEld0zruUukJQHDLJP3D8C3CK5&_nc_ad=z-m&_nc_cid=0&_nc_zt=23&_nc_ht=scontent-man2-1.cdninstagram.com&_nc_gid=MTDCLs8Rearc_5FvK8iJiA&oh=00_AfiLT3Uie3uPD2nE5cdtypEEYMqC-BhaGj8SgLjUJnhxvQ&oe=6931330B;Orman Genel Müdürlüğü envanterine kayıtlı yangın söndürme uçağı planlı bakım için bulunduğu Hırvatistan'da kaza - kırıma uğramıştır.  Yapılan arama-kurtarma çalışmaları sonucunda, uçak pilotu Hasan Bahar şehit olmuştur.  Orman teşkilatının fedakar bir neferi olan Şehidimiz Hasan Bahar'a Allah'tan rahmet, ailesine, yakınlarına ve tüm teşkilatımıza başsağlığı dileriz.  Milletimizin başı sağ olsun.;
https://www.instagram.com/p/DRATmDeDDzj/;Reels;1857;37;39424;2025-11-13 20:20:21;https://scontent-man2-1.cdninstagram.com/v/t51.71878-15/582233320_1497938381428455_1379786183503282401_n.jpg?stp=dst-jpegr_e15_tt6&_nc_cat=101&ig_cache_key=Mzc2NTA5NTQ2NjQzMDkwNTU3MQ%3D%3D.3-ccb7-5&ccb=7-5&_nc_sid=58cdad&efg=eyJ2ZW5jb2RlX3RhZyI6InhwaWRzLjY0MHgxMTM2Lmhkci5DMyJ9&_nc_ohc=VJRSVV6axlYQ7kNvwEt1pff&_nc_oc=AdlIyTKbEYOhGfeRVnn7SWC2O37lu2dL1k7Yth-fAJfxfVK6Un7zfxT9jRtvBVUggZuKgRKVEKuhx-C1dP2GMbU8&_nc_ad=z-m&_nc_cid=0&_nc_zt=23&se=-1&_nc_ht=scontent-man2-1.cdninstagram.com&_nc_gid=MTDCLs8Rearc_5FvK8iJiA&oh=00_Afh3Z-QZZgs2-gRxPoZwjmyYqzYBvC95qu55wQb6F3Dohw&oe=693102C7;"Karşıyaka Mahallemizde hafriyat kamyonlarının yoğun kullandığı ve çevrede rahatsızlık oluşturan bölgede çalışmalarımıza başladık.  Fen İşleri ekiplerimiz yol genişletme işlemini yürütüyor; ardından zemin sertleştirme ve satıh kaplama yaparak yolu daha güvenli hâle getireceğiz.  Hemşehrilerimizin huzuru için çalışmalarımıza aralıksız devam edeceğiz.";
https://www.instagram.com/p/DQ9ajudDMf0/;Reels;6860;261;190942;2025-11-12 17:25:19;https://scontent-man2-1.cdninstagram.com/v/t51.71878-15/580012229_1588892235814135_8646836923814985946_n.jpg?stp=dst-jpg_e15_tt6&_nc_cat=108&ig_cache_key=Mzc2NDI4MTY2NzgyMjA3Nzk0MA%3D%3D.3-ccb7-5&ccb=7-5&_nc_sid=58cdad&efg=eyJ2ZW5jb2RlX3RhZyI6InhwaWRzLjY0MHgxMTM2LnNkci5DMyJ9&_nc_ohc=zD2FZQMkOXwQ7kNvwGwMTcl&_nc_oc=AdmrjtWpNrTthlFcX6SqIWk-LvrGQXd0HLHgTIGVeDxmzpc05JTwUVJHi67SYufCFmOWYQdWce5gkg1CpFxGX0zT&_nc_ad=z-m&_nc_cid=0&_nc_zt=23&_nc_ht=scontent-man2-1.cdninstagram.com&_nc_gid=MTDCLs8Rearc_5FvK8iJiA&oh=00_AfgbO67F6EN_7M-AuLQDR40Fg5AdKYTE2XxIdbx3xnGtFA&oe=6931011C;Biz bu şehre sadece hizmet etmiyoruz, aşığız. ❤️ Her taşında, her parkında emeğimiz var… Çünkü Kırıkkale bizim evimiz. 🏡;
https://www.instagram.com/p/DQ7aYJViJQO/;Photo;791;5;0;2025-11-11 22:42:42;https://scontent-man2-1.cdninstagram.com/v/t39.30808-6/580748050_3984868365158848_5710638262758788314_n.jpg?stp=dst-jpg_e35_tt6&_nc_cat=111&ig_cache_key=Mzc2MzcxNzkyMjA5OTg2MDQ5NA%3D%3D.3-ccb7-5&ccb=7-5&_nc_sid=58cdad&efg=eyJ2ZW5jb2RlX3RhZyI6InhwaWRzLjEwODB4MTM1MC5zZHIuQzMifQ%3D%3D&_nc_ohc=x7-FjIF03-cQ7kNvwG5OXtr&_nc_oc=AdlgySVtlZzkprfejkSTKaZQHszGhwoOvC2rKvxPAwdqqLiLXJvHDIO2uh-q8dOgVxijKIbFzxtV5LyU2LBC1Xgk&_nc_ad=z-m&_nc_cid=0&_nc_zt=23&_nc_ht=scontent-man2-1.cdninstagram.com&_nc_gid=MTDCLs8Rearc_5FvK8iJiA&oh=00_Afh2z0wWVpmnYhzHJDNooooTf2bRfGi6fWZRLN_9RnLJhQ&oe=6931200F;Azerbaycan’dan ülkemize gelmek üzere havalanan C130 askeri kargo uçağımızın Azerbeycan - Gürcistan sınırında düşmesi sonucu şehit olan kahraman askerlerimize Allah’tan rahmet, Türk Silahlı Kuvvetlerimizin değerli mensuplarına, şehitlerimizin ailelerine ve aziz milletimize başsağlığı diliyorum.  Milletimizin başı sağ olsun.🇹🇷;
https://www.instagram.com/p/DQ6u_jRiDur/;Photo;1082;18;0;2025-11-11 16:23:36;https://scontent-man2-1.cdninstagram.com/v/t39.30808-6/582270168_3984589911853360_4675044158627903337_n.jpg?stp=dst-jpg_e35_tt6&_nc_cat=106&ig_cache_key=Mzc2MzUyNzExNTk2MzEyMDU1NQ%3D%3D.3-ccb7-5&ccb=7-5&_nc_sid=58cdad&efg=eyJ2ZW5jb2RlX3RhZyI6InhwaWRzLjEwODB4MTM1MC5zZHIuQzMifQ%3D%3D&_nc_ohc=pDV06PhigiMQ7kNvwHMgyoV&_nc_oc=AdniRVBTMqdBRn5lROAn-ZoWRaohAGM8_BKV1nyWmSuTuEjgaM4AcXa8gVZ0rQcCeIo3Virt1dUY2n9__EnVGRTs&_nc_ad=z-m&_nc_cid=0&_nc_zt=23&_nc_ht=scontent-man2-1.cdninstagram.com&_nc_gid=MTDCLs8Rearc_5FvK8iJiA&oh=00_AfgShd5xBJ-AS5pVszIwuRZXtd6Tl0VeShLurRSaVCxIGw&oe=69311B86;Azerbaycan’dan ülkemize gelmek üzere havalanan C130 askeri kargo uçağımızın Gürcistan’da düştüğü haberini derin bir endişeyle öğrenmiş bulunmaktayım.  Yüreğimiz, kahraman Türk Silahlı Kuvvetlerimizin değerli mensuplarıyla. Arama-kurtarma çalışmalarının en kısa sürede tamamlanmasını ve mürettebatımızdan iyi haberler alınmasını diliyorum.;
https://www.instagram.com/p/DQ4YG7wjB8V/;Reels;1179;29;67532;2025-11-10 18:26:09;https://scontent-sea1-1.cdninstagram.com/v/t51.71878-15/581815847_1340139337124685_3980830084735315327_n.jpg?stp=dst-jpegr_e15_tt6&_nc_cat=106&ig_cache_key=Mzc2Mjg2MzUxODI2NjQzMzMwMQ%3D%3D.3-ccb7-5&ccb=7-5&_nc_sid=58cdad&efg=eyJ2ZW5jb2RlX3RhZyI6InhwaWRzLjY0MHgxMTM2Lmhkci5DMyJ9&_nc_ohc=4hKG0F8YVskQ7kNvwEDibUY&_nc_oc=Admvgxd4gTxhHeDbveTWcn3SbcSuGjNWjH_JC25hift3Tsea7pJPc_l_1VF68APJc_g&_nc_ad=z-m&_nc_cid=0&_nc_zt=23&se=-1&_nc_ht=scontent-sea1-1.cdninstagram.com&_nc_gid=Kz3MWcnyx1BeiZhW5I9IDQ&oh=00_Afjz-W2YDjo6tbzy79D6XpTFYL1kWQbOxKr8FY9x0pxotQ&oe=6931182A;Kırıkkale’mizin kahraman şehitlerini anmak ve onların aziz hatırasını nesilden nesile yaşatmak amacıyla Büyük Şehir Parkı’nda inşa edeceğimiz “Şehitlik Anıtı” projemizin temelini attık.  Sözünü verdiğimiz bu anlamlı proje, şehitlerimizin isimlerinin yer alacağı, Kırıkkale’mizin manevi kimliğini simgeleyecek kalıcı bir eser olacak. Kahramanlarımızın fotoğraflarını onlara yakışan bu alana taşıyarak hatıralarını yaşatacağız.  Başkomutan Gazi Mustafa Kemal Atatürk’ün ebediyete intikalinin yıl dönümünde bu temeli atmaktan büyük bir gurur duyuyorum. Tüm şehitlerimizi rahmetle, gazilerimizi minnetle anıyorum. Şehitlerimizin emanetlerine sahip çıkıyor, hatıralarını bu eserle yaşatıyoruz. 🇹🇷;
https://www.instagram.com/p/DQ4MUCRiCNR/;Carousel;1612;14;0;2025-11-10 16:42:04;https://scontent-sea1-1.cdninstagram.com/v/t39.30808-6/579001805_3983612991951052_4127919864823421669_n.jpg?stp=dst-jpg_e35_tt6&_nc_cat=101&ig_cache_key=Mzc2MjgxMTYxNTg1MTM3NzM4Mg%3D%3D.3-ccb7-5&ccb=7-5&_nc_sid=58cdad&efg=eyJ2ZW5jb2RlX3RhZyI6InhwaWRzLjIwNDh4MTM2NC5zZHIuQzMifQ%3D%3D&_nc_ohc=DJSgIB0bYucQ7kNvwF_wEBm&_nc_oc=Adm7A-TCxDwmKdiB4xsaoSttWdRzLlqNGL7Ee3fS-kqbZ9BGuyzcAAUCAurb92It5XE&_nc_ad=z-m&_nc_cid=0&_nc_zt=23&_nc_ht=scontent-sea1-1.cdninstagram.com&_nc_gid=Kz3MWcnyx1BeiZhW5I9IDQ&oh=00_AfgFVQg_fo2vXmo0htVthqSMSX-n-VTOvShNEDmJV3FvMw&oe=69310265;Cumhuriyetimizin Kurucusu Gazi Mustafa Kemal Atatürk’ün ebediyete intikalinin 87. yılında, Belediyemiz Fuaye Alanı’nda düzenlenen Atatürk Sergisini gezerek O’nun mirasını bir kez daha gururla yaşadık.  Serginin hazırlanmasında emeği geçen Belediyemiz Bilim Merkezi’ne teşekkür ediyorum.  #10Kasım #Atatürk;
https://www.instagram.com/p/DQ3gnOljNUr/;Reels;4819;101;70792;2025-11-10 10:20:58;https://scontent-sea5-1.cdninstagram.com/v/t51.71878-15/572124411_1127057129594793_7852372404480091245_n.jpg?stp=dst-jpegr_e15_tt6&_nc_cat=102&ig_cache_key=Mzc2MjYxOTQ0NjkwMTY1ODkyMw%3D%3D.3-ccb7-5&ccb=7-5&_nc_sid=58cdad&efg=eyJ2ZW5jb2RlX3RhZyI6InhwaWRzLjY0MHgxMTM2Lmhkci5DMyJ9&_nc_ohc=6ICN9kuAa5UQ7kNvwHYgnTe&_nc_oc=Adlv6ATpsawYXzxNvsIwrXN4ZBZTHGqnM3xIsvyUxuL-thxCLolTVaBfoJSLuMUlF_4&_nc_ad=z-m&_nc_cid=0&_nc_zt=23&se=-1&_nc_ht=scontent-sea5-1.cdninstagram.com&_nc_gid=Kz3MWcnyx1BeiZhW5I9IDQ&oh=00_Afhd2Z35ibND27Spndd9_ypaF861jcCyHlqY_AhwHexEgg&oe=69310250;Atatürk’ü anmak, onu anlamaktır. Atatürk’ü anmak, ilke ve inkılaplarına sahip çıkmaktır. Sonsuza dek, izinde… ♾️;
https://www.instagram.com/p/DQ2SugmCPXL/;Photo;798;8;0;2025-11-09 22:59:39;https://scontent-sea1-1.cdninstagram.com/v/t39.30808-6/578493245_3982884725357212_7642129591809201620_n.jpg?stp=dst-jpg_e35_tt6&_nc_cat=101&ig_cache_key=Mzc2MjI3Njg5OTY0NTYxNzYxMQ%3D%3D.3-ccb7-5&ccb=7-5&_nc_sid=58cdad&efg=eyJ2ZW5jb2RlX3RhZyI6InhwaWRzLjEwODB4MTM1MC5zZHIuQzMifQ%3D%3D&_nc_ohc=Eet81aeZMBYQ7kNvwHPpH-J&_nc_oc=AdkwFggZlcPy1rxaJ9U4zktPsNRYV6o3ZdeIDQQL0xSdWANpGWDFdOqXmlDpR28XNPk&_nc_ad=z-m&_nc_cid=0&_nc_zt=23&_nc_ht=scontent-sea1-1.cdninstagram.com&_nc_gid=Kz3MWcnyx1BeiZhW5I9IDQ&oh=00_Afj5dFN3iLcbeofKGwfeuQq-ifj7zrLlmnm1GTzNQPPfzQ&oe=69311B1C;Yaktığın meşale yolumuzu, emanetin olan Cumhuriyet ise güzel ülkemizi aydınlatmaya devam ediyor.  Açtığın yolda kararlılıkla yürümeye devam ediyoruz.  Büyük Önder Mustafa Kemal Atatürk’ü, ebediyete intikalinin 87. yılında saygı, minnet ve özlemle anıyorum. #10Kasım;
https://www.instagram.com/p/DQ1ixJ4CI7D/;Carousel;1418;9;0;2025-11-09 16:00:33;https://scontent-sea1-1.cdninstagram.com/v/t39.30808-6/580995314_3982543705391314_4492348622568731721_n.jpg?stp=dst-jpg_e35_tt6&_nc_cat=101&ig_cache_key=Mzc2MjA2NTk0OTA4MDQ1MDA1NA%3D%3D.3-ccb7-5&ccb=7-5&_nc_sid=58cdad&efg=eyJ2ZW5jb2RlX3RhZyI6InhwaWRzLjIwNDh4MTUzNi5zZHIuQzMifQ%3D%3D&_nc_ohc=FrBHZRUVCbYQ7kNvwFvRbm9&_nc_oc=Adn2PDd0jQj1cWb1qiGgWyDvAoLCWL1tXDUygLy19jDpr2shCoJuUNag87cei0Q7zxg&_nc_ad=z-m&_nc_cid=0&_nc_zt=23&_nc_ht=scontent-sea1-1.cdninstagram.com&_nc_gid=Kz3MWcnyx1BeiZhW5I9IDQ&oh=00_Afi3Mb9bwmCI9Uk3IO0RfyFAUlVzN1MbPvcOyIxE_e1GeQ&oe=6931169C;İşletmeciliğini Mehmet Can Olgun ve Rana Özer’in yaptığı Reo Fitness’in açılışına katıldık.  Genç girişimcilerimize yeni iş yerlerinde bol kazançlar diliyor, şehrimize kazandırdıkları bu güzel işletmenin hayırlı olmasını temenni ediyorum.;
https://www.instagram.com/p/DQ1b67XiDno/;Carousel;753;10;0;2025-11-09 15:00:44;https://scontent-sea1-1.cdninstagram.com/v/t39.30808-6/578672823_3982494325396252_8506016854181526632_n.jpg?stp=dst-jpg_e35_tt6&_nc_cat=104&ig_cache_key=Mzc2MjAzNTgzOTkyNTIzNzE4MQ%3D%3D.3-ccb7-5&ccb=7-5&_nc_sid=58cdad&efg=eyJ2ZW5jb2RlX3RhZyI6InhwaWRzLjIwNDh4MTUzNi5zZHIuQzMifQ%3D%3D&_nc_ohc=Z_ugT2ApgGEQ7kNvwH-b8kT&_nc_oc=Adn8q_sstiMk7pzSQEv1hO8dg1bzXIZ0Q4HscWTF4VBHwH8uyZDumvlqFgqgCLEjKpw&_nc_ad=z-m&_nc_cid=0&_nc_zt=23&_nc_ht=scontent-sea1-1.cdninstagram.com&_nc_gid=Kz3MWcnyx1BeiZhW5I9IDQ&oh=00_Afj7AHyKtJgEWupnTj4iGHNL6Ybbep3KNaA7aqSsZw0W3g&oe=6931349D;İşletmeciliğini Ömer Güven’in yaptığı CHEF GURME’nin açılışına katılarak hayırlı olsun dileklerimizi ilettik.  Kırıkkale’mize istihdam ve lezzet kazandıracak bu güzel işletmenin bol kazançlar getirmesini temenni ediyorum.;
https://www.instagram.com/p/DQ1UoahCAIM/;Carousel;916;5;0;2025-11-09 13:57:02;https://scontent-sea5-1.cdninstagram.com/v/t39.30808-6/580598234_3982442472068104_7909769687539468611_n.jpg?stp=dst-jpg_e35_tt6&_nc_cat=102&ig_cache_key=Mzc2MjAwMzc4NDQzNjgzMTA1MQ%3D%3D.3-ccb7-5&ccb=7-5&_nc_sid=58cdad&efg=eyJ2ZW5jb2RlX3RhZyI6InhwaWRzLjIwNDh4MTUzNi5zZHIuQzMifQ%3D%3D&_nc_ohc=dgeW2mIxQK4Q7kNvwETIpY7&_nc_oc=Adm-WJ0TByOtKCrbclHXeWfpjRZEdY4VFmEiGntJYJ1YpjI1RSutLO_2ziMTiZcW4bY&_nc_ad=z-m&_nc_cid=0&_nc_zt=23&_nc_ht=scontent-sea5-1.cdninstagram.com&_nc_gid=Kz3MWcnyx1BeiZhW5I9IDQ&oh=00_AfjKsg_Uh2Fur09wxV5l9Pq5O7iIlHaFma_xTILTn6i3kg&oe=69313145;Kırıkkaleli şehidimiz, hemşehrimiz Jandarma Uzman Çavuş Arif Özdemir için baba ocağında düzenlenen mevlit programına katıldık.  Aziz şehidimize bir kez daha Allah’tan rahmet, kederli ailesine sabır diliyorum.🇹🇷   Ruhun şad mekanı cennet olsun.;
https://www.instagram.com/p/DQ1LHIkiH9K/;Photo;961;15;0;2025-11-09 12:33:52;https://scontent-sea5-1.cdninstagram.com/v/t39.30808-6/578878802_3982382988740719_1349022480544307171_n.jpg?stp=dst-jpg_e35_tt6&_nc_cat=102&ig_cache_key=Mzc2MTk2MTkzMjQ4ODczNjU4Ng%3D%3D.3-ccb7-5&ccb=7-5&_nc_sid=58cdad&efg=eyJ2ZW5jb2RlX3RhZyI6InhwaWRzLjEyODB4NzIwLnNkci5DMyJ9&_nc_ohc=iB8VEoc5FR4Q7kNvwFBDi1v&_nc_oc=AdnE57CEETGSKSzmOntgSAQjXkPcNHUJeVIDgsJtrqz8dXDTIDtDR4LX-ESr4Q2kRKI&_nc_ad=z-m&_nc_cid=0&_nc_zt=23&_nc_ht=scontent-sea5-1.cdninstagram.com&_nc_gid=Kz3MWcnyx1BeiZhW5I9IDQ&oh=00_Afjh4aGLM7fioP7-ZM360b-bX09FKt3zwK8E54_P2QYubg&oe=69310140;Orta Anadolu’nun yetiştirdiği değerli davul ustası, “Yaşayan İnsan Hazinesi” unvanına sahip Adem Göçer’in vefatını derin bir üzüntüyle öğrendim. Abdal geleneğinin efsane ismi, bozkırın sesini dünyaya taşıyan usta sanatçımıza Allah’tan rahmet, ailesine ve sevenlerine başsağlığı diliyorum. Mekânı cennet olsun.;
https://www.instagram.com/p/DQzN-sSDABR/;Carousel;950;5;0;2025-11-08 18:20:25;https://scontent-sea5-1.cdninstagram.com/v/t51.82787-15/574756931_18245230270293750_661975021234620982_n.jpg?stp=dst-jpg_e35_tt6&_nc_cat=103&ig_cache_key=Mzc2MTQxMTU4MDU1NTQ3NjQwNQ%3D%3D.3-ccb7-5&ccb=7-5&_nc_sid=58cdad&efg=eyJ2ZW5jb2RlX3RhZyI6InhwaWRzLjEwMDB4NjY2LnNkci5DMyJ9&_nc_ohc=I-9Sf-n6SEYQ7kNvwFX3ypm&_nc_oc=AdnZTsDQAcQCQLUwm7z2mfcGPSUVI2wKzQK0cu4aZ1N9GR_GlcuevUqadM1HF1PfpEE&_nc_ad=z-m&_nc_cid=0&_nc_zt=23&_nc_ht=scontent-sea5-1.cdninstagram.com&_nc_gid=Kz3MWcnyx1BeiZhW5I9IDQ&oh=00_AfgNo0-rfXyLBJB-4Kt2T9ijcSQ5CzfLAS8PjO-Z-kILbw&oe=6931190B;Şehrimizin her noktasında altyapı ve üstyapı çalışmalarımızı büyük bir gayretle sürdürüyoruz.  Park ve Bahçeler Müdürlüğümüzce Osmangazi Mahallesi’nde yapımı devam eden Şehit Suat Yalçın Parkı’ndaki çalışmaları yerinde takip ettik. Ardından Çalılıöz Mahallesi’nde yürütülen altyapı çalışmalarımız hakkında bilgi aldık.  Bu bölgeye ciddi bir yatırım yapıyor, altyapı sorunlarına kalıcı çözümler üretiyoruz. Özellikle Çalılıöz Mahallemizin 494. Sokağı’nda yağmur suyu, şebeke hattı ve kanal hattı yenileme ile bordür ve asfalt hazırlığı çalışmalarımızı sürdürüyoruz.  Hafta sonu demeden şehrimiz için emek veren tüm mesai arkadaşlarıma kolaylıklar diliyorum.;
https://www.instagram.com/p/DQy0UaBiFeJ/;Carousel;776;2;0;2025-11-08 14:36:12;https://scontent-sea1-1.cdninstagram.com/v/t39.30808-6/579252623_3981440948834923_6705370595903277017_n.jpg?stp=dst-jpg_e35_tt6&_nc_cat=101&ig_cache_key=Mzc2MTI5ODcwOTA1NzkxMTExNw%3D%3D.3-ccb7-5&ccb=7-5&_nc_sid=58cdad&efg=eyJ2ZW5jb2RlX3RhZyI6InhwaWRzLjIwNDh4MTM2Ni5zZHIuQzMifQ%3D%3D&_nc_ohc=u035s4L9QFcQ7kNvwE1ixGK&_nc_oc=Admq0kBg4jK3IGllztT0BzJL39XboOnuJ92VCub8fnHS3kUsvjxOYHenkHBcZMkIBV8&_nc_ad=z-m&_nc_cid=0&_nc_zt=23&_nc_ht=scontent-sea1-1.cdninstagram.com&_nc_gid=Kz3MWcnyx1BeiZhW5I9IDQ&oh=00_AfgaoW5bFD8YPaN2y6aDeWa8a11TsOeWyDhsrmqOKxA0Gg&oe=693125DC;Kırıkkale’mizde iki yeni işletmenin açılışını gerçekleştirdik.  📍 Berkcan Börek Evi & Yöresel Ürünler 📍 UK Patisserie  Şehrimizin ekonomisine canlılık katacak, lezzet zenginliğini artıracak bu yeni işletmelerin girişimci kardeşlerimize hayırlı olmasını diliyorum.;
https://www.instagram.com/p/DQyrbdZiHFq/;Photo;472;4;0;2025-11-08 13:18:32;https://scontent-sea1-1.cdninstagram.com/v/t39.30808-6/577532231_3981385155507169_4486807633542283276_n.jpg?stp=dst-jpg_e35_tt6&_nc_cat=100&ig_cache_key=Mzc2MTI1OTY0MTgwMDUyMDA0Mg%3D%3D.3-ccb7-5&ccb=7-5&_nc_sid=58cdad&efg=eyJ2ZW5jb2RlX3RhZyI6InhwaWRzLjEyODB4OTYwLnNkci5DMyJ9&_nc_ohc=uaXxomdsJkUQ7kNvwFrsh9d&_nc_oc=AdlSCTRElsao9156vj8XQAQuDsFCOBaKk3otFH15q6oIYLGTjstd_wMN_ER1x1a0EQU&_nc_ad=z-m&_nc_cid=0&_nc_zt=23&_nc_ht=scontent-sea1-1.cdninstagram.com&_nc_gid=Kz3MWcnyx1BeiZhW5I9IDQ&oh=00_Afi_FOrXKhIDKpM9sPhcH8P3h8WbgMtO6bCLF_RAwg_mNQ&oe=6931186F;"Kocaeli’nin Dilovası ilçesinde meydana gelen parfüm deposu yangınında yaşamını yitiren emekçilerimize Allah’tan rahmet, yakınlarına başsağlığı ve sabır; yaralılarımıza acil şifalar diliyorum.  Geçmiş olsun #Kocaeli.";
https://www.instagram.com/p/DQw0C0GDKI3/;Reels;889;33;28782;2025-11-07 19:55:56;https://scontent-sea1-1.cdninstagram.com/v/t51.71878-15/575979343_1228539269183717_940564800221777570_n.jpg?stp=dst-jpg_e15_tt6&_nc_cat=101&ig_cache_key=Mzc2MDczNDU4MDY0Nzk2MTE0Mw%3D%3D.3-ccb7-5&ccb=7-5&_nc_sid=58cdad&efg=eyJ2ZW5jb2RlX3RhZyI6InhwaWRzLjY0MHgxMTM2LnNkci5DMyJ9&_nc_ohc=mTUEXbbnwUUQ7kNvwGuVCNm&_nc_oc=Adnb__dlNWQVCP5iymQaKsSVadW-g_ConuwvkMyvXxv4PJtwxXslQ56EaZXLPfMvB1g&_nc_ad=z-m&_nc_cid=0&_nc_zt=23&_nc_ht=scontent-sea1-1.cdninstagram.com&_nc_gid=Kz3MWcnyx1BeiZhW5I9IDQ&oh=00_AfjrIrv-hM66ihP8W62w-61VLTmCrSJhAgEGhQV9xO8jqg&oe=69310736;Kırıkkale’mizin altyapısını güçlendirmek için yoğun bir çalışma yürütüyoruz. 📍 Yuva Mahallesi Yuva Caddesi’nde 1 kilometrelik yeni hat çekme işlemini tamamlayarak yeni hattan abone bağlantılarına geçtik. 💧  #KırıkkaleBizimEvimiz;
https://www.instagram.com/p/DQwXSH7DJzs/;Carousel;970;7;0;2025-11-07 15:44:00;https://scontent.cdninstagram.com/v/t51.82787-15/573511809_18244935730293750_1722700810887037370_n.jpg?stp=dst-jpg_e35_tt6&_nc_cat=102&ig_cache_key=Mzc2MDYwODA3OTg2ODg4NzI4MA%3D%3D.3-ccb7-5&ccb=7-5&_nc_sid=58cdad&efg=eyJ2ZW5jb2RlX3RhZyI6InhwaWRzLjE0NDB4OTU5LnNkci5DMyJ9&_nc_ohc=JmFcf0UC5UcQ7kNvwFS-4U_&_nc_oc=AdnS7sm5R__IJZDGMq9H5SnwIr5r9Nv_O9EKO4GBtpxXCL8mQebjdTmBaGk4sR5rM0s&_nc_ad=z-m&_nc_cid=0&_nc_zt=23&_nc_ht=scontent.cdninstagram.com&_nc_gid=wu2Ka-qtzy3uLFkwvmd7gQ&oh=00_AfjrfxyseOWxuv5rLuRkea3Fvopl4RIm7Q4is1K-NLafhw&oe=69313622;Kurumumuzda düzenlenen Görevde Yükselme ve Unvan Değişikliği Sınavı’nı başarıyla tamamlayarak atanmaya hak kazanan personelimizi ağırladık.  Süreci eşitlik, adalet ve şeffaflık ilkeleriyle yürüttük. Sınavlarda gösterdikleri gayret ve başarıdan dolayı tüm personelimizi tebrik ediyor, yeni görevlerinde üstün başarılar diliyorum.;
https://www.instagram.com/p/DQud69jjM60/;Reels;1238;19;40901;2025-11-06 22:04:53;https://scontent.cdninstagram.com/v/t51.71878-15/573931508_1062252592565881_6027199000843810769_n.jpg?stp=dst-jpg_e15_tt6&_nc_cat=107&ig_cache_key=Mzc2MDA3NDMzNDA3NDA5NzMzMg%3D%3D.3-ccb7-5&ccb=7-5&_nc_sid=58cdad&efg=eyJ2ZW5jb2RlX3RhZyI6InhwaWRzLjY0MHgxMTM2LnNkci5DMyJ9&_nc_ohc=051avDO6QQEQ7kNvwGusQZo&_nc_oc=Adm8f0PM5Xu5xvUTE4akPTQa6fSUDWqN0GsJ_QNP4JBIax3DCuKaPTUi3Ah574K1BHE&_nc_ad=z-m&_nc_cid=0&_nc_zt=23&_nc_ht=scontent.cdninstagram.com&_nc_gid=wu2Ka-qtzy3uLFkwvmd7gQ&oh=00_AfgeVs4_b8nEmIqUdnZoVxRtiNob3SjZc4QI7z8nbGX8lw&oe=69312A4B;Şehrimizin kavşaklarına dekoratif aydınlatmalara devam ediyoruz ♥️🫶🏻;
https://www.instagram.com/p/DQuXHoGCJ-p/;Carousel;502;4;0;2025-11-06 21:04:05;https://scontent.cdninstagram.com/v/t39.30808-6/577009700_3979643949014623_4586986543397924284_n.jpg?stp=dst-jpg_e35_tt6&_nc_cat=101&ig_cache_key=Mzc2MDA0NDM4MzI4NzEyMzAzMQ%3D%3D.3-ccb7-5&ccb=7-5&_nc_sid=58cdad&efg=eyJ2ZW5jb2RlX3RhZyI6InhwaWRzLjIwNDh4MTM2Ni5zZHIuQzMifQ%3D%3D&_nc_ohc=b3fyX91K2T0Q7kNvwGp6MpT&_nc_oc=AdmH8gk8yN3JkK-_jb22ukQlz_gbJLXfC485l5m83tiwNg3sJumsxi1tFhe-K4yWEno&_nc_ad=z-m&_nc_cid=0&_nc_zt=23&_nc_ht=scontent.cdninstagram.com&_nc_gid=wu2Ka-qtzy3uLFkwvmd7gQ&oh=00_AfjsGFVONXdtMUwbxvpRV7-2T0nRO0pJw7uXfsEfzrobvQ&oe=69310E56;“Bir Söz, Bir Saz” etkinliğinde hemşehrilerimizle bir araya geldik. Sanatın ve birlikteliğin güzelliğini paylaştığımız bu anlamlı akşamda emeği geçen herkese teşekkür ediyorum.;
https://www.instagram.com/p/DQuDbrfiITt/;Carousel;991;5;0;2025-11-06 18:12:04;https://scontent.cdninstagram.com/v/t39.30808-6/576952963_3979521729026845_910043170433582080_n.jpg?stp=dst-jpg_e35_tt6&_nc_cat=109&ig_cache_key=Mzc1OTk1Nzc4Njc3MjM5OTY4Mg%3D%3D.3-ccb7-5&ccb=7-5&_nc_sid=58cdad&efg=eyJ2ZW5jb2RlX3RhZyI6InhwaWRzLjIwNDh4MTM2NC5zZHIuQzMifQ%3D%3D&_nc_ohc=wJKdqBFwSBwQ7kNvwGVOQK0&_nc_oc=AdkTZNivfr-wO0FwscfW-kWw7zQsr4hKDSxZu_1YzvnZ7pivEGZpwO3zpuAzJoeNvSI&_nc_ad=z-m&_nc_cid=0&_nc_zt=23&_nc_ht=scontent.cdninstagram.com&_nc_gid=wu2Ka-qtzy3uLFkwvmd7gQ&oh=00_AfgX9WvlMWtQZm5drwr-a2wb2cFPOeCW9_jrGAmE_4xJ3A&oe=69310BA4;Kırıkkale Belediyesi Bilim Merkezi'nin ev sahipliğinde düzenlenen NASA Space Apps Challenge yarışmasında büyük bir başarıya imza atan gençlerimizi yürekten kutluyorum! 🚀🇹🇷  Kırıkkale Mesleki ve Teknik Anadolu Lisesi “Shift Theory” projesiyle, Özel Güleç ABC Fen ve Anadolu Lisesi ise “Paralel Evrenler 2” projesiyle ödül alarak Global Tur’a katılmaya hak kazandı. Bu gurur, Kırıkkale’nin bilim ve teknoloji alanındaki potansiyelinin en güzel göstergesi oldu.   Bu önemli organizasyona katkılarından dolayı Kırıkkale İl Milli Eğitim Müdürlüğü’ne, öğretmenlerimize ve emeği geçen herkese teşekkür ediyorum.  #Kırıkkale #NASA #SpaceAppsChallenge #BilimMerkezi #AhmetÖnal #MilliEğitim #Gençlik #Başarı #GlobalTur;
https://www.instagram.com/p/DQtPNG8CAlE/;Carousel;757;2;0;2025-11-06 10:35:41;https://scontent.cdninstagram.com/v/t39.30808-6/577485174_3979194262392925_2171115723286512347_n.jpg?stp=c26.0.777.508a_dst-jpg_e35_tt6&_nc_cat=101&ig_cache_key=Mzc1OTcyODA4ODE1NDkwMTcxMA%3D%3D.3-ccb7-5&ccb=7-5&_nc_sid=58cdad&efg=eyJ2ZW5jb2RlX3RhZyI6InhwaWRzLjgzMHg1MDguc2RyLkMzIn0%3D&_nc_ohc=oDqSz5yPvS0Q7kNvwExqoQl&_nc_oc=AdkP6HzgpDvezoLRxWl_TKJTjsL5lotQiXFvjVrjofgf6WAyNdvTJ_xXJb530ZtXtK0&_nc_ad=z-m&_nc_cid=0&_nc_zt=23&_nc_ht=scontent.cdninstagram.com&_nc_gid=wu2Ka-qtzy3uLFkwvmd7gQ&oh=00_Afi30mzYEE9mztg2m_owqX1reBVI83-bEA5UgqE4C4AqXg&oe=693110E6;Parklarımızda hemşehrilerimizle buluştuk. Sonbaharın serinliğini, açan güneşin sıcaklığıyla birleştiren güzel bir günde hal hatır sorduk, selamlaştık, sohbet ettik.   Birlikte olmak, bu şehrin en güzel tarafı.;
https://www.instagram.com/p/DQragA5iPxa/;Carousel;687;4;0;2025-11-05 17:35:54;https://scontent.cdninstagram.com/v/t39.30808-6/576981118_3978445272467824_5138063533845967115_n.jpg?stp=c0.45.1600.976a_dst-jpg_e35_tt6&_nc_cat=100&ig_cache_key=Mzc1OTIxNDc5MjM1MTk4NTY5Mg%3D%3D.3-ccb7-5&ccb=7-5&_nc_sid=58cdad&efg=eyJ2ZW5jb2RlX3RhZyI6InhwaWRzLjE2MDB4MTA2Ni5zZHIuQzMifQ%3D%3D&_nc_ohc=otfYJnYa8-4Q7kNvwG6urv5&_nc_oc=AdnCJSAq9Vo1_9-OUhJO9xTnpVmZfnH9pzmC_0FFQ13HL9j-bAsiCZlc-r-GZbC2-PI&_nc_ad=z-m&_nc_cid=0&_nc_zt=23&_nc_ht=scontent.cdninstagram.com&_nc_gid=wu2Ka-qtzy3uLFkwvmd7gQ&oh=00_Afi0XMsM00qXUwmKmqWDnksC1afF1tUNJK08-q57mxUaWw&oe=693100F8;Çalılıöz Mahallesi 494. Sokak ve bağlantı yollarında altyapıyı yeniliyoruz. 🚧  Yağmur suyu hattı çalışmalarımızı tamamladık, şimdi kaldırım düzenleme, içme suyu ve kanal hattı yenileme işlemlerimizin yanı sıra asfalt öncesi hazırlık çalışmalarımızı sürdürüyoruz.  Mahallemizin uzun yıllardır beklediği altyapı sorununu kökten çözüyoruz. 💪;
https://www.instagram.com/p/DQrIjB_CHyh/;Carousel;953;10;0;2025-11-05 14:59:02;https://scontent.cdninstagram.com/v/t39.30808-6/577452892_3978310869147931_1550558654778580551_n.jpg?stp=c0.45.1600.976a_dst-jpg_e35_tt6&_nc_cat=108&ig_cache_key=Mzc1OTEzNTg2MDUxNjc3OTM4MQ%3D%3D.3-ccb7-5&ccb=7-5&_nc_sid=58cdad&efg=eyJ2ZW5jb2RlX3RhZyI6InhwaWRzLjE2MDB4MTA2Ni5zZHIuQzMifQ%3D%3D&_nc_ohc=HVIUKq9usjEQ7kNvwFYTNLE&_nc_oc=AdlTtawWrtb18IF3n3B1K9QVCjrbZ79G-lZyNIdYVNYcsGYyeMWGNFWIOu78nDrwoXs&_nc_ad=z-m&_nc_cid=0&_nc_zt=23&_nc_ht=scontent.cdninstagram.com&_nc_gid=wu2Ka-qtzy3uLFkwvmd7gQ&oh=00_AfjQI5VQ2Y9D8bWASAVy7FfINt8qHCjTx-mZDID6VmVkyg&oe=693121C4;Etiler Mahallesi Çevre Yolu üst bölgesinde su basınç problemini çözüyoruz. 💧 Geçtiğimiz hafta montajını tamamladığımız toplam 75 tonluk 3 yeni su deposuna bağlantı yapmak için mahalle arasında yeni hat çekim çalışmalarımıza başladık.  Bu hattın ve depoların devreye girmesiyle birlikte bölgemiz sağlıklı ve kesintisiz içme suyuna kavuşacak, basınç sorunu tamamen ortadan kalkacak.  Şehrimizin her noktasına güçlü altyapı ulaştırmak için çalışmaya devam edeceğiz.;
https://www.instagram.com/p/DQqxp_RiFNj/;Photo;174;0;0;2025-11-05 11:39:02;https://scontent.cdninstagram.com/v/t39.30808-6/574877555_3978160632496288_202911259147931398_n.jpg?stp=dst-jpg_e35_tt6&_nc_cat=105&ig_cache_key=Mzc1OTAzNTIyODcxMTU3MjMyMw%3D%3D.3-ccb7-5&ccb=7-5&_nc_sid=58cdad&efg=eyJ2ZW5jb2RlX3RhZyI6InhwaWRzLjEzMjB4MTIzMC5zZHIuQzMifQ%3D%3D&_nc_ohc=f2jEZPCPlDIQ7kNvwHpdIBl&_nc_oc=Adm98iWMF-TD3mQnKuyby9WJtMiV6TN_DL0S-giebtINT7uIxz-BgJfIsxzEQeQUh9g&_nc_ad=z-m&_nc_cid=0&_nc_zt=23&_nc_ht=scontent.cdninstagram.com&_nc_gid=wu2Ka-qtzy3uLFkwvmd7gQ&oh=00_AfhJMfo90jgG7ATkJxapuZj8tiBk1XlH6iDDQbTsYaKUyQ&oe=693109E5;Şiirin duygusu, müziğin tınısı aynı sahnede… 6 Kasım Perşembe akşamı saat 19.00'da Müftülük Konferans Salonu’nda Belediyemizin katkılarıyla gerçekleşecek “Bir Söz, Bir Saz” Şiir ve Müzik Dinletisinde buluşalım.  Sanatın birleştirici gücüyle dolu bu güzel akşama tüm hemşehrilerimiz davetlidir.;
https://www.instagram.com/p/DQqrsIeCJSA/;Photo;574;16;0;2025-11-05 10:46:53;https://scontent.cdninstagram.com/v/t39.30808-6/577454011_3978124242499927_1605983935532057743_n.jpg?stp=dst-jpg_e35_tt6&_nc_cat=103&ig_cache_key=Mzc1OTAwODk4Nzc0NDg2NzQ1Ng%3D%3D.3-ccb7-5&ccb=7-5&_nc_sid=58cdad&efg=eyJ2ZW5jb2RlX3RhZyI6InhwaWRzLjEwODB4MTM1MC5zZHIuQzMifQ%3D%3D&_nc_ohc=NIUFkjvykyUQ7kNvwEqFgpM&_nc_oc=AdksjhwMLgGF-Q5JQAF4o8bQ0viydGSgEwfIa4Nrag43LTkBl1LhdZplv6xhAl2_b70&_nc_ad=z-m&_nc_cid=0&_nc_zt=23&_nc_ht=scontent.cdninstagram.com&_nc_gid=wu2Ka-qtzy3uLFkwvmd7gQ&oh=00_AfhtL9yjrfyVLAq0PLoNRvzSuZEwrc6u0GpogrzoBe7-Xw&oe=69312597;"Erdemiyle, mütevaziliğiyle ve dürüstlüğüyle yalnızca bir siyasetçi değil; halkın umudu, Türkiye’nin karaoğlanıydı.  “Ne ezilen, ne ezen; insanca, hakça bir düzen” diyerek ömrünü adalete ve halka adayan merhum başbakanımız sayın Bülent ECEVİT’i, vefatının 19. yılında saygı, rahmet ve minnetle anıyorum.";
https://www.instagram.com/p/DQqjOSeCDE0/;Carousel;1224;3;0;2025-11-05 09:32:53;https://scontent.cdninstagram.com/v/t39.30808-6/574504809_3978074039171614_1724493205575793810_n.jpg?stp=dst-jpg_e35_tt6&_nc_cat=104&ig_cache_key=Mzc1ODk3MTcxODUwMTY4NjMzOA%3D%3D.3-ccb7-5&ccb=7-5&_nc_sid=58cdad&efg=eyJ2ZW5jb2RlX3RhZyI6InhwaWRzLjIwNDh4MTM2Ni5zZHIuQzMifQ%3D%3D&_nc_ohc=JzvVvmtIjloQ7kNvwG7dIDk&_nc_oc=AdmKeDtkB7pH2hD-kEei5zxdAU4naZb4tb3qSFqQ-aRMqGyaq9Hg3NaU-U00iJqBxR4&_nc_ad=z-m&_nc_cid=0&_nc_zt=23&_nc_ht=scontent.cdninstagram.com&_nc_gid=wu2Ka-qtzy3uLFkwvmd7gQ&oh=00_Afi1hxtXvCwMvucZ9YUCrU-EH10-Xw1DCLVu_w9fUtzt6Q&oe=6930FF5E;Etiler Mahallemizde hizmete başlayan Eymen Restoran’ın açılışına katıldık. İşletmeci Ferhat Fayda kardeşimize ve ekibine hayırlı, bol kazançlı işler diliyorum.;
https://www.instagram.com/p/DQpL4oLDGJQ/;Reels;980;33;45158;2025-11-04 20:51:03;https://scontent.cdninstagram.com/v/t51.71878-15/573824125_1159811909647715_6782763885552697213_n.jpg?stp=dst-jpg_e15_tt6&_nc_cat=100&ig_cache_key=Mzc1ODU4NzYzMzk1NDc0Mjg2NA%3D%3D.3-ccb7-5&ccb=7-5&_nc_sid=58cdad&efg=eyJ2ZW5jb2RlX3RhZyI6InhwaWRzLjY0MHgxMTM2LnNkci5DMyJ9&_nc_ohc=BpYenrp7GTgQ7kNvwGIYdyy&_nc_oc=AdmOoRqsd8R3T1IhPyeHOXwzYM0mwhOqP7BBDzMAZ9ixbTWvCA4GhruUfBqjWGq1lq0&_nc_ad=z-m&_nc_cid=0&_nc_zt=23&_nc_ht=scontent.cdninstagram.com&_nc_gid=wu2Ka-qtzy3uLFkwvmd7gQ&oh=00_AfhrSln6MI-lDLUU6uMCrLzOVZFiv_wtO-11hHRbpd39EA&oe=693130B6;Osman Gazi Mahallemize yeni bir yaşam alanı kazandırıyoruz. 🌿  Hemşehrilerimizin nefes alacağı Şehit Suat Yalçın Parkı’nın temelini attık. Çocuklarımızın oyun oynayacağı, ailelerimizin keyifle vakit geçireceği bu alan kısa süre içinde mahallemize kazandırılacak.  Yaşanabilir, yeşil ve güzel bir Kırıkkale için çalışmaya devam ediyoruz.;
https://www.instagram.com/p/DQo7oOMiIm9/;Carousel;1055;12;0;2025-11-04 18:27:40;https://scontent.cdninstagram.com/v/t39.30808-6/574849346_3977475019231516_6582003832153485713_n.jpg?stp=dst-jpg_e35_tt6&_nc_cat=100&ig_cache_key=Mzc1ODUxNjExODE1MjA3MjMzMw%3D%3D.3-ccb7-5&ccb=7-5&_nc_sid=58cdad&efg=eyJ2ZW5jb2RlX3RhZyI6InhwaWRzLjIwNDh4MTM2NC5zZHIuQzMifQ%3D%3D&_nc_ohc=l4C_xKCknvQQ7kNvwEAazFF&_nc_oc=Adn9Db6TvWdr8h69DXPJIKiPGbnzCg70RHnqEBDpJ5G0axWr9i4wtprhAj9nKO0IkJM&_nc_ad=z-m&_nc_cid=0&_nc_zt=23&_nc_ht=scontent.cdninstagram.com&_nc_gid=wu2Ka-qtzy3uLFkwvmd7gQ&oh=00_AfjZkENfM8PapJ8tLoIggk9sP0PevUGpMOifhyF1r0U7FQ&oe=69310716;Belediyemiz ile Ziraat Bankası Kırıkkale Şubesi arasında, personelimizi kapsayan banka promosyon protokolünü imza altına aldık. 💼  Ziraat Bankası Kırıkkale Şube Müdürü Mehmet Resul Yıldız ile gerçekleştirdiğimiz anlaşma kapsamında, çalışanlarımızın emeklerine yakışır bir promosyon tutarında uzlaşı sağladık.  Tüm çalışma arkadaşlarımıza hayırlı olsun. Emeği geçen herkese teşekkür ediyorum. 🙏;
https://www.instagram.com/p/DQob0p1DAtM/;Reels;2101;69;59610;2025-11-04 13:50:36;https://scontent-fra5-1.cdninstagram.com/v/t51.71878-15/574204617_2792178744310744_7812503206862582760_n.jpg?stp=dst-jpg_e15_tt6&_nc_cat=102&ig_cache_key=Mzc1ODM3NjI1NDYyMjY2NTU0OA%3D%3D.3-ccb7-5&ccb=7-5&_nc_sid=58cdad&efg=eyJ2ZW5jb2RlX3RhZyI6InhwaWRzLjY0MHgxMTM2LnNkci5DMyJ9&_nc_ohc=Jajg26c7oeIQ7kNvwGgNk6T&_nc_oc=AdlhtGLtoZvX7JWSZlQ2p4nKUOn2OsNCYe1BAZm-dSEC7LBqTvJRLQTLkyAog6X6Tva-5BWjI2Q_6ELht6zD3KM_&_nc_ad=z-m&_nc_cid=0&_nc_zt=23&_nc_ht=scontent-fra5-1.cdninstagram.com&_nc_gid=QZfqM2WLhxJjvrxTCXxYYA&oh=00_AfhMf4dWtBaegqACdON1ufOC3B1t58LJm0YbY4_cANbfBQ&oe=693128FB;Şehrimizin dört bir yanında altyapı çalışmalarımıza hız kesmeden devam ediyoruz.  Yuva Mahallemizde, sık sık arızaların yaşandığı Yuva Caddesi’nde içme suyu şebeke hattımızın 1000 metrelik kısmını hızla yeniliyoruz.  Çalışmalarımızı kısa sürede tamamlayarak mahallemizin bu kısmındaki su altyapısını kalıcı olarak çözüme kavuşturacağız.💧;
https://www.instagram.com/p/DQoRRFKCOS6/;Carousel;1105;0;0;2025-11-04 12:17:30;https://scontent-fra3-1.cdninstagram.com/v/t39.30808-6/574875987_3977188605926824_4500280353631694174_n.jpg?stp=c58.0.1932.1364a_dst-jpg_e35_tt6&_nc_cat=103&ig_cache_key=Mzc1ODMyOTgwMTY2NTQ2ODY5OQ%3D%3D.3-ccb7-5&ccb=7-5&_nc_sid=58cdad&efg=eyJ2ZW5jb2RlX3RhZyI6InhwaWRzLjIwNDh4MTM2NC5zZHIuQzMifQ%3D%3D&_nc_ohc=SMaMZZIC4QkQ7kNvwHjDvGq&_nc_oc=AdluIlY1KJMqgOvuy8xhBa_ONcf3kCjYGJKs4ITReqZCwVMedJ1j_sOrqwFUlKpoxCGVUVipWPcLOAwDVZjIcyk0&_nc_ad=z-m&_nc_cid=0&_nc_zt=23&_nc_ht=scontent-fra3-1.cdninstagram.com&_nc_gid=QZfqM2WLhxJjvrxTCXxYYA&oh=00_AfhRvcjfETHsEqiGTzhub03hCmx_PAOWt9DUTqoJyIJkIA&oe=693101B0;Cumhuriyet Halk Partisi Merkez İlçe Başkanımız Sayın Yücel Kızık ve yönetim kurulunu belediyemizde ağırladık. Nazik ziyaretleri ve paylaştıkları değerli görüşleri için teşekkür ediyorum.  Dayanışma ruhuyla, halkımız için hep birlikte çalışmaya devam edeceğiz.;
https://www.instagram.com/p/DQm8oPdDExf/;Reels;643;13;36497;2025-11-03 23:58:26;https://scontent-fra3-1.cdninstagram.com/v/t51.71878-15/573591546_1189912063017250_3849730015210464601_n.jpg?stp=dst-jpg_e15_tt6&_nc_cat=105&ig_cache_key=Mzc1Nzk1NzU4NzI1MDQ2NTg4Nw%3D%3D.3-ccb7-5&ccb=7-5&_nc_sid=58cdad&efg=eyJ2ZW5jb2RlX3RhZyI6InhwaWRzLjY0MHgxMTM2LnNkci5DMyJ9&_nc_ohc=qvsEXKlJ7yIQ7kNvwH_3vzW&_nc_oc=Adn4rQA7vPAGCW3jW_svStnJDBW2KrTPVWh47VaoG2Y2ygaQKO11msAua05rqjbTD33yKPHWnGP4yrkG6gGynF1S&_nc_ad=z-m&_nc_cid=0&_nc_zt=23&_nc_ht=scontent-fra3-1.cdninstagram.com&_nc_gid=QZfqM2WLhxJjvrxTCXxYYA&oh=00_AfgeOP3Rh7xadgrJsPbZCPFtQbHvK7ABYiqc8x4Ex4NdmA&oe=69310515;📍 Çalılıöz Mahallesi  En çok arıza veren noktalar arasında yer alan “kırmızı hat” diye adlandırdığımız bölgede, 1️⃣.5️⃣0️⃣0️⃣ metre uzunluğunda yeni şebeke hattı çalışması yürütüyoruz.  Ekiplerimiz gece geç saatlere kadar sahada, kararlılıkla çalışmaya devam ediyor.;
https://www.instagram.com/p/DQm0dWVjBd_/;Reels;786;18;60141;2025-11-03 22:46:45;https://scontent-fra5-2.cdninstagram.com/v/t51.71878-15/573223851_1305593744651976_6965864952564331182_n.jpg?stp=dst-jpg_e15_tt6&_nc_cat=107&ig_cache_key=Mzc1NzkyMTY1NDM1NDQ4MzA3MQ%3D%3D.3-ccb7-5&ccb=7-5&_nc_sid=58cdad&efg=eyJ2ZW5jb2RlX3RhZyI6InhwaWRzLjY0MHgxMTM2LnNkci5DMyJ9&_nc_ohc=eJXh9FY6fvgQ7kNvwFbk3c6&_nc_oc=Adk-SJ9uOccM3yytG0BYX3cG68PuLb3-DfjaR03ZGW74axWmWxQ7XsaZIE7sy4HPQ3HvERaYXAUaMXnWEFtrzAyZ&_nc_ad=z-m&_nc_cid=0&_nc_zt=23&_nc_ht=scontent-fra5-2.cdninstagram.com&_nc_gid=QZfqM2WLhxJjvrxTCXxYYA&oh=00_Afh9Z4P5KwS3vXfA7VIt6I2QY-iYUT7xA9IcZMFt_Of37w&oe=69311410;📍Yuva Mahallesi   Gece/Gündüz çalışmaya devam.   Neşet Ertaş’ın dediği gibi “Aşkınan Çalışan Yorulmaz”;
https://www.instagram.com/p/DQmHSOOjJ1V/;Reels;2711;106;79585;2025-11-03 16:13:45;https://scontent-fra5-2.cdninstagram.com/v/t51.71878-15/574502629_1145715574411069_1527961327225895953_n.jpg?stp=dst-jpg_e15_tt6&_nc_cat=107&ig_cache_key=Mzc1NzcyMjk3NzYzOTg5ODQ1Mw%3D%3D.3-ccb7-5&ccb=7-5&_nc_sid=58cdad&efg=eyJ2ZW5jb2RlX3RhZyI6InhwaWRzLjY0MHgxMTM2LnNkci5DMyJ9&_nc_ohc=v2o2VpP916QQ7kNvwGH3RDU&_nc_oc=Adm-HmrHIt0nCzpgLGwS1nKa1_bBWGaZ7_SuzHLK-psS1SDXTQUM4_Y0H35Qey6OtYwVoswPmzQjSz2lC5Qsm3eM&_nc_ad=z-m&_nc_cid=0&_nc_zt=23&_nc_ht=scontent-fra5-2.cdninstagram.com&_nc_gid=QZfqM2WLhxJjvrxTCXxYYA&oh=00_AfgV56rwOYmxi4x0zvI4R9H_2WOC2mxQsss2GigubtTdfA&oe=6931134A;Kırıkkale Belediyemizin ilk kadın halk otobüsü şoförü Yeşim Hato direksiyon başında! 🚌  Kadın istihdamına verdiğimiz destekle, Kırıkkale’de bir ilke daha imza attık. 👏  Hayatın her alanında emekleriyle fark yaratan kadınlarımızla gurur duyuyor, onların yanlarında olmaya devam ediyoruz.;
https://www.instagram.com/p/DQl6-IUCC-G/;Carousel;953;23;0;2025-11-03 14:24:12;https://scontent-fra3-1.cdninstagram.com/v/t39.30808-6/574102995_3976290189349999_85457701706728037_n.jpg?stp=dst-jpg_e35_tt6&_nc_cat=108&ig_cache_key=Mzc1NzY2ODc4NDkxNjcyMDMxOA%3D%3D.3-ccb7-5&ccb=7-5&_nc_sid=58cdad&efg=eyJ2ZW5jb2RlX3RhZyI6InhwaWRzLjIwNDh4MTUzNi5zZHIuQzMifQ%3D%3D&_nc_ohc=T6j0qIPtO2IQ7kNvwHN2t9G&_nc_oc=AdmCwpk3TgI8ZlGjJlb4GM8TOGZy0uZV0fYRwt45Yttm1yIoqdhFCSi_Ou5ClBnW1w9QCwXy70mHO5ef8w1e3BDM&_nc_ad=z-m&_nc_cid=0&_nc_zt=23&_nc_ht=scontent-fra3-1.cdninstagram.com&_nc_gid=QZfqM2WLhxJjvrxTCXxYYA&oh=00_Afjx_27xIW2DEDaqhKUq0N6wrbxJK-Bk10v9pqLdfBczBA&oe=69310B81;Daha önce yağmur suyu altyapısının yetersizliği nedeniyle sorunlar yaşanan TOKİ Blokları önünde, sellik ve mazgal çalışmalarının ardından asfalt serim işlemlerine başlayan ekiplerimizin çalışmalarını yerinde inceledik, kolaylıklar diledik.  Şehrimizin her noktasında sorunları çözmek için titizlikle çalışmaya devam ediyoruz. 🚧👷‍♂️;
https://www.instagram.com/p/DQlueNADGb0/;Carousel;2088;253;0;2025-11-03 12:34:59;https://scontent-fra3-2.cdninstagram.com/v/t51.82787-15/573667029_18244188193293750_8325486313995352293_n.jpg?stp=dst-jpg_e35_tt6&_nc_cat=111&ig_cache_key=Mzc1NzYxMzgzNzg5ODc3MzczMA%3D%3D.3-ccb7-5&ccb=7-5&_nc_sid=58cdad&efg=eyJ2ZW5jb2RlX3RhZyI6InhwaWRzLjkwMHgxMTYzLnNkci5DMyJ9&_nc_ohc=IjoS3b9gQF0Q7kNvwGhboFO&_nc_oc=AdnDfagfCyCyl_171P7nL6XXrkt4m6GH_oZCkP4Fvav1lNzvpQnDKfksXzdo3T-KV71wnLpywS7s8os_B4lshbu0&_nc_ad=z-m&_nc_cid=0&_nc_zt=23&_nc_ht=scontent-fra3-2.cdninstagram.com&_nc_gid=QZfqM2WLhxJjvrxTCXxYYA&oh=00_Afjb3k0oAeQK1RuseMPbUdMyfToc6MUIQ01YmW5kGr55tg&oe=69312BE6;"Rutin bakım ve temizlik çalışmalarını yapan ekiplerimiz, ne yazık ki son günlerde parklarımızda çekirdek kabukları, çöpler ve zarar görmüş alanlarla karşılaşıyor. 🍂  Park Bahçeler Müdürlüğü ekiplerimiz yine iş başındaydı; süpürdü, topladı, düzenledi…  Biz temizliyoruz, sizlerden de parklarımızı kullanırken biraz daha özen bekliyoruz. 🌿  Unutmayalım, #KırıkkaleBizimEvimiz";
https://www.instagram.com/p/DQjcW_6iG9k/;Carousel;959;4;0;2025-11-02 15:18:14;https://scontent-fra5-1.cdninstagram.com/v/t39.30808-6/572763294_3975324112779940_2331442346629447223_n.jpg?stp=dst-jpg_e35_tt6&_nc_cat=100&ig_cache_key=Mzc1Njk3MTIwOTUxNTM5NTY0MA%3D%3D.3-ccb7-5&ccb=7-5&_nc_sid=58cdad&efg=eyJ2ZW5jb2RlX3RhZyI6InhwaWRzLjE2MDB4MTIwMC5zZHIuQzMifQ%3D%3D&_nc_ohc=8lIaoUNmBiwQ7kNvwEuA_bf&_nc_oc=Adl45uq46MAqpSfhB-p6E7nO14ifpoHAupeP_37SU80cjTpZlvZoDEuc2c41PIrKVYBejqF6JyEzWUcYmGoU-uFY&_nc_ad=z-m&_nc_cid=0&_nc_zt=23&_nc_ht=scontent-fra5-1.cdninstagram.com&_nc_gid=QZfqM2WLhxJjvrxTCXxYYA&oh=00_AfgaknrmQLjXNoCZqRApSvRQkK9uxgxQ1D2XV541FTo-Cg&oe=69313257;Genç girişimci Aleyna Apaydın’ın işletmeciliğini yaptığı Güneş Optik’in açılışına katıldık.  Kendisine hayırlı işler, bol kazançlar diliyoruz. Şehrimize değer katan her yeni adımı destekliyoruz.;
https://www.instagram.com/p/DQhuURljBnq/;Carousel;667;2;0;2025-11-01 23:16:40;https://scontent-fra3-2.cdninstagram.com/v/t51.82787-15/572924150_18244046632293750_3371515345771253621_n.jpg?stp=dst-jpg_e35_tt6&_nc_cat=104&ig_cache_key=Mzc1NjQ4NzI1MDAwODYzOTA1Ng%3D%3D.3-ccb7-5&ccb=7-5&_nc_sid=58cdad&efg=eyJ2ZW5jb2RlX3RhZyI6InhwaWRzLjgzNHg1ODAuc2RyLkMzIn0%3D&_nc_ohc=XgRmzhj9CdoQ7kNvwFFWKE7&_nc_oc=AdkVeFcb7vNLuj59v_uYCTiamqzbKp8Udu-Rz2W-d21t9ukxdM_Gz3eBgasxboBeHTGh3rGPwcLnGs8-YyxYogq7&_nc_ad=z-m&_nc_cid=0&_nc_zt=23&_nc_ht=scontent-fra3-2.cdninstagram.com&_nc_gid=QZfqM2WLhxJjvrxTCXxYYA&oh=00_AfgI_HEjM0ibAI1yYjSZnnUQhl44tX5ILw_sPE2V8gVfxg&oe=6931225E;"Mahallelerimizde ve şehrimizin muhtelif noktalarında altyapı ve üstyapı çalışmaları aralıksız devam ediyor. Tüm gayretimiz; daha modern, daha yaşanabilir bir Kırıkkale için.";
https://www.instagram.com/p/DQhhqUxCBO6/;Carousel;1839;13;0;2025-11-01 21:26:04;https://scontent-fra5-1.cdninstagram.com/v/t39.30808-6/574845895_3974594322852919_6811192749460363096_n.jpg?stp=c0.5.1200.908a_cp6_dst-jpg_e35_tt6&_nc_cat=102&ig_cache_key=Mzc1NjQzMTU4NDE4NzE1MzYyOQ%3D%3D.3-ccb7-5&ccb=7-5&_nc_sid=58cdad&efg=eyJ2ZW5jb2RlX3RhZyI6InhwaWRzLjEyMDB4OTE4LnNkci5DMyJ9&_nc_ohc=6JzrxYr2GJUQ7kNvwE8geHD&_nc_oc=Adnog-azK23MSVdFA48i5rj5bSGDO_A4ExifePIJILR_HhwUszv6QESYL_YPOph0hE2GWvI2ZGUMd_M0ONGf5GWP&_nc_ad=z-m&_nc_cid=0&_nc_zt=23&_nc_ht=scontent-fra5-1.cdninstagram.com&_nc_gid=QZfqM2WLhxJjvrxTCXxYYA&oh=00_AfiLit3xLFjhiDWCTcmVo8mBTrDhnsfzUFBnVGDUWGaBrw&oe=69311856;Geçirdiği talihsiz kaza sonrası tedavisi tamamlanan kardeşimiz Metehan’ı evinde ziyaret ettik. Kendisini moralli ve iyi görmekten büyük mutluluk duydum. Her zaman yanında olmaya devam edeceğiz… 🤍;
https://www.instagram.com/p/DQgtDdcCB36/;Carousel;1137;19;0;2025-11-01 13:46:23;https://scontent-fra5-2.cdninstagram.com/v/t39.30808-6/572879477_3974224592889892_7837143907986290801_n.jpg?stp=dst-jpg_e35_tt6&_nc_cat=106&ig_cache_key=Mzc1NjIwMDIxMjAxNzIzNzE0Mg%3D%3D.3-ccb7-5&ccb=7-5&_nc_sid=58cdad&efg=eyJ2ZW5jb2RlX3RhZyI6InhwaWRzLjIwNDh4MTE1Mi5zZHIuQzMifQ%3D%3D&_nc_ohc=VLNZxQEJsrEQ7kNvwH8QDw2&_nc_oc=AdnbnbmlIPJGFODuIUOlpOYPYLM1YCZCONSl2EA49PpytxCFuvpcWvyEibuNhxGJG88DbXPgPxMsRy5YT6SvhWRW&_nc_ad=z-m&_nc_cid=0&_nc_zt=23&_nc_ht=scontent-fra5-2.cdninstagram.com&_nc_gid=QZfqM2WLhxJjvrxTCXxYYA&oh=00_AfidhkWMrD01CEqSDBQ_lenjINQ0IerWsj1rz8Qvh5-L8A&oe=69313267;"Kırıkkale’mizin sevilen eşraflarından, yardımseverliğiyle tanınan kıymetli dostumuz Ahmet Gökdemir’i dualarla son yolculuğuna uğurladık.  Genç yaşta, ani vefatıyla hepimizi derinden üzen; düzgün kişiliği, mütevazılığı ve yardımseverliğiyle tanıdığımız merhuma Allah’tan rahmet, ailesine ve sevenlerine başsağlığı diliyorum.";
https://www.instagram.com/p/DQeWMSsDNkV/;Reels;631;16;53667;2025-10-31 15:48:35;https://scontent-fra5-1.cdninstagram.com/v/t51.71878-15/575219740_1346416860353585_8045001882036023408_n.jpg?stp=dst-jpegr_e15_tt6&_nc_cat=100&ig_cache_key=Mzc1NTUzNjc0MDk5NjkyOTgxMw%3D%3D.3-ccb7-5&ccb=7-5&_nc_sid=58cdad&efg=eyJ2ZW5jb2RlX3RhZyI6InhwaWRzLjY0MHgxMTM2Lmhkci5DMyJ9&_nc_ohc=_N5jZZIOskIQ7kNvwHzzb61&_nc_oc=Adnkg7U7SUrrEWRrwCrVN_qy7_ppJQb0-27tTzFBiI9Yrwic-6NvxARsbEzV5x-MsuANbtRfZ2FduwmrRhcT0BP7&_nc_ad=z-m&_nc_cid=0&_nc_zt=23&se=-1&_nc_ht=scontent-fra5-1.cdninstagram.com&_nc_gid=QZfqM2WLhxJjvrxTCXxYYA&oh=00_AfgNC2W-hLOo2G183UmtSRfg3KFX9EUSvHxpsOq9EvqNWA&oe=693105C4;Çalılıöz Mahallemizde Fen İşleri Müdürlüğümüz tarafından başlatılan yağmur suyu altyapı çalışmalarımızı tamamladık. ✅  494. Sokak ve bağlı sokaklarda toplam bin metre uzunluğundaki yağmur suyu hattıyla bölgede yıllardır yaşanan taşkın sorununa kalıcı çözüm sağladık. Aynı bölgede devam eden şebeke suyu hattı yenileme ve ardından yapılacak asfalt çalışmalarıyla uzun süredir devam eden altyapı sorununu tamamen ortadan kaldırmış olacağız.;
https://www.instagram.com/p/DQeAtGLCMag/;Carousel;1356;5;0;2025-10-31 12:40:22;https://scontent-sjc6-1.cdninstagram.com/v/t39.30808-6/572379807_3973154249663593_811941664987058655_n.jpg?stp=dst-jpg_e35_tt6&_nc_cat=108&ig_cache_key=Mzc1NTQ0MjIyMDc2MjE1MTY1Mw%3D%3D.3-ccb7-5&ccb=7-5&_nc_sid=58cdad&efg=eyJ2ZW5jb2RlX3RhZyI6InhwaWRzLjE2MDB4MTIwMC5zZHIuQzMifQ%3D%3D&_nc_ohc=bFaRzZj4m-UQ7kNvwEqyZiy&_nc_oc=AdmEXWTu2PB0N8kBJ-UCljCapkK7Ak2RIWwNkLAGPOxDPIRoQ8Y9Xv-yr1hses8_6IOh8GuYWw899R5JPLMNUsT6&_nc_ad=z-m&_nc_cid=1087&_nc_zt=23&_nc_ht=scontent-sjc6-1.cdninstagram.com&_nc_gid=JY4tCsU8Oq2WXTLaLpydHA&oh=00_Afgd8F3nHb_n6eN7ef6uj4yQj4SSZ-TqKVkRN2JkAzCpTA&oe=69312891;2015 yılında Şırnak’ın Silopi ilçesinde bölücü terör örgütü mensuplarınca düzenlenen hain saldırıda şehit olan kahraman Polis Memurumuz Yılmaz Dikmen’in baba ocağında, emaneti kıymetli babası Hüseyin amcamızı ziyaret ettik.  Şehitlerimizin emanetleri, bizlere bırakılmış en kıymetli mirastır. Onların hatıralarını yaşatmak, emanetlerine sahip çıkmak en büyük sorumluluğumuz.🇹🇷;
https://www.instagram.com/p/DQd4MfjCD2M/;Photo;423;13;0;2025-10-31 11:26:02;https://scontent-sjc6-1.cdninstagram.com/v/t39.30808-6/574082308_3973103566335328_4854782189890799730_n.jpg?stp=dst-jpg_e35_tt6&_nc_cat=104&ig_cache_key=Mzc1NTQwNDgxMzQwODk0MzUwMA%3D%3D.3-ccb7-5&ccb=7-5&_nc_sid=58cdad&efg=eyJ2ZW5jb2RlX3RhZyI6InhwaWRzLjEwODB4MTA4MC5zZHIuQzMifQ%3D%3D&_nc_ohc=oB13yc4QYToQ7kNvwHdNKK_&_nc_oc=Adn7iBWCNOKnQwaUYh5CWuN0PHu-yFnccYE9kWqSeouNpU2z5ALUZKVugDS8V9pcu5sgnIv7d_oaIo2Y2myJ0s5l&_nc_ad=z-m&_nc_cid=1087&_nc_zt=23&_nc_ht=scontent-sjc6-1.cdninstagram.com&_nc_gid=JY4tCsU8Oq2WXTLaLpydHA&oh=00_AfjqhljH820PkGNdJbd1pyU_CIl-uqP3G7WghG6YStLEaQ&oe=69312A60;Türkiye’de bilimin ve aklın rehberliğini siyasete taşıyan merhum Onursal Genel Başkanımız #Erdalİnönü’yü vefatının yıldönümünde saygı ve özlemle anıyorum.;
