﻿PostLink;PostTürü;BeğeniSayısı;YorumSayısı;Görüntülenme Sayısı;Tarih;DisplayPhoto;Caption;Takipçi
https://www.instagram.com/p/DRpU_s4DbR8/;Photo;329;1;0;2025-11-29 18:40:43;https://scontent-vie1-1.cdninstagram.com/v/t51.82787-15/589010410_18545238841011172_4193122531227985878_n.jpg?stp=dst-jpg_e35_tt6&_nc_cat=110&ig_cache_key=Mzc3NjY0MjEwMDk2OTE5MDUyNA%3D%3D.3-ccb7-5&ccb=7-5&_nc_sid=58cdad&efg=eyJ2ZW5jb2RlX3RhZyI6InhwaWRzLjExNzl4NzczLnNkci5DMyJ9&_nc_ohc=g12BbjRcQL8Q7kNvwFnXo2t&_nc_oc=AdmqYlOxY1hB1kAq5LSaCpPKZmRQi-mPCJr6oDmAieB_x6mIRINn6PiG_ytNVtwXBMI&_nc_ad=z-m&_nc_cid=0&_nc_zt=23&_nc_ht=scontent-vie1-1.cdninstagram.com&_nc_gid=LRonl-vU-0iqmqoZj8wf8A&oh=00_Afg0iK0GtmZmPYW7cIpR29a60Fvvor8TKVa2X-_0oC0ksw&oe=6931016B;Bugün yapılan kurultayımızda geçerli oyların tamamını alarak yeniden seçilen Genel Başkanımız Sn @eczozgurozel ‘i kutluyorum. Başarımız daim olsun yolumuz aydınlık sonumuz iktidar olsun 🤗;30207
https://www.instagram.com/p/DRo0JQhjY-k/;Carousel;247;0;0;2025-11-29 13:53:40;https://scontent-vie1-1.cdninstagram.com/v/t51.82787-15/589575235_18545199538011172_2875561043251855421_n.jpg?stp=dst-jpg_e35_tt6&_nc_cat=107&ig_cache_key=Mzc3NjQ5NzYxMzI2MTM2MDg3Nw%3D%3D.3-ccb7-5&ccb=7-5&_nc_sid=58cdad&efg=eyJ2ZW5jb2RlX3RhZyI6InhwaWRzLjE0NDB4MTA4MC5zZHIuQzMifQ%3D%3D&_nc_ohc=OfcVNZWmLJcQ7kNvwHuleul&_nc_oc=AdkpMk2gAZ7sqJYRnZR1vqDktNoqfigNzcFY-VXuTLPKX2zRZq4i6ut-8f3guok4-Hg&_nc_ad=z-m&_nc_cid=0&_nc_zt=23&_nc_ht=scontent-vie1-1.cdninstagram.com&_nc_gid=LRonl-vU-0iqmqoZj8wf8A&oh=00_AfgRvK-d7QLTYZX1qW-PARIDceXHHd1fRR3nbGgsYlJQYw&oe=6931095C;"Burdur Örgütü olarak kurultayımıza katıldık; Gn Başkan’ımızın önderliğinde iktidara yürüyoruz. Daha iyi bir Türkiye için haydi CHP ❤️";
https://www.instagram.com/p/DRogtxfjYBB/;Carousel;406;2;0;2025-11-29 11:03:53;https://scontent-vie1-1.cdninstagram.com/v/t51.82787-15/588624190_18545183674011172_697276414540495397_n.jpg?stp=dst-jpegr_e35_tt6&_nc_cat=101&ig_cache_key=Mzc3NjQxMjE2NTg2MDAzMzM0OQ%3D%3D.3-ccb7-5&ccb=7-5&_nc_sid=58cdad&efg=eyJ2ZW5jb2RlX3RhZyI6InhwaWRzLjE0NDB4MTA4MC5oZHIuQzMifQ%3D%3D&_nc_ohc=wYKGPivvZAkQ7kNvwFEkjFO&_nc_oc=AdnspeJDKS1aCwUXx96mmp-3B_6QCDTJQh12uFI3DDsuG1BSPV6eYEWJ_3UX1SfElN8&_nc_ad=z-m&_nc_cid=0&_nc_zt=23&_nc_ht=scontent-vie1-1.cdninstagram.com&_nc_gid=LRonl-vU-0iqmqoZj8wf8A&oh=00_AfjjMgMKVnhKe4Y043PQtd1jjQZUUIbFlEaH9kpm76X_Qw&oe=693124C0;Muhalefetteki son kurultayımızı gerçekleştiriyoruz. “Şimdi İktidar Zamanı” dediğimiz 39. Olağan Kurultay’ımız hepimize hayırlı olsun. İl Başkanımız ve kurultay delegelerimizle salondaki yerimizi aldık.;
https://www.instagram.com/p/DRnDGu1Cp72/;Carousel;536;0;0;2025-11-28 21:25:55;https://scontent-vie1-1.cdninstagram.com/v/t51.82787-15/587289301_18529933567067667_2445025184168523189_n.webp?_nc_cat=107&ig_cache_key=Mzc3NjAwMDQ1MTc2Mjg0ODE4MQ%3D%3D.3-ccb7-5&ccb=7-5&_nc_sid=58cdad&efg=eyJ2ZW5jb2RlX3RhZyI6InhwaWRzLjE0Mzd4NzUyLnNkci5DMyJ9&_nc_ohc=6vbcG1ntapQQ7kNvwH-zUdk&_nc_oc=Adk4rZnzkrv01Pz07pCr__sNUZiZD3PfPI3i1NDNm0e--yOPUESHoCPeDp6WCjlS9Zk&_nc_ad=z-m&_nc_cid=0&_nc_zt=23&_nc_ht=scontent-vie1-1.cdninstagram.com&_nc_gid=LRonl-vU-0iqmqoZj8wf8A&oh=00_AfiXP5SR0Ig5ZQt-6shwQXUzY7UmCRP7urInPaWwLhDEpw&oe=69311B28;Tren yolu üst geçidine sevdiğinizin adını yazıp sevginizi yaşamak artık tarih oldu…  Üzgünüz… Çünkü artık izleniyorsunuz!   Aşkınız baki kalsın ama duvarlarımız temiz kalsın 😉 Kentimizin her köşesini güzelleştirmek için çalışıyoruz.;
https://www.instagram.com/p/DRmeAbQjRO0/;Carousel;156;1;0;2025-11-28 16:01:44;https://scontent-vie1-1.cdninstagram.com/v/t51.82787-15/589057716_18545054059011172_5866043540876526408_n.jpg?stp=dst-jpg_e35_tt6&_nc_cat=100&ig_cache_key=Mzc3NTgzNzMwMzQ4NzY3NDQ1NA%3D%3D.3-ccb7-5&ccb=7-5&_nc_sid=58cdad&efg=eyJ2ZW5jb2RlX3RhZyI6InhwaWRzLjE0NDB4MTQ0MC5zZHIuQzMifQ%3D%3D&_nc_ohc=4A_0xr4TgNkQ7kNvwFJvhi4&_nc_oc=AdlJ3Bcf2eG8c7qMVK8Smgw-iaAzgSmlcvbCsfjeKwA2tpaKMbgHoft9GSkzeOiLafs&_nc_ad=z-m&_nc_cid=0&_nc_zt=23&_nc_ht=scontent-vie1-1.cdninstagram.com&_nc_gid=LRonl-vU-0iqmqoZj8wf8A&oh=00_AfiRIi9ZP1kh3O3oJ-8XJJCzRrtXIFnGc7FBXQiwz0r8hw&oe=6930FE82;Burdur 10 gün boyunca kitap kokacak! Ulusal ve yerel yazarlarımızla dolu Kitap Fuarımız 5 Aralık’ta kapılarını açıyor.  📖 İmza günleri 🎤 Söyleşiler 🤝 Yazar buluşmaları  Hepsi Burdur Belediyesi Konferans ve Sergi Salonu’nda!;
https://www.instagram.com/p/DRl9qKWDRGL/;Photo;136;0;0;2025-11-28 11:19:05;https://scontent-vie1-1.cdninstagram.com/v/t51.82787-15/590983997_18545024761011172_1304165700217436413_n.jpg?stp=dst-jpg_e35_tt6&_nc_cat=104&ig_cache_key=Mzc3NTY5NTA0MDc4MjYwMjYzNQ%3D%3D.3-ccb7-5&ccb=7-5&_nc_sid=58cdad&efg=eyJ2ZW5jb2RlX3RhZyI6InhwaWRzLjExMzl4MTMzOS5zZHIuQzMifQ%3D%3D&_nc_ohc=jFeJttgylLMQ7kNvwERMltz&_nc_oc=AdnK1C0w2B5jscbeouL0PBgk_7jWyYy_4RAlkdKvT3gZaw0_EfIeCxyCxPHXlu1JL1w&_nc_ad=z-m&_nc_cid=0&_nc_zt=23&_nc_ht=scontent-vie1-1.cdninstagram.com&_nc_gid=LRonl-vU-0iqmqoZj8wf8A&oh=00_AfiD6z4Lr9_HRstVq4ram-Rsco33XetGDMUqafEgg9H20A&oe=69311AC0;Adım adım iktidara yürüyoruz.  Hakça paylaştığımız, barış içinde yaşadığımız halkın iktidarını kurmaya söz verdiğimiz Parti Programı’mızla Gn Bşkmız Sn @eczozgurozel ‘in önderliğinde kurultayımızı gerçekleştiriyoruz. Haydi hep birlikte kol kola omuz omuza ❤️;
https://www.instagram.com/p/DRkce0FjZrL/;Carousel;403;0;0;2025-11-27 21:09:56;https://scontent-vie1-1.cdninstagram.com/v/t51.82787-15/587950472_18544933639011172_3201566243851549648_n.jpg?stp=dst-jpg_e35_tt6&_nc_cat=100&ig_cache_key=Mzc3NTI2NzYyNzk3NjIwNzA3Mw%3D%3D.3-ccb7-5&ccb=7-5&_nc_sid=58cdad&efg=eyJ2ZW5jb2RlX3RhZyI6InhwaWRzLjE0NDB4OTU5LnNkci5DMyJ9&_nc_ohc=97zqJ4NgfAwQ7kNvwHzJTKa&_nc_oc=AdkRaA4gX14XXL3u2cm7pL8UrhgXL-0SuI3Dt-kFWrJSpOEJBrg-BfwYSnjIxcqcdY0&_nc_ad=z-m&_nc_cid=0&_nc_zt=23&_nc_ht=scontent-vie1-1.cdninstagram.com&_nc_gid=LRonl-vU-0iqmqoZj8wf8A&oh=00_AfibEcbcchj1DhXV4lYkmgeRxH7NXL-FAdHwV78T0iPb4g&oe=693121F6;Yıl sonu sergimizdeki eserleri görmenizi isterim. Topraktan kile, kilden seramiğe seramikten de sanat eserine dönüşen eserleri Konferans Salonu’muzda görebilirsiniz sizleri bekliyoruz ❤️;
https://www.instagram.com/p/DRkJ8gJDRX3/;Reels;205;1;7286;2025-11-27 18:36:09;https://scontent-vie1-1.cdninstagram.com/v/t51.71878-15/589551546_848033367591091_6921670712000922187_n.jpg?stp=dst-jpg_e15_tt6&_nc_cat=107&ig_cache_key=Mzc3NTE4NjEyNzc0MjExMzI3MQ%3D%3D.3-ccb7-5&ccb=7-5&_nc_sid=58cdad&efg=eyJ2ZW5jb2RlX3RhZyI6InhwaWRzLjY0MHgzNjAuc2RyLkMzIn0%3D&_nc_ohc=-EfwDDwbZPcQ7kNvwEwa7h3&_nc_oc=AdmssbYBoDcCf219O_Y4cw02K5JdGxxcr5qAM30Z4wP-ymeDPpV0B4FmatRjWhatcQM&_nc_ad=z-m&_nc_cid=0&_nc_zt=23&_nc_ht=scontent-vie1-1.cdninstagram.com&_nc_gid=LRonl-vU-0iqmqoZj8wf8A&oh=00_AfgX9CNBF0x--baadISyWU2tixYGfdIO6KRGZAPueSRE8A&oe=69310BB3;Geleneksel Seramik Sergimizin 16.sını gerçekleştirmek üzere sanatçı arkadaşlarımızla bir araya geldik. Bir yıl boyunca çalışan üreten ve Burdur Belediyesi El Sanatları Merkezimizi adeta üretim merkezine çeviren tüm amatör sanatçı dostlarımıza teşekkür ediyoruz. Müthiş eserlerin sergilendiği Konferans ve Sergi Salonunuza tüm hemşerilerimizi bekliyoruz.❤️🤗;
https://www.instagram.com/p/DRg169-jSld/;Photo;153;0;0;2025-11-26 11:35:16;https://scontent-vie1-1.cdninstagram.com/v/t51.82787-15/588671909_18544691470011172_5640261150413709066_n.jpg?stp=dst-jpg_e35_tt6&_nc_cat=101&ig_cache_key=Mzc3NDI1MzYzNjQ3ODkwNDY2OQ%3D%3D.3-ccb7-5&ccb=7-5&_nc_sid=58cdad&efg=eyJ2ZW5jb2RlX3RhZyI6InhwaWRzLjE0NDB4MTQ0MC5zZHIuQzMifQ%3D%3D&_nc_ohc=j3Rqa_kslwIQ7kNvwFHQZ3B&_nc_oc=AdmGxdJ0TuIRCxEghQCO3FPf3Yce1ODDDNQ_5o2M-2KtE_qFCuJaibqrT4Z7ByDEcs8&_nc_ad=z-m&_nc_cid=0&_nc_zt=23&_nc_ht=scontent-vie1-1.cdninstagram.com&_nc_gid=LRonl-vU-0iqmqoZj8wf8A&oh=00_AfjU4Qvy_LNeJchBz1rWWhtgkKz4B3c3mbeUPNccWQlZfg&oe=693100F9;Barışın sembolüdür zeytin… Yüzyıllarca yaşar yeter ki kökünden sökülmesin yeter ki yakılmasın yıkılmasın. Yaprağı hep yeşil meyvesi hep değerli insana hiç yükü yoktur.  Zeytin ağacı dikmeye devam edeceğiz, Dünya Zeytin Ağacı Günü kutlu olsun…;
https://www.instagram.com/p/DRfOwAwDQtn/;Carousel;341;0;0;2025-11-25 20:33:44;https://scontent-vie1-1.cdninstagram.com/v/t51.82787-15/587950600_18544593007011172_8549759623058052251_n.jpg?stp=dst-jpg_e35_tt6&_nc_cat=109&ig_cache_key=Mzc3Mzc5OTg3OTQ1MDM4NTM4NQ%3D%3D.3-ccb7-5&ccb=7-5&_nc_sid=58cdad&efg=eyJ2ZW5jb2RlX3RhZyI6InhwaWRzLjE0NDB4MTA4MC5zZHIuQzMifQ%3D%3D&_nc_ohc=ximRTzNlUpoQ7kNvwHVjJ6E&_nc_oc=Adny9mvsRocpRmFVxhJSUGbT2LSF1mH9O4Qbs6YXgNxO0rdqCb0W6KCshoYHFcn00Qc&_nc_ad=z-m&_nc_cid=0&_nc_zt=23&_nc_ht=scontent-vie1-1.cdninstagram.com&_nc_gid=LRonl-vU-0iqmqoZj8wf8A&oh=00_Afjmj_4a49yGvVcVIwVHjr5c0_qRVcdiUvdFPx7-feSdWQ&oe=69312367;Düşünür Eğitim Kurumları ve Tek Adım Kişisel Gelişim Kurslarına uğrayarak öğretmenlerimizin gününü kutladık. Ayrıca geçtiğimiz hafta sonu yeni iş yerinin açılışını  yapan Hakan Boyacıoğlu kardeşimize uğrayıp hayırlı olsun dileklerimizi ilettik.;
https://www.instagram.com/p/DRfJAk1DdRm/;Carousel;207;0;0;2025-11-25 19:43:34;https://scontent-vie1-1.cdninstagram.com/v/t51.82787-15/587404787_18544586119011172_234918558488883681_n.jpg?stp=dst-jpg_e35_tt6&_nc_cat=101&ig_cache_key=Mzc3Mzc3NDYyODI1NTUyNzY0Ng%3D%3D.3-ccb7-5&ccb=7-5&_nc_sid=58cdad&efg=eyJ2ZW5jb2RlX3RhZyI6InhwaWRzLjE0NDB4MTA4MC5zZHIuQzMifQ%3D%3D&_nc_ohc=wxqBjXPS0HsQ7kNvwFG30Oz&_nc_oc=AdmWI7FvOC2eAgL4-ctGGEkEFde6sIExc0FYR_PZtPd2FVURF8F3QBBfGRhbHE9TvmA&_nc_ad=z-m&_nc_cid=0&_nc_zt=23&_nc_ht=scontent-vie1-1.cdninstagram.com&_nc_gid=LRonl-vU-0iqmqoZj8wf8A&oh=00_AfjtjqXg9gkmjuUHvd4qC32iPvRjQrrLZWso3aCz4YJZxw&oe=6931011D;Emekli öğretmenimiz Rıza Özdemir ve Ruhsat Şube Müdürümüz Özlem Kırcı’nın abisi Süleyman Ayan abimizi son yolculuğuna uğurladık. Merhumlara Allah’tan rahmet geride kalan acılı yakınlarına sabır ve baş sağlığı diliyoruz…;
https://www.instagram.com/p/DReI9erDWkS/;Reels;197;0;6850;2025-11-25 10:24:32;https://scontent-vie1-1.cdninstagram.com/v/t51.71878-15/587546884_1242116051030098_3088580862501245831_n.jpg?stp=dst-jpg_e15_tt6&_nc_cat=107&ig_cache_key=Mzc3MzQ5Mjk0Njk3Nzc3NzkzOA%3D%3D.3-ccb7-5&ccb=7-5&_nc_sid=58cdad&efg=eyJ2ZW5jb2RlX3RhZyI6InhwaWRzLjY0MHgzNjAuc2RyLkMzIn0%3D&_nc_ohc=FoFLdmmjeEgQ7kNvwHYlYSN&_nc_oc=Adm_bIF48kZs9mWvhvaVSL4SWu-m21eR7yIMLg4_pblBo30Qercyp7YGqaK25i9pl0M&_nc_ad=z-m&_nc_cid=0&_nc_zt=23&_nc_ht=scontent-vie1-1.cdninstagram.com&_nc_gid=LRonl-vU-0iqmqoZj8wf8A&oh=00_Afgb6RhjoYKnOo9aFduUTmD7Z1q_Cy64NkJMWfjwgC8lGg&oe=693110E8;24 Kasım Öğretmenler Günü’nü yine emekli öğretmenlerimizle kutladık. Tüm öğretmenlerimizin gününü bir kez daha kutluyoruz ❤️;
https://www.instagram.com/p/DRc6IZDDX92/;Carousel;374;0;0;2025-11-24 22:55:05;https://scontent-waw2-2.cdninstagram.com/v/t51.82787-15/587501231_18544444651011172_7060152435634410245_n.jpg?stp=dst-jpg_e35_tt6&_nc_cat=101&ig_cache_key=Mzc3MzE0NjIyODc3MTg1MDIzNw%3D%3D.3-ccb7-5&ccb=7-5&_nc_sid=58cdad&efg=eyJ2ZW5jb2RlX3RhZyI6InhwaWRzLjE0NDB4OTU5LnNkci5DMyJ9&_nc_ohc=VBLNmR4AMKEQ7kNvwGOAD-w&_nc_oc=AdmlcbJ_OYjGbTnIEBUmfK1_V9CYSWdziyko0Im8q6bzrjxJAXjr4lVoeEjhu-ZP_MU&_nc_ad=z-m&_nc_cid=0&_nc_zt=23&_nc_ht=scontent-waw2-2.cdninstagram.com&_nc_gid=rj0xnZx3hvy2vBnmarRYxg&oh=00_Afjo-8ne8fIZFnI9cCXl12Npwr-R5XU26xZ5xx38D8vIVw&oe=69311754;Belediyemiz tarafından geleneksel hale getirilen  24 Kasım Öğretmenler Günü yemeğimizde emekli öğretmenlerimizle bir aradaydık. Aramızda geçmiş dönem Belediye Başkanımız il ve ilçe başkanlarımız kadın ve gençlik kolları başkanlarımız il genel ve belediye meclisi üyelerimiz de vardı. Öğretmenlerimizin mutluluğunu paylaşmak evlatlarını bağrına basan bir annenin sıcaklığını hissetmek bize çok iyi geldi. Tüm büyüklerimize tekrar teşekkür ediyor günlerini bir kez daha kutluyoruz❤️;
https://www.instagram.com/p/DRc13SejTC1/;Carousel;603;0;0;2025-11-24 22:17:48;https://scontent-waw2-2.cdninstagram.com/v/t51.82787-15/588967329_18544441231011172_1795165626803199196_n.jpg?stp=dst-jpg_e35_tt6&_nc_cat=101&ig_cache_key=Mzc3MzEyNzQ1OTc4MTYwMDM5NQ%3D%3D.3-ccb7-5&ccb=7-5&_nc_sid=58cdad&efg=eyJ2ZW5jb2RlX3RhZyI6InhwaWRzLjE0NDB4OTU4LnNkci5DMyJ9&_nc_ohc=fw1KQUfDi7UQ7kNvwEJzbmM&_nc_oc=Adk_bjQkB59kOhaeIgfswgUp2GOKdnfh93CZSGK-7dpKc4bJ2wr9YnraVMCbKC3Zo7w&_nc_ad=z-m&_nc_cid=0&_nc_zt=23&_nc_ht=scontent-waw2-2.cdninstagram.com&_nc_gid=rj0xnZx3hvy2vBnmarRYxg&oh=00_AfhBtgVanQAEWmBD7qCWyZB2ORdKAMckDNYMyTLJhQa5KQ&oe=69311A13;Uğur Kurs Burdur ‘un çalışan meslektaşları için düzenlediği Öğretmenler Günü kokteyline katıldık. Bu vesileyle öğretmenlerimizi bir kez daha kutluyoruz…;
https://www.instagram.com/p/DRcZKjxjdNe/;Carousel;497;0;0;2025-11-24 18:07:01;https://scontent-waw2-2.cdninstagram.com/v/t51.82787-15/587632759_18544402936011172_8388761518744295141_n.jpg?stp=dst-jpg_e35_tt6&_nc_cat=106&ig_cache_key=Mzc3MzAwMTI0ODI3NTI2NTk0Ng%3D%3D.3-ccb7-5&ccb=7-5&_nc_sid=58cdad&efg=eyJ2ZW5jb2RlX3RhZyI6InhwaWRzLjE0NDB4OTU5LnNkci5DMyJ9&_nc_ohc=8Vs1_A5MlacQ7kNvwGfMldN&_nc_oc=AdkHiM0N-YZ0Pi35PeFU8gODv4C_oiroyNDKJ4IR3V-Ekmpj8Wl8WErii0pxJMOoUL4&_nc_ad=z-m&_nc_cid=0&_nc_zt=23&_nc_ht=scontent-waw2-2.cdninstagram.com&_nc_gid=rj0xnZx3hvy2vBnmarRYxg&oh=00_AfhgqbEkZSqtr2WsCtw5LTByGIYFsVv9Cu2iYxZAfnyMuA&oe=693123D4;Bugün ilk okula başladığım Cumhuriyet İlkokulu ve orta öğrenimimi tamamladığım 15 Temmuz Şehitler Anadolu Lisesi’ne ardından Belediye Kreşlerimize ve Özel Arfen Koleji ile Bahçeşehir Koleji’ne giderek öğretmenlerimizin 24 Kasım Öğretmenler Günü ‘nü kutladık…;
https://www.instagram.com/p/DRcVgwTjWZF/;Carousel;203;0;0;2025-11-24 17:35:06;https://scontent-waw2-2.cdninstagram.com/v/t51.82787-15/587709360_18544398988011172_9011718755782084518_n.jpg?stp=dst-jpg_e35_tt6&_nc_cat=106&ig_cache_key=Mzc3Mjk4NTE4NDEzMjkxMjM0Mw%3D%3D.3-ccb7-5&ccb=7-5&_nc_sid=58cdad&efg=eyJ2ZW5jb2RlX3RhZyI6InhwaWRzLjE0NDB4OTU5LnNkci5DMyJ9&_nc_ohc=vAVHLMPtKQ8Q7kNvwGy6tC-&_nc_oc=Adkk-hg-ZRNHFeokTa6ZqJypV6oWUUEKJKAT0v4BGxPW0KRV9UvueudJ9YnHUCJvczk&_nc_ad=z-m&_nc_cid=0&_nc_zt=23&_nc_ht=scontent-waw2-2.cdninstagram.com&_nc_gid=rj0xnZx3hvy2vBnmarRYxg&oh=00_AfidIdK_bxJ3if8Rlex3KK7mCxubAwfOMu8yUo4VZ09pDQ&oe=6930FD2E;Burdur Valiliğimiz tarafından gerçekleştirilen Muhtarlar Akademisi Eğitim Programı’na katılarak düşüncelerimizi ifade ettik. Demokrasinin temel taşı olan köylerimizden metropollere kadar görev yapan muhtarlarımızın yaptıkları görevi daha bilinçli ve güncel yapabilmeleri için bölgemizdeki  eğitim programına imza atan başta Sn Valimiz olmak üzere emeği geçen herkese teşekkür ediyoruz…;
https://www.instagram.com/p/DRbZC3UiDcR/;Photo;177;0;0;2025-11-24 08:46:44;https://scontent-waw2-2.cdninstagram.com/v/t51.82787-15/584807731_18544335853011172_5691851164035367429_n.jpg?stp=dst-jpg_e35_tt6&_nc_cat=103&ig_cache_key=Mzc3MjcxOTI2MDg1NDkyNTA3Mw%3D%3D.3-ccb7-5&ccb=7-5&_nc_sid=58cdad&efg=eyJ2ZW5jb2RlX3RhZyI6InhwaWRzLjExMjV4NjQzLnNkci5DMyJ9&_nc_ohc=NyBBkWyJancQ7kNvwFhwfoW&_nc_oc=AdmxbzRGXfp0jDtbW-h8nI7FJ2gwdZIUSIm0K-jUtDpAp4BoRRLKQvnknt8qftliPR8&_nc_ad=z-m&_nc_cid=0&_nc_zt=23&_nc_ht=scontent-waw2-2.cdninstagram.com&_nc_gid=rj0xnZx3hvy2vBnmarRYxg&oh=00_AfjsDyZwg50_oprR2NxyUYj4AXG_MNsVcoVGqWAb_DI3Xg&oe=69312395;"Bir insanın hayatında anne baba kadar değerli olan; başta Başöğretmen Atatürk olmak üzere tüm öğretmenlerimizin 24 Kasım Öğretmenler Günü kutlu olsun …";
https://www.instagram.com/p/DRZxgIqDelt/;Carousel;296;1;0;2025-11-23 17:41:58;https://scontent-waw2-1.cdninstagram.com/v/t51.82787-15/588997988_18544222561011172_6889163894682993346_n.jpg?stp=dst-jpg_e35_tt6&_nc_cat=111&ig_cache_key=Mzc3MjI2Mzg2MzA5ODkyMjY0NQ%3D%3D.3-ccb7-5&ccb=7-5&_nc_sid=58cdad&efg=eyJ2ZW5jb2RlX3RhZyI6InhwaWRzLjE0NDB4OTYwLnNkci5DMyJ9&_nc_ohc=zE7BqYCBpowQ7kNvwGwdkEg&_nc_oc=AdkvCs9MSVa9_Y41JBXliBm-uUVAzm4zcLqZZ-Uid2PEqGKfV4fdyLK0bQm7Oaak3Zk&_nc_ad=z-m&_nc_cid=0&_nc_zt=23&_nc_ht=scontent-waw2-1.cdninstagram.com&_nc_gid=rj0xnZx3hvy2vBnmarRYxg&oh=00_Afi8iXxCRaQd0Zf8R8hl-lbV4i7swGvkLANvowXHW0wq_Q&oe=69312733;"Gençlik Kolları Başkanlığımız tarafından; İstanbul Büyükşehir Belediye Başkanımız Ekrem İmamoğlu’nun yargılanmasının TRT ‘den canlı yayınlanması talep edilen basın açıklamasına katıldık.";
https://www.instagram.com/p/DRZj8UijSb4/;Photo;576;4;0;2025-11-23 15:43:29;https://scontent-waw2-2.cdninstagram.com/v/t51.82787-15/587689040_18544205776011172_881105716629484348_n.jpg?stp=dst-jpg_e35_tt6&_nc_cat=106&ig_cache_key=Mzc3MjIwNDIzOTc1MDUwNjIzMg%3D%3D.3-ccb7-5&ccb=7-5&_nc_sid=58cdad&efg=eyJ2ZW5jb2RlX3RhZyI6InhwaWRzLjE0NDB4MTgwNC5zZHIuQzMifQ%3D%3D&_nc_ohc=TbfZVnT49o4Q7kNvwHR1eWn&_nc_oc=AdnAQrMIk3cDmdk_-Q5F83sAih1dUZoCju-8YqDC_hogPPOyWBYaxhVTULgCSwrWk0g&_nc_ad=z-m&_nc_cid=0&_nc_zt=23&_nc_ht=scontent-waw2-2.cdninstagram.com&_nc_gid=rj0xnZx3hvy2vBnmarRYxg&oh=00_AfhFneN8ylPVuCtJSlwPA7AXiMF1DbW-NbnS25WTQP3ApQ&oe=69310894;Türk Eczacıları Birliği’mizin 45. Olağan Genel Kurulu’nda oyumuzu kullandık. Vefa gösterip beni genel kurul delegesi yapan oda yöneticilerimizle tüm meslektaşlarımıza teşekkür ediyorum. Neredeyse 30 yıla yaklaşan meslek hayatımda TEB çatısında olmaktan da mutluyum. Zor şartlardan geçtik hala da mesleki açıdan taleplerimizin tamamının karşılandığı söylenemese de örgütümüzün çabasının farkındayız. Birlik yönetiminde görev alacak tüm meslektaşlarımıza başarılar dilerim.;
https://www.instagram.com/p/DRW7zqujW81/;Carousel;291;0;0;2025-11-22 15:14:17;https://scontent-waw2-1.cdninstagram.com/v/t51.82787-15/587917287_18544035409011172_6934684276876889658_n.jpg?stp=dst-jpg_e35_tt6&_nc_cat=111&ig_cache_key=Mzc3MTQ2NDc1OTIwODk0MjU0Ng%3D%3D.3-ccb7-5&ccb=7-5&_nc_sid=58cdad&efg=eyJ2ZW5jb2RlX3RhZyI6InhwaWRzLjE0NDB4MTA4MC5zZHIuQzMifQ%3D%3D&_nc_ohc=n029UqqGe-UQ7kNvwETe248&_nc_oc=Adld-cP5_BtZ9M4BqF-HacmzMv1I5iyAY6MzkOiG_DEt7ABeoHXeUcoIVidYvONyRqE&_nc_ad=z-m&_nc_cid=0&_nc_zt=23&_nc_ht=scontent-waw2-1.cdninstagram.com&_nc_gid=rj0xnZx3hvy2vBnmarRYxg&oh=00_AfgJxZLopClvUNmfaJWVfPs8sI27H_zZs1at3p97HdGQYQ&oe=6930F995;Türk Eczacıları Birliği’mizin 45. Olağan Genel Kurulu’nda tüm dostlarımızla bir aradayız. Mesleğimizin geleceğinin tartışıldığı ve seçimlerle görev alacak Merkez Heyeti ile diğer organların belirleneceği genel kurulumuz hayırlı olsun…;
https://www.instagram.com/p/DRWoFyYDdfT/;Photo;1396;2;0;2025-11-22 12:22:00;https://scontent-waw2-2.cdninstagram.com/v/t51.82787-15/587319443_18544017133011172_3430617544459412616_n.jpg?stp=dst-jpg_e35_tt6&_nc_cat=101&ig_cache_key=Mzc3MTM3ODA1NzUxNzg0ODUzMQ%3D%3D.3-ccb7-5&ccb=7-5&_nc_sid=58cdad&efg=eyJ2ZW5jb2RlX3RhZyI6InhwaWRzLjk2MHgxMjAwLnNkci5DMyJ9&_nc_ohc=xZN2MjsVD4gQ7kNvwGaDjYQ&_nc_oc=AdlwS9Un51n7BdeP-lRampAvAvewOZZ5uiSYnEU_Wo7_J0LRfErp95diBv8bzyitAw0&_nc_ad=z-m&_nc_cid=0&_nc_zt=23&_nc_ht=scontent-waw2-2.cdninstagram.com&_nc_gid=rj0xnZx3hvy2vBnmarRYxg&oh=00_AfiJaAF5swnWhvN-w-Efmwzi56W9Q2Ze-MsMnHJFFFGYmA&oe=6930FFB6;Kardeşim Ebru başta olmak üzere ağız ve diş sağlılığımızdan sorumlu olan tüm diş doktoru  dostlarımın 22 Kasım Dünya Diş Hekimleri Günü ‘nü kutluyorum…;
https://www.instagram.com/p/DRWSNtUiuTS/;Photo;99;0;0;2025-11-22 09:10:51;https://scontent-waw2-2.cdninstagram.com/v/t51.82787-15/587278045_18528970810067667_1981758575869701472_n.webp?_nc_cat=100&ig_cache_key=Mzc3MTI4MTg0NDgyMjc5NTQ3NA%3D%3D.3-ccb7-5&ccb=7-5&_nc_sid=58cdad&efg=eyJ2ZW5jb2RlX3RhZyI6InhwaWRzLjE0NDB4MTQ0MC5zZHIuQzMifQ%3D%3D&_nc_ohc=HNhPpVu021IQ7kNvwEZi99e&_nc_oc=AdmbP5ibunxGVrtLUj0oPPKl_2rKQl18kDQKbAh6oME0o6lBWuy-fnNeWa-fl66mhpU&_nc_ad=z-m&_nc_cid=0&_nc_zt=23&_nc_ht=scontent-waw2-2.cdninstagram.com&_nc_gid=rj0xnZx3hvy2vBnmarRYxg&oh=00_AfgiYspIHdvWwBeNbe_Q-OnYDiUHuEZeE0LNGjdma9aG-w&oe=6930F661;Ağız ve diş sağlığımıza büyük katkıda bulunan tüm Diş Doktorlarımızın Dünya Diş Hekimleri günü kutlu olsun.;
https://www.instagram.com/p/DRUT_sEDdoY/;Photo;422;5;0;2025-11-21 14:47:56;https://scontent-waw2-2.cdninstagram.com/v/t51.82787-15/583194149_18543869803011172_253868804528123171_n.jpg?stp=dst-jpg_e35_tt6&_nc_cat=105&ig_cache_key=Mzc3MDcyNjcyNzUzOTM1MDA0MA%3D%3D.3-ccb7-5&ccb=7-5&_nc_sid=58cdad&efg=eyJ2ZW5jb2RlX3RhZyI6InhwaWRzLjE0NDB4MTQ0MC5zZHIuQzMifQ%3D%3D&_nc_ohc=geZ3Ox0B2D8Q7kNvwG3SScV&_nc_oc=Adnwqq4j6_OW3wjsVGgffANKYeKzRbpMEY23ckayRzDVTYXEr1_zPHeJot1DdNSTGck&_nc_ad=z-m&_nc_cid=0&_nc_zt=23&_nc_ht=scontent-waw2-2.cdninstagram.com&_nc_gid=rj0xnZx3hvy2vBnmarRYxg&oh=00_Afiyn0kp3FhSR9EOMmoaMXoq9qC2VAv04_ejFVfzbLzEuw&oe=69312769;Ne dediysek o !;
https://www.instagram.com/p/DRSmfGqjVOM/;Carousel;200;0;0;2025-11-20 22:51:01;https://scontent-waw2-2.cdninstagram.com/v/t51.82787-15/585245526_18543771895011172_4712819835550050008_n.jpg?stp=dst-jpg_e35_tt6&_nc_cat=101&ig_cache_key=Mzc3MDI0NTA5NTc5NTU4NTE3MA%3D%3D.3-ccb7-5&ccb=7-5&_nc_sid=58cdad&efg=eyJ2ZW5jb2RlX3RhZyI6InhwaWRzLjEwMDB4NjY2LnNkci5DMyJ9&_nc_ohc=FV60n_eBiacQ7kNvwGa6C6S&_nc_oc=AdkXLPgSypBneXFP7sPRW1hKKSOaumlZRAdh66EfVM6FVMaJOj5g62NztrxUMCqppng&_nc_ad=z-m&_nc_cid=0&_nc_zt=23&_nc_ht=scontent-waw2-2.cdninstagram.com&_nc_gid=rj0xnZx3hvy2vBnmarRYxg&oh=00_AfhKJ04qZjfVoSyrkuwPnH9aZkR_Ej9gB_ozLg2PDVbJYA&oe=6930FC9D;"Geçtiğimiz günlerde bir sözümüzü daha yerine getirerek Burdur’umuzun köklü okulu Burdur Lisesi’nin bahçesini asfaltladık, bize teşekküre gelen okul idarecilerimiz ve aile birliğimize biz de teşekkür ediyoruz. Sonrasında; Kurna, Çatağıl, Düğer ve Cimbilli köylerimizin muhtarları ile  il genel meclisi üyemiz @semih_celikkaya’yı misafir ettik, kendilerine nazik ziyaretleri için teşekkür ediyoruz…";
https://www.instagram.com/p/DRSE2BHjWI1/;Carousel;221;0;0;2025-11-20 17:57:03;https://scontent-vie1-1.cdninstagram.com/v/t51.82787-15/587604134_18543729676011172_6707570601898009988_n.jpg?stp=dst-jpg_e35_tt6&_nc_cat=100&ig_cache_key=Mzc3MDA5NzEzNzgxMjgzMjgyMA%3D%3D.3-ccb7-5&ccb=7-5&_nc_sid=58cdad&efg=eyJ2ZW5jb2RlX3RhZyI6InhwaWRzLjEwNjV4NzEwLnNkci5DMyJ9&_nc_ohc=QOSln9wnQbwQ7kNvwH_WrPn&_nc_oc=AdlppQkieB69oNA1sSaqWGba7xjBBRvPxw9KzXtryNKNbVuDAYGyr9F5zxfjWZq0GX8&_nc_ad=z-m&_nc_cid=1089&_nc_zt=23&_nc_ht=scontent-vie1-1.cdninstagram.com&_nc_gid=SS8DUJJxCIHTFx2pizoKrQ&oh=00_AfiuT4kojuG9YUJxnDikjLntE0kBAwww3_efmzu9x_oxSw&oe=6931062B;Muay Thai sporcusu gençlerimize ile Mersin ve Burdur Ziraat Odası Başkanlarımıza nazik ziyaretleri için teşekkür ediyoruz. Başarılı gençlerimizle müsabakalar sonu da aldıkları başarıları konuştuk. Ziraat Odası Başkanlarımızın ortaklaşa konuştukları projeler ve bölgemizin tarımına nasıl katkı sunabileceğimizi değerlendirdik. Tarımsal üretim olmadan kalkınmanın olanaksız olduğunu hepimiz biliyoruz…;
https://www.instagram.com/p/DRRaHIUjVxP/;Carousel;363;1;0;2025-11-20 11:43:39;https://scontent-vie1-1.cdninstagram.com/v/t51.82787-15/582982384_18543683431011172_6632386569139185596_n.jpg?stp=dst-jpg_e35_tt6&_nc_cat=104&ig_cache_key=Mzc2OTkwOTE5NTQ2MzAwNjg3MQ%3D%3D.3-ccb7-5&ccb=7-5&_nc_sid=58cdad&efg=eyJ2ZW5jb2RlX3RhZyI6InhwaWRzLjEyMDZ4MTM5Mi5zZHIuQzMifQ%3D%3D&_nc_ohc=idcnaH4eO8wQ7kNvwGjGhoB&_nc_oc=Adl7s9VS_St0OrDsMxyoWjGFdmlH4LG92nXzO8eddbeeNvYpb7SEBoP1k06OSld5_Zc&_nc_ad=z-m&_nc_cid=1089&_nc_zt=23&_nc_ht=scontent-vie1-1.cdninstagram.com&_nc_gid=SS8DUJJxCIHTFx2pizoKrQ&oh=00_AfjKDJCglOP99FYqGFErK7FRP0aiTINHbx3gROtdPdwWTA&oe=693127E1;Çocuk sadece çocuk değildir  Çocuğu bir birey olarak kabul etmek ve bir birey gibi davranmak zorundayız. 20 Kasım Dünya Çocuk Hakları Günü kutlu olsun…;
https://www.instagram.com/p/DRPsBiyjdF5/;Photo;170;0;0;2025-11-19 19:41:41;https://scontent-vie1-1.cdninstagram.com/v/t51.82787-15/584411689_18543584044011172_8457445755324070886_n.jpg?stp=dst-jpg_e35_tt6&_nc_cat=103&ig_cache_key=Mzc2OTQyNTAzMzI1MzczNjgyNQ%3D%3D.3-ccb7-5&ccb=7-5&_nc_sid=58cdad&efg=eyJ2ZW5jb2RlX3RhZyI6InhwaWRzLjE0NDB4OTU5LnNkci5DMyJ9&_nc_ohc=jprnacsr1f8Q7kNvwGrUiG_&_nc_oc=AdlLfkciXA1DbLs_qKL9_Pu9UhbbUYXtrD91nG74RtQqWH6vRzmw__LOJllMNpp9Gzk&_nc_ad=z-m&_nc_cid=1089&_nc_zt=23&_nc_ht=scontent-vie1-1.cdninstagram.com&_nc_gid=SS8DUJJxCIHTFx2pizoKrQ&oh=00_AfjFXgQLC4hjoDe_ftaaNjhlU2fqDMsajaS1i2ISZyRiFg&oe=6930FA2E;Burdur Ticaret ve Sanayi Odası Başkanımız Yusuf Keyik ve Meclis Başkanımız Ömer Çeliker hocamıza nazik ziyaretleri için teşekkür ediyoruz. Burdur’umuzun 2025 yılı ticaretini sanayisini ve ekonomisini değerlendirdik.  Büyüyen Burdur gelişen Burdur için hep birlikte mücadele ediyoruz…;
https://www.instagram.com/p/DRPkibKjVu7/;Reels;649;3;15297;2025-11-19 18:38:34;https://scontent-vie1-1.cdninstagram.com/v/t51.71878-15/583217484_1802052707092883_331676037296874166_n.jpg?stp=dst-jpg_e15_tt6&_nc_cat=110&ig_cache_key=Mzc2OTM5MjEwODQzNzA2ODczMQ%3D%3D.3-ccb7-5&ccb=7-5&_nc_sid=58cdad&efg=eyJ2ZW5jb2RlX3RhZyI6InhwaWRzLjY0MHgzNjAuc2RyLkMzIn0%3D&_nc_ohc=hVNbTK9bbsIQ7kNvwGuM1ND&_nc_oc=AdmYnSknNHzaoIXji2HcZ3WgAeGHB4iqbBOvCPAx8Ic6dtLsr5BH0jp62MU3603PVNk&_nc_ad=z-m&_nc_cid=1089&_nc_zt=23&_nc_ht=scontent-vie1-1.cdninstagram.com&_nc_gid=SS8DUJJxCIHTFx2pizoKrQ&oh=00_Afj8ripTU_84zvPd6teN5SLOC9jJh3FS2OMJoc6d2JPH2g&oe=693105E7;“YANI, ÖYLESİNE CİDDİYE ALACAKSIN Kİ YASAMAYI, YETMİŞİNDE BİLE, MESELA, ZEYTİN DİKECEKSİN, HEM DE ÖYLE ÇOCUKLARA FALAN KALIR DİYE DEĞİL, ÖLMEKTEN KORKTUĞUN HALDE ÖLÜME İNANMADIĞIN İÇİN, YASAMAK, YANİ AĞIR BASTIĞINDAN.”  Merhum Başkanımız Ferdi Zeyrek’in adını zeytin dikerek ve ağaçlandırma sahası oluşturarak yaşatacağız. Bugün belediye meclis üyelerimiz ve çalışma arkadaşlarımızla birlikte ağaçlarımızı diktik umarız sonsuza kadar yaşarlar 🙏❤️;
https://www.instagram.com/p/DRPfDcVDX8D/;Carousel;403;0;0;2025-11-19 17:48:21;https://scontent-vie1-1.cdninstagram.com/v/t51.82787-15/582645683_18543567082011172_8065494420679209879_n.jpg?stp=dst-jpg_e35_tt6&_nc_cat=100&ig_cache_key=Mzc2OTM2Nzk3Mzg0OTgxNTIzOQ%3D%3D.3-ccb7-5&ccb=7-5&_nc_sid=58cdad&efg=eyJ2ZW5jb2RlX3RhZyI6InhwaWRzLjEwNjV4NzEwLnNkci5DMyJ9&_nc_ohc=22rTzeiSr4MQ7kNvwHLJgif&_nc_oc=AdnCk60JuYqPZEiIVCmfrzeMuMYIL5JC0fviNy4kd9PMcjYLU7V_tA87SbqVdaVRfqE&_nc_ad=z-m&_nc_cid=1089&_nc_zt=23&_nc_ht=scontent-vie1-1.cdninstagram.com&_nc_gid=SS8DUJJxCIHTFx2pizoKrQ&oh=00_AfgFf71Q83qyswEmrfq6RO0q55BRZJc2VXu3ErYjunldXg&oe=69310AD6;2026 Yılı Performans Programı’nın ve Bütçemizin görüşüldüğü Kasım Ayı Meclis Toplantımızın 2. birleşimini gerçekleştirdik. Oy çokluğu ile bütçemiz 3 milyar 250 milyon liraya kabul edilmiş oldu. Tüm hemşerilerimize ve Burdur’umuza hayırlı olsun…;
https://www.instagram.com/p/DRNJuO0DcTa/;Carousel;512;4;0;2025-11-18 20:03:29;https://scontent-vie1-1.cdninstagram.com/v/t51.82787-15/582221682_18543433903011172_662726435961326639_n.jpg?stp=dst-jpg_e35_tt6&_nc_cat=101&ig_cache_key=Mzc2ODcxMTIwNDczOTgzNjI0NA%3D%3D.3-ccb7-5&ccb=7-5&_nc_sid=58cdad&efg=eyJ2ZW5jb2RlX3RhZyI6InhwaWRzLjE0NDB4OTU5LnNkci5DMyJ9&_nc_ohc=WDcKHBZ3W_IQ7kNvwG-mW_-&_nc_oc=Adn_7YZEdaaqTiyYRQNhWMLCQr1pWT1hxk2DTuxRyiIJSwCArbEyk42bg6IlYbQRDOE&_nc_ad=z-m&_nc_cid=1089&_nc_zt=23&_nc_ht=scontent-vie1-1.cdninstagram.com&_nc_gid=SS8DUJJxCIHTFx2pizoKrQ&oh=00_AfiBYWgSwbGfI2yvZ-I_P-6Ib3X0UrL4ZidPQQEfL-wB7g&oe=6930FE27;Bugün Gn Başkanımız Sn @eczozgurozel ‘i 21 İl Belediye Başkanı olarak iktidara yürüdüğümüz kurultayımızdan önce ziyaret ederek her zaman yanında olduğumuzu ifade ettik. Grup toplantımız coşkulu bir kalabalık eşliğinde gerçekleşti.;
https://www.instagram.com/p/DRKkINyDZ1X/;Photo;272;0;0;2025-11-17 19:56:30;https://scontent-vie1-1.cdninstagram.com/v/t51.82787-15/583887811_18543284110011172_6365445988650442315_n.jpg?stp=dst-jpg_e35_tt6&_nc_cat=106&ig_cache_key=Mzc2Nzk4MjkzMjQ3NzQ1MTYwNw%3D%3D.3-ccb7-5&ccb=7-5&_nc_sid=58cdad&efg=eyJ2ZW5jb2RlX3RhZyI6InhwaWRzLjE0NDB4OTU5LnNkci5DMyJ9&_nc_ohc=bk7Jx48ciB4Q7kNvwHeuaMq&_nc_oc=Adm3iBUBa6kogZDy51r1-5A8062w2cKpQyjyfCs8HBxGxsiOVAtu9m1fbtBpG4TJgzE&_nc_ad=z-m&_nc_cid=1089&_nc_zt=23&_nc_ht=scontent-vie1-1.cdninstagram.com&_nc_gid=SS8DUJJxCIHTFx2pizoKrQ&oh=00_AfiI2NkxbfPPK5Cp-BF6vclDSOPb57mkEHXIqZMc4jzm9w&oe=69311E6B;İş insanlarımızdan Ömer Semerci’ye nazik ziyareti için teşekkür ederiz. İlimize dair değerlendirmelerde bulunduk…;
https://www.instagram.com/p/DRKXXluDZyi/;Photo;380;0;0;2025-11-17 18:05:00;https://scontent-vie1-1.cdninstagram.com/v/t51.82787-15/583217484_18543269638011172_7473884115592898039_n.jpg?stp=dst-jpg_e35_tt6&_nc_cat=105&ig_cache_key=Mzc2NzkyNjgxNDM2NzY1MzAyNg%3D%3D.3-ccb7-5&ccb=7-5&_nc_sid=58cdad&efg=eyJ2ZW5jb2RlX3RhZyI6InhwaWRzLjE0NDB4OTU5LnNkci5DMyJ9&_nc_ohc=ONrMwvH35KMQ7kNvwF1vlTj&_nc_oc=AdkPfFRCiCkko4SUma0Yav-HqWZfS07r2AxsCw7Vrc-u0fHACHgxtZZI9j3i826FGys&_nc_ad=z-m&_nc_cid=1089&_nc_zt=23&_nc_ht=scontent-vie1-1.cdninstagram.com&_nc_gid=SS8DUJJxCIHTFx2pizoKrQ&oh=00_Afju6yD3g_jb-_pLnS4dkAOAYLBeQqQK3NGJEYHDmtdoyA&oe=693107D9;İlimize atanan P Albay İsmail Ceylan komutanımıza nazik ziyareti için teşekkür ediyoruz. Komutanımızla karşılıklı görüş alışverişinde bulunduk. Görevinde başarılar diliyoruz…;
https://www.instagram.com/p/DRKIoM-DbDk/;Carousel;353;0;0;2025-11-17 15:56:12;https://scontent-vie1-1.cdninstagram.com/v/t51.82787-15/582626871_18543253213011172_7954567730874242085_n.jpg?stp=dst-jpg_e35_tt6&_nc_cat=106&ig_cache_key=Mzc2Nzg2MTk3MTYzNTc2MTU4Nw%3D%3D.3-ccb7-5&ccb=7-5&_nc_sid=58cdad&efg=eyJ2ZW5jb2RlX3RhZyI6InhwaWRzLjEyMDB4OTAwLnNkci5DMyJ9&_nc_ohc=MSGIW0oJaJ4Q7kNvwEUonDe&_nc_oc=AdkJSAGTzAO8T3909OjryGaF05I5I63_Lhj3rg8PiAxUcz06uG8Rpla8NhY_X0xelE8&_nc_ad=z-m&_nc_cid=1089&_nc_zt=23&_nc_ht=scontent-vie1-1.cdninstagram.com&_nc_gid=SS8DUJJxCIHTFx2pizoKrQ&oh=00_Afjpassd7WK1b3Ey3BLDQxb8d74ME5fgDi0pTZSiT2sIrA&oe=69310A9C;Elifsu Keyik kardeşimizin işyeri açılışını gerçekleştirdikten sonra Lokantacılar ve Pastacılar Odası Başkanımız Birol Kaval’a yeni işyerinin hayırlı olması dileklerimizi ilettik. Sezgin Ailesinin büyükleri için hayır pişisine katıldık Allah kabul etsin…;
https://www.instagram.com/p/DRFPRLkjVV9/;Photo;247;0;0;2025-11-15 18:18:01;https://scontent-vie1-1.cdninstagram.com/v/t51.82787-15/582330709_18542940646011172_3388481182120006128_n.jpg?stp=dst-jpg_e35_tt6&_nc_cat=111&ig_cache_key=Mzc2NjQ4MzgxNDcxODQ2MTMwOQ%3D%3D.3-ccb7-5&ccb=7-5&_nc_sid=58cdad&efg=eyJ2ZW5jb2RlX3RhZyI6InhwaWRzLjE0NDB4MTA4MC5zZHIuQzMifQ%3D%3D&_nc_ohc=wyscT3pHpq0Q7kNvwEaThKQ&_nc_oc=AdlDukFwbXuRXzVMzOiOiWzOq5IKAfYmY_czRt3WikdhLU1pp2KDoh8UZ9tSkN6qs9w&_nc_ad=z-m&_nc_cid=1089&_nc_zt=23&_nc_ht=scontent-vie1-1.cdninstagram.com&_nc_gid=SS8DUJJxCIHTFx2pizoKrQ&oh=00_AfgicpINSa2P_qEI7yIHvK7wEqpPZZ_yxoSFatjqm88tnA&oe=6930F837;Azime Ablamızın biricik annesini son yolculuğuna uğurladık. Mekanı cennet olsun tüm sevenleri ve yakınlarına bir kez daha sabır ve baş sağlığı diliyoruz…;
https://www.instagram.com/p/DRFGZEvDb75/;Carousel;464;0;0;2025-11-15 17:00:27;https://scontent-vie1-1.cdninstagram.com/v/t51.82787-15/582678027_18542928643011172_4165197487869320281_n.jpg?stp=dst-jpg_e35_tt6&_nc_cat=105&ig_cache_key=Mzc2NjQ0NDc1MTgwNjMzNjUwNw%3D%3D.3-ccb7-5&ccb=7-5&_nc_sid=58cdad&efg=eyJ2ZW5jb2RlX3RhZyI6InhwaWRzLjExNjZ4MTE0Mi5zZHIuQzMifQ%3D%3D&_nc_ohc=G5JmDBIHRQwQ7kNvwFTnR2D&_nc_oc=AdkBUvDw3P46Hk_WZv3C7Dgvt1hg3-_l_xqxNzKv4kmBvncUbr3efQFInfDwoavyX6w&_nc_ad=z-m&_nc_cid=1089&_nc_zt=23&_nc_ht=scontent-vie1-1.cdninstagram.com&_nc_gid=SS8DUJJxCIHTFx2pizoKrQ&oh=00_AfgXLO7vZLUil8uizdH9uuAV6LEfxdb1bRoCEACU1o1L5A&oe=69312AA1;Bir kaç gün önce Fevzi Çakmak Mahallemizde başıboş sokak hayvanlarının saldırısına  uğrayan  yavrumuz ve ailesi komşularımızı ziyaret ettik. Yavrumuzun sağlık durumunda endişe edecek bir durumun olmayışı en büyük tesellimiz oldu. Geçmiş olsun dileklerimizi bir kez daha ilettik bizleri misafir ettikleri için komşularımıza da teşekkür ediyoruz.;
https://www.instagram.com/p/DREmr6gjQM_/;Carousel;359;1;0;2025-11-15 12:23:24;https://scontent-vie1-1.cdninstagram.com/v/t51.82787-15/581221064_18542898316011172_9117161766495387623_n.jpg?stp=dst-jpg_e35_tt6&_nc_cat=111&ig_cache_key=Mzc2NjMwNTMxODI3NjgwNjY5OA%3D%3D.3-ccb7-5&ccb=7-5&_nc_sid=58cdad&efg=eyJ2ZW5jb2RlX3RhZyI6InhwaWRzLjE0NDB4OTU5LnNkci5DMyJ9&_nc_ohc=k9sde4dE-TkQ7kNvwGqNg0y&_nc_oc=Adn_Ikp3QV4l-ReXOjQpfg5oAfWj6ITznrzB8EV5fCtc8crUvkruGpnSta7np-A_VqQ&_nc_ad=z-m&_nc_cid=1089&_nc_zt=23&_nc_ht=scontent-vie1-1.cdninstagram.com&_nc_gid=SS8DUJJxCIHTFx2pizoKrQ&oh=00_AfjY3ZxbkphantPbYctRSWs9gm-ngw_zo54Tkkhku7On2g&oe=69310930;Dün akşam Belediyemizin evsahipliğinde oynadıkları oyunla bizleri keyiflendiren değerli sanatçı dostlarımız @cigdemtuncofficial ve Çiğdem Tunç Tiyatrosu oyuncularına  teşekkür ediyoruz.;
https://www.instagram.com/p/DREjoEQisZK/;Photo;69;0;0;2025-11-15 11:56:40;https://scontent.cdninstagram.com/v/t51.82787-15/576524725_18527998246067667_8599621193141436487_n.webp?_nc_cat=101&ig_cache_key=Mzc2NjI5MTg3MzM2ODAzMjg0Mg%3D%3D.3-ccb7-5&ccb=7-5&_nc_sid=58cdad&efg=eyJ2ZW5jb2RlX3RhZyI6InhwaWRzLjE0NDB4MTQ0MC5zZHIuQzMifQ%3D%3D&_nc_ohc=Lt5ZWQq9J7kQ7kNvwGOOaj8&_nc_oc=AdkNZnTyBb3taBkSnt5tBEUmo9ucm12L3lGXIWPSyv3u4v-nryw3p1SBMXsw5LohXrM&_nc_ad=z-m&_nc_cid=0&_nc_zt=23&_nc_ht=scontent.cdninstagram.com&_nc_gid=02tAFQyzQM_khZzA6vvnRA&oh=00_AfgIUHCIDLfWhGgThVtwEpwIY5SHbnPwpQg_LfRwx9d6Pg&oe=693127BB;;
https://www.instagram.com/p/DRCo4ShjS2J/;Reels;549;2;15972;2025-11-14 18:05:02;https://scontent.cdninstagram.com/v/t51.71878-15/582259652_767237099698088_7423306338534778275_n.jpg?stp=dst-jpg_e15_tt6&_nc_cat=107&ig_cache_key=Mzc2NTc1MjAyODQ3NjU1MDUzNw%3D%3D.3-ccb7-5&ccb=7-5&_nc_sid=58cdad&efg=eyJ2ZW5jb2RlX3RhZyI6InhwaWRzLjY0MHgzNjAuc2RyLkMzIn0%3D&_nc_ohc=CT3E-pqZmFkQ7kNvwG8jPGf&_nc_oc=Adn6frkXynYHiD36EMkGxWMIt9tFBF40_QByI6lex-rtpWjLhKPGTMIqLnJsCOWRaV4&_nc_ad=z-m&_nc_cid=0&_nc_zt=23&_nc_ht=scontent.cdninstagram.com&_nc_gid=02tAFQyzQM_khZzA6vvnRA&oh=00_AfjnPsy-hPUvaEp-D25s7NjqieCJ23AgC5gAdz5GXtveCg&oe=69310007;Dün Belediyemiz tarafından çocuklarımıza ücretsiz düzenlediğimiz film gösterimi sonrası bana teşekkür mektubu yazan Eyüp Can  Teke ile bugün buluştuk. Beni çok mutlu etti gerçek sevgiyi zaman zaman hatırlamak bizi yeniliyor tazeleniyoruz. Teşekkürler Eyüp Can ❤️❤️❤️;
https://www.instagram.com/p/DRAMXLNDfwv/;Reels;308;1;14682;2025-11-13 19:20:22;https://scontent.cdninstagram.com/v/t51.71878-15/582308154_1502575974123350_6325589118922294574_n.jpg?stp=dst-jpg_e15_tt6&_nc_cat=106&ig_cache_key=Mzc2NTA2MzY1NzYxODAxMzIzMQ%3D%3D.3-ccb7-5&ccb=7-5&_nc_sid=58cdad&efg=eyJ2ZW5jb2RlX3RhZyI6InhwaWRzLjY0MHgzNjAuc2RyLkMyIn0%3D&_nc_ohc=Pe8LQekERLEQ7kNvwGy_44S&_nc_oc=AdkyHbLASnub5wKLftnQ3eE3OngUayIDNabMVdNMMVPMKsmkQVTxnU3RlOZ3VngWiOs&_nc_ad=z-m&_nc_cid=0&_nc_zt=23&_nc_ht=scontent.cdninstagram.com&_nc_gid=02tAFQyzQM_khZzA6vvnRA&oh=00_AfjHkr0CbMxmBx31oWf9J7mEGmfxfXljQ3SivOjUmWOMcA&oe=693115D6;Kuaför arkadaşımız Ömür Öz ve ekibi bugün engelli dostlarımızı oldukça mutlu eden bir dayanışma örneği gösterdi. Mine Hanım Rehabilitasyon Merkezi’mizdeki engelli dostlarımızın saç traşlarını yaparak Onların kendilerini iyi hissetmelerine destek oldular kendilerine teşekkür ediyoruz…;
https://www.instagram.com/p/DQ_-sr3CuA2/;Carousel;379;0;0;2025-11-13 17:17:01;https://scontent.cdninstagram.com/v/t51.82787-15/582096339_18527751604067667_367271897388017248_n.webp?_nc_cat=107&ig_cache_key=Mzc2NTAwMzU0Njc0ODY4MjI1MA%3D%3D.3-ccb7-5&ccb=7-5&_nc_sid=58cdad&efg=eyJ2ZW5jb2RlX3RhZyI6InhwaWRzLjE0NDB4MTQ0MC5zZHIuQzMifQ%3D%3D&_nc_ohc=JxM0mk0UJl8Q7kNvwGYK58m&_nc_oc=AdmC6NprmZ6r6NIIGmwq3P4jO7LKF_dL4N6fGBErP8SKYZ6lU1yVDlQKIXARiw8kXhQ&_nc_ad=z-m&_nc_cid=0&_nc_zt=23&_nc_ht=scontent.cdninstagram.com&_nc_gid=02tAFQyzQM_khZzA6vvnRA&oh=00_Afi7UDhk99HwYmfhWE-6N_ESTzI5FxOisTqaTLIO75gJGQ&oe=6930F91B;;
https://www.instagram.com/p/DQ_X_kpirtN/;Photo;144;0;0;2025-11-13 11:38:49;https://scontent.cdninstagram.com/v/t51.82787-15/581866793_18527673712067667_4988389725980167140_n.webp?_nc_cat=100&ig_cache_key=Mzc2NDgzMzMzNzI1MzQ3NzE5Nw%3D%3D.3-ccb7-5&ccb=7-5&_nc_sid=58cdad&efg=eyJ2ZW5jb2RlX3RhZyI6InhwaWRzLjE0NDB4MTQ0MC5zZHIuQzMifQ%3D%3D&_nc_ohc=GVWufZmT5xgQ7kNvwFkCt3w&_nc_oc=AdlEOYsMgZVDHFIEhyqmlRiCAK7kij5aCFm9TkYxWA9zTwBh_fz_DywBqiBJ4O_i_JY&_nc_ad=z-m&_nc_cid=0&_nc_zt=23&_nc_ht=scontent.cdninstagram.com&_nc_gid=02tAFQyzQM_khZzA6vvnRA&oh=00_AfgZcdG6EDahA0xMdAp9SMTKRzQO75-1WJS2dVr1ixo1QA&oe=693102C0;14 Kasım Cuma günü tiyatro şöleni!  Alice Harikalar Diyarında  Çocuklarımıza ara tatil armağanı 🕒 15.00 | MAKÜ Konferans Salonu  Aşk-ı Memnu (Yetişkinler İçin) 🕣 20.30 | MAKÜ Konferans Salon  Tüm halkımız davetlidir!;
https://www.instagram.com/p/DQ_BHaEiMxl/;Photo;270;1;0;2025-11-13 08:18:54;https://scontent.cdninstagram.com/v/t51.82787-15/581787098_18542521684011172_4607168140114644887_n.jpg?stp=dst-jpg_e35_tt6&_nc_cat=109&ig_cache_key=Mzc2NDczMjcyMDU4MTIzMzc2NQ%3D%3D.3-ccb7-5&ccb=7-5&_nc_sid=58cdad&efg=eyJ2ZW5jb2RlX3RhZyI6InhwaWRzLjk2OHg5Njguc2RyLkMzIn0%3D&_nc_ohc=lea4QleMxcAQ7kNvwFznx6Q&_nc_oc=AdnT_gzZkAiuY70cKAv7I9kAGoZMPzcJPq0jMUTNercsUrekMkWcL644pFF_L6jV-Zo&_nc_ad=z-m&_nc_cid=0&_nc_zt=23&_nc_ht=scontent.cdninstagram.com&_nc_gid=02tAFQyzQM_khZzA6vvnRA&oh=00_Afivc4B2wn6IFGc-1N-TXuqzO_RQlz1PMgkIQ_CeqpeJhw&oe=6930FCF1;"13 Kasım 1998’de;  yine Burdur için katılmak üzere bir etkinliğe giderken  elim bir kazada yitirdiğimiz Belediye Başkanımız Armağan İlci ve çalışma arkadaşları Gülçin İlci Bozkurt ile Ahmet Uğuz’u bugün saat 13:00’te kabirleri başında anıyoruz. Mekanları cennet ruhları şad olsun…";
https://www.instagram.com/p/DQ9wvRTDSOd/;Photo;437;6;0;2025-11-12 20:36:36;https://scontent.cdninstagram.com/v/t51.82787-15/581178423_18542295859011172_3544062572111744503_n.jpg?stp=dst-jpg_e35_tt6&_nc_cat=100&ig_cache_key=Mzc2NDM3OTIxODE3Mjc4MTQ2OQ%3D%3D.3-ccb7-5&ccb=7-5&_nc_sid=58cdad&efg=eyJ2ZW5jb2RlX3RhZyI6InhwaWRzLjEyODB4NzIwLnNkci5DMyJ9&_nc_ohc=ConUnp6jx4IQ7kNvwEzaYKW&_nc_oc=AdmwtCAxJyBaBKriAsblAJwpvHrhjJYuywjCuh8deQXBggyvv0-w6DNM_XibNoELjlM&_nc_ad=z-m&_nc_cid=0&_nc_zt=23&_nc_ht=scontent.cdninstagram.com&_nc_gid=02tAFQyzQM_khZzA6vvnRA&oh=00_AfjMgKfnJJhE8Zj7wF9nnQysyeQIDaFRj76OowY3mAD4Iw&oe=69311934;Sesini en çok dinlediğimiz, şarkılarını en çok sevdiğimiz sanatçılardan biriydi… “Vurgun”u beynimize kazıyan “ Her Şey Seni Hatırlatıyor” la hep O’nu hatırlayacağımız özel bir sesi kaybettik, mekanın cennet olsun #muazzezabacı;
https://www.instagram.com/p/DQ9lEnNDfc8/;Carousel;218;0;0;2025-11-12 18:54:37;https://scontent.cdninstagram.com/v/t51.82787-15/581227949_18542231479011172_5875998580046617552_n.jpg?stp=dst-jpg_e35_tt6&_nc_cat=103&ig_cache_key=Mzc2NDMyNzg5NjY2OTA3MTY4Mg%3D%3D.3-ccb7-5&ccb=7-5&_nc_sid=58cdad&efg=eyJ2ZW5jb2RlX3RhZyI6InhwaWRzLjE0NDB4OTU5LnNkci5DMyJ9&_nc_ohc=tykbR7_WEkAQ7kNvwG20pRk&_nc_oc=AdnzkHJzmXq2NS_NcUoc940qwbhYPTtzwBkgBJR-dskgalWPSjZeAVmQjCYp6ZDvCt0&_nc_ad=z-m&_nc_cid=0&_nc_zt=23&_nc_ht=scontent.cdninstagram.com&_nc_gid=02tAFQyzQM_khZzA6vvnRA&oh=00_Afg0hDq6m-FwIuPRYHAQuV_bjY5flVeL2l53sWBr0KDJHg&oe=69312BB0;39. Olağan Genel Kurulumuz sonrası seçilen il Başkanımız @baris.ayten ve il yöneticisi arkadaşlarımıza nazik ziyaretleri için teşekkür ediyoruz. Partimizi iktidara taşımak için tüm gücümüzle çalışacağız.;
https://www.instagram.com/p/DQ9ScKwDQ4v/;Carousel;269;0;0;2025-11-12 16:11:48;https://scontent.cdninstagram.com/v/t51.82787-15/580066359_18542177710011172_721537539606724386_n.jpg?stp=dst-jpg_e35_tt6&_nc_cat=101&ig_cache_key=Mzc2NDI0NTk1MzYwODc3OTQ1Nw%3D%3D.3-ccb7-5&ccb=7-5&_nc_sid=58cdad&efg=eyJ2ZW5jb2RlX3RhZyI6InhwaWRzLjE0NDB4OTU5LnNkci5DMyJ9&_nc_ohc=sxiFLnQCrm8Q7kNvwHFf_g8&_nc_oc=Adny-EySJ_y0UzAGTAtKfZ-3mI6QFWO5fTjQCUhjtKD-Mj6A_8TOhBv11eMP5oQMclE&_nc_ad=z-m&_nc_cid=0&_nc_zt=23&_nc_ht=scontent.cdninstagram.com&_nc_gid=02tAFQyzQM_khZzA6vvnRA&oh=00_AfjNe05UD_8KpxbiDplhx7JDing3akbWX3DrS2XCifm5KA&oe=6930F819;"Bugün bizleri ziyarete gelen; Burdur Bahçeşehir Koleji Kurucusu  Hurşit Çetin Bey’e, Bartın CHP il Bşk Yrd Coşkun Yılmaz ve Tayfun Yılmaz Beylere, 2. OSB’de iki genç girişimci kardeşimiz Emre Aksöz ve Hakan Çiçek ile Gn Müdürleri Mustafa Şahin Beylere, Halk Bankası Burdur Şubesi Müdürlüğüne yeni atanan Mustafa Daşan ve Mehmet Pektaş Beyler ile Burdur’da görev yapan tüm cezaevi müdürlerimiz ve Denetimli Serbestlik Müdürümüze  teşekkür ediyorum.";
https://www.instagram.com/p/DQ8lAA6DRyy/;Photo;310;2;0;2025-11-12 09:34:45;https://scontent.cdninstagram.com/v/t51.82787-15/579985522_18542034478011172_7416088926134016258_n.jpg?stp=dst-jpg_e35_tt6&_nc_cat=103&ig_cache_key=Mzc2NDA0NjExNzI2OTc0MDcyMg%3D%3D.3-ccb7-5&ccb=7-5&_nc_sid=58cdad&efg=eyJ2ZW5jb2RlX3RhZyI6InhwaWRzLjE0MjB4MTc5Mi5zZHIuQzMifQ%3D%3D&_nc_ohc=yzqtpvS-kFAQ7kNvwG2Rijw&_nc_oc=AdkKlkjYpA2gNkoQQoNPfjOcROHXWkauH--crGnUr1lk2OCbO5y4--RDz7Z1r3pgs0I&_nc_ad=z-m&_nc_cid=0&_nc_zt=23&_nc_ht=scontent.cdninstagram.com&_nc_gid=02tAFQyzQM_khZzA6vvnRA&oh=00_AfjbhJVcIyp-xqlytxW18wEGWhW5cnb28V0FuRjzofLJEg&oe=69310951;"Milletçe yüreğimiz yanıyor. Düşen ateş 20 ocağı değil vatanın her bir köşesini yakmıştır. Şehitlerimize bir kez daha Allah’tan rahmet diliyor; şehitlerimizin acılı yakınlarının, sevenlerinin ve tüm ulusumuzun başı sağ olsun…";
https://www.instagram.com/p/DQ7XMMVjZb7/;Photo;277;0;0;2025-11-11 22:14:50;https://scontent.cdninstagram.com/v/t51.82787-15/581525926_18541912111011172_5734569675180144311_n.jpg?stp=dst-jpg_e35_tt6&_nc_cat=109&ig_cache_key=Mzc2MzcwMzkwNjU0ODE2MDI1MQ%3D%3D.3-ccb7-5&ccb=7-5&_nc_sid=58cdad&efg=eyJ2ZW5jb2RlX3RhZyI6InhwaWRzLjg2NHg0ODYuc2RyLkMzIn0%3D&_nc_ohc=nmiR-69G6vcQ7kNvwEj3okW&_nc_oc=AdlaV9B2Z48aNN8sjeaENno1bO6sGkKvrqaGBRzkDWApbn92pcL2-SUKtzFNXYP-hZ4&_nc_ad=z-m&_nc_cid=0&_nc_zt=23&_nc_ht=scontent.cdninstagram.com&_nc_gid=02tAFQyzQM_khZzA6vvnRA&oh=00_AfjaLQ8w5PJ5TaIzHuHVrhpokkdXr-18N58GsA76nos_gQ&oe=69311191;Kendisini 5 Mayıs 2025’te Silivri’de ziyaret etmiştim. O gün de suçsuzluğuna inanmıştım. Bugün ve şu an itibarıyla tahliye edildiğini görmek bizleri çok mutlu etti. Umarız üzerine atılı suçlardan da aklanarak görevinin başına döner. Geçmiş olsun @profdrahmetozer Başkanım ❤️;
https://www.instagram.com/p/DQ7FwStjcnY/;Photo;271;0;0;2025-11-11 19:42:29;https://scontent.cdninstagram.com/v/t51.82787-15/581110770_18541876519011172_2222420788198064459_n.jpg?stp=dst-jpegr_e35_tt6&_nc_cat=104&ig_cache_key=Mzc2MzYyNzIyMjQ1NzI0MDAyNA%3D%3D.3-ccb7-5&ccb=7-5&_nc_sid=58cdad&efg=eyJ2ZW5jb2RlX3RhZyI6InhwaWRzLjE0NDB4MTA4MC5oZHIuQzMifQ%3D%3D&_nc_ohc=bS3tDUCOkwoQ7kNvwFWHu7J&_nc_oc=Adlym8AIVSFQS60MeDGp1XibBYTbQJ9xWUyZWWE_X1W0QtIqQyYypj7CDPbG-kYFHdE&_nc_ad=z-m&_nc_cid=0&_nc_zt=23&se=-1&_nc_ht=scontent.cdninstagram.com&_nc_gid=02tAFQyzQM_khZzA6vvnRA&oh=00_AfgrKJm0orYEqSnMvAemmy-H9F06eEeiduEQrydUofDmYg&oe=693108D3;86 yaşında Kore Onur Madalyalı Niyazi Amcamızla sohbet ettik. Kore’de  1 yıl kaldıktan sonra 1 aylık gemi seferiyle geri dönen Niyazi Amcam her şeyi dün gibi hatırlıyor. Benden bir isteği oldu, O’nun sesi olabilmek için elinden geleni yapacağım kendisine söz verdim…;
https://www.instagram.com/p/DQ66qsvCsrL/;Photo;120;0;0;2025-11-11 18:05:36;https://scontent.cdninstagram.com/v/t51.82787-15/580566755_18526750840067667_5645645504367390914_n.webp?_nc_cat=107&ig_cache_key=Mzc2MzU3ODQ1OTU3MTAxNDM0Nw%3D%3D.3-ccb7-5&ccb=7-5&_nc_sid=58cdad&efg=eyJ2ZW5jb2RlX3RhZyI6InhwaWRzLjE0NDB4MTQ0MC5zZHIuQzMifQ%3D%3D&_nc_ohc=6R7r91Z1JBkQ7kNvwGPpzqS&_nc_oc=AdlatMgtdP1n9t6bwHvP9wvS95TDqTfO2gI2gs4rD1-hTVq_ZFQGibIGO0ppZTorXYJ4ZlXJMV_9u8298pIpbJrj&_nc_ad=z-m&_nc_cid=0&_nc_zt=23&_nc_ht=scontent.cdninstagram.com&_nc_gid=gcpe2Kq-vHLRdcbyXrWjfw&oh=00_AfiDqNJ7nbg1AZdTsRtsvLMylTgUCsnAT-ie_FNS0qHzQg&oe=69310813;;
https://www.instagram.com/p/DQ6jRKTDW0n/;Reels;638;5;17816;2025-11-11 14:43:19;https://scontent.cdninstagram.com/v/t51.71878-15/579769065_811638178140306_6149711382131194734_n.jpg?stp=dst-jpg_e15_tt6&_nc_cat=108&ig_cache_key=Mzc2MzQ3NTU0OTUzNzUyOTEyNw%3D%3D.3-ccb7-5&ccb=7-5&_nc_sid=58cdad&efg=eyJ2ZW5jb2RlX3RhZyI6InhwaWRzLjY0MHgzNjAuc2RyLkMzIn0%3D&_nc_ohc=oXI7_iUOgEAQ7kNvwGZAMpQ&_nc_oc=AdlSwjdWijuGaw9ZHtJ74g0HBOqy_pPg2l2cm21BHmUlrEprYnBriZyf4bKIOLu1vGIAPTkhFzylCsWMSlDcIKjZ&_nc_ad=z-m&_nc_cid=0&_nc_zt=23&_nc_ht=scontent.cdninstagram.com&_nc_gid=gcpe2Kq-vHLRdcbyXrWjfw&oh=00_Afgv9iSeB154k1FeutYfZuvg6c0-1mvUbBnxighREqX6Fg&oe=69311978;Haydi dayanışmaya 🤗  Kent Lokantamızda “Askıda Yemek”le ihtiyaç sahibi vatandaşlarımıza destek olabiliriz. Sıcak bir çorba kaliteli yemekler için hem sizi hem de destek olabileceğiniz tüm dostlarımızı bekliyoruz…;
https://www.instagram.com/p/DQ6YaDLDQvH/;Carousel;359;0;0;2025-11-11 13:06:13;https://scontent.cdninstagram.com/v/t51.82787-15/579425919_18541800349011172_5211732674915619524_n.jpg?stp=dst-jpg_e35_tt6&_nc_cat=109&ig_cache_key=Mzc2MzQyNzc3MDQyNTQ4Mjk0Ng%3D%3D.3-ccb7-5&ccb=7-5&_nc_sid=58cdad&efg=eyJ2ZW5jb2RlX3RhZyI6InhwaWRzLjEwNjV4NzEwLnNkci5DMiJ9&_nc_ohc=ZfrBsnogG2MQ7kNvwFD-Mu7&_nc_oc=Adnvip6BsxxLy1qQyQuXpNQgY4hl3CLCpaKooZNoPyZIZw7jO6rqFnR2aD84XDgElEdeL9wNSv0c36i80bP96XtX&_nc_ad=z-m&_nc_cid=0&_nc_zt=23&_nc_ht=scontent.cdninstagram.com&_nc_gid=gcpe2Kq-vHLRdcbyXrWjfw&oh=00_Afh_oZzmz9hZeITFi0oDYkXXwqOP9rU1gV0sIQ5E_QVEVg&oe=69311F1A;11 Kasım Millî Ağaçlandırma Günü’nde saat 11:11’de 1000 fidanı toprakla buluşturduk. Valimiz Sn Tülay Baydar Bilgihan, protokol üyeleri STK’lar ve yavrularımızla birlikte ağaçlarımızı diktik.  “Fidanlar ağaca, ağaçlar ormana dönmeli yurdumda” çünkü ağaç candır oksijendir barınmadır besindir kısaca her şeydir. Ormanlarınızı koruyalım çoğaltalım…;
https://www.instagram.com/p/DQ4XJcojUhL/;Photo;504;1;0;2025-11-10 18:16:44;https://scontent.cdninstagram.com/v/t51.82787-15/576583962_18541597840011172_6296929992295616804_n.jpg?stp=dst-jpg_e35_tt6&_nc_cat=101&ig_cache_key=Mzc2Mjg1OTI5Mjk1ODIxNDIxOQ%3D%3D.3-ccb7-5&ccb=7-5&_nc_sid=58cdad&efg=eyJ2ZW5jb2RlX3RhZyI6InhwaWRzLjE0NDB4OTYwLnNkci5DMyJ9&_nc_ohc=YZfFsKeLaocQ7kNvwE7nPrY&_nc_oc=AdlBSR7UeufBosDr-hwRt2K8p1lDjfmjeFP-XPZn6A59gy5HUCbjHHAImuKsWrLXFzMDXfG9VktDoUUC_ZySnGNp&_nc_ad=z-m&_nc_cid=0&_nc_zt=23&_nc_ht=scontent.cdninstagram.com&_nc_gid=gcpe2Kq-vHLRdcbyXrWjfw&oh=00_Afj5SKB6SL3V1Ldgt9JUEFGciELAVWsEN_Ii9NP0YZCAww&oe=69310870;Gökyüzü  bile bugün farklı… Güneş batarken bulutlar bile kırmızı, herhalde Atam’a olan özlemimize doğa da eşlik ediyor. Herkese huzurlu sağlıklı bir akşam dileğiyle…;
https://www.instagram.com/p/DQ4Jd5CjZ3E/;Carousel;282;0;0;2025-11-10 16:17:12;https://scontent.cdninstagram.com/v/t51.82787-15/579685911_18541576534011172_5471155634425508902_n.jpg?stp=dst-jpg_e35_tt6&_nc_cat=106&ig_cache_key=Mzc2Mjc5OTExNDExNjIxNTU1Mw%3D%3D.3-ccb7-5&ccb=7-5&_nc_sid=58cdad&efg=eyJ2ZW5jb2RlX3RhZyI6InhwaWRzLjEwNjV4NzEwLnNkci5DMyJ9&_nc_ohc=ayhl-j7Y7DkQ7kNvwE1xFTq&_nc_oc=AdmmUTg8MP193Uxf5bkNtSlSxaYVuPlinQ1y4_RLQvuhJGIUs0F3e2qdNAfDwIHVq08X6MHV6XLZ1gdLJBIFmoYz&_nc_ad=z-m&_nc_cid=0&_nc_zt=23&_nc_ht=scontent.cdninstagram.com&_nc_gid=gcpe2Kq-vHLRdcbyXrWjfw&oh=00_AfjB08MNVeNcgmL6_-HkSbiWEqbwdajTjy0Pr4oIZLTPaQ&oe=693127D9;Meclis Üyelerimizin gösterdiği  dayanışma ve yardımlaşmayla Ata’mızın ölüm yıl dönümünde Kent Lokantamızda bugün yemekler ücretsizdi. Ata’mızın hayrına verilen yemek ve okutulan dualarımız kabul olsun. Ata’mızın mekanı cennet olsun ışıklar içinde uyusun…;
https://www.instagram.com/p/DQ3s1dFjcqf/;Carousel;704;0;0;2025-11-10 12:07:00;https://scontent.cdninstagram.com/v/t51.82787-15/579355178_18541542106011172_680168943869349388_n.jpg?stp=dst-jpg_e35_tt6&_nc_cat=103&ig_cache_key=Mzc2MjY3MzE3ODkxMzg4ODk5NQ%3D%3D.3-ccb7-5&ccb=7-5&_nc_sid=58cdad&efg=eyJ2ZW5jb2RlX3RhZyI6InhwaWRzLjE0NDB4OTU5LnNkci5DMyJ9&_nc_ohc=LM9W8gcmOBEQ7kNvwFRqETx&_nc_oc=Adl3XKqPGaQtzV9FE8I6g7VTSgY5IdVwd7Lj0iP9y5v6D7y6rEEi2-toNvKICgTQsBWEJVd9gQQc0WdrSqwsAVJ3&_nc_ad=z-m&_nc_cid=0&_nc_zt=23&_nc_ht=scontent.cdninstagram.com&_nc_gid=gcpe2Kq-vHLRdcbyXrWjfw&oh=00_AfjyO5kSUgyb80oVwrSNan_6sdqP8NXVPs6xn3frIxmBcA&oe=69310C1F;Yüce Önder Gazi Mustafa Kemal Atatürk’ün aramızdan ayrılışının 87. yıldönümü etkinliklerine Cumhuriyet Meydanı’nda Ant’a çelenk sunduktan sonra Atatürk sergisi açılışını gerçekleştirdik. Ardında da USO Anadolu Lisesi tarafından hazırlanan programı duygu dolu bir şekilde izledik…;
https://www.instagram.com/p/DQ2VW5FjaJX/;Reels;312;1;7383;2025-11-09 23:26:38;https://scontent.cdninstagram.com/v/t51.71878-15/580533704_800302299672052_2346743639981338910_n.jpg?stp=dst-jpg_e15_tt6&_nc_cat=100&ig_cache_key=Mzc2MjI4ODQ3MDgxNjMwMTY1NQ%3D%3D.3-ccb7-5&ccb=7-5&_nc_sid=58cdad&efg=eyJ2ZW5jb2RlX3RhZyI6InhwaWRzLjY0MHgzNjAuc2RyLkMzIn0%3D&_nc_ohc=oI0d9aJCULEQ7kNvwE_C9Uk&_nc_oc=AdkIr7V1wjwSIiFN2xS_B942Z-quymFAydbkEkrESG7XgKdJ8K0yTe98GWwuDeSZ1tzGByWLO-aY15raG6Xqpkgb&_nc_ad=z-m&_nc_cid=0&_nc_zt=23&_nc_ht=scontent.cdninstagram.com&_nc_gid=gcpe2Kq-vHLRdcbyXrWjfw&oh=00_Afhq0eV4vADwRwMOX62_Bkm4A0n4Ozh5LEUxKIIfVAUMuQ&oe=6930FAE7;Aramızdan ayrılışının 87. yılında Ulu Önder Atatürk’ü rahmet minnet ve şükranla anıyoruz. Madden aramızda değil ancak fikirleri ve devrimleri O’nun adını sonsuza kadar yaşatacak.;
https://www.instagram.com/p/DQ1wdg5DQAW/;Carousel;1570;2;0;2025-11-09 18:00:13;https://scontent.cdninstagram.com/v/t51.82787-15/580761923_18541264591011172_1538278048534966581_n.jpg?stp=dst-jpegr_e35_tt6&_nc_cat=106&ig_cache_key=Mzc2MjEyNjE4ODM2MjcyNTI4MA%3D%3D.3-ccb7-5&ccb=7-5&_nc_sid=58cdad&efg=eyJ2ZW5jb2RlX3RhZyI6InhwaWRzLjE0NDB4MTkyMC5oZHIuQzMifQ%3D%3D&_nc_ohc=YZM6TLnKSFAQ7kNvwGvM6Lf&_nc_oc=AdlXxk1nKghQUlU8hTv5g0w_Py_uqNLQWd7qSdeJtSH153d-7O8s2iuZzZcOl4uRvPYIr_x11W7H_0IWizPANe1D&_nc_ad=z-m&_nc_cid=0&_nc_zt=23&_nc_ht=scontent.cdninstagram.com&_nc_gid=gcpe2Kq-vHLRdcbyXrWjfw&oh=00_Afhk-WAVUIz26AcijPZ45EKt6P8QMlZXVbRy_Vk_h4g_wA&oe=693115F1;Antik Yunan’da Psidia’nın Başkenti Sagalassos’taydık. Bizim için büyük bir değer olan ama maalesef yeterince tanıtamadığımız kum-deniz-güneş turizminden çok daha fazla getirisi olabilecek bu ören yerimizi hep birlikte daha çok değerlendirmeliyiz. Yaklaşık 30 yıldır kazılan ve muhteşem yapılarıyla ve hala akan çeşmesiyle her göreni büyüleyen #sagalassos ‘u görmeye davet ediyoruz 🤗;
https://www.instagram.com/p/DQ1Dzz5CqHy/;Photo;137;0;0;2025-11-09 11:30:02;https://scontent.cdninstagram.com/v/t51.82787-15/579703385_18526008961067667_5222049809248128598_n.webp?_nc_cat=100&ig_cache_key=Mzc2MTkyOTgxODI4ODU5NTQ0Mg%3D%3D.3-ccb7-5&ccb=7-5&_nc_sid=58cdad&efg=eyJ2ZW5jb2RlX3RhZyI6InhwaWRzLjE0NDB4MTkyMC5zZHIuQzMifQ%3D%3D&_nc_ohc=8_iarN_12yEQ7kNvwFRHt1j&_nc_oc=AdlRvC9Ky8_FgW5eQZAZDLBu2aa4-OSpcQxaUR8KDIOaz7_J7yexAqYKjZWiw_HzMjDeaJQiBYwOtOpD8nI4bvCF&_nc_ad=z-m&_nc_cid=0&_nc_zt=23&_nc_ht=scontent.cdninstagram.com&_nc_gid=gcpe2Kq-vHLRdcbyXrWjfw&oh=00_AfgRg3dJ_nlDdLi956pHvIepp9HIQLJDrmOhl5Kly67NIg&oe=6931131C;;
https://www.instagram.com/p/DQ0_7bmDZnp/;Photo;324;1;0;2025-11-09 10:56:08;https://scontent.cdninstagram.com/v/t51.82787-15/576504646_18541156636011172_4642090861669889281_n.jpg?stp=dst-jpg_e35_tt6&_nc_cat=107&ig_cache_key=Mzc2MTkxMjc0OTc2OTk4ODU4NQ%3D%3D.3-ccb7-5&ccb=7-5&_nc_sid=58cdad&efg=eyJ2ZW5jb2RlX3RhZyI6InhwaWRzLjE0NDB4MTQ0MC5zZHIuQzMifQ%3D%3D&_nc_ohc=VdBi2F3ADFEQ7kNvwGe2Nqd&_nc_oc=AdkLixv5un4tvxzltXESWJPmWHOAZTCN-RmefKwxQltNNp5x_UBovlxAtIq03_mhzXXQ6z6aHqEls59DBJfu6HgP&_nc_ad=z-m&_nc_cid=0&_nc_zt=23&_nc_ht=scontent.cdninstagram.com&_nc_gid=gcpe2Kq-vHLRdcbyXrWjfw&oh=00_AfieETo--ZM0mX4RbcCauUtVnEd0S3dAiAINNJdbhB28fQ&oe=69311B3E;Günaydın değerli hemşerilerim,   Yarın Kent Lokantası’nda öğle yemeği Ulu Önder Gazi Mustafa Kemal Atatürk’ün ölüm yıl dönümü nedeniyle ücretsizdir. Ulu Önder Atatürk ve silah arkadaşları için dualar okunacak.  Bize bu toprakları vatan yapan başta yüce Ata’mız ve silah arkadaşları olmak üzere tüm aziz şehitlerimize minnettarız. Ruhları şad mekanları cennet olsun 🙏🙏🙏;
https://www.instagram.com/p/DQzeTIujYIC/;Carousel;359;0;0;2025-11-08 20:43:01;https://scontent.cdninstagram.com/v/t51.82787-15/575424686_18540962482011172_7589529594160169025_n.jpg?stp=dst-jpg_e35_tt6&_nc_cat=110&ig_cache_key=Mzc2MTQ4MzM2MTA2ODkwNjU3Mg%3D%3D.3-ccb7-5&ccb=7-5&_nc_sid=58cdad&efg=eyJ2ZW5jb2RlX3RhZyI6InhwaWRzLjEyMDB4OTAwLnNkci5DMyJ9&_nc_ohc=bQLnoep2HUcQ7kNvwG2QhC4&_nc_oc=Adl0DJ1I8Q32buP8qZabOhH8OerX2U4vHDET35-hsmVyHo9hzRnx-OpVI6VfXHIomVgw94cEXOXO0LUPa0cVsGla&_nc_ad=z-m&_nc_cid=0&_nc_zt=23&_nc_ht=scontent.cdninstagram.com&_nc_gid=gcpe2Kq-vHLRdcbyXrWjfw&oh=00_AfittMaJ8EbonYN0Ysr__zfbSGqA6r2N2Jfr8cJzuPBwGw&oe=6930F669;Gülseren ve İsmail’e bir ömür boyu mutluluk diliyoruz…;
https://www.instagram.com/p/DQzMAx2DXlS/;Carousel;507;0;0;2025-11-08 18:03:14;https://scontent.cdninstagram.com/v/t51.82787-15/579822054_18540937573011172_5386079379246845997_n.jpg?stp=dst-jpg_e35_tt6&_nc_cat=111&ig_cache_key=Mzc2MTQwMjkzNDA2NDk1Mjc4Nw%3D%3D.3-ccb7-5&ccb=7-5&_nc_sid=58cdad&efg=eyJ2ZW5jb2RlX3RhZyI6InhwaWRzLjE0NDB4OTU5LnNkci5DMyJ9&_nc_ohc=4hUc7Mm-8B4Q7kNvwE_7Xhe&_nc_oc=AdnMVB9NoC51eNO3JgwtQSWVz3FWW_9RLKgX7VHXNRx8yQONP4UJFKuFgBm4Lcf5z4JkzvLCMdgsbbwljNWXJkQu&_nc_ad=z-m&_nc_cid=0&_nc_zt=23&_nc_ht=scontent.cdninstagram.com&_nc_gid=gcpe2Kq-vHLRdcbyXrWjfw&oh=00_Afj573eFSPO0h4SqbnueKHS1u0J9_b0bSUInUtqEfNr8Rw&oe=6930FF9D;Matematik Bölümü öğrencileri gençlerimizle akşamüstü özçekimi :);
https://www.instagram.com/p/DQy_JSPDUI6/;Carousel;305;0;0;2025-11-08 16:10:48;https://scontent-lhr8-2.cdninstagram.com/v/t51.82787-15/574752279_18540919351011172_1986408163397542903_n.jpg?stp=dst-jpg_e35_tt6&_nc_cat=101&ig_cache_key=Mzc2MTM0NjMzNzQ4NTcyNDQwOA%3D%3D.3-ccb7-5&ccb=7-5&_nc_sid=58cdad&efg=eyJ2ZW5jb2RlX3RhZyI6InhwaWRzLjE0NDB4OTU5LnNkci5DMyJ9&_nc_ohc=aW4xYkb9JUkQ7kNvwEl-HN_&_nc_oc=AdlqcmG6ZYTyhHrbx0e4q3gi-fOqd2JpAPOLYX9XfPk5DsRbOEMMM1lihuA7p57GUYIWZDUYiAbh6L_Y7uAye8uj&_nc_ad=z-m&_nc_cid=0&_nc_zt=23&_nc_ht=scontent-lhr8-2.cdninstagram.com&_nc_gid=eQgCgSVBGPPP7BhXoTWeaw&oh=00_AfgzmcaGieqbtcnbYLz9b7CoodNIG2JFdC7U6Yop1-BfLg&oe=6930F654;Bugün iki yeni işyeri açılışı gerçekleştirdik. İşitme Cihazı satışı yapacak Rukiye Nur ve bebek kıyafetleri satacak olan Büşra kardeşlerime bol ve bereketli kazançlar diliyoruz. Burdur’a güvenin Burdur’a inanın ve Burdur’a yatırım yapın dediğimiz tüm girişimci kardeşlerimize teşekkür ediyoruz…;
https://www.instagram.com/p/DQy6t4BDcOi/;Carousel;309;0;0;2025-11-08 15:32:06;https://scontent-lhr8-2.cdninstagram.com/v/t51.82787-15/579625605_18540913327011172_4960235414606020257_n.jpg?stp=dst-jpg_e35_tt6&_nc_cat=106&ig_cache_key=Mzc2MTMyNjg3MTc3OTU2NDYwNQ%3D%3D.3-ccb7-5&ccb=7-5&_nc_sid=58cdad&efg=eyJ2ZW5jb2RlX3RhZyI6InhwaWRzLjE0NDB4OTU5LnNkci5DMyJ9&_nc_ohc=H39-qyRsTXkQ7kNvwEv9L2I&_nc_oc=AdlUZwqJ0H4Ta3pdeloWo_4W6Ua-bEktNLJ76WNysr-m7sGc6qXiZLwdqNaJ0Z-ZbSsY8jay1RkBbz6XdO3k1UfZ&_nc_ad=z-m&_nc_cid=0&_nc_zt=23&_nc_ht=scontent-lhr8-2.cdninstagram.com&_nc_gid=eQgCgSVBGPPP7BhXoTWeaw&oh=00_Afg3Wb12YKB2GM-39zB5ngeHhMmwGA8nFkTtVPHnlAap1w&oe=69310791;Çeltikçi Kadın Kolları Başkanımız Safiye Diri’nin kadın dayanışmasıyla sıcacık gözlemeleri pişirip bizlere ikram ederek düzenledikleri tanışma etkinliğine katıldık. Kadının elinin değdiği her yerde bir güzellik olur, Çeltikçi’de de artık kadının eli daha çok siyasete değecek. Teşekkürler Kadın Kolları ablalarımız kardeşlerimiz 🙏;
https://www.instagram.com/p/DQw6nyODeIs/;Carousel;238;0;0;2025-11-07 20:52:47;https://scontent-lhr8-1.cdninstagram.com/v/t51.82787-15/573907589_18540707416011172_6955022258765131731_n.jpg?stp=dst-jpg_e35_tt6&_nc_cat=107&ig_cache_key=Mzc2MDc2MzUwMTgxNjk2MDA1Nw%3D%3D.3-ccb7-5&ccb=7-5&_nc_sid=58cdad&efg=eyJ2ZW5jb2RlX3RhZyI6InhwaWRzLjE0NDB4OTU5LnNkci5DMyJ9&_nc_ohc=8uHxDCYfOwcQ7kNvwGKchMW&_nc_oc=AdnjmIEAe5lvcC2MsOW_GlrsUqGBc4BBBBC6ixhUx9EuvJClqyoMZmqUuyy05HmuvleLVHiN9Gyk0TyVvOyPy4uH&_nc_ad=z-m&_nc_cid=0&_nc_zt=23&_nc_ht=scontent-lhr8-1.cdninstagram.com&_nc_gid=eQgCgSVBGPPP7BhXoTWeaw&oh=00_AfiV_HU7vySN_49N15Jjjf9eq3HQaLhCgowhbSRkziyh6w&oe=693117ED;Ağlasun’lu hemşerimiz Ümran Top öğretmenimizin Sagalassos’u çocuklara anlattığı kitabını takdim etmek üzere Ağlasun’dan hemşerilerimiz ve akademisyen dostlarımızla birlikte geldiler. Öğretmenimize ve dostlarımıza teşekkür ediyoruz…;
https://www.instagram.com/p/DQwnlNJjWpg/;Photo;147;0;0;2025-11-07 18:06:25;https://scontent-lhr8-2.cdninstagram.com/v/t51.82787-15/575203481_18540667210011172_8483767782783362786_n.jpg?stp=dst-jpg_e35_tt6&_nc_cat=101&ig_cache_key=Mzc2MDY3OTc2OTQwNzg0MjkxMg%3D%3D.3-ccb7-5&ccb=7-5&_nc_sid=58cdad&efg=eyJ2ZW5jb2RlX3RhZyI6InhwaWRzLjEzNTF4OTAwLnNkci5DMyJ9&_nc_ohc=Her_Hyt9h_kQ7kNvwHozwW7&_nc_oc=Adm7lIDkq7K1G8DkNUrcYchn4ktJyawnuq7pAn08Tre78SgmG0DSU8m51qfN1JJ8xTxm8L4Z4jJu05kpJLZ-LajA&_nc_ad=z-m&_nc_cid=0&_nc_zt=23&_nc_ht=scontent-lhr8-2.cdninstagram.com&_nc_gid=eQgCgSVBGPPP7BhXoTWeaw&oh=00_Afgjbu1a0NXg8lgjO3UvHbLsnnkwnZ9ma5RhsuwhQfoKTQ&oe=693103E0;"Geçmişte Örgütümüzün çeşitli görevlerinde bulunan büyüklerimle bir araya geldik. Belediye faaliyetleri hakkında bilgilendirdim, büyüklerimizin deneyimlerinden bir kez daha yaralanma fırsatı buldum. Nitelikli bir sohbetin ardından; başından beri yanımda yakınımda hissettiğim büyüklerimin başarı dilekleri ve ziyaretleri için kendilerine teşekkür ediyorum.";
https://www.instagram.com/p/DQuZbPJjdSf/;Carousel;300;0;0;2025-11-06 21:24:14;https://scontent-lhr6-2.cdninstagram.com/v/t51.82787-15/573533751_18540521629011172_9211512242116946778_n.jpg?stp=dst-jpg_e35_tt6&_nc_cat=100&ig_cache_key=Mzc2MDA1NDU1NjE2MDgxNTI5NA%3D%3D.3-ccb7-5&ccb=7-5&_nc_sid=58cdad&efg=eyJ2ZW5jb2RlX3RhZyI6InhwaWRzLjEyMDB4OTAwLnNkci5DMyJ9&_nc_ohc=MgdZDYxhS8cQ7kNvwEYlR3y&_nc_oc=Adn2EkEqyYrC2pRU-ItMXCFhZtIuSeOF4LKrzcdwCzJBWV3ESTfb80X3NIy2kTqjQcZECRnOLCAEO7ygCkaT98__&_nc_ad=z-m&_nc_cid=0&_nc_zt=23&_nc_ht=scontent-lhr6-2.cdninstagram.com&_nc_gid=eQgCgSVBGPPP7BhXoTWeaw&oh=00_AfhQLz1D_vG5qIHbMsi-Q4S4_wN0Cpy06NrIcNKrWzBv3Q&oe=6930FA8F;Belediye Başkanı arkadaşlarımızla bir şube daha açan Hayrettin ve Oktay arkadaşlarımıza uğrayıp hayırlı olsun dileklerimizi ilettik. Eğitim-İş Sendikası’nın kuruluşunun 20. Yılı nedeniyle sendika başkanımız ve yöneticilerimizi ziyaret ettik.;
https://www.instagram.com/p/DQuLyE3jdeS/;Carousel;211;0;0;2025-11-06 19:25:01;https://scontent-lhr8-2.cdninstagram.com/v/t51.82787-15/573508047_18540488767011172_1115374610209836194_n.jpg?stp=dst-jpg_e35_tt6&_nc_cat=106&ig_cache_key=Mzc1OTk5NDU0NjUwODU5NjAxNg%3D%3D.3-ccb7-5&ccb=7-5&_nc_sid=58cdad&efg=eyJ2ZW5jb2RlX3RhZyI6InhwaWRzLjE0NDB4OTU5LnNkci5DMyJ9&_nc_ohc=KSRuv4B7GWEQ7kNvwEM5hBW&_nc_oc=Adn3q8TbZm3BeHiK2JrVt3TKgwewrdUnjG715rxTPKjzVn2SKnP6xB6s3hcGk7cTWB_oCF0H-L6bXqBHXUcZXZes&_nc_ad=z-m&_nc_cid=0&_nc_zt=23&_nc_ht=scontent-lhr8-2.cdninstagram.com&_nc_gid=eQgCgSVBGPPP7BhXoTWeaw&oh=00_AfgRmnaZE_vvC9myR9VhcKTfBafnuHERjsWwal2VXlvfGg&oe=6930FF2C;Bucak Yeşilova ve Çavdır Belediye Başkanlarımızla birlikte yeni seçilen il ve ilçe Başkanımız @baris.ayten ve @ilyasdivarci ile örgüt yöneticilerimizi ziyaret ederek başarı dileklerimizi ilettik. Baba Ocağı saydığımız ve Gn Bşkmız Sn @eczozgurozel ‘e söz verdiğimiz gibi iktidara hep birlikte yürüyeceğimiz Partimizde Kadın Kollarımızı da ziyaret ettik.;
https://www.instagram.com/p/DQuFao_Dcvi/;Carousel;323;0;0;2025-11-06 18:29:24;https://scontent-lhr8-2.cdninstagram.com/v/t51.82787-15/574627837_18540480103011172_446842440413205886_n.jpg?stp=dst-jpg_e35_tt6&_nc_cat=101&ig_cache_key=Mzc1OTk2NjU1MjQ3Mzg1MjkzOQ%3D%3D.3-ccb7-5&ccb=7-5&_nc_sid=58cdad&efg=eyJ2ZW5jb2RlX3RhZyI6InhwaWRzLjEwNjV4NzEwLnNkci5DMyJ9&_nc_ohc=iwMpUvYE7SEQ7kNvwELzYYM&_nc_oc=AdnAHmkFLDwgqVZcb4Q6NjkIevguUu0QhW5R9PVco_O0DWbpHZ2ydKMY_19H3QmDoghVbBaZUP4l_mSxcpqq3kY8&_nc_ad=z-m&_nc_cid=0&_nc_zt=23&_nc_ht=scontent-lhr8-2.cdninstagram.com&_nc_gid=eQgCgSVBGPPP7BhXoTWeaw&oh=00_Afh0_rfidOPFookvGbXt8Cgv5M_gw0MOGYNEifMilQv_UQ&oe=693115E7;"Bugün oldukça yoğun ve verimli bir günü geride bıraktık  Pamukkale Üniversitesi ile imzaladığımız protokol kapsamında kıymetli hocalarımızı belediyemizde ağırladık. Ardından İlbank Antalya Bölge Müdürümüz Sayın Bora Bey ile 2026 yılı yatırımlarımız üzerine görüş alışverişinde bulunduk.  İçme suyu şebekemizin yenilenmesi için dış kaynaklı kredi talebimizi ilettik. Umuyoruz ki olumlu sonuçlanarak Burdur’un önemli altyapı sorunlarından birini daha çözüme kavuşturacağız.  Günün devamında Kızılay Burdur Şubesi yöneticileri ve genç gönüllüleri ile bir araya geldik; sergiledikleri özverili çalışmalar için kendilerini tebrik ediyoruz.";
https://www.instagram.com/p/DQrkk8pjT5m/;Carousel;279;0;0;2025-11-05 19:03:58;https://scontent-lhr8-1.cdninstagram.com/v/t51.82787-15/573565336_18540222115011172_9097450309220357192_n.jpg?stp=dst-jpg_e35_tt6&_nc_cat=107&ig_cache_key=Mzc1OTI1OTE2ODY5MjU5MDI2Nw%3D%3D.3-ccb7-5&ccb=7-5&_nc_sid=58cdad&efg=eyJ2ZW5jb2RlX3RhZyI6InhwaWRzLjEwNjV4NzEwLnNkci5DMyJ9&_nc_ohc=IbFMjS2DsRIQ7kNvwFwtz-m&_nc_oc=AdknsjUpWNVWkP1Ej03C7dcy2aZWbyAC1LJG9PNQHJUcgobUuN9A6lyqMKzJD09YtFa8NsE1SCgovohTag3v8BIu&_nc_ad=z-m&_nc_cid=0&_nc_zt=23&_nc_ht=scontent-lhr8-1.cdninstagram.com&_nc_gid=eQgCgSVBGPPP7BhXoTWeaw&oh=00_AfjObe3kbIqKyQWMuc_Oy9-NvgzCG3l2GOpVdJQKgfeA-Q&oe=6930F73F;Kasım Ayı Meclis toplantımızın birinici oturumunu gerçekleştirdik. Alınan kararlar kentimize hayırlı olsun…;
https://www.instagram.com/p/DQqwxV8ja4f/;Photo;1018;5;0;2025-11-05 11:31:16;https://scontent-lhr6-2.cdninstagram.com/v/t51.82787-15/575227265_18540157477011172_7423155059961567357_n.jpg?stp=dst-jpg_e35_tt6&_nc_cat=104&ig_cache_key=Mzc1OTAzMTMzNjA0NTQ4OTY5NQ%3D%3D.3-ccb7-5&ccb=7-5&_nc_sid=58cdad&efg=eyJ2ZW5jb2RlX3RhZyI6InhwaWRzLjE0NDB4MTQ0MC5zZHIuQzMifQ%3D%3D&_nc_ohc=a7hN-Wlf3W8Q7kNvwFqHEQ6&_nc_oc=AdlvQKY_jXfRmZ7cKI8b3Dx-Pmt6iUJCr8jOi-t1AaGUkDq-t4TR91-VTnIfQwCkeWaEM8RveSiFWMehn3M_IFbJ&_nc_ad=z-m&_nc_cid=0&_nc_zt=23&_nc_ht=scontent-lhr6-2.cdninstagram.com&_nc_gid=eQgCgSVBGPPP7BhXoTWeaw&oh=00_AfiHQncyxZmP11-i9Wr0sSzuRzy_VuPkn5jhel5l6d6auQ&oe=693105D3;İki yıl önce cam tavanın kırılacağı ardından da Türkiye’nin birinci partisi olacağı bir kurultay gerçekleşti. Genel Başkanımız Özgür Özel o günden beri hiç durmadan çalışıyor. “İktidar olup her bir yurttaşımızın nefes alacağı güne kadar bize huzur yok” diyen Genel Başkanımızın arkasındayız… #4kasım2023 @eczozgurozel;
https://www.instagram.com/p/DQqfml9jXAF/;Photo;138;0;0;2025-11-05 09:01:15;https://scontent-lhr8-2.cdninstagram.com/v/t51.82787-15/573584580_18540130996011172_3187883361028248827_n.jpg?stp=dst-jpg_e35_tt6&_nc_cat=103&ig_cache_key=Mzc1ODk1NTgzMDUzNzE4NzMzMw%3D%3D.3-ccb7-5&ccb=7-5&_nc_sid=58cdad&efg=eyJ2ZW5jb2RlX3RhZyI6InhwaWRzLjExMjV4MTEyNS5zZHIuQzMifQ%3D%3D&_nc_ohc=yaRx3l7-ZGoQ7kNvwHI3H7w&_nc_oc=AdnCL3EIPgXCwaHrc6vCF604ZYwZZLL3nXD6hamFY9bchQCYVcGJQ07-12RJnPSJUNWAuXwWlubf2u83udFV7fna&_nc_ad=z-m&_nc_cid=0&_nc_zt=23&_nc_ht=scontent-lhr8-2.cdninstagram.com&_nc_gid=eQgCgSVBGPPP7BhXoTWeaw&oh=00_Afjh87cA6eGRXuQ9Qy8JBWFyg31dkeQmlMyVncGkoBh-Qg&oe=693126A0;Bilge kişiliği, sanatçı ve yazar kimliği, milliyetçi, devletçi büyük devlet adamı üçüncü Genel Başkanımız Başbakan Bülent Ecevit’in aramızdan ayrılışının 19. yılında kendisini rahmet minnet ve özlemle anıyoruz. Ruhu şad mekanı cennet olsun…;
https://www.instagram.com/p/DQobky6jVC0/;Reels;854;1;35474;2025-11-04 13:49:49;https://scontent-lhr6-1.cdninstagram.com/v/t51.71878-15/572719357_1360262902785472_2709520233344350177_n.jpg?stp=dst-jpg_e15_tt6&_nc_cat=109&ig_cache_key=Mzc1ODM3NTE2NDg2NzA3MjE4MA%3D%3D.3-ccb7-5&ccb=7-5&_nc_sid=58cdad&efg=eyJ2ZW5jb2RlX3RhZyI6InhwaWRzLjY0MHgzNjAuc2RyLkMzIn0%3D&_nc_ohc=MF13d3wN57gQ7kNvwF8VBdX&_nc_oc=AdkmlvIPD625B2BVwUD1w0liR4lcOSdBIxVJ1-tc7ahNbxTbEGmshnTZasLSE4XVa3JUBoBzAvZktmn9OXpxYXEn&_nc_ad=z-m&_nc_cid=0&_nc_zt=23&_nc_ht=scontent-lhr6-1.cdninstagram.com&_nc_gid=eQgCgSVBGPPP7BhXoTWeaw&oh=00_Afib67drzwjxXag7eSNKxoTF4Mhll-UnWokksCNBzsjQXA&oe=6931005A;Ücretsiz Wi-Fi hizmetimizle vatandaşımızın özgürce internet kullanabilmesini ve en çok da öğrencilerimizin yararlanmasını hedefliyoruz. Artık dört farklı merkezi noktamızda hızlı ve güvenli internete ulaşabilirsiniz. Güle güle kullanılsın 🙏🫶;
https://www.instagram.com/p/DQmaZ0IDSs6/;Carousel;370;0;0;2025-11-03 18:58:51;https://scontent-lhr6-1.cdninstagram.com/v/t51.82787-15/573115747_18539876188011172_7974760321327733825_n.jpg?stp=dst-jpg_e35_tt6&_nc_cat=109&ig_cache_key=Mzc1NzgwNzA1MzE2ODI2MjkyNQ%3D%3D.3-ccb7-5&ccb=7-5&_nc_sid=58cdad&efg=eyJ2ZW5jb2RlX3RhZyI6InhwaWRzLjEyMDB4OTAwLnNkci5DMyJ9&_nc_ohc=TufNKvTNgcMQ7kNvwEl3bm5&_nc_oc=AdnEgyevfm3OLdm_d-5rv0vxA3eqcMD7lNXvSfnmC236DP9M2J9Ky8H2R5FjjCUxcap2hXnXY_0txE4rKWrsCgBK&_nc_ad=z-m&_nc_cid=0&_nc_zt=23&_nc_ht=scontent-lhr6-1.cdninstagram.com&_nc_gid=eQgCgSVBGPPP7BhXoTWeaw&oh=00_AfjABaCQZhXLstVnI9C879MNz116jf9ke9Xrt6sOwDm-Gw&oe=69312BD4;Bugün Nahide ve Ramazan ile Ayşe ve Ali’nin evlilik sözleşmelerini imzaladık. Genç çiftlerimize bir ömür boyu mutluluk diliyoruz…;
https://www.instagram.com/p/DQltKtuDXsK/;Reels;226;0;9586;2025-11-03 12:38:06;https://scontent.cdninstagram.com/v/t51.71878-15/574130932_1763736227639499_8383575520240810497_n.jpg?stp=dst-jpg_e15_tt6&_nc_cat=103&ig_cache_key=Mzc1NzYwODExMjQ4OTMzMTQ2Ng%3D%3D.3-ccb7-5&ccb=7-5&_nc_sid=58cdad&efg=eyJ2ZW5jb2RlX3RhZyI6InhwaWRzLjY0MHgzNjAuc2RyLkMzIn0%3D&_nc_ohc=nQIw3BVPd7gQ7kNvwF1u42w&_nc_oc=AdlM6arlzVx7JSI8o5IiHQMmDn_I6Q4f9hCYa-Mq1gndFJIQyAmn1pjF-ECmlEqqoTap-Af9caqAF5PibgxHNM58&_nc_ad=z-m&_nc_cid=0&_nc_zt=23&_nc_ht=scontent.cdninstagram.com&_nc_gid=rWJiU_HzBz_WZEWTxwVn_Q&oh=00_AfiY_qYDwG5ixTSVwd8tH4VYLdjo_T0hAg61ijaksc2i0g&oe=69311CC2;Kahraman Gazilerimizi  ve aziz şehitlerimizin yakınlarını uğurladık. Sağ salim gidip dönerler inşallah 🙏❤️;
https://www.instagram.com/p/DQliNmWDeDY/;Carousel;470;4;0;2025-11-03 10:47:51;https://scontent.cdninstagram.com/v/t51.82787-15/572877328_18539819191011172_5320284310591014316_n.jpg?stp=dst-jpg_e35_tt6&_nc_cat=108&ig_cache_key=Mzc1NzU1OTkxNzU1Mzk3NzMyNg%3D%3D.3-ccb7-5&ccb=7-5&_nc_sid=58cdad&efg=eyJ2ZW5jb2RlX3RhZyI6InhwaWRzLjE0NDB4OTU5LnNkci5DMyJ9&_nc_ohc=-NNrPvRgRyQQ7kNvwHw-sbE&_nc_oc=AdmaN2_774xcQShN45OFnyQUd0PGr4yq6NHylxFM-WcqbbSi78OkYLgxHmS0kFDd4yg6SUwxRy3s0mgz71juZ1mg&_nc_ad=z-m&_nc_cid=0&_nc_zt=23&_nc_ht=scontent.cdninstagram.com&_nc_gid=rWJiU_HzBz_WZEWTxwVn_Q&oh=00_Afhz0BdZMSpEwmqrcdYHpPJEAq06DUinH2ZvzLx-zPvJAg&oe=69311E84;Güne kahraman gazilerimiz ve aziz şehitlerimizin yakınlarını Kurtuluş Savaşı’mızın ve bağımsızlık mücadelemizin verildiği topraklar olan Kocatepe Dumlupınar ve Gelibolu’ya yolcu ederek başladık. Yolları açık olsun sağ salim gidip dönmeleri umuduyla hayırlı olculuk dileklerimizi iletip uğurladık…;
https://www.instagram.com/p/DQg4F5tjRzA/;Carousel;303;1;0;2025-11-01 15:22:50;https://scontent.cdninstagram.com/v/t51.82787-15/573254142_18539510119011172_3458902022357321859_n.jpg?stp=dst-jpg_e35_tt6&_nc_cat=101&ig_cache_key=Mzc1NjI0ODc3OTk3NzQ4NTYxOA%3D%3D.3-ccb7-5&ccb=7-5&_nc_sid=58cdad&efg=eyJ2ZW5jb2RlX3RhZyI6InhwaWRzLjE0NDB4OTI1LnNkci5DMyJ9&_nc_ohc=pR4rZmurQ5kQ7kNvwFoifkD&_nc_oc=AdlA61Tk5U_oPxghJwaYC9gpt9bomwxdB9-K_a6FkMo6Ngtw7SH-jFfHsUqchhgUAVFF71DK1qza_q2VwdPIufXJ&_nc_ad=z-m&_nc_cid=0&_nc_zt=23&_nc_ht=scontent.cdninstagram.com&_nc_gid=rWJiU_HzBz_WZEWTxwVn_Q&oh=00_AfixUC5McijnARhKBgOeY_bfb93rLRtv1I9ztCYg9hokpw&oe=69311EFB;T.C. Ulaştırma ve Altyapı Bakanı Sn Abdülkadir Uraloğlu’nu Valiliğimiz ziyaretinde karşıladık. Çevre yolu ve hızlı tren talebimizi kendilerine bir kez daha ilettik. İlimizin ve kentimizin  ihtiyacı olan ulaştırma altyapı ve haberleşme taleplerini de konuştuk. Sn Bakanımıza ziyaretleri için teşekkür ediyoruz…;
https://www.instagram.com/p/DQgYN2ACnPP/;Photo;117;0;0;2025-11-01 10:44:18;https://scontent.cdninstagram.com/v/t51.82787-15/572149199_18524497474067667_4139035891904368684_n.webp?_nc_cat=107&ig_cache_key=Mzc1NjEwODU5MzY3OTIwMTIzMQ%3D%3D.3-ccb7-5&ccb=7-5&_nc_sid=58cdad&efg=eyJ2ZW5jb2RlX3RhZyI6InhwaWRzLjE0NDB4MTY3MC5zZHIuQzMifQ%3D%3D&_nc_ohc=Wu2DIC7l9eUQ7kNvwE0DXIw&_nc_oc=Adm7K__fpbISIIoIy85BpwlE0wZH1t0WjxT1gBGXckJNS6MJBHtwe_UBKGIQGcI7ti544Iptl6ggSJ7z0SgWXedk&_nc_ad=z-m&_nc_cid=0&_nc_zt=23&_nc_ht=scontent.cdninstagram.com&_nc_gid=rWJiU_HzBz_WZEWTxwVn_Q&oh=00_AfjF1i3gHvg_yM_ZrXhIBoz28rk-urv7W32DxOPPe2e0Tw&oe=6930FA7F;Cumhuriyetimizin temelini de oluşturan bu tarihi devrimi gerçekleştiren Gazi Mustafa Kemal Atatürk ve silah arkadaşlarını saygı, rahmet ve minnetle anıyoruz.;
https://www.instagram.com/p/DQgUD9rimW8/;Photo;108;0;0;2025-11-01 10:08:00;https://scontent.cdninstagram.com/v/t51.82787-15/572832042_18524494597067667_2052302819484065709_n.webp?_nc_cat=101&ig_cache_key=Mzc1NjA5MDMyMjU0NDM4NzUxNg%3D%3D.3-ccb7-5&ccb=7-5&_nc_sid=58cdad&efg=eyJ2ZW5jb2RlX3RhZyI6InhwaWRzLjE0NDB4MTQ0MC5zZHIuQzMifQ%3D%3D&_nc_ohc=IW0Lx1javLEQ7kNvwG2HG1_&_nc_oc=AdkjwgB89Q6mIIWurTGIuPubiLTxcLuEuiRId-tkwIDmI0-gBdrZsi8xI5upCSfo5FSCKFm4z35Y7ECf5Ev03zRX&_nc_ad=z-m&_nc_cid=0&_nc_zt=23&_nc_ht=scontent.cdninstagram.com&_nc_gid=rWJiU_HzBz_WZEWTxwVn_Q&oh=00_AfiITjBxOoCufsoy2a6YwldQGWn2hPa-E0q61XzL7qVEQg&oe=6930FF4A;1 Kasım 1928’de gerçekleştirilen Harf Devrimi ile aydınlık bir dönemin kapıları aralandı. Yeni alfabemizle okuma yazma seferberliği başladı, cehaletin yerine bilgi ve ilerleme geldi.  1 Kasım Türk Harf Devrimi Haftası kutlu olsun.;
https://www.instagram.com/p/DQfOC2sDbwg/;Carousel;326;0;0;2025-10-31 23:56:11;https://scontent.cdninstagram.com/v/t51.82787-15/573511653_18539402842011172_8078500047633149729_n.jpg?stp=dst-jpg_e35_tt6&_nc_cat=109&ig_cache_key=Mzc1NTc4MjM2NzYxODA3OTQ0Ng%3D%3D.3-ccb7-5&ccb=7-5&_nc_sid=58cdad&efg=eyJ2ZW5jb2RlX3RhZyI6InhwaWRzLjE0NDB4OTU5LnNkci5DMyJ9&_nc_ohc=F7Kl9SVZKvQQ7kNvwEqx32U&_nc_oc=AdnTxL3gbHfhou_yGZArvx1dI34hE3YRxIhDnvGCZON6SUpeC2yUGmadVqEdmuqfxgOibWjLwFjrb3-XPH7QreCo&_nc_ad=z-m&_nc_cid=0&_nc_zt=23&_nc_ht=scontent.cdninstagram.com&_nc_gid=rWJiU_HzBz_WZEWTxwVn_Q&oh=00_AfifiT54AWtLFfdrZGAADnB9bpGuU6RnFKbycxZdJCkFvw&oe=6930F8EC;ADD Burdur Şubesi tarafından düzenlenen geleneksel  Cumhuriyet Bayramı Yemeği’nde dostlarla buluştuk. Yaşasın Cumhuriyet yaşasın tam bağımsız Türkiye 🇹🇷 🙏;
https://www.instagram.com/p/DQehVrqjZCA/;Carousel;371;0;0;2025-10-31 17:25:32;https://scontent.cdninstagram.com/v/t51.82787-15/573298319_18539353162011172_6599769605989115252_n.jpg?stp=dst-jpg_e35_tt6&_nc_cat=107&ig_cache_key=Mzc1NTU4NTc1NDg4NjkwMzY1Mg%3D%3D.3-ccb7-5&ccb=7-5&_nc_sid=58cdad&efg=eyJ2ZW5jb2RlX3RhZyI6InhwaWRzLjEwNjZ4MTQyMS5zZHIuQzMifQ%3D%3D&_nc_ohc=vDcj3Q8YkRYQ7kNvwETlhB4&_nc_oc=AdntnIgZ5Qk_KsdqgqGYhGI3chKfy2W7mQbNFbQ-TtbPY4OS13DzAV_sOGr3O-95se0_xfQVtsR3AVoEf7wRii8r&_nc_ad=z-m&_nc_cid=0&_nc_zt=23&_nc_ht=scontent.cdninstagram.com&_nc_gid=rWJiU_HzBz_WZEWTxwVn_Q&oh=00_AfjBRvaqmbRKhgZQCUlErwbHIdefS7MLqC1zKT1wCD47-Q&oe=69311DFA;Aysu ve Tutku kardeşlerimizin mühendislik ve mimarlık bürolarının açılışını gerçekleştirdik. Gençlerimize bereketli bol ve hayırlı kazançlar diliyoruz…;
https://www.instagram.com/p/DQeE-4XjQtS/;Carousel;270;0;0;2025-10-31 13:17:45;https://scontent.cdninstagram.com/v/t51.82787-15/572898152_18539319103011172_5928784695534132775_n.jpg?stp=dst-jpg_e35_tt6&_nc_cat=106&ig_cache_key=Mzc1NTQ2MTAzMzQ4MjYxNjM3Mw%3D%3D.3-ccb7-5&ccb=7-5&_nc_sid=58cdad&efg=eyJ2ZW5jb2RlX3RhZyI6InhwaWRzLjEyMDF4OTAxLnNkci5DMyJ9&_nc_ohc=ybJS8HyQF7EQ7kNvwGW6Nzl&_nc_oc=AdnofmhW0Sh5vG6-fdNMXmhprheu__o3cRsSGYXLP6DH-UTFHkcB0MN4fcjWXvGirU_VN-wCZgENYpr0p6l_364c&_nc_ad=z-m&_nc_cid=0&_nc_zt=23&_nc_ht=scontent.cdninstagram.com&_nc_gid=rWJiU_HzBz_WZEWTxwVn_Q&oh=00_Afjh-nd0bHLQeLc-3Y7gTF3xPLZW24w6Fzq98OITwnwxWw&oe=69311891;Park ve Bahçeler, Su İşleri  e Temizlik İşleri Müdürlüklerimiz şehrimizin farklı alanlarında ve Burdur Çayı’nda temizlik çalışmalarını sürdürüyor. Daha temiz parklarımız daha düzgün yollarımız ve tertemiz çayınız için emekçilerimize teşekkür ediyoruz.;
