﻿PostLink;PostTürü;BeğeniSayısı;YorumSayısı;Görüntülenme Sayısı;Tarih;DisplayPhoto;Caption;Takipçi
https://www.instagram.com/p/DRo_7UkjAwW/;Carousel;64;0;0;2025-11-29 15:36:37;https://scontent-ord5-1.cdninstagram.com/v/t39.30808-6/589735482_122276282588205329_5280920274270375935_n.jpg?stp=c0.29.2048.1307a_dst-jpg_e35_tt6&_nc_cat=101&ig_cache_key=Mzc3NjU0OTQyODg3MDc5MjM4Mg%3D%3D.3-ccb7-5&ccb=7-5&_nc_sid=58cdad&efg=eyJ2ZW5jb2RlX3RhZyI6InhwaWRzLjIwNDh4MTM2Ni5zZHIuQzMifQ%3D%3D&_nc_ohc=pka_pPFiGTwQ7kNvwGp5fdk&_nc_oc=AdkesX-1SU-L5k_GifhSCfeMhyQdVJFTB4XvBv3ZjG-xCRJGK0q_QnACbN2ZRUuzwV8&_nc_ad=z-m&_nc_cid=0&_nc_zt=23&_nc_ht=scontent-ord5-1.cdninstagram.com&_nc_gid=0GoCacRFWtj9cRh0DF73rw&oh=00_AfjHzN3fN8-ULkY6-OXQn7QjfaK7HImwB9LeYgSY831g7g&oe=69312273;"Cumhuriyet Halk Partimizin 39. Olağan Kurultayı’nın ikinci gününde, Ankara’da örgütümüzle tek yürek, tek yumruğuz.  Genel Başkanımız Sayın Özgür Özel’in liderliğinde; köklerini tarihimizden, gücünü dayanışmadan alan bu büyük yürüyüşün rotası bellidir. Türkiye’nin makus talihini değiştirecek irade buradadır. Parolamız net: Şimdi İktidar Zamanı!  Şairin dediği gibi; ""Saraylar saltanatlar çöker kan susar bir gün zulüm biter. Menekşeler de açılır üstümüzde leylaklar da güler. Bugünlerden geriye, bir yarına gidenler kalır bir de yarınlar için direnenler...""  Yolumuz açık olsun!";8262
https://www.instagram.com/p/DRfBgGpjGBd/;Carousel;148;1;0;2025-11-25 18:37:58;https://scontent-ord5-3.cdninstagram.com/v/t39.30808-6/587398157_122275594484205329_1263687352269121239_n.jpg?stp=dst-jpg_e35_tt6&_nc_cat=106&ig_cache_key=Mzc3Mzc0MTYwMzgwNzMwNDUzMQ%3D%3D.3-ccb7-5&ccb=7-5&_nc_sid=58cdad&efg=eyJ2ZW5jb2RlX3RhZyI6InhwaWRzLjE2MDB4MTA2Ni5zZHIuQzMifQ%3D%3D&_nc_ohc=BgghWqJhgvcQ7kNvwEPyR1k&_nc_oc=Adn0aMld5LmNK2hjKP1YKWnNtvLegeng1l9_dOr-58iAPyf2ufWjuwFBOrwByPPAvJE&_nc_ad=z-m&_nc_cid=0&_nc_zt=23&_nc_ht=scontent-ord5-3.cdninstagram.com&_nc_gid=0GoCacRFWtj9cRh0DF73rw&oh=00_AfhGQqZXANmCme9Gqy70ASP7sUWh61QZb2BhHBnjEINstw&oe=693107BA;"Bugün, Artvin Kadın Dayanışma Platformu’nun düzenlediği basın açıklamasında, kadınların haklı mücadelesine omuz vermek için alandaydık.  Bir şehir, ancak kadınlar sokaklarında korkusuzca yürüyebildiği zaman gerçekten aydınlıktır. Karanlığa inat, yaşamdan yanayız. Artvin’de ve dünyada; kadınların korkuyla değil, özgürlükle nefes aldığı bir gelecek için mücadelemiz sürecek.  25 Kasım Kadınlara Yönelik Şiddete Karşı Uluslararası Mücadele Günü’nde bir kez daha haykırıyoruz: Şiddetin karşısında, kadınların yanındayız. Bu mücadele hepimizin.";
https://www.instagram.com/p/DRcEJ7tieSR/;Reels;110;0;5483;2025-11-24 15:04:05;https://scontent-ord5-3.cdninstagram.com/v/t51.82787-15/584406895_18330235960209590_4345601908211120789_n.jpg?stp=dst-jpg_e15_tt6&_nc_cat=109&ig_cache_key=Mzc3MjkwODg2MjYwNTc0NzM0NQ%3D%3D.3-ccb7-5&ccb=7-5&_nc_sid=58cdad&efg=eyJ2ZW5jb2RlX3RhZyI6InhwaWRzLjE5MjB4MTA4MC5zZHIuQzMifQ%3D%3D&_nc_ohc=BRsBTFVMJgcQ7kNvwF7pGgz&_nc_oc=AdkxZgNpZlKW4UmyujRcxVsWwwkhrnEuSSY7-8R_DEFNN6ikfwrnzv_CJdAmzCse0Fc&_nc_ad=z-m&_nc_cid=0&_nc_zt=23&_nc_ht=scontent-ord5-3.cdninstagram.com&_nc_gid=0GoCacRFWtj9cRh0DF73rw&oh=00_AfjPASxeYk_nfm0ubCE3gajdLa5FAO3U_MC0BLnKCZOirQ&oe=69310FCC;"Bugün, öğretmenlerimizle birlikte hem doğaya nefes olmak hem de onların adını geleceğe taşımak için bir araya geldik.   Belediye Başkanımız Bilgehan Erdem, mesleğinin her zaman “öğretmenlik” olduğunu vurgulayarak etkinliğimize katılan tüm öğretmenlerimize teşekkür etti.  Diktiğimiz her fidan; emeğin, sevginin ve geleceğe bırakılan güçlü bir iz olarak toprakla buluştu. Öğretmenlerimizin adını taşıyan bu ormanın, yıllar boyu büyüyerek onların ışığını yaşatmasını diliyoruz.  Tüm öğretmenlerimizin 24 Kasım Öğretmenler Günü kutlu olsun.";
https://www.instagram.com/p/DRcD5QgjEw4/;Carousel;191;1;0;2025-11-24 15:01:10;https://scontent-ord5-3.cdninstagram.com/v/t51.82787-15/588559031_18330235639209590_6709774366428851897_n.jpg?stp=dst-jpg_e35_tt6&_nc_cat=106&ig_cache_key=Mzc3MjkwNzcwNzAyNDgzNDc5Mg%3D%3D.3-ccb7-5&ccb=7-5&_nc_sid=58cdad&efg=eyJ2ZW5jb2RlX3RhZyI6InhwaWRzLjEwNjZ4NzEwLnNkci5DMyJ9&_nc_ohc=tRS_xcA2U5cQ7kNvwEzoQJm&_nc_oc=Adnm9QQ3B38I19hv8ebESpkSU74GWiZJtGi64FnpBTmEM0aa_fFR1v1uJ-_diVz6uUo&_nc_ad=z-m&_nc_cid=0&_nc_zt=23&_nc_ht=scontent-ord5-3.cdninstagram.com&_nc_gid=0GoCacRFWtj9cRh0DF73rw&oh=00_AfgCEtFG0sHZrGL_jpXbXPuPtJ094KfkCyBhaZFl4Y1amg&oe=6930FA6B;Belediye Başkanımız Bilgehan Erdem 24 Kasım Öğretmenler Günü Programına Katıldı  Belediye Başkanımız Bilgehan Erdem, Artvin İl Millî Eğitim Müdürlüğü tarafından düzenlenen 24 Kasım Öğretmenler Günü etkinliklerine katıldı.  Gün, Milli İrade Meydanı’ndaki çelenk sunma töreni ile başladı. Ardından Başkan Erdem, Nihat Gökyiğit Kongre ve Kültür Merkezinde açılan resim sergisini gezdi ve öğrencilerin çalışmalarını inceleyerek tebrik etti.  Kutlama programında yapılan konuşmalar, şiirler, “Eğitime Gönül Verenler” sunumu, Hizmet Şeref Belgeleri takdimi ve öğrencilere verilen ödüller ile öğretmenlerimizin emekleri bir kez daha onurlandırıldı.  Başkan Erdem, tüm öğretmenlerin gününü kutlayarak, “Eğitim geleceğimizin temelidir” mesajını iletti.  Tüm öğretmenlerimizin 24 Kasım Öğretmenler Günü kutlu olsun.;
https://www.instagram.com/p/DRW5xRBDFfg/;Carousel;202;1;0;2025-11-22 14:56:29;https://scontent-ord5-3.cdninstagram.com/v/t39.30808-6/587396222_1145636907685830_3086829956904372522_n.jpg?stp=c0.0.2048.1364a_dst-jpg_e35_tt6&_nc_cat=110&ig_cache_key=Mzc3MTQ1NTc5OTU3OTkyMjQ1OA%3D%3D.3-ccb7-5&ccb=7-5&_nc_sid=58cdad&efg=eyJ2ZW5jb2RlX3RhZyI6InhwaWRzLjIwNDh4MTM2NS5zZHIuQzMifQ%3D%3D&_nc_ohc=LrkbiiT0NOIQ7kNvwHFkpGX&_nc_oc=AdkoUeiMALP5CCaueQYZUUIq-gajSqb0mZ2ub4AhCRSMFYK_hJbceylv1XTr9AQdQSQ&_nc_ad=z-m&_nc_cid=0&_nc_zt=23&_nc_ht=scontent-ord5-3.cdninstagram.com&_nc_gid=0GoCacRFWtj9cRh0DF73rw&oh=00_AfjF3xqcM5ygqD5NFiFrJ-WldquAdLLBlHoIYBod3e51Sg&oe=69312C05;Belediye Başkanımız Bilgehan Erdem, DİSK Genel Başkanı Arzu Çerkezoğlu ve beraberindeki heyeti makamında ağırladı. Görüşmenin ardından misafirlerimizle, dünyanın en büyük Atatürk Heykeli’ne ev sahipliği yapan Atatepe Sosyal Tesisleri’nde bir araya geldik. Ziyaretin anısına Başkanımız, Sayın Çerkezoğlu’na şehrimizin simgesi olan boğa figürünü takdim etti.;
https://www.instagram.com/p/DRW4rSpDANm/;Carousel;223;0;0;2025-11-22 14:46:56;https://scontent-ord5-2.cdninstagram.com/v/t39.30808-6/587036357_122275054946205329_8137008723707427604_n.jpg?stp=dst-jpg_e35_tt6&_nc_cat=104&ig_cache_key=Mzc3MTQ1MDk5NDM1ODc4MjIxMQ%3D%3D.3-ccb7-5&ccb=7-5&_nc_sid=58cdad&efg=eyJ2ZW5jb2RlX3RhZyI6InhwaWRzLjE2MDB4MTA2Ni5zZHIuQzMifQ%3D%3D&_nc_ohc=zF9BsN3ZFLQQ7kNvwHlZHwF&_nc_oc=AdmHcr2RlC-54kBj39ful6G5i3LMccHMr3Xd44xiJeXhhwGZiPzHKGHKekifJXluqCU&_nc_ad=z-m&_nc_cid=0&_nc_zt=23&_nc_ht=scontent-ord5-2.cdninstagram.com&_nc_gid=0GoCacRFWtj9cRh0DF73rw&oh=00_Afi4XzeZ4HkH6RrNdvBPWzkn0YTW7LSP9KV7SKD96fYtvA&oe=69311124;"""Hayat pahalı, emek ucuz: Bu ücretlerle yaşanmaz!""  Bugün Artvin’de, DİSK Genel Başkanı Sn. Arzu Çerkezoğlu ve emekçi kardeşlerimizle omuz omuzayız. Meydanlardan hep bir ağızdan haykırdık: ""Kurtuluş yok tek başına!""  İnsanca bir yaşam ve hakça bir düzen için yan yana durmaya, sesimizi yükseltmeye devam edeceğiz.";
https://www.instagram.com/p/DRNNDBTjZN2/;Carousel;99;0;0;2025-11-18 20:32:32;https://scontent-ord5-3.cdninstagram.com/v/t39.30808-6/584278542_122274486668205329_330977974646153057_n.jpg?stp=c0.0.2048.1365a_dst-jpg_e35_tt6&_nc_cat=100&ig_cache_key=Mzc2ODcyNTgzMjYyNjY4OTA4MA%3D%3D.3-ccb7-5&ccb=7-5&_nc_sid=58cdad&efg=eyJ2ZW5jb2RlX3RhZyI6InhwaWRzLjIwNDh4MTM2Ni5zZHIuQzMifQ%3D%3D&_nc_ohc=LN3Y-TxQA8IQ7kNvwHu515V&_nc_oc=AdmR2cPip2JLNl8SlSMIHQDIfVZakMQffBzCHsiK5dIPLurn-FRqWvXrJle5hMol6fQ&_nc_ad=z-m&_nc_cid=0&_nc_zt=23&_nc_ht=scontent-ord5-3.cdninstagram.com&_nc_gid=0GoCacRFWtj9cRh0DF73rw&oh=00_AfjVsdgmFedJA63_dY-EEEooYgGMINLbpSTkQusyAKn-WQ&oe=693101B4;Genel Başkanımız Sn. Özgür Özel liderliğinde CHP TBMM Grup Toplantısı’ndaydık.  Ülkemizin ve halkımızın sorunlarını gündeme taşımaya, bu sorunlara kalıcı çözümler üretmek için var gücümüzle çalışmaya devam edeceğiz. Mücadelemiz Artvin için, mücadelemiz Türkiye için.;
https://www.instagram.com/p/DRJzYCgjXSD/;Photo;94;8;0;2025-11-17 12:50:29;https://scontent-ord5-2.cdninstagram.com/v/t39.30808-6/585205882_122274256148205329_8814249316512925810_n.jpg?stp=dst-jpg_e35_tt6&_nc_cat=102&ig_cache_key=Mzc2Nzc2ODUxNTYwNTI2MzQ5MQ%3D%3D.3-ccb7-5&ccb=7-5&_nc_sid=58cdad&efg=eyJ2ZW5jb2RlX3RhZyI6InhwaWRzLjEyNDR4OTk2LnNkci5DMyJ9&_nc_ohc=9tO3fg07TbkQ7kNvwFFqN-F&_nc_oc=Adm0ETuzIUzv8M30OIjYdPEVLi_DyDR1mqinxUhD4f3O4Tvc6ksMQNGae1ZOW5Se0JU&_nc_ad=z-m&_nc_cid=0&_nc_zt=23&_nc_ht=scontent-ord5-2.cdninstagram.com&_nc_gid=0GoCacRFWtj9cRh0DF73rw&oh=00_AfglVeq7EfIBA3JHmX76TcJvRzYjCf-FISSkf4VvwG1cZQ&oe=69310C69;"Mersin Büyükşehir Belediye Başkanı, TBB Başkan Vekili Sayın Vahap Seçer’in kıymetli kız kardeşi Arzu Seçer’in vefat haberini büyük bir üzüntüyle öğrendim.  Merhumeye Allah’tan rahmet; başta Vahap Seçer olmak üzere tüm ailesine ve yakınlarına başsağlığı ve sabır diliyorum.  Mekânı cennet olsun.";
https://www.instagram.com/p/DQ7OufmjdH-/;Photo;107;0;0;2025-11-11 21:00:53;https://scontent-ord5-3.cdninstagram.com/v/t39.30808-6/581208798_122273386112205329_3960307997248665292_n.jpg?stp=dst-jpg_e35_tt6&_nc_cat=107&ig_cache_key=Mzc2MzY2NjY4MTI3ODA5MTc3NA%3D%3D.3-ccb7-5&ccb=7-5&_nc_sid=58cdad&efg=eyJ2ZW5jb2RlX3RhZyI6InhwaWRzLjEyMDB4NzUwLnNkci5DMyJ9&_nc_ohc=qfkh2sWKVPwQ7kNvwE2hxeK&_nc_oc=AdlNUbPDER7pUf-FwysPHLSXYsByoKGPaQc7x4cf4dTQgcYEU5iwxjefgAH-QJmYYO4&_nc_ad=z-m&_nc_cid=0&_nc_zt=23&_nc_ht=scontent-ord5-3.cdninstagram.com&_nc_gid=0GoCacRFWtj9cRh0DF73rw&oh=00_AfhzHE05CcAuNwWqPeTvW9rsFB1_27Trvm5SFWxcFz90hw&oe=693119DD;"Esenyurt Belediye Başkanımız Ahmet Özer'in tahliye haberine sevindik. Kendisine ""geçmiş olsun"" dileklerimizi iletiyor, ""aramıza hoş geldiniz"" diyoruz.  Ancak 19 Mart darbe süreciyle başlayan hukuksuzluk, diğer seçilmiş başkanlar ve siyasi tutsaklar için devam ediyor.  Sevincimiz yarım. Adalet bir kişiye değil, herkese lazım!  Halkın iradesiyle seçilen Ekrem İmamoğlu, Resul Emrah Şahan, Utku Caner Çaykara, Mehmet Murat Çalık, Hasan Akgün ve tüm siyasi tutsaklar serbest bırakılana kadar mücadelemiz sürecek.  Darbe hukukuna son verin, seçilmiş iradeyi serbest bırakın!";
https://www.instagram.com/p/DQ6njksDI8h/;Carousel;98;0;0;2025-11-11 15:18:36;https://scontent.cdninstagram.com/v/t51.82787-15/579693399_18326801635209590_6758303732028163363_n.jpg?stp=dst-jpg_e35_tt6&_nc_cat=104&ig_cache_key=Mzc2MzQ5NDM5NDU0NTMyMjI5NQ%3D%3D.3-ccb7-5&ccb=7-5&_nc_sid=58cdad&efg=eyJ2ZW5jb2RlX3RhZyI6InhwaWRzLjE2MDB4MTA2Ni5zZHIuQzMifQ%3D%3D&_nc_ohc=m4GsliUwR5wQ7kNvwGZDwO2&_nc_oc=AdkrADzjmqMcY74YMteuPT3mJ8-bthQo3wxXx60Z3YdTQ0MWPBDX958qiIpRQ9QpqVY&_nc_ad=z-m&_nc_cid=1093&_nc_zt=23&_nc_ht=scontent.cdninstagram.com&_nc_gid=rsaqwmfyaAtOuD6oSlNfHQ&oh=00_AfgJED0avaAK0M7caE2jv6e8olMBCn0qeffaj6od3VH_gA&oe=6931011C;Belediye Başkanımız Bilgehan Erdem, “11 Kasım Milli Ağaçlandırma Günü” kapsamında 81 ilde eş zamanlı olarak düzenlenen fidan dikim etkinliğine katılarak doğaya umut ekti.  Yeşilin ve doğanın şehri Artvin’de her fidan, yarınlara bırakılan bir izdir.;
https://www.instagram.com/p/DQ4jwBvjaHt/;Carousel;219;0;0;2025-11-10 20:06:52;https://scontent.cdninstagram.com/v/t39.30808-6/578756737_122273216666205329_591343052368740052_n.jpg?stp=c45.0.1510.1066a_dst-jpg_e35_tt6&_nc_cat=104&ig_cache_key=Mzc2MjkxNDcwNDAzNDIwNDIyMw%3D%3D.3-ccb7-5&ccb=7-5&_nc_sid=58cdad&efg=eyJ2ZW5jb2RlX3RhZyI6InhwaWRzLjE2MDB4MTA2Ni5zZHIuQzMifQ%3D%3D&_nc_ohc=Yqb3GbxexIUQ7kNvwEA8J2y&_nc_oc=AdmmwQjja1Zh-DVtHF59uO3_JrWfGxGUTUTfKx48Et2hRAEXhY243AQGCx8sIvC6hgU&_nc_ad=z-m&_nc_cid=1093&_nc_zt=23&_nc_ht=scontent.cdninstagram.com&_nc_gid=rsaqwmfyaAtOuD6oSlNfHQ&oh=00_AfjA0W021o3QeYOr107ZX8bEu7wp9fLd-_BzBjqzjLRjag&oe=69311C42;Artvin Atatürkçü Düşünce Derneği (ADD) ile Çağdaş Yaşamı Destekleme Derneği (ÇYDD) Artvin Şubelerinin ortaklaşa düzenlediği Atatürk'ü Anma Programı'na katılım gösterdik.  Cumhuriyetimizin kurucusu Gazi Mustafa Kemal Atatürk'ü saygı, sevgi ve minnetle andığımız bu anlamlı etkinlik için Artvin'imizin bu iki güzide derneğine, değerli yöneticilerine ve kıymetli katılımcılara yürekten teşekkür ediyorum.  Ata'mızın mirasına ve Cumhuriyet değerlerine sarsılmaz bir bağla sahip çıkan sivil toplum kuruluşlarımızla bir arada olmaktan onur duydum.;
https://www.instagram.com/p/DQ4K4ididoa/;Reels;114;0;4586;2025-11-10 16:31:11;https://scontent.cdninstagram.com/v/t51.82787-15/579634145_18326697337209590_6627344049290933187_n.jpg?stp=dst-jpg_e15_tt6&_nc_cat=103&ig_cache_key=Mzc2MjgwNTM1NDQyNjY1MzIxMA%3D%3D.3-ccb7-5&ccb=7-5&_nc_sid=58cdad&efg=eyJ2ZW5jb2RlX3RhZyI6InhwaWRzLjEyMTV4MjE2MC5zZHIuQzMifQ%3D%3D&_nc_ohc=AlRK45-hPnEQ7kNvwHxJGiV&_nc_oc=AdnsJzViYp2eb4R0Zsq0qrHdtgWTCrIRU84bYqWixiKzY2GN7JndzrrmvBDMYgAER4I&_nc_ad=z-m&_nc_cid=1093&_nc_zt=23&_nc_ht=scontent.cdninstagram.com&_nc_gid=rsaqwmfyaAtOuD6oSlNfHQ&oh=00_AfiquEwHCxe5P8MDG3kTSignpVclKK9gN09aKzRhdBdvMg&oe=69312127;Minnet ve özlem minik yüreklerde…  Belediye Başkanımız Bilgehan Erdem, Gündüz Çocuk Bakımevi öğrencilerimizin hazırladığı 10 Kasım Atatürk’ü Anma Sergisi’nde miniklerin emeklerini ve duygularını paylaştı.  Geleceğimizin teminatı çocuklarımızla Atatürk’ü sevgi, saygı ve özlemle andık.;
https://www.instagram.com/p/DQ4EkcQDdKW/;Carousel;145;0;0;2025-11-10 15:34:24;https://scontent.cdninstagram.com/v/t39.30808-6/581135205_122273170946205329_366568361194946243_n.jpg?stp=c15.0.1570.1066a_dst-jpg_e35_tt6&_nc_cat=107&ig_cache_key=Mzc2Mjc3NzU2NzQwNjE3ODM3NQ%3D%3D.3-ccb7-5&ccb=7-5&_nc_sid=58cdad&efg=eyJ2ZW5jb2RlX3RhZyI6InhwaWRzLjE2MDB4MTA2Ni5zZHIuQzMifQ%3D%3D&_nc_ohc=CvZsEJoMoCkQ7kNvwHGSE_e&_nc_oc=AdlPLN3lZTNW-jop3H-q3BDO17xgKrJddIv9OibfO_CxfLfDNJCTWiVfoVf6XAKxIAo&_nc_ad=z-m&_nc_cid=1093&_nc_zt=23&_nc_ht=scontent.cdninstagram.com&_nc_gid=rsaqwmfyaAtOuD6oSlNfHQ&oh=00_AfjlHZcDxMPFKing7CFuXPVP0-bQE-pTWhaH3JtQ_U49hA&oe=693104CB;"Büyük Önderimiz Mustafa Kemal Atatürk’ü anmak; O’nun fikirlerini, mücadelesini ve  devrimlerini anlamak ve yaşatmak demektir.  Bu anlayışla, Cumhuriyet Halk Partisi Artvin İl Başkanlığımızın düzenlediği 10 Kasım çelenk sunma törenine katılarak Atamıza olan sarsılmaz bağlığımızı bir kez daha gösterdik.  Ardından, Gazi Ortaokulu önünde gerçekleştirdiğimiz basın açıklamasıyla; O'nun ilke ve devrimlerinin daima rehberimiz olacağına dair net ifademizi kamuoyuyla paylaştık.  Saygı, minnet ve büyük bir özlemle...";
https://www.instagram.com/p/DQ38JytDMBc/;Photo;130;1;0;2025-11-10 14:20:51;https://scontent.cdninstagram.com/v/t51.82787-15/576533019_18326686534209590_7750523050550304794_n.jpg?stp=dst-jpg_e35_tt6&_nc_cat=100&ig_cache_key=Mzc2Mjc0MDU2OTQwMDE5NzIxMg%3D%3D.3-ccb7-5&ccb=7-5&_nc_sid=58cdad&efg=eyJ2ZW5jb2RlX3RhZyI6InhwaWRzLjE2MDB4MTA2Ni5zZHIuQzMifQ%3D%3D&_nc_ohc=uibwwY02pywQ7kNvwF-F3OO&_nc_oc=AdmfTvXuQV2TOSX1pYWAX4w8wy2BWwH8UyjStsQTnO9dYSPJgQ8JpkYfah8t7eH7ntE&_nc_ad=z-m&_nc_cid=1093&_nc_zt=23&_nc_ht=scontent.cdninstagram.com&_nc_gid=rsaqwmfyaAtOuD6oSlNfHQ&oh=00_AfgcykOET27QLcwR7x9BpmSl0JUfOrlFm2dbkpz_Ga8arQ&oe=693107A2;"Ressam Figen Şimşek, Belediye Başkanımız Bilgehan Erdem’i makamında ziyaret etti.  Başkanlık makamında gerçekleşen ziyarette, Figen Şimşek; Ulu Önderimiz Gazi Mustafa Kemal Atatürk’ün ebediyete intikalinin 87. yılında, Atatürk portresini Başkanımız Bilgehan Erdem’e hediye etti.  Nazik ziyaretinden dolayı Başkan Erdem, Figen Şimşek’e teşekkürlerini iletti. Hatıra fotoğrafı çekilmesinin ardından ziyaret sona erdi.";
https://www.instagram.com/p/DQ34sPIjLO9/;Carousel;149;0;0;2025-11-10 13:50:36;https://scontent.cdninstagram.com/v/t51.82787-15/581086415_18326684791209590_757362717711750081_n.jpg?stp=dst-jpg_e35_tt6&_nc_cat=107&ig_cache_key=Mzc2MjcyNTMyNzk4NzI4MDI4NA%3D%3D.3-ccb7-5&ccb=7-5&_nc_sid=58cdad&efg=eyJ2ZW5jb2RlX3RhZyI6InhwaWRzLjE2MDB4MTA2Ni5zZHIuQzMifQ%3D%3D&_nc_ohc=kji5KrJIZTAQ7kNvwFCMPdn&_nc_oc=AdkFegFtQrdirZ8846hLMWJVZMbnGZNAvM-oQzmEWC4Sj3j207L2PjrFyJ3_Rba495Y&_nc_ad=z-m&_nc_cid=1093&_nc_zt=23&_nc_ht=scontent.cdninstagram.com&_nc_gid=rsaqwmfyaAtOuD6oSlNfHQ&oh=00_AfjyG6EtFY2GMkZTH8P47i8dDPOC-60CCFLDuGwcdGpMLg&oe=69312485;"Cumhuriyetimizin Kurucusu Gazi Mustafa Kemal Atatürk, ebediyete irtihalinin 87. yıl dönümünde tüm yurtta olduğu gibi şehrimizde de törenlerle anıldı.  Başkanımız Bilgehan Erdem, Artvin Valiliği tarafından düzenlenen 10 Kasım Atatürk’ü Anma Programına katıldı. Program, Milli İrade Meydanı’nda çelenk sunma töreniyle başladı; AÇÜ Nihat Gökyiğit Kongre ve Kültür Merkezi’nde gerçekleştirilen sergi, konuşmalar ve oratoryo gösterisiyle devam etti.";
https://www.instagram.com/p/DQ3fn-qidIb/;Reels;125;0;4442;2025-11-10 10:12:54;https://scontent.cdninstagram.com/v/t51.82787-15/579696391_18326672002209590_8134203027145190022_n.jpg?stp=dst-jpg_e15_tt6&_nc_cat=103&ig_cache_key=Mzc2MjYxNTEwMDQ3ODQ0NDA1OQ%3D%3D.3-ccb7-5&ccb=7-5&_nc_sid=58cdad&efg=eyJ2ZW5jb2RlX3RhZyI6InhwaWRzLjIxNjB4MTIxNS5zZHIuQzMifQ%3D%3D&_nc_ohc=8CdH_5kWYUQQ7kNvwELZopO&_nc_oc=Adlb5g16-141ZJcS6B1Cw8UGAnTL39fydSZ_wL1expEFMvcRjAUu8V-aHvk3QMMM7vc&_nc_ad=z-m&_nc_cid=1093&_nc_zt=23&_nc_ht=scontent.cdninstagram.com&_nc_gid=rsaqwmfyaAtOuD6oSlNfHQ&oh=00_AfinRwZtsjgBp_Q5_hCZOFrh3Db_jI-P0XPCJP6PhkxvjQ&oe=69312064;Cumhuriyetimizin kurucusu fikirleri ve devrimleri ile Ulusumuzun büyük önderi Gazi Mustafa Kemal Atatürk'ü aramızdan ayrılışının 87'nci yıl dönümünde sevgi, saygı, özlem ve minnetle anıyor, aziz hatırası önünde saygıyla eğiliyoruz.;
https://www.instagram.com/p/DQ3SfhujM5z/;Reels;303;1;11773;2025-11-10 08:17:08;https://scontent.cdninstagram.com/v/t51.82787-15/580826893_18326665297209590_8914206570993525635_n.jpg?stp=dst-jpg_e15_tt6&_nc_cat=108&ig_cache_key=Mzc2MjU1NzM0NTA0Njc3NzQ1OTE4MzI2NjY1Mjk0MjA5NTkw.3-ccb7-5&ccb=7-5&_nc_sid=58cdad&efg=eyJ2ZW5jb2RlX3RhZyI6InhwaWRzLjEwODB4MTQ0MC5zZHIuQzMifQ%3D%3D&_nc_ohc=Lfy_qdeqZKwQ7kNvwFVNwSb&_nc_oc=AdmhFtTdzWBbnfbmcL-Qrb60BpUDb17gf4CWpx-xKlwOSS5R0c_dervLqobI6sGG3T8&_nc_ad=z-m&_nc_cid=1093&_nc_zt=23&_nc_ht=scontent.cdninstagram.com&_nc_gid=rsaqwmfyaAtOuD6oSlNfHQ&oh=00_AfisIhnOtWuDyAIdZlVVH-9q5iiQtt-_xI7H4qaXUho2AA&oe=69311972;"""Benim naçiz vücûdum elbet bir gün toprak olacaktır; fakat, Türkiye Cumhuriyeti ilelebet payidar kalacaktır.""  Fikirler, idealler ve emanetler ölmez.  Aramızdan ayrılışının 87. yılında, ""İlelebet payidar kalacaktır"" dediği Cumhuriyet'in ışığında, Büyük Önderimiz Mustafa Kemal Atatürk'ü saygı ve özlemle anıyoruz.";
https://www.instagram.com/p/DQuHyoHDDFq/;Carousel;133;0;0;2025-11-06 18:50:09;https://scontent.cdninstagram.com/v/t51.82787-15/573802727_18326245885209590_8415836117973399242_n.jpg?stp=dst-jpg_e35_tt6&_nc_cat=106&ig_cache_key=Mzc1OTk3Njk5NTU0NDE2MTQyNQ%3D%3D.3-ccb7-5&ccb=7-5&_nc_sid=58cdad&efg=eyJ2ZW5jb2RlX3RhZyI6InhwaWRzLjEwMzh4NzE4LnNkci5DMyJ9&_nc_ohc=JnYA_iMFL90Q7kNvwHAu_Oz&_nc_oc=Adn2ojuUVOReYfqiEcWTOstOwnnRQHCGk73VpoFyovG0gZsRcw8fBDr536T3ofpzgDM&_nc_ad=z-m&_nc_cid=1093&_nc_zt=23&_nc_ht=scontent.cdninstagram.com&_nc_gid=rsaqwmfyaAtOuD6oSlNfHQ&oh=00_AfjG3KD_1TfRgJGjT_EAAdC31Qen9efOGf5zDDHmych4Ig&oe=693102AC;"Belediye Başkanımız Sayın Bilgehan Erdem Valimiz Sayın Dr. Turan Ergün ile birlikte Sosyal Gelişmeyi Destekleme Programı kapsamında; Doğu Karadeniz Kalkınma Ajansı tarafından yürütülen, Artvin Valiliği ortaklığı ve İl Özel İdaresi eş finansmanı ile kurulan ve kısa süre içinde açılışı planlanan Artvin Bal Dolum ve Paketleme Tesisinde incelemelerde bulundu.";
https://www.instagram.com/p/DQt_fwaDKll/;Carousel;78;0;0;2025-11-06 17:37:40;https://scontent.cdninstagram.com/v/t51.82787-15/573667032_18326239375209590_5209510870680369530_n.jpg?stp=dst-jpg_e35_tt6&_nc_cat=108&ig_cache_key=Mzc1OTk0MDUxNDU2MTcwNDE3Mg%3D%3D.3-ccb7-5&ccb=7-5&_nc_sid=58cdad&efg=eyJ2ZW5jb2RlX3RhZyI6InhwaWRzLjk0Nng2MzEuc2RyLkMzIn0%3D&_nc_ohc=y2VGOKafBscQ7kNvwFR3a6T&_nc_oc=AdlCJNrpxBEtBImY8fR_pZtHQUiYQ-wtr5xop0S53oV9hQ9iVEnbnUf2E-4FUdc8r8U&_nc_ad=z-m&_nc_cid=1093&_nc_zt=23&_nc_ht=scontent.cdninstagram.com&_nc_gid=rsaqwmfyaAtOuD6oSlNfHQ&oh=00_AfgBGVY5VWCO6a0nlq3qeixWmAcOsh9Gqa5BT59Aw0mPmQ&oe=6931231B;Belediye Başkanımız Sayın Bilgehan Erdem, Tarım ve Orman Bakanlığı’na bağlı Tarım ve Kırsal Kalkınmayı Destekleme Kurumu (TKDK) tarafından yürütülen IPARD III Programı kapsamında, İl Tarım ve Orman Müdürlüğü ev sahipliğinde düzenlenen “IPARD III Programı Tanıtım ve Bilgilendirme Toplantısı”na katıldı.  Toplantıda, IPARD III Programı’nın kapsamı, destek kalemleri, başvuru süreçleri ve Artvin özelinde kırsal kalkınmaya sağlayacağı katkılar ele alındı.;
https://www.instagram.com/p/DQtVee7DMVr/;Carousel;111;0;0;2025-11-06 11:30:29;https://scontent.cdninstagram.com/v/t51.82787-15/575621972_18326200450209590_4703705516058535896_n.jpg?stp=dst-jpg_e35_tt6&_nc_cat=104&ig_cache_key=Mzc1OTc1NTcxMDczNDA0NTk4Ng%3D%3D.3-ccb7-5&ccb=7-5&_nc_sid=58cdad&efg=eyJ2ZW5jb2RlX3RhZyI6InhwaWRzLjEwNjZ4NzEwLnNkci5DMyJ9&_nc_ohc=xL0cuJoqPF8Q7kNvwGDa0wx&_nc_oc=AdlQlyeSeVQenSYzW6-CnAOrj5nuT4WkfXBTTQ4nDDWER3GwOIihThno5BV1aJUzDt0&_nc_ad=z-m&_nc_cid=1093&_nc_zt=23&_nc_ht=scontent.cdninstagram.com&_nc_gid=rsaqwmfyaAtOuD6oSlNfHQ&oh=00_AfhwqTa86PZfCcAobAh8hsQxm7AjSUeyMCkLxTLPOkOcLQ&oe=6930F639;"Artvin Belediyesi Kasım Ayı Meclis Toplantısı Gerçekleştirildi  Artvin Belediyesi Kasım Ayı Olağan Meclis Toplantısı, Belediye Başkanı Bilgehan Erdem başkanlığında gerçekleştirildi.  Belediye Başkanlığı makamında düzenlenen toplantı; Türk büyükleri, Türk devletlerinin kurucuları, Ulu Önder Mustafa Kemal Atatürk ve ebediyete intikal eden aziz şehitlerimizin anısına yapılan bir dakikalık saygı duruşu ve ardından İstiklal Marşı’nın okunmasıyla başladı.  Meclis gündeminde yer alan konuların görüşülerek karara bağlandığı toplantının detaylarına Artvin Belediyesi’nin resmi web sitesi üzerinden ulaşabilirsiniz.";
https://www.instagram.com/p/DQqiEF4jSrQ/;Photo;108;0;0;2025-11-05 09:22:46;https://scontent.cdninstagram.com/v/t39.30808-6/577773675_122272315178205329_5550081261464554000_n.jpg?stp=dst-jpg_e35_tt6&_nc_cat=101&ig_cache_key=Mzc1ODk2NjY1Mzc3MDg2OTQ1Ng%3D%3D.3-ccb7-5&ccb=7-5&_nc_sid=58cdad&efg=eyJ2ZW5jb2RlX3RhZyI6InhwaWRzLjgwMHg0NTAuc2RyLkMzIn0%3D&_nc_ohc=jvW7MIOFfAEQ7kNvwEXxRuA&_nc_oc=AdmEuxfXjeLIZcuvAPOHB1lTF5VnHt49OJK1y-qSyi5Qiu5TvANxyDzrYguqfqR6xas&_nc_ad=z-m&_nc_cid=1093&_nc_zt=23&_nc_ht=scontent.cdninstagram.com&_nc_gid=rsaqwmfyaAtOuD6oSlNfHQ&oh=00_AfgMiElTh74xGqPUC1iKZKpuw3BFzzWxasA7bbaiIAoIoQ&oe=69310D86;"New York halkı, Trump'ın ""fonları keserim"" tehdidine, hakaretlerine, aşağılamalarına boyun eğmedi. Zohran Mamdani'nin tarihi zaferi, sadece bir seçim galibiyeti değil, aynı zamanda Trump yönetimine ve milyarderlerin desteklediği düzene karşı güçlü bir cevaptır.";
https://www.instagram.com/p/DQqfH44jXR-/;Photo;57;0;0;2025-11-05 08:57:04;https://scontent.cdninstagram.com/v/t39.30808-6/577119623_122272312646205329_2879510652307914349_n.jpg?stp=dst-jpg_e35_tt6&_nc_cat=103&ig_cache_key=Mzc1ODk1MzcyMDU1MDYxODIzOA%3D%3D.3-ccb7-5&ccb=7-5&_nc_sid=58cdad&efg=eyJ2ZW5jb2RlX3RhZyI6InhwaWRzLjEwODB4MTM1MC5zZHIuQzMifQ%3D%3D&_nc_ohc=dFUM5GnVnPYQ7kNvwHgTAd8&_nc_oc=AdkQHG1VhGB5tWt2HTbjY7dZy3qku37vduT5uSQ4AvFLb8P-yrcXV14wQiwoP_Q0qME&_nc_ad=z-m&_nc_cid=1093&_nc_zt=23&_nc_ht=scontent.cdninstagram.com&_nc_gid=hPvTuqOvc0bF6HNJXdn6qA&oh=00_AfgUdBfO16wbuQlFBDOPCSsCjKoB55EGhuHfZP41ER0E6A&oe=6930FE23;Siyasi tarihimize adını 'Karaoğlan' olarak yazdıran, ömrünü sosyal demokrasiye ve halka adayan 3. Genel Başkanımız Bülent Ecevit'i vefatının yıl dönümünde rahmet ve saygıyla anıyorum. Demokratik değerlere olan inancı ve emek mücadelesi yolumuzu aydınlatmayı sürdürecek.;
https://www.instagram.com/p/DQojIRjDMkK/;Carousel;145;0;0;2025-11-04 14:53:35;https://scontent.cdninstagram.com/v/t51.82787-15/573240779_18326018188209590_1950142005916310068_n.jpg?stp=dst-jpg_e35_tt6&_nc_cat=111&ig_cache_key=Mzc1ODQwODM4Mzk5Nzk2MDMyOA%3D%3D.3-ccb7-5&ccb=7-5&_nc_sid=58cdad&efg=eyJ2ZW5jb2RlX3RhZyI6InhwaWRzLjE0NDB4MTMxNS5zZHIuQzMifQ%3D%3D&_nc_ohc=xk3TSU6uIEgQ7kNvwGjZyn0&_nc_oc=AdnjJTaA7zYZE_DbHSwf0L9ULGazDqm4xYkKGmU-6ufwt8X2tuNc2LUZE9qm-tMsB0U&_nc_ad=z-m&_nc_cid=1093&_nc_zt=23&_nc_ht=scontent.cdninstagram.com&_nc_gid=hPvTuqOvc0bF6HNJXdn6qA&oh=00_AfheSoQRd37aEhbTVUWv67t3ju_IuJQBO2BVLC3cGf7hyQ&oe=6931182C;Belediye Başkanımız Bilgehan Erdem, Artvin Çoruh Üniversitesi Rektörlüğüne atanan Prof. Dr. İbrahim Aydın’a iade-i ziyarette bulundu…;
https://www.instagram.com/p/DQoTCCqDAGD/;Carousel;426;7;0;2025-11-04 12:32:55;https://scontent.cdninstagram.com/v/t51.82787-15/573131393_18326008843209590_2206048445043161462_n.jpg?stp=dst-jpg_e35_tt6&_nc_cat=106&ig_cache_key=Mzc1ODMzNzU4MjY5NTI0NjQ1Ng%3D%3D.3-ccb7-5&ccb=7-5&_nc_sid=58cdad&efg=eyJ2ZW5jb2RlX3RhZyI6InhwaWRzLjE0NDB4MTA4MC5zZHIuQzMifQ%3D%3D&_nc_ohc=DMZauhkMmg0Q7kNvwGbKu9C&_nc_oc=AdmfYzNFnw1r31lOOoqjZOVazQE1LWEExITVqoFgwxHcWsy8AvaUlWFr_GCO16j5Afo&_nc_ad=z-m&_nc_cid=1093&_nc_zt=23&_nc_ht=scontent.cdninstagram.com&_nc_gid=hPvTuqOvc0bF6HNJXdn6qA&oh=00_AfgPXUWr8xo8HiMKlWabVlWrNzW_C8ycA_Tn4AR8Ou_pOw&oe=69312264;"Bugün, Ayhan Şahenk Mesleki ve Teknik Anadolu Lisesi arka kısmında, büyük bir kaya kütlesinin Çoruh Nehrine düşmesi sonucu okul binasında sarsıntı ile birlikte güçlü bir ses oluşmuştur. Olay, patlama benzeri bir gürültüye neden olmuş; ancak yapılan incelemeler sonucunda herhangi bir patlama veya olumsuz bir durumun söz konusu olmadığı tespit edilmiştir.  Belediye Başkanımız Sayın Bilgehan Erdem ve Valimiz Sayın Dr. Turan Ergün, olay yerinde incelemelerde bulunarak yetkililerden bilgi almıştır.  Belediyemiz teknik ekibi, AFAD İl Müdürlüğümüz ve Çevre, Şehircilik ve İklim Değişikliği İl Müdürlüğü ekipleri, bölgede inceleme başlatmış olup, yapılan ilk inceleme neticesinde okul binasında herhangi bir hasar tespit edilmemiştir.";
https://www.instagram.com/p/DQlnw4PDIpn/;Photo;109;0;0;2025-11-03 11:36:22;https://scontent.cdninstagram.com/v/t51.82787-15/573102455_18325914862209590_1482869876793642811_n.jpg?stp=dst-jpg_e35_tt6&_nc_cat=102&ig_cache_key=Mzc1NzU4NDM0Njg0MTM4NTU3NQ%3D%3D.3-ccb7-5&ccb=7-5&_nc_sid=58cdad&efg=eyJ2ZW5jb2RlX3RhZyI6InhwaWRzLjIxNjB4MTQxOC5zZHIuQzMifQ%3D%3D&_nc_ohc=8U03tJCZExcQ7kNvwEqNxiE&_nc_oc=Adn7kwJ0ufVN-8pCf3ASS0dsW3AUExM7DyBw4I3-S-QmsO5fhoBcvD7rw7O6PkZDPvw&_nc_ad=z-m&_nc_cid=1093&_nc_zt=23&_nc_ht=scontent.cdninstagram.com&_nc_gid=hPvTuqOvc0bF6HNJXdn6qA&oh=00_AfichQxuVapZk7qvLWklSONZzv3UyGl9mUqZlgBlORhFtA&oe=69311BE6;Kızılay Şube Başkanı Sancak Keskin ve yönetim kurulu üyeleri, Kızılay Haftası dolayısıyla Belediye Başkanımız Bilgehan Erdem’i makamında ziyaret etti.  Kızılay Haftası vesilesiyle, insani yardımın simgesi olan Kızılay’a ve tüm gönüllülerine teşekkür ediyoruz.;
https://www.instagram.com/p/DQeF8PdDaNY/;Photo;92;0;0;2025-10-31 13:26:08;https://scontent.cdninstagram.com/v/t51.82787-15/571990898_17987185520910971_2985743191728844149_n.jpg?stp=dst-jpg_e35_tt6&_nc_cat=101&ig_cache_key=Mzc1NTQ2NTI2OTI2ODI5MjQ0MA%3D%3D.3-ccb7-5&ccb=7-5&_nc_sid=58cdad&efg=eyJ2ZW5jb2RlX3RhZyI6InhwaWRzLjEzNTB4MTY4Ny5zZHIuQzMifQ%3D%3D&_nc_ohc=B2OBFuifT1wQ7kNvwGNgM8r&_nc_oc=AdnHHajVIZlX9j2J78bWw-sExmuIq3K5_bUo7-1nzkaSsqbPFR9sLt1hE_lwfJYTPJU&_nc_ad=z-m&_nc_cid=1093&_nc_zt=23&_nc_ht=scontent.cdninstagram.com&_nc_gid=hPvTuqOvc0bF6HNJXdn6qA&oh=00_Afi64WwM2MDy1d7HG_97kv9wEbwlRG00Tg6qVZjfBCnjXQ&oe=6931144E;Çınar için canlı yayında buluşuyoruz…;
https://www.instagram.com/p/DQd68oFDDjM/;Carousel;188;0;0;2025-10-31 11:50:04;https://scontent.cdninstagram.com/v/t51.82787-15/573219319_18325613473209590_6951101821782501141_n.jpg?stp=dst-jpg_e35_tt6&_nc_cat=104&ig_cache_key=Mzc1NTQxNjkwOTgyMzg5NTI5MA%3D%3D.3-ccb7-5&ccb=7-5&_nc_sid=58cdad&efg=eyJ2ZW5jb2RlX3RhZyI6InhwaWRzLjE5MjB4MTQ0MC5zZHIuQzMifQ%3D%3D&_nc_ohc=ZY_GdZChToIQ7kNvwGHHRva&_nc_oc=AdnwVMX7r7yiy_F3UST3U1gBcunTFczON3Kn5R-r3DQ3Obh_7ZY_XN9C3QUH4cK6aBc&_nc_ad=z-m&_nc_cid=1093&_nc_zt=23&_nc_ht=scontent.cdninstagram.com&_nc_gid=hPvTuqOvc0bF6HNJXdn6qA&oh=00_Afi_Tplh72QMh4TJoCgo7o7JvRU8WgeKul8gzTO-fp4_mQ&oe=69311241;"YÜRÜYEN MERDİVENLERİMİZDE BAKIM VE ZİNCİR DEĞİŞİMİ ÇALIŞMASI YAPILIYOR  Şehrimizde vatandaşlarımızın güvenli, konforlu ve kesintisiz ulaşımını sağlamak amacıyla yürüyen merdivenlerimizde kapsamlı bakım ve zincir değişimi çalışmaları gerçekleştiriyoruz.  Bu süreçte; 🔹 Eski zincirlerin sökülüp yenilerinin montajı, 🔹 Mekanik ve elektrik sistemlerinin detaylı kontrolleri, 🔹 Aksamların temizlik ve yağlama işlemleri, 🔹 Gerginlik ayarları ve emniyet sistemlerinin testleri titizlikle yapılıyor.  Yürüyen merdiven bakım ve zincir değişimi, hassas mühendislik ve güvenlik gerektiren zaman alıcı bir çalışmadır. Bu nedenle işlemler kısa sürede tamamlanamamakta, her aşama dikkatle ve güvenlik standartlarına uygun şekilde yürütülmektedir.  Artvin Belediyesi olarak, vatandaşlarımızın günlük yaşamını kolaylaştıran tüm hizmetlerde güvenli, sürdürülebilir ve kaliteli ulaşım için özveriyle çalışmaya devam ediyoruz.";
https://www.instagram.com/p/DQd27vRjZZ9/;Photo;45;0;0;2025-10-31 11:14:59;https://scontent.cdninstagram.com/v/t51.82787-15/571606157_17987176925910971_8930307111594090468_n.jpg?stp=dst-jpg_e35_tt6&_nc_cat=106&ig_cache_key=Mzc1NTM5OTI2NDAxNzk0NjIzNw%3D%3D.3-ccb7-5&ccb=7-5&_nc_sid=58cdad&efg=eyJ2ZW5jb2RlX3RhZyI6InhwaWRzLjEwODB4MTA4MC5zZHIuQzMifQ%3D%3D&_nc_ohc=oB-xFokh9k0Q7kNvwFDi4CG&_nc_oc=AdnnwKlmxZyjhfM7hrqgQTKodvkHhkbge2SSGyk4yBgdpXcHpwAWCPr-pIW-XHrPUXg&_nc_ad=z-m&_nc_cid=1093&_nc_zt=23&_nc_ht=scontent.cdninstagram.com&_nc_gid=hPvTuqOvc0bF6HNJXdn6qA&oh=00_AfhLxhwIybO8gTxJyg5629HkvRL1UXIPfzA43Z0MKaNAwg&oe=69312161;Bilim insanı kimliğini sosyal demokrat bir lider olarak taçlandıran, partimizin Genel Başkanlığını yapmış duayen siyasetçi Prof. Dr. Erdal İnönü’yü aramızdan ayrılışının yıldönümünde saygıyla anıyorum. O’nun siyasete getirdiği uzlaşı kültürü, nezaket ve demokrat duruşu, partimiz ve tüm Türkiye için her zaman bir rehber olmaya devam edecektir. Ruhu şad olsun.;
