﻿PostLink;PostTürü;BeğeniSayısı;YorumSayısı;Görüntülenme Sayısı;Tarih;DisplayPhoto;Caption;Takipçi
https://www.instagram.com/p/DRpms7_CGUp/;Photo;383;10;0;2025-11-29 21:15:26;https://scontent-ord5-3.cdninstagram.com/v/t51.82787-15/586695585_18539261020037474_8579102654903828536_n.jpg?stp=dst-jpg_e35_tt6&_nc_cat=107&ig_cache_key=Mzc3NjcxOTk3NjM1OTU1MjI5Nw%3D%3D.3-ccb7-5&ccb=7-5&_nc_sid=58cdad&efg=eyJ2ZW5jb2RlX3RhZyI6InhwaWRzLjE0NDB4MTcyOC5zZHIuQzMifQ%3D%3D&_nc_ohc=FE8ksKF1ZxQQ7kNvwFkxdAC&_nc_oc=AdmYb4wq4sGyt1k5C9iI0IMOhe06LyShJza7AR__3K43WyQJ7-Et3oC3EkVekpPOr5b-X3aKe2T_fyqAuxSZZmR5&_nc_ad=z-m&_nc_cid=1087&_nc_zt=23&_nc_ht=scontent-ord5-3.cdninstagram.com&_nc_gid=lbp0WiXTk6zhlcTry5aWHg&oh=00_Afgs5e0b8HRl5M_I3T_YJ3KBAIJZig5woL-k7Erd2wCYlg&oe=6931295A;"Manisa Bölge Trafik Denetleme Şube Müdürlüğü’nde görevli Polis Memuru Hatice Ünal’ın, resmi araçla geçirdiği trafik kazası sonrasında tedavi görmekte olduğu hastanede şehit olduğunu üzüntüyle öğrendim.  Şehidimize Allah’tan rahmet; kederli ailesine sabır ve başsağlığı diliyorum.   Milletimizin başı sağ olsun. 🇹🇷";144492
https://www.instagram.com/p/DRpLDW1iIER/;Carousel;1341;24;0;2025-11-29 17:13:50;https://scontent-ord5-3.cdninstagram.com/v/t51.82787-15/586688472_18539228098037474_6157251432270452297_n.jpg?stp=dst-jpg_e35_tt6&_nc_cat=109&ig_cache_key=Mzc3NjU5ODM1MjU5OTcxOTkyOQ%3D%3D.3-ccb7-5&ccb=7-5&_nc_sid=58cdad&efg=eyJ2ZW5jb2RlX3RhZyI6InhwaWRzLjE0NDB4OTYwLnNkci5DMyJ9&_nc_ohc=AAkFOcman1YQ7kNvwHAPrnq&_nc_oc=Adl7WYGOy4HMUXndfpnAnPAZcJkwIyqp9fQCvm6_31FlEyHH-OUBFFoxUbrbP6RrV5jlmxcCRcF4ASXINpzfxwSp&_nc_ad=z-m&_nc_cid=1087&_nc_zt=23&_nc_ht=scontent-ord5-3.cdninstagram.com&_nc_gid=lbp0WiXTk6zhlcTry5aWHg&oh=00_AfixQ1DsEHGD5bKG5PQvOrbnkd4M5TcHlXKYTHJDTfyH8w&oe=69312B04;‘Şimdi İktidar Zamanı’ sloganıyla gerçekleştirilen Cumhuriyet Halk Partimizin 39. Olağan Kurultayı’na katıldık. Kurultayda yeniden seçilen Genel Başkanımız Sayın Özgür Özel’i tebrik ediyorum.;
https://www.instagram.com/p/DRmhmwSiAOx/;Photo;2048;65;0;2025-11-28 16:33:11;https://scontent-ord5-1.cdninstagram.com/v/t51.82787-15/589065249_18539071996037474_8255964826731652162_n.jpg?stp=dst-jpg_e35_tt6&_nc_cat=111&ig_cache_key=Mzc3NTg1MzEzNjMyMjIzMzI2NQ%3D%3D.3-ccb7-5&ccb=7-5&_nc_sid=58cdad&efg=eyJ2ZW5jb2RlX3RhZyI6InhwaWRzLjEwODB4NzQzLnNkci5DMyJ9&_nc_ohc=R7gEMdN4jKwQ7kNvwGkGscl&_nc_oc=AdnAZjtCWpoGQADiioMtRA7C9Wmu7jqCJaiFz40Y__rx9XaWr_7dfFn0CeiU7B6d8fIwMNZDFE5nWCfvPf5yBALK&_nc_ad=z-m&_nc_cid=1087&_nc_zt=23&_nc_ht=scontent-ord5-1.cdninstagram.com&_nc_gid=lbp0WiXTk6zhlcTry5aWHg&oh=00_AfihOnS0RjgzCBgyc4q8O6aHnM_U18eo6TIMUhuMFKYQJg&oe=69310C56;;
https://www.instagram.com/p/DRmNcPSiEcS/;Carousel;1440;19;0;2025-11-28 13:36:59;https://scontent-ord5-2.cdninstagram.com/v/t51.82787-15/584783208_18539054302037474_4153351475572284837_n.jpg?stp=dst-jpg_e35_tt6&_nc_cat=102&ig_cache_key=Mzc3NTc2NDQzNzA0MzU1NjQwMA%3D%3D.3-ccb7-5&ccb=7-5&_nc_sid=58cdad&efg=eyJ2ZW5jb2RlX3RhZyI6InhwaWRzLjE0NDB4OTYwLnNkci5DMyJ9&_nc_ohc=7wxE1nmMyQkQ7kNvwGO240j&_nc_oc=AdlurPzacn1Z9-qAZc8wuHP4cFusiReS34zIp1zM6fvEUaiFaNF8bMH8_9--aZu7CSYPt3lwMRq9fTz0tlBvr8d1&_nc_ad=z-m&_nc_cid=1087&_nc_zt=23&_nc_ht=scontent-ord5-2.cdninstagram.com&_nc_gid=lbp0WiXTk6zhlcTry5aWHg&oh=00_AfiydbLigg15D01RW1vnKgvU5au5tPvNfQXQc1_5_Pc8Qg&oe=69312516;Cumhuriyet Halk Partimizin 39. Olağan Kurultayı’ndayız. Kurultayımızın, partimiz ve ülkemiz için hayırlı olmasını diliyorum.;
https://www.instagram.com/p/DRjUddeCCIk/;Carousel;4615;53;0;2025-11-27 10:40:36;https://scontent-ord5-3.cdninstagram.com/v/t51.82787-15/586669080_18538884880037474_1439724414468932524_n.jpg?stp=dst-jpg_e35_tt6&_nc_cat=100&ig_cache_key=Mzc3NDk1MDg4Njk5NzU0MjQxMg%3D%3D.3-ccb7-5&ccb=7-5&_nc_sid=58cdad&efg=eyJ2ZW5jb2RlX3RhZyI6InhwaWRzLjE0NDB4OTU5LnNkci5DMyJ9&_nc_ohc=GKt2a2ok5JkQ7kNvwFzAVay&_nc_oc=Adnmlo_ROZTengQhQ4lpDNBj0T3O95ousXJNOeIE8BE29z9bsdceogp2sDm7mIKtJi3sko11MKtfWQ--S3e8Zhmy&_nc_ad=z-m&_nc_cid=1087&_nc_zt=23&_nc_ht=scontent-ord5-3.cdninstagram.com&_nc_gid=lbp0WiXTk6zhlcTry5aWHg&oh=00_AfiLY3u1vN5k7wmzC64IBrSfWqmmmTP5-ql0xQZqIpqH6w&oe=693101ED;Cumhuriyet Halk Partisi Afyonkarahisar İl Başkanımız Hasan Karadeniz, Merkez İlçe Başkanımız Murat Albayrak ve Dinar Belediye Başkanımız Veysel Topçu ile Genel Başkanımız Sayın Özgür Özel’i ziyaret ettik.  Kurultay öncesi görüş alışverişinde bulunduk.;
https://www.instagram.com/p/DRg_colCLDX/;Carousel;1227;12;0;2025-11-26 12:58:30;https://scontent-ord5-2.cdninstagram.com/v/t51.82787-15/586691408_18538751074037474_1394922040546534681_n.jpg?stp=dst-jpg_e35_tt6&_nc_cat=104&ig_cache_key=Mzc3NDI5NTUxNzcyODA4MzE5NA%3D%3D.3-ccb7-5&ccb=7-5&_nc_sid=58cdad&efg=eyJ2ZW5jb2RlX3RhZyI6InhwaWRzLjE0NDB4OTYwLnNkci5DMyJ9&_nc_ohc=bUIIU9Ua4GgQ7kNvwF-7lvD&_nc_oc=AdlRm5p7vAsh7-7wFWOIoUSMmwnNh21Uhz8ajlS7oJGVDkmK26PZwacPVH2k0IGptCHfnvVhgKQQ7yLeuBhxOPU1&_nc_ad=z-m&_nc_cid=1087&_nc_zt=23&_nc_ht=scontent-ord5-2.cdninstagram.com&_nc_gid=lbp0WiXTk6zhlcTry5aWHg&oh=00_AfiDvQDkntB_ksLhX_V1MR4ACBqLm3DCozYBkHVOMEGrKQ&oe=69311E54;İç Anadolu Belediyeler Birliği’nin, belediye personellerimizin çalışmalarına katkı sağlamak amacıyla şehrimizde düzenlediği “Kamu İhale Mevzuatı ve Belediyelerde İşyeri Açma, Çalışma, Ruhsatlandırma İş İşlemlerine Yönelik Usul ve Esaslar” konulu eğitime ev sahipliği yaptık.;
https://www.instagram.com/p/DRg6AdgCKaU/;Carousel;554;0;0;2025-11-26 12:10:58;https://scontent-ord5-2.cdninstagram.com/v/t51.82787-15/587069233_18538747444037474_4415556861471589693_n.jpg?stp=dst-jpg_e35_tt6&_nc_cat=103&ig_cache_key=Mzc3NDI3MTU5NTA2MjI1MDAzMA%3D%3D.3-ccb7-5&ccb=7-5&_nc_sid=58cdad&efg=eyJ2ZW5jb2RlX3RhZyI6InhwaWRzLjE0NDB4OTYwLnNkci5DMyJ9&_nc_ohc=8QSahf7_U7gQ7kNvwFUp9B3&_nc_oc=AdmvvuKdC3_z-_C7frD6M2GNggc34nYwgRNOMcjFSJYveg8r2QrG2m3qv9TNvgBwXlUairr2mHNQz8EaN76qI_4P&_nc_ad=z-m&_nc_cid=1087&_nc_zt=23&_nc_ht=scontent-ord5-2.cdninstagram.com&_nc_gid=lbp0WiXTk6zhlcTry5aWHg&oh=00_Afio1hnMN02st6NgkjkHXMythmPR0HdTki7-t5tMMIAsRA&oe=6931100A;İç Anadolu Belediyeler Birliği ve Ankara Yenimahalle Belediye Başkanımız Fethi Yaşar ile birliğimizin şehrimizde düzenlediği “Hizmet İçi Eğitim” programı için gelen temsilcilerimizle görüş alışverişinde bulunduk.;
https://www.instagram.com/p/DRfHXS1CHBp/;Carousel;654;2;0;2025-11-25 19:29:12;https://scontent-ord5-1.cdninstagram.com/v/t51.82787-15/586695942_18538648660037474_2740403683649349148_n.jpg?stp=dst-jpg_e35_tt6&_nc_cat=108&ig_cache_key=Mzc3Mzc2NzM4ODE1NjcwMzcxNQ%3D%3D.3-ccb7-5&ccb=7-5&_nc_sid=58cdad&efg=eyJ2ZW5jb2RlX3RhZyI6InhwaWRzLjE0NDB4OTYwLnNkci5DMyJ9&_nc_ohc=-VpzjcbZSbkQ7kNvwG4H0HA&_nc_oc=Adml4kjyyULiY70EbVv5p7hRQfBiROSQrAFV4mDAnFyWN7ZC23c-ZqoStgOfFGjplbJVaTRB4R7QMnh4xxfYn-CI&_nc_ad=z-m&_nc_cid=1087&_nc_zt=23&_nc_ht=scontent-ord5-1.cdninstagram.com&_nc_gid=lbp0WiXTk6zhlcTry5aWHg&oh=00_AfgppDVsSoCS8LWpmvipwuG5F9_hKPKvAaACLoGj-TSmvA&oe=693110C4;Müstakil Sanayici ve İşadamları Derneği (MÜSİAD) Afyonkarahisar Şube Başkanı Ercan İşlek’i ziyaret ederek, iş insanları ile birlikte görüş alışverişinde bulunduk.;
https://www.instagram.com/p/DRe2YdaiJLK/;Photo;520;0;0;2025-11-25 17:00:49;https://scontent-ord5-3.cdninstagram.com/v/t51.82787-15/587474521_18538627249037474_35404863720803941_n.jpg?stp=dst-jpg_e35_tt6&_nc_cat=106&ig_cache_key=Mzc3MzY5MjcxMzE0NTc2NjYwMg%3D%3D.3-ccb7-5&ccb=7-5&_nc_sid=58cdad&efg=eyJ2ZW5jb2RlX3RhZyI6InhwaWRzLjE0NDB4OTYwLnNkci5DMiJ9&_nc_ohc=AK8sQiWLhaIQ7kNvwH-wglC&_nc_oc=AdnZLfsXco8V_obRA_xCNWfYB1RNGci0JW8Ro3q6CjkKM9M38dj8i4Ng_0Zey4O_cLjusiHvjpn1vtClGjtzvSmK&_nc_ad=z-m&_nc_cid=1087&_nc_zt=23&_nc_ht=scontent-ord5-3.cdninstagram.com&_nc_gid=lbp0WiXTk6zhlcTry5aWHg&oh=00_AfiSdqQeQjzf35NOOzREXUDNRYGY8ZXdrztRL1otUZNhCA&oe=69310A93;Cumhuriyet Halk Partisi Bolvadin İlçe Başkanımız Ömer Çengel ve beraberindeki heyet ile görüş alışverişinde bulunduk.;
https://www.instagram.com/p/DRevX-2iGjP/;Photo;678;7;0;2025-11-25 15:59:35;https://scontent-ord5-3.cdninstagram.com/v/t51.82787-15/587391981_18538617802037474_4775581363016436344_n.jpg?stp=dst-jpg_e35_tt6&_nc_cat=100&ig_cache_key=Mzc3MzY2MTg5NDAwMzk0MzYzMQ%3D%3D.3-ccb7-5&ccb=7-5&_nc_sid=58cdad&efg=eyJ2ZW5jb2RlX3RhZyI6InhwaWRzLjE0NDB4OTYwLnNkci5DMyJ9&_nc_ohc=hNWXw9QS_a8Q7kNvwHF9VjU&_nc_oc=AdlMTp61pRpIXBJF4T2hFJXqMlIy7tyhXaiY2L3xWViGwD-JacwfeFgOKekXAnVEdEi4DgUGc11i_tTSTfDZonkq&_nc_ad=z-m&_nc_cid=1087&_nc_zt=23&_nc_ht=scontent-ord5-3.cdninstagram.com&_nc_gid=lbp0WiXTk6zhlcTry5aWHg&oh=00_AfiGHaB3WU0RnkKS0WPgKf3ySqBomvw-3XU4nQPV1MIu_A&oe=69312BBA;Salar Belediye Başkanı Halil Aygün ile görüş alışverişinde bulunduk.;
https://www.instagram.com/p/DReomCniB-P/;Photo;503;2;0;2025-11-25 15:00:20;https://scontent-ord5-3.cdninstagram.com/v/t51.82787-15/586707015_18538610677037474_3733191638937871831_n.jpg?stp=dst-jpg_e35_tt6&_nc_cat=106&ig_cache_key=Mzc3MzYzMjA3Mzc5NDMzMDUxMQ%3D%3D.3-ccb7-5&ccb=7-5&_nc_sid=58cdad&efg=eyJ2ZW5jb2RlX3RhZyI6InhwaWRzLjE0NDB4OTYwLnNkci5DMyJ9&_nc_ohc=7DeCa_zpI_cQ7kNvwGpX2jI&_nc_oc=Adle11VVGS9J13d_MsAOIGkWPcZ8gD3BnBtCrLQrZgOr-sXaggsiqPCxsnfJbLr3bkvMKi66n1E-h2Dg2eNyZSY3&_nc_ad=z-m&_nc_cid=1087&_nc_zt=23&_nc_ht=scontent-ord5-3.cdninstagram.com&_nc_gid=lbp0WiXTk6zhlcTry5aWHg&oh=00_AfjRB364WrlNU-Z_1WINEhEcfPs3RQCU80vyLG2-ZhWqhg&oe=6930FD32;Türkiye Harp Malulü Gaziler, Şehit Dul ve Yetimleri Derneği Afyonkarahisar Şube Başkanı İsmail Kumartaşlı, Malul Gazi Cihan İlhan, Malul Gazi Süleyman Çelik, Malul Gazi Süleyman Şen’in annesi Rabia Şen’i ağırladık. Gazilerimiz başımızın tacıdır. Her zaman yanınızdayız.;
https://www.instagram.com/p/DReTir4CMPJ/;Carousel;621;7;0;2025-11-25 11:56:22;https://scontent-ord5-1.cdninstagram.com/v/t51.82787-15/586654651_18538590550037474_4145693469199425682_n.jpg?stp=dst-jpg_e35_tt6&_nc_cat=101&ig_cache_key=Mzc3MzUzOTQ2MjQyMTE1OTA3MQ%3D%3D.3-ccb7-5&ccb=7-5&_nc_sid=58cdad&efg=eyJ2ZW5jb2RlX3RhZyI6InhwaWRzLjE0NDB4OTYwLnNkci5DMiJ9&_nc_ohc=eLVMptZqO0QQ7kNvwHE0X7q&_nc_oc=Adl9u5kvuX125FJopzrTNGM46iBUu5S1Fnzh2rLzoC4zNsTfJhj5ubl-Bg1yrXPsw2OtCHz9xke7GN52iW2PGDIv&_nc_ad=z-m&_nc_cid=1087&_nc_zt=23&_nc_ht=scontent-ord5-1.cdninstagram.com&_nc_gid=lbp0WiXTk6zhlcTry5aWHg&oh=00_AfhuSImaahJhTEEtk4X3znn0i1en0RR3riRA6LZCtNxe7A&oe=69311C42;Valimiz Kübra Güran Yiğitbaşı, Afyon Kocatepe Üniversitesi Rektörü Mehmet Karakaş ve İl Protokolümüz ile birlikte Afyon Kocatepe Üniversitesi Danışma Kurulu Toplantısı’na katıldık.;
https://www.instagram.com/p/DRd_YzviBuK/;Photo;672;5;0;2025-11-25 09:00:16;https://scontent-itm1-1.cdninstagram.com/v/t51.82787-15/587394195_18538575751037474_4852630085174346484_n.jpg?stp=dst-jpg_e35_tt6&_nc_cat=106&ig_cache_key=Mzc3MzQ1MDg0NDU2MjI2NzAxOA%3D%3D.3-ccb7-5&ccb=7-5&_nc_sid=58cdad&efg=eyJ2ZW5jb2RlX3RhZyI6InhwaWRzLjE0NDB4MTczMC5zZHIuQzMifQ%3D%3D&_nc_ohc=96i9CEanDoAQ7kNvwGzp7oD&_nc_oc=AdlGWkKNFRQkMUgzmtyNSb9LodCAEBseZcQukFjhICn0pdp4mJDyNK1I15vNma5Lf5o&_nc_ad=z-m&_nc_cid=0&_nc_zt=23&_nc_ht=scontent-itm1-1.cdninstagram.com&_nc_gid=ZK9FO4lMzg14hPxHCduxfA&oh=00_AfiJ_Fjedcp95hXIcA9yQD3yQtDqMDiWWMbglactPKgrew&oe=693102BB;"Kadına yönelik şiddetin hiçbir gerekçesi, hiçbir bahanesi olamaz. Şiddetin karşısında, eşitliğin ve adaletin yanında durmaya; kadınların yaşam hakkını, özgürlüğünü ve onurunu korumaya kararlıyız. Kadınlarımızın yanındayız, birlikte daha güçlüyüz!";
https://www.instagram.com/p/DRd8RgKiH71/;Photo;1191;49;0;2025-11-25 08:33:03;https://scontent-itm1-1.cdninstagram.com/v/t51.82787-15/587269090_18538573468037474_5850986621914284200_n.jpg?stp=dst-jpg_e35_tt6&_nc_cat=100&ig_cache_key=Mzc3MzQzNzE0ODM2NDU3MDM1Nw%3D%3D.3-ccb7-5&ccb=7-5&_nc_sid=58cdad&efg=eyJ2ZW5jb2RlX3RhZyI6InhwaWRzLjE0NDB4MTQ0MC5zZHIuQzMifQ%3D%3D&_nc_ohc=NhcnYRmS3a4Q7kNvwFtsFgS&_nc_oc=AdlhSea5jSO4oe4q4ijWHv7x-EwO_ZqpE5gOkWkCfYlMJq4VqKfCyU-X599OrMAGCOg&_nc_ad=z-m&_nc_cid=0&_nc_zt=23&_nc_ht=scontent-itm1-1.cdninstagram.com&_nc_gid=ZK9FO4lMzg14hPxHCduxfA&oh=00_Afj1Z9_lP1U24uQ5FnVLEstzFLgR7GnOSgn29e4MxxZ4iA&oe=69311775;;
https://www.instagram.com/p/DRce0qMiDRm/;Reels;1520;10;64912;2025-11-24 18:57:52;https://scontent-itm1-1.cdninstagram.com/v/t51.71878-15/588622349_1153366040319237_8031069608161593927_n.jpg?stp=dst-jpg_e15_tt6&_nc_cat=103&ig_cache_key=Mzc3MzAyNjE0Nzk0NTE2NTkyNg%3D%3D.3-ccb7-5&ccb=7-5&_nc_sid=58cdad&efg=eyJ2ZW5jb2RlX3RhZyI6InhwaWRzLjY0MHgzNjAuc2RyLkMzIn0%3D&_nc_ohc=WWjQ1VcTrtsQ7kNvwHhZFRd&_nc_oc=AdmsWxFCsbYXThUEy9_1EToM69Oaq43IQbXq6q6Yt2QgjQVgI-KDev1rJ94TXyWrLzY&_nc_ad=z-m&_nc_cid=0&_nc_zt=23&_nc_ht=scontent-itm1-1.cdninstagram.com&_nc_gid=ZK9FO4lMzg14hPxHCduxfA&oh=00_AfgTVEKugWzrjyDUC8HiRYCtfkpKNNj0yUUb5Pb-3MygeA&oe=69311975;Gününüz kutlu olsun, hakkınız ödenmez!;
https://www.instagram.com/p/DRcTipECPne/;Carousel;522;1;0;2025-11-24 17:17:53;https://scontent-itm1-1.cdninstagram.com/v/t51.82787-15/586669383_18538473655037474_5026353883852901365_n.jpg?stp=dst-jpg_e35_tt6&_nc_cat=107&ig_cache_key=Mzc3Mjk3NjUxNjIyNTg0NzE1NA%3D%3D.3-ccb7-5&ccb=7-5&_nc_sid=58cdad&efg=eyJ2ZW5jb2RlX3RhZyI6InhwaWRzLjE0NDB4OTYwLnNkci5DMyJ9&_nc_ohc=qHnK3eqsh4QQ7kNvwGnJOKa&_nc_oc=AdnLTvnY3flwoWTm7BMUQIJyueQ0ZT2bFl7nTJhz8y_N57gtxvcaRHNV8kpe5Enur-g&_nc_ad=z-m&_nc_cid=0&_nc_zt=23&_nc_ht=scontent-itm1-1.cdninstagram.com&_nc_gid=ZK9FO4lMzg14hPxHCduxfA&oh=00_AfgtsJTTVgB8pmOpB1zvaQuLyZvjOBSQTJ2pTnt89xvxvg&oe=6931063C;Cumhuriyet Halk Partisi İhsaniye İlçe Başkanımız Muhammed Türkmenoğlu ve Yönetim Kurulu Üyeleri ile görüş alışverişinde bulunduk.;
https://www.instagram.com/p/DRcOD7PiLaG/;Photo;1238;8;0;2025-11-24 16:30:00;https://scontent-itm1-1.cdninstagram.com/v/t51.82787-15/586707777_18538467427037474_8135869756818112495_n.jpg?stp=dst-jpg_e35_tt6&_nc_cat=110&ig_cache_key=Mzc3Mjk1MjQzMDI1MDYwNDE2Ng%3D%3D.3-ccb7-5&ccb=7-5&_nc_sid=58cdad&efg=eyJ2ZW5jb2RlX3RhZyI6InhwaWRzLjE0NDB4OTYwLnNkci5DMyJ9&_nc_ohc=de9FlDfnzxkQ7kNvwEW5Zhh&_nc_oc=AdnNcQPrVBWgfA0shz47AOBKyXcA4a5rRvjrNbng0MX84_GwIcFWP0-riNA8jaNu300&_nc_ad=z-m&_nc_cid=0&_nc_zt=23&_nc_ht=scontent-itm1-1.cdninstagram.com&_nc_gid=ZK9FO4lMzg14hPxHCduxfA&oh=00_AfjanJA1LzP9ttNoX4dwCm4teG-73WAaZ4QFcELmmIQxuA&oe=693115E2;Denizbank Afyonkarahisar Kocatepe Şube Müdürü Emre Saçlı ve KOBİ Portföy Yöneticisi Betül Arı ile görüş alışverişinde bulunduk.;
https://www.instagram.com/p/DRcIvyACDke/;Photo;487;2;0;2025-11-24 15:43:34;https://scontent-itm1-1.cdninstagram.com/v/t51.82787-15/584521272_18538461394037474_2352659704745000488_n.jpg?stp=dst-jpg_e35_tt6&_nc_cat=110&ig_cache_key=Mzc3MjkyOTA1NTcwNDc1ODU1OA%3D%3D.3-ccb7-5&ccb=7-5&_nc_sid=58cdad&efg=eyJ2ZW5jb2RlX3RhZyI6InhwaWRzLjE0NDB4OTYwLnNkci5DMyJ9&_nc_ohc=TlR3LFKKiR0Q7kNvwEga3Sy&_nc_oc=AdmTA1b__z6FWuCaadsGuHUggEBbnH6ICwguYZS9-1Jx3wScQy7W4-OnLT89iPdmiQo&_nc_ad=z-m&_nc_cid=0&_nc_zt=23&_nc_ht=scontent-itm1-1.cdninstagram.com&_nc_gid=ZK9FO4lMzg14hPxHCduxfA&oh=00_Afj2y41VZ74PxrTMikW5Q9Gk0z_8QFVWiPw8SneGQh7gvg&oe=69312335;TMMOB Makina Mühendisleri Odası Eskişehir Şube Başkanı Nezihe Hanecioğlu, Afyonkarahisar İl Temsilcisi Yüksel Mahir Burhan ve beraberindeki heyet ile görüş alışverişinde bulunduk.;
https://www.instagram.com/p/DRb-K_dCOO6/;Carousel;1697;12;0;2025-11-24 14:11:09;https://scontent-itm1-1.cdninstagram.com/v/t51.82787-15/586976617_18538450543037474_3344267278434245500_n.jpg?stp=dst-jpg_e35_tt6&_nc_cat=111&ig_cache_key=Mzc3Mjg4MjUyOTI4ODczMjcwMA%3D%3D.3-ccb7-5&ccb=7-5&_nc_sid=58cdad&efg=eyJ2ZW5jb2RlX3RhZyI6InhwaWRzLjE0NDB4OTYwLnNkci5DMyJ9&_nc_ohc=-cGCexoGLJYQ7kNvwHq58YU&_nc_oc=Adk12h4Em9FG9eHzGJ8xjDYBIHFuUO47RJV2_gurH8EfvLEhprk_FOS-yiM5noP8whE&_nc_ad=z-m&_nc_cid=0&_nc_zt=23&_nc_ht=scontent-itm1-1.cdninstagram.com&_nc_gid=ZK9FO4lMzg14hPxHCduxfA&oh=00_AfjJhqmiutjVCnR_lP4RRuKgsa4verNPmD76XwYFzoF9BQ&oe=6930F7BF;"Zaferin Çocukları Gündüz Bakımevimizde görev yapan kıymetli öğretmenlerimizin 24 Kasım Öğretmenler Günü’nü kutladık. Geleceğimizin teminatı olan çocuklarımızı sevgiyle, sabırla ve özveriyle yetiştiren her bir öğretmenimize minnettarım. Başöğretmenimiz Gazi Mustafa Kemal Atatürk’ün izinde; Cumhuriyetimizin değerlerini yarınlara taşıyan tüm öğretmenlerimize saygı, sevgi ve teşekkürlerimle… İyi ki varsınız.";
https://www.instagram.com/p/DRbZVYdiNj7/;Photo;1796;19;0;2025-11-24 08:49:16;https://scontent-itm1-1.cdninstagram.com/v/t51.82787-15/587269090_18538420666037474_782781930647569924_n.jpg?stp=dst-jpg_e35_tt6&_nc_cat=110&ig_cache_key=Mzc3MjcyMDUzMzM5MDAyMjkwNw%3D%3D.3-ccb7-5&ccb=7-5&_nc_sid=58cdad&efg=eyJ2ZW5jb2RlX3RhZyI6InhwaWRzLjE0NDB4MTczMC5zZHIuQzMifQ%3D%3D&_nc_ohc=-0L5aVUuExwQ7kNvwHHbgAR&_nc_oc=Adm82oUBxXWPvICCspCmq2oH_uyZYqDJNfUB7J7W4XSqEvAXBXlg4MjHLMLSQV-HAxA&_nc_ad=z-m&_nc_cid=0&_nc_zt=23&_nc_ht=scontent-itm1-1.cdninstagram.com&_nc_gid=ZK9FO4lMzg14hPxHCduxfA&oh=00_AfjJ7naIs6_lDIvD5bPQfK2CiqWD2WVq1hQIt9N7mZYUqg&oe=693121FD;"Bugün, fikri hür, vicdanı hür nesiller yetiştiren tüm öğretmenlerimizin günüdür. Başöğretmenimiz Gazi Mustafa Kemal Atatürk’ün izinde; çocuklarımıza ışık olan, ülkemizin geleceğini sevgiyle ve emekle şekillendiren tüm öğretmenlerimizin 24 Kasım Öğretmenler Günü’nü yürekten kutluyorum.";
https://www.instagram.com/p/DRXTGDbCDXh/;Carousel;1282;10;0;2025-11-22 18:37:47;https://scontent-itm1-1.cdninstagram.com/v/t51.82787-15/584843204_18538161025037474_1131847052016106230_n.jpg?stp=dst-jpg_e35_tt6&_nc_cat=109&ig_cache_key=Mzc3MTU2NzE3MTU1NDU2OTUxOQ%3D%3D.3-ccb7-5&ccb=7-5&_nc_sid=58cdad&efg=eyJ2ZW5jb2RlX3RhZyI6InhwaWRzLjE0NDB4OTYwLnNkci5DMyJ9&_nc_ohc=JyDcB7AvFR4Q7kNvwEpged4&_nc_oc=AdkCs_x3DG3JvAqt7bTU3HzgbL2jrkBcbHicJBHbu6NwV5-y9cVffThFfsa0uZWFg1I&_nc_ad=z-m&_nc_cid=0&_nc_zt=23&_nc_ht=scontent-itm1-1.cdninstagram.com&_nc_gid=ZK9FO4lMzg14hPxHCduxfA&oh=00_AfjZATEczKB8U96WMaiKJq8ld4hZ5EOoUkJOUaZcvp-dzw&oe=69311D47;TVF Arabica Coffee House Kadınlar Voleybol 1. Ligi’nde mücadele eden Afyon Belediye Yüntaş Voleybol takımımız, Muratpaşa Belediye Açı Koleji’ni 3-0 mağlup etti. 💜🤍 Tebrikler Zaferin Sultanları! 🏐;
https://www.instagram.com/p/DRUtYd7iNzA/;Photo;571;8;0;2025-11-21 18:29:46;https://scontent-itm1-1.cdninstagram.com/v/t51.82787-15/587015058_18538001839037474_3486976720640709575_n.jpg?stp=dst-jpg_e35_tt6&_nc_cat=104&ig_cache_key=Mzc3MDgzODM4MTUxMzcyNzE2OA%3D%3D.3-ccb7-5&ccb=7-5&_nc_sid=58cdad&efg=eyJ2ZW5jb2RlX3RhZyI6InhwaWRzLjE0NDB4OTYwLnNkci5DMyJ9&_nc_ohc=WHinEv5pVUIQ7kNvwEmJuvf&_nc_oc=Adkm2eI_d9zD4JOG8Pq3MU9pPcUzKQwdS4kg89daMTEl5s9twsm0Hxz6uMN02ReZapA&_nc_ad=z-m&_nc_cid=0&_nc_zt=23&_nc_ht=scontent-itm1-1.cdninstagram.com&_nc_gid=ZK9FO4lMzg14hPxHCduxfA&oh=00_AfhSTY1DJayOBhOA0rCl6K49eNvvFHQftnQ0txjJewwxPg&oe=6931272A;Madeni Sanatkarlar Odası Başkanı Mustafa Yılmazaslan ve Yönetim Kurulu Üyeleri ile görüş alışverişinde bulunduk.;
https://www.instagram.com/p/DRUk5AviGHy/;Photo;538;2;0;2025-11-21 17:15:34;https://scontent-itm1-1.cdninstagram.com/v/t51.82787-15/587212456_18537991294037474_5496552822678280801_n.jpg?stp=dst-jpg_e35_tt6&_nc_cat=111&ig_cache_key=Mzc3MDgwMTAzNTQ5Nzk4ODU5NA%3D%3D.3-ccb7-5&ccb=7-5&_nc_sid=58cdad&efg=eyJ2ZW5jb2RlX3RhZyI6InhwaWRzLjE0NDB4OTYwLnNkci5DMyJ9&_nc_ohc=GGYSoS32HyAQ7kNvwF6esLR&_nc_oc=AdnDNh5_o0_VeTOpF-GVJeyrnrP1CwElZDnE1afnBc4TUUfvdNVi8s6W28Gk-Zp6oLg&_nc_ad=z-m&_nc_cid=0&_nc_zt=23&_nc_ht=scontent-itm1-1.cdninstagram.com&_nc_gid=ZK9FO4lMzg14hPxHCduxfA&oh=00_Afia6mJ-jRdALIYrsUGiw7P-1o68vI8jiOLHrV7QQtnELA&oe=6930F688;Afyon Amatör Spor Kulüpleri Federasyonu Başkanı Alişan Akgün ve Yönetim Kurulu Üyeleri ile görüş alışverişinde bulunduk.;
https://www.instagram.com/p/DRUfXWqCCh2/;Photo;683;2;0;2025-11-21 16:27:17;https://scontent-itm1-1.cdninstagram.com/v/t51.82787-15/584156222_18537984880037474_7911432630169651025_n.jpg?stp=dst-jpg_e35_tt6&_nc_cat=102&ig_cache_key=Mzc3MDc3NjczMjMzMzI1NDc3NA%3D%3D.3-ccb7-5&ccb=7-5&_nc_sid=58cdad&efg=eyJ2ZW5jb2RlX3RhZyI6InhwaWRzLjE0NDB4OTYwLnNkci5DMyJ9&_nc_ohc=k8jmk20s3FgQ7kNvwGJ0q_K&_nc_oc=AdkFRPrF8Zl2zy6nARBBdE_dSFZYBbm7sU-IGmScM_O_hrCnb5ayz1Ma_HZqsqDYhJQ&_nc_ad=z-m&_nc_cid=0&_nc_zt=23&_nc_ht=scontent-itm1-1.cdninstagram.com&_nc_gid=ZK9FO4lMzg14hPxHCduxfA&oh=00_AfgZhnv6OA3juxSH1lU6nFADufwFxOkzGs21b2lzIICzjg&oe=69311F80;Turkuvaz Medya Grubu Yazılı Basın Reklam Genel Müdürü ve İcra Kurulu Üyesi Ceyda Uzman, Yazılı Medya Genel Müdür Yardımcısı Sedat Acet, Yeni Asır Gazetesi Genel Yayın Yönetmeni Ercan Demir ve Afyon Basın Cemiyeti Başkanı Hakan Dilek ile görüş alışverişinde bulunduk.;
https://www.instagram.com/p/DRSQx4ZCIEC/;Carousel;1573;8;0;2025-11-20 19:41:21;https://scontent-dub4-1.cdninstagram.com/v/t51.82787-15/587292288_18537859609037474_1072403907634731360_n.jpg?stp=dst-jpg_e35_tt6&_nc_cat=109&ig_cache_key=Mzc3MDE0OTYxMjkwOTI0NDQ2OQ%3D%3D.3-ccb7-5&ccb=7-5&_nc_sid=58cdad&efg=eyJ2ZW5jb2RlX3RhZyI6InhwaWRzLjE0NDB4OTYwLnNkci5DMyJ9&_nc_ohc=pHFmKqRHDLwQ7kNvwGM_3pw&_nc_oc=AdkSyPwzj3XqaP7YD9EEHL6rNxg7KfSn6C0cCrPiIZ9fU1--yc_GYqJgx7K949Ir444&_nc_ad=z-m&_nc_cid=0&_nc_zt=23&_nc_ht=scontent-dub4-1.cdninstagram.com&_nc_gid=dnHUjD4X-M9PmE59zHMV2Q&oh=00_Afg3L_sRKnMuNG-1QtI_lQJF8BS7U2B_HMqqw3JTrfUVxg&oe=69311AF5;Şehit Murat Birlik Parkımızdaki yenileme çalışmalarını yerinde inceledik. Hemşehrilerimizin keyifle vakit geçirebileceği, çocuklarımızın güvenle oynayabileceği bir ortam için düzenlemeleri değerlendirdik.;
https://www.instagram.com/p/DRSJBOKCE1X/;Carousel;1043;2;0;2025-11-20 18:33:32;https://scontent-dub4-1.cdninstagram.com/v/t51.82787-15/586763216_18537850819037474_453262570146159863_n.jpg?stp=dst-jpg_e35_tt6&_nc_cat=104&ig_cache_key=Mzc3MDExNTQ4Njg3NzUzNTM2Mg%3D%3D.3-ccb7-5&ccb=7-5&_nc_sid=58cdad&efg=eyJ2ZW5jb2RlX3RhZyI6InhwaWRzLjE0NDB4OTYwLnNkci5DMyJ9&_nc_ohc=_rOIGF1NaGcQ7kNvwEzeenY&_nc_oc=AdnzPjWq6KNRrrYR4Vgng5mAGJW3m-I01mtGg-nhkFk1BQaMDPNH99YhhIjgPDqydU0&_nc_ad=z-m&_nc_cid=0&_nc_zt=23&_nc_ht=scontent-dub4-1.cdninstagram.com&_nc_gid=dnHUjD4X-M9PmE59zHMV2Q&oh=00_Afj5WGxiE9iwgt7iGN8-aKrSjfUhJyVp6oK0hy3CYT5cOA&oe=69310683;Gündüz Bakımevi ve Bilgi Evi olarak hizmet verecek olan Afyonkarahisar Belediyesi Yumlu Sosyal Tesisimizle ilgili çalışmaları yerinde inceledik.  Çocuklarımızın eğitimine, ailelerimizin yaşamına değer katacağımız projelerimizi gerçekleştirmeye devam edeceğiz.;
https://www.instagram.com/p/DRR85qpiDHe/;Carousel;1657;20;0;2025-11-20 16:47:39;https://scontent-dub4-1.cdninstagram.com/v/t51.82787-15/587381286_18537836584037474_3424089309011565408_n.jpg?stp=dst-jpg_e35_tt6&_nc_cat=109&ig_cache_key=Mzc3MDA2MjE4Nzg4NTI3MTczMw%3D%3D.3-ccb7-5&ccb=7-5&_nc_sid=58cdad&efg=eyJ2ZW5jb2RlX3RhZyI6InhwaWRzLjE0NDB4OTYwLnNkci5DMyJ9&_nc_ohc=0DjHEB3F-e4Q7kNvwGJAMkg&_nc_oc=Adkd82mfbjbaDWnexGVy4b3qK00N4dE7Ros4SIyK8Woo_XC2LqYT55KGYDmEbHlKZ5k&_nc_ad=z-m&_nc_cid=0&_nc_zt=23&_nc_ht=scontent-dub4-1.cdninstagram.com&_nc_gid=dnHUjD4X-M9PmE59zHMV2Q&oh=00_AfhR81NLSIh_dOc_hodRT71yiFLEupiWsfOJOM_6r5ao7Q&oe=6930F7E9;Şehrimizin trafik yükünü azaltmak ve ulaşımı daha güvenli hale getirmek amacıyla yürüttüğümüz ‘Hamburger Kavşak’ düzenleme çalışmalarını yerinde inceledik. En kısa zamanda ulaşıma açacağımız kavşağımızla bölgede trafik akışının rahatlamasını hedefliyoruz.;
https://www.instagram.com/p/DRR3R7HiPja/;Carousel;1205;5;0;2025-11-20 15:58:32;https://scontent-dub4-1.cdninstagram.com/v/t51.82787-15/586974297_18537830215037474_3661815157993588335_n.jpg?stp=dst-jpg_e35_tt6&_nc_cat=105&ig_cache_key=Mzc3MDAzNzQ2NzY1NTc1Njc4OQ%3D%3D.3-ccb7-5&ccb=7-5&_nc_sid=58cdad&efg=eyJ2ZW5jb2RlX3RhZyI6InhwaWRzLjE0NDB4OTU5LnNkci5DMyJ9&_nc_ohc=GBbDH6QXregQ7kNvwEyKT4C&_nc_oc=AdkF46PrAOQY6aUPWyzQsS_vR6eaFeEwl92L3LnHMdkTDodzPmQKRod1u7PpUNem_5w&_nc_ad=z-m&_nc_cid=0&_nc_zt=23&_nc_ht=scontent-dub4-1.cdninstagram.com&_nc_gid=dnHUjD4X-M9PmE59zHMV2Q&oh=00_AfjiXiC9TJbI59i7_GOjNUD7TVHDptjq5VruXr4xt4-BXg&oe=69310261;Merve Çalmaz ve Ahmet Mücahit Narcı çiftinin nikah akdini şahitler ve aileler huzurunda gerçekleştirdik.  Genç çiftimizi tebrik eder, ömür boyu mutluluklar dilerim.;
https://www.instagram.com/p/DRRsMnTCOnd/;Photo;637;4;0;2025-11-20 14:21:41;https://scontent-dub4-1.cdninstagram.com/v/t51.82787-15/586680223_18537819691037474_605282377846539391_n.jpg?stp=dst-jpg_e35_tt6&_nc_cat=110&ig_cache_key=Mzc2OTk4ODc0Mzk2MTMwNzYxMw%3D%3D.3-ccb7-5&ccb=7-5&_nc_sid=58cdad&efg=eyJ2ZW5jb2RlX3RhZyI6InhwaWRzLjE0NDB4OTYwLnNkci5DMyJ9&_nc_ohc=W7jNomJ5brEQ7kNvwHNOdHq&_nc_oc=AdknDsc_jpa0IAzPe0R7z0qOLep5mjTqDeOEUBEahFfhp7hApY8zZ5BrP2R9XluIfeY&_nc_ad=z-m&_nc_cid=0&_nc_zt=23&_nc_ht=scontent-dub4-1.cdninstagram.com&_nc_gid=dnHUjD4X-M9PmE59zHMV2Q&oh=00_AfjLu9jhyaxC0_Zgt49VHFk4jeyO4hgvuuxunc2P9fclyA&oe=6930F76F;İller Bankası Mekansal Daire Başkanı Ahmet Avşar Şimşek, Eskişehir Bölge Müdürü Meral Emel ve beraberindeki heyet ile Afyonkarahisarımızın ulaşım planı, imar planı revizyonları ve mikro bölgeleme çalışmaları üzerine görüş alışverişinde bulunduk.;
https://www.instagram.com/p/DRRHqKaiGR6/;Photo;705;2;0;2025-11-20 09:02:25;https://scontent-dub4-1.cdninstagram.com/v/t51.82787-15/583891411_18537794188037474_7276545039187641688_n.jpg?stp=dst-jpg_e35_tt6&_nc_cat=101&ig_cache_key=Mzc2OTgyODA0NjgxMTk4MDkyMg%3D%3D.3-ccb7-5&ccb=7-5&_nc_sid=58cdad&efg=eyJ2ZW5jb2RlX3RhZyI6InhwaWRzLjE0NDB4MTczMC5zZHIuQzMifQ%3D%3D&_nc_ohc=wKBWtXN-Gc8Q7kNvwFIIEBP&_nc_oc=Adn91pAGbppwR5_i4pj-g3AYFdst3RAQR-jSSIZHvcfZaNYCnTze_Ma4R8JO-_bEOmY&_nc_ad=z-m&_nc_cid=0&_nc_zt=23&_nc_ht=scontent-dub4-1.cdninstagram.com&_nc_gid=dnHUjD4X-M9PmE59zHMV2Q&oh=00_AfgiGrJAOrx7lq9kzut75dfnuKqPVYZLKRCLtQHLoSqVSw&oe=69312A51;Çocuklarımızın gülümsemesi, geleceğe dair en büyük umudumuz. Her çocuğumuzun güvenle, sevgiyle ve eşit imkanlarla büyümesi için çalışmaya devam edeceğiz. Tüm çocuklarımızın 20 Kasım Dünya Çocuk Hakları Günü’nü yürekten kutluyorum.;
https://www.instagram.com/p/DRQCdb2AO7u/;Photo;4521;130;0;2025-11-19 22:57:44;https://scontent-dub4-1.cdninstagram.com/v/t51.82787-15/584176901_18537740134037474_4699651583784596163_n.jpg?stp=dst-jpg_e35_tt6&_nc_cat=105&ig_cache_key=Mzc2OTUyMzcwNjk2NDAxMjc4Mg%3D%3D.3-ccb7-5&ccb=7-5&_nc_sid=58cdad&efg=eyJ2ZW5jb2RlX3RhZyI6InhwaWRzLjE0NDB4ODEzLnNkci5DMyJ9&_nc_ohc=eljeDRCscnYQ7kNvwGebSHu&_nc_oc=Admm4lrlJrICVfv0ttmH-b2g5QHtc84qjiomt015Z-0LZkDyhSGYDsmWNgc52RWsIhM&_nc_ad=z-m&_nc_cid=0&_nc_zt=23&_nc_ht=scontent-dub4-1.cdninstagram.com&_nc_gid=dnHUjD4X-M9PmE59zHMV2Q&oh=00_AfgESUARrZxJ9-mjlNHSNcXjm_qNZmAoX7ciMqx1wl1RNw&oe=6930F77D;Sizinle geçen yıllarımı çok özledim. Mekanınız cennet olsun…;
https://www.instagram.com/p/DROwJ4FAHk2/;Reels;587;4;55155;2025-11-19 10:59:47;https://scontent-dub4-1.cdninstagram.com/v/t51.71878-15/586681349_1468344747595400_1512732472196809522_n.jpg?stp=dst-jpg_e15_tt6&_nc_cat=103&ig_cache_key=Mzc2OTE2MTcyMzA3Njk2NjcxMA%3D%3D.3-ccb7-5&ccb=7-5&_nc_sid=58cdad&efg=eyJ2ZW5jb2RlX3RhZyI6InhwaWRzLjY0MHgzNjAuc2RyLkMzIn0%3D&_nc_ohc=fsziyOzbE_UQ7kNvwERftUo&_nc_oc=Adnuwnooqeho5ui8g2LEpKOk7aGJ90m15SIFg6PDb51vyyjY5ZTIROBM0bzBsI_VdLw&_nc_ad=z-m&_nc_cid=0&_nc_zt=23&_nc_ht=scontent-dub4-1.cdninstagram.com&_nc_gid=dnHUjD4X-M9PmE59zHMV2Q&oh=00_AfgOL7PYS6yseYlecciiPw9FkVvW5yH2Zcnq3qiS4lynpA&oe=6930F978;Daha düzenli, daha güvenli ve daha modern bir Afyonkarahisar için çalışmalarımıza devam ediyoruz. 🚧;
https://www.instagram.com/p/DRNMdxYCCv2/;Carousel;1705;5;0;2025-11-18 20:27:27;https://scontent-dub4-1.cdninstagram.com/v/t51.82787-15/583101174_18537577804037474_7823519324698729757_n.jpg?stp=dst-jpg_e35_tt6&_nc_cat=109&ig_cache_key=Mzc2ODcyMzI2NjI0OTE2NTkwOQ%3D%3D.3-ccb7-5&ccb=7-5&_nc_sid=58cdad&efg=eyJ2ZW5jb2RlX3RhZyI6InhwaWRzLjE0NDB4OTU5LnNkci5DMyJ9&_nc_ohc=Zq_McvFvnS0Q7kNvwEXGfAE&_nc_oc=Adn_SGJFYypUW8o_F7fdW6-C1zQ4LkcxY06xb9ZPHozcZnemoICrOGudSX3pghEi6yA&_nc_ad=z-m&_nc_cid=0&_nc_zt=23&_nc_ht=scontent-dub4-1.cdninstagram.com&_nc_gid=dnHUjD4X-M9PmE59zHMV2Q&oh=00_Afh-KV7NqKEcRtp5umnkufWN8d7rgAS0lMxraIOq1POw9Q&oe=69311627;Valiliğimizde düzenlenen İl Afet Risk Azaltma İzleme ve Değerlendirme Toplantısına katıldık.;
https://www.instagram.com/p/DRKY9CkCKq_/;Photo;608;4;0;2025-11-17 18:18:51;https://scontent-dub4-1.cdninstagram.com/v/t51.82787-15/582229110_18537413668037474_4518260372951701427_n.jpg?stp=dst-jpg_e35_tt6&_nc_cat=105&ig_cache_key=Mzc2NzkzMzc4NjAwNTIyMDAzMQ%3D%3D.3-ccb7-5&ccb=7-5&_nc_sid=58cdad&efg=eyJ2ZW5jb2RlX3RhZyI6InhwaWRzLjE0NDB4OTYwLnNkci5DMyJ9&_nc_ohc=Eh-Zs33fltEQ7kNvwHNbiBg&_nc_oc=Adm0NgXqy5aXet1OBdEou4MLIVTKi9JmEi7NwhXYIhNbkmgbBSXwyHRaqEfY_EhqbtQ&_nc_ad=z-m&_nc_cid=0&_nc_zt=23&_nc_ht=scontent-dub4-1.cdninstagram.com&_nc_gid=dnHUjD4X-M9PmE59zHMV2Q&oh=00_AfjKVbhPOBZWVfm0FV4zJDsH7DImjGLt0yrHuiGXlzmFDg&oe=693111FD;İlimiz basın camiasından gazeteci Mahmut Doğu ile görüş alışverişinde bulunduk.;
https://www.instagram.com/p/DRKNiIyiOq6/;Photo;710;8;0;2025-11-17 16:39:03;https://scontent-dub4-1.cdninstagram.com/v/t51.82787-15/583321885_18537399184037474_6653017170276716642_n.jpg?stp=dst-jpg_e35_tt6&_nc_cat=110&ig_cache_key=Mzc2Nzg4MzU1ODc1MzQ2Mjk3MA%3D%3D.3-ccb7-5&ccb=7-5&_nc_sid=58cdad&efg=eyJ2ZW5jb2RlX3RhZyI6InhwaWRzLjE0NDB4OTYwLnNkci5DMyJ9&_nc_ohc=ZD2P1u_Y7pAQ7kNvwEj9r2I&_nc_oc=AdnY1z_myEJruJ9eSyK8QmJ6Ca0PjQxKT5EQf3riBEZk5sZItI80jo9qSOT-NkNLJms&_nc_ad=z-m&_nc_cid=0&_nc_zt=23&_nc_ht=scontent-dub4-1.cdninstagram.com&_nc_gid=dnHUjD4X-M9PmE59zHMV2Q&oh=00_AfiNAab6faXEXtAGyc4iJx4rIAms9AMbNh3ZHoYDr5SSnA&oe=6931100E;Belediye-İş Sendikası Afyonkarahisar Şube Başkanı Mehmet Selman ve Yönetimi ile görüş alışverişinde bulunduk.;
https://www.instagram.com/p/DRKIXzRCHf1/;Carousel;713;2;0;2025-11-17 15:53:57;https://scontent-dub4-1.cdninstagram.com/v/t51.82787-15/584320018_18537393259037474_7044797606738314059_n.jpg?stp=dst-jpg_e35_tt6&_nc_cat=105&ig_cache_key=Mzc2Nzg2MDg0MDQ0MDAwNTY5MQ%3D%3D.3-ccb7-5&ccb=7-5&_nc_sid=58cdad&efg=eyJ2ZW5jb2RlX3RhZyI6InhwaWRzLjE0NDB4OTYwLnNkci5DMyJ9&_nc_ohc=pKIVBj5LWGYQ7kNvwEYe0Of&_nc_oc=AdmoCR6yLBnUNASWkN2DOLU_ytBBwxgo6gtzYHPb1rnnKPHJHMjLUnA1UxGQiGuvt5U&_nc_ad=z-m&_nc_cid=0&_nc_zt=23&_nc_ht=scontent-dub4-1.cdninstagram.com&_nc_gid=dnHUjD4X-M9PmE59zHMV2Q&oh=00_Afg-kZC5KkV8MBJBDiDkd-r4ER-a6SQmIR9hdMbZxJM8Rg&oe=69311653;Afyon Muhtarları Dayanışma Derneği Başkanı Deniz Özcan ve Yönetim Kurulu Üyeleri ile görüş alışverişinde bulunduk.;
https://www.instagram.com/p/DRJwu24CNbR/;Reels;1173;23;117636;2025-11-17 12:29:01;https://scontent-ord5-1.cdninstagram.com/v/t51.71878-15/582856714_1133645765591954_8361373106182302076_n.jpg?stp=dst-jpg_e15_tt6&_nc_cat=108&ig_cache_key=Mzc2Nzc1Njg4OTUyMjc1NTI4MQ%3D%3D.3-ccb7-5&ccb=7-5&_nc_sid=58cdad&efg=eyJ2ZW5jb2RlX3RhZyI6InhwaWRzLjY0MHgzNjAuc2RyLkMzIn0%3D&_nc_ohc=5ILBZ_k0yR4Q7kNvwEjDVAk&_nc_oc=Adm21LDkN5IIsiaoPfJQJycckH4s70R-Wq3ALFsQ6aqThqoHUyb-wjG2ghAQOnjm5To&_nc_ad=z-m&_nc_cid=0&_nc_zt=23&_nc_ht=scontent-ord5-1.cdninstagram.com&_nc_gid=puLzfa3bRZXo5sWISIgEew&oh=00_Afjef0ft3dNbjnMwEdnTM04rLCP1neKux4JUyysSeELOEg&oe=69311E2E;Afyonkarahisarımızda trafik artık daha güvenli, ulaşım daha konforlu olacak. 🚥🛣️;
https://www.instagram.com/p/DREX9PciNv-/;Photo;1556;30;0;2025-11-15 10:14:42;https://scontent-ord5-2.cdninstagram.com/v/t51.82787-15/582078736_18537045880037474_3858939485050753887_n.jpg?stp=dst-jpg_e35_tt6&_nc_cat=102&ig_cache_key=Mzc2NjI0MDU1MTkzMTI3MjE5MA%3D%3D.3-ccb7-5&ccb=7-5&_nc_sid=58cdad&efg=eyJ2ZW5jb2RlX3RhZyI6InhwaWRzLjE0NDB4MTcyOC5zZHIuQzMifQ%3D%3D&_nc_ohc=4Xz2ujvJQLEQ7kNvwHNM_VN&_nc_oc=Adm1s-mycHcPzuqp_MZoEUJ_JAAZV3BK3uyEz9oddkNaw4HiglsRAK3vd45kvkwssUk&_nc_ad=z-m&_nc_cid=0&_nc_zt=23&_nc_ht=scontent-ord5-2.cdninstagram.com&_nc_gid=puLzfa3bRZXo5sWISIgEew&oh=00_AfjoxPw3YvDl7P4f_M0-xnDeYNPVBjLo3VeeNHd57S2fRA&oe=693113D7;"Manisa’nın Alaşehir ilçesinde trafik polislerinin bulunduğu ekip aracının geçirdiği trafik kazası sonucu bir polisimizin şehit olduğunu, bir polisimizin ise ağır yaralandığını üzüntüyle öğrendim.  Yaralı polisimize acil şifalar diliyorum. Şehidimize Allah’tan rahmet; kederli ailesine sabır ve başsağlığı diliyorum.  Milletimizin başı sağ olsun. 🇹🇷";
https://www.instagram.com/p/DRETG09CAJv/;Photo;520;3;0;2025-11-15 09:32:19;https://scontent-ord5-2.cdninstagram.com/v/t51.82787-15/583226105_18537041878037474_132746633441738173_n.jpg?stp=dst-jpg_e35_tt6&_nc_cat=104&ig_cache_key=Mzc2NjIxOTIyMDQ0NzY1ODYwNw%3D%3D.3-ccb7-5&ccb=7-5&_nc_sid=58cdad&efg=eyJ2ZW5jb2RlX3RhZyI6InhwaWRzLjE0NDB4MTczMC5zZHIuQzMifQ%3D%3D&_nc_ohc=ujF0JsbFh_MQ7kNvwFcX3Ac&_nc_oc=AdmNjyd9VW2DKcRosqIFi6aXonZGFaBIPEbEiqIxkZQHFgy4Sp9ENba9HX33gJ8__Ps&_nc_ad=z-m&_nc_cid=0&_nc_zt=23&_nc_ht=scontent-ord5-2.cdninstagram.com&_nc_gid=puLzfa3bRZXo5sWISIgEew&oh=00_Afi_x6jOIeqMzdnf44EfAQZclj3X61n_ADQjWJwL2BbkjQ&oe=69312C4A;Kuzey Kıbrıs Türk Cumhuriyeti’nin kuruluşunun yıl dönümünü kutluyor, Kıbrıs Türk halkının özgürlük ve bağımsızlık mücadelesini saygıyla anıyorum.;
https://www.instagram.com/p/DRCWzn-CNP0/;Carousel;675;1;0;2025-11-14 15:26:10;https://scontent-ord5-1.cdninstagram.com/v/t51.82787-15/580862497_18536919343037474_4747474065308932417_n.jpg?stp=dst-jpg_e35_tt6&_nc_cat=101&ig_cache_key=Mzc2NTY3MjUzMTg5NDczNjE2Ng%3D%3D.3-ccb7-5&ccb=7-5&_nc_sid=58cdad&efg=eyJ2ZW5jb2RlX3RhZyI6InhwaWRzLjE0NDB4OTYwLnNkci5DMyJ9&_nc_ohc=37IQbhnzqAoQ7kNvwEIjv4z&_nc_oc=Adlu3QnhVv15alwpUcc7YftjpMmGdp2twEsiQO2cPpzUPEhIzDgBiiPjf3hrDb8v8QU&_nc_ad=z-m&_nc_cid=0&_nc_zt=23&_nc_ht=scontent-ord5-1.cdninstagram.com&_nc_gid=puLzfa3bRZXo5sWISIgEew&oh=00_AfhDl0G97H8KKi-jkGAwfyRdV3tLFYu5jbE6Ss_Sk0Rctg&oe=693128BC;İç Anadolu Belediyeler Birliği Genel Sekreteri Dr. Salim Çoruk ile görüş alışverişinde bulunduk.;
https://www.instagram.com/p/DRCPgChiDXM/;Carousel;1647;10;0;2025-11-14 14:22:19;https://scontent-ord5-3.cdninstagram.com/v/t51.82787-15/582413609_18536912665037474_2614230324122926731_n.jpg?stp=dst-jpg_e35_tt6&_nc_cat=107&ig_cache_key=Mzc2NTY0MDM5NTQ5ODI0MDIwMg%3D%3D.3-ccb7-5&ccb=7-5&_nc_sid=58cdad&efg=eyJ2ZW5jb2RlX3RhZyI6InhwaWRzLjE0NDB4OTU5LnNkci5DMyJ9&_nc_ohc=FSE0xUZeAlQQ7kNvwGX1Fb5&_nc_oc=Adn6gGn-BDPzqMb_thXbS1O2P3dmsd8J1eZsBXULTKibaXJA2T87jB17oIEVkW2BayA&_nc_ad=z-m&_nc_cid=0&_nc_zt=23&_nc_ht=scontent-ord5-3.cdninstagram.com&_nc_gid=puLzfa3bRZXo5sWISIgEew&oh=00_AfgVhW43JkOcOHsmZmSy7US2Mlnsz5Z-BCgpTxNu4NrY_Q&oe=69311B26;Masterchef Eski Finalisti Nigar Akyıldız ve Gazeteci Berna Uğur Türksoy ile görüş alışverişinde bulunduk.;
https://www.instagram.com/p/DRCIpp3iIDC/;Carousel;990;2;0;2025-11-14 13:22:28;https://scontent-ord5-3.cdninstagram.com/v/t51.82787-15/582292954_18536906479037474_2344317604124863282_n.jpg?stp=dst-jpg_e35_tt6&_nc_cat=107&ig_cache_key=Mzc2NTYxMDI3MjcwMzE2MjA4Mw%3D%3D.3-ccb7-5&ccb=7-5&_nc_sid=58cdad&efg=eyJ2ZW5jb2RlX3RhZyI6InhwaWRzLjE0NDB4OTYwLnNkci5DMyJ9&_nc_ohc=ZN10cuNGcQYQ7kNvwGBlshN&_nc_oc=Adl3dnrL9zvEGCFvuRHUdc_HSzJ2qVxJgiKqeclRdHDqj-oasug1JHeYUVy-PP0PLyc&_nc_ad=z-m&_nc_cid=0&_nc_zt=23&_nc_ht=scontent-ord5-3.cdninstagram.com&_nc_gid=puLzfa3bRZXo5sWISIgEew&oh=00_AfiJttgeWz68PayUzJ6BdkhuAbcgik8yWiYnoYcYSu6yZQ&oe=693120DA;Kazakistan Cumhuriyeti İzmir Başkonsolosu Bauyrzhan Akatayev ve Yardımcısı Marsel Aitkaliyev ile görüş alışverişinde bulunduk.;
https://www.instagram.com/p/DRAi9RDgD7M/;Photo;1607;27;0;2025-11-13 22:33:51;https://scontent-ord5-3.cdninstagram.com/v/t51.82787-15/580659872_18536825887037474_6603696863176994991_n.jpg?stp=dst-jpg_e35_tt6&_nc_cat=106&ig_cache_key=Mzc2NTE2MzAzMjI2MzU0MDQyOA%3D%3D.3-ccb7-5&ccb=7-5&_nc_sid=58cdad&efg=eyJ2ZW5jb2RlX3RhZyI6InhwaWRzLjE0NDB4MTcyOC5zZHIuQzMifQ%3D%3D&_nc_ohc=eGMzAnxOOVAQ7kNvwHhhJL2&_nc_oc=Adlk9zmRwHYxENulZ67_vNG91rOJXw37m-weJeELZv9nfaEfP1DW-ULzH2zGUI9Isfo&_nc_ad=z-m&_nc_cid=0&_nc_zt=23&_nc_ht=scontent-ord5-3.cdninstagram.com&_nc_gid=puLzfa3bRZXo5sWISIgEew&oh=00_AfjWQqfHFeH7gcDYb8_wQNWk_8EhDm_yZ_YXRVDCS3PyfA&oe=69310CC4;"Orman Genel Müdürlüğü’ne ait yangın söndürme uçağının kaza-kırıma uğraması sonucu pilotumuzun şehit olduğunu üzüntüyle öğrendim.  Şehidimize Allah’tan rahmet; kederli ailesine sabır ve başsağlığı diliyorum.  Milletimizin başı sağ olsun. 🇹🇷";
https://www.instagram.com/p/DRAKMiQiIxH/;Reels;1656;40;68085;2025-11-13 18:58:55;https://scontent-ord5-2.cdninstagram.com/v/t51.71878-15/581806829_877998684764833_4299192114438248712_n.jpg?stp=dst-jpg_e15_tt6&_nc_cat=104&ig_cache_key=Mzc2NTA1NDEzMDM2NTE3MjgwNw%3D%3D.3-ccb7-5&ccb=7-5&_nc_sid=58cdad&efg=eyJ2ZW5jb2RlX3RhZyI6InhwaWRzLjY0MHgzNjAuc2RyLkMzIn0%3D&_nc_ohc=cqeMbZo9SkEQ7kNvwFkLOiA&_nc_oc=Adlg4wj-3EdL-seJZUsbDljHjnzvL3PBoM2cAS7rdBDbeGGub0SwwGFjsqRyOzoR5AY&_nc_ad=z-m&_nc_cid=0&_nc_zt=23&_nc_ht=scontent-ord5-2.cdninstagram.com&_nc_gid=puLzfa3bRZXo5sWISIgEew&oh=00_Afj1OJvx1hzgyFKJS94lq8TjpXIoQ0nI9ekfHUwCp-klow&oe=693127DD;Her çocuğumuz bizim için özeldir! 🩷;
https://www.instagram.com/p/DQ_sjaQCFVt/;Carousel;552;1;0;2025-11-13 14:38:28;https://scontent-ord5-3.cdninstagram.com/v/t51.82787-15/582260406_18536769871037474_160787943786703581_n.jpg?stp=dst-jpg_e35_tt6&_nc_cat=100&ig_cache_key=Mzc2NDkyMzc0NzUyMjg5NjYzMw%3D%3D.3-ccb7-5&ccb=7-5&_nc_sid=58cdad&efg=eyJ2ZW5jb2RlX3RhZyI6InhwaWRzLjE0NDB4OTYwLnNkci5DMyJ9&_nc_ohc=8I9Kfsga28gQ7kNvwFu1CIu&_nc_oc=AdmSHlLkGvXyOitnLQFQYB-nrviJPKpE_EBosLA6sJ3xBMQRFJjbvw6Iyj36syVsdHU&_nc_ad=z-m&_nc_cid=0&_nc_zt=23&_nc_ht=scontent-ord5-3.cdninstagram.com&_nc_gid=puLzfa3bRZXo5sWISIgEew&oh=00_Afjs6mstmKhb6rli3oxa533RfrvACs6Heaj45wYjGn2qew&oe=69310D67;Cumhuriyet Halk Partisi Şuhut İlçe Başkanımız Erkan Aydın ve Yönetim Kurulu Üyeleri ile görüş alışverişinde bulunduk.;
https://www.instagram.com/p/DQ_l5-fCL69/;Carousel;610;2;0;2025-11-13 13:40:23;https://scontent-ord5-3.cdninstagram.com/v/t51.82787-15/579720704_18536763181037474_7028566425617275092_n.jpg?stp=dst-jpg_e35_tt6&_nc_cat=106&ig_cache_key=Mzc2NDg5NDUxMjcwMzg4NTkwMQ%3D%3D.3-ccb7-5&ccb=7-5&_nc_sid=58cdad&efg=eyJ2ZW5jb2RlX3RhZyI6InhwaWRzLjE0NDB4OTYwLnNkci5DMyJ9&_nc_ohc=5O9UnxfS9yAQ7kNvwH3kALk&_nc_oc=Admrrt04tiyso4c-EKikBiIbi7R0Ef3FJvfuCmakcqN-LqKWYA62YJFujoVMVjre8cc&_nc_ad=z-m&_nc_cid=0&_nc_zt=23&_nc_ht=scontent-ord5-3.cdninstagram.com&_nc_gid=puLzfa3bRZXo5sWISIgEew&oh=00_AfjMEcLq8YYJnhDzs0fN71LN0XwFXG_LXmvSJPyltCjZoQ&oe=6930F6A4;Cumhuriyet Halk Partisi Bayat İlçe Başkanımız Ömer Mumcu ve Yönetim Kurulu Üyeleri ile görüş alışverişinde bulunduk.;
https://www.instagram.com/p/DQ9qo-LCIX5/;Carousel;1286;7;0;2025-11-12 19:43:16;https://scontent-ord5-3.cdninstagram.com/v/t51.82787-15/581744969_18536625625037474_6836317594524642697_n.jpg?stp=dst-jpg_e35_tt6&_nc_cat=106&ig_cache_key=Mzc2NDM1MjM4MTY0ODEyMDAzNw%3D%3D.3-ccb7-5&ccb=7-5&_nc_sid=58cdad&efg=eyJ2ZW5jb2RlX3RhZyI6InhwaWRzLjE0NDB4OTYwLnNkci5DMyJ9&_nc_ohc=ou3XBIB3IEoQ7kNvwGk0pPc&_nc_oc=Adk_zuGP0jRnXMBuFV9mZCbyp0eEEo2ZQhQfTSu4Vd_bpMTIAeDZ9Dvkz833YfmlB2A&_nc_ad=z-m&_nc_cid=0&_nc_zt=23&_nc_ht=scontent-ord5-3.cdninstagram.com&_nc_gid=puLzfa3bRZXo5sWISIgEew&oh=00_AfgOmM1CAIQo88jVRLZmNbvEaBcOnFMwMN3KBNktfBL-mA&oe=6930F927;Şehrimizin gururu Zaferin Sultanları ile bir aradayız. Emekleri, inançları ve mücadeleleriyle hepimizi gururlandıran takımımızı yürekten kutluyorum.  Her zaman yanınızdayım!;
https://www.instagram.com/p/DQ9V5isiKQd/;Photo;1669;20;0;2025-11-12 16:42:02;https://scontent-ord5-1.cdninstagram.com/v/t51.82787-15/581202686_18536553709037474_6766901611042888886_n.jpg?stp=dst-jpg_e35_tt6&_nc_cat=111&ig_cache_key=Mzc2NDI2MTE3Njc5Mjg4NDI1Mw%3D%3D.3-ccb7-5&ccb=7-5&_nc_sid=58cdad&efg=eyJ2ZW5jb2RlX3RhZyI6InhwaWRzLjE0NDB4MTczMC5zZHIuQzIifQ%3D%3D&_nc_ohc=Blc2rTPrdd8Q7kNvwH7DY6K&_nc_oc=AdmvbL5l6Eyum74f_KCPsBiKaZwTLlz12m9OA4sSIc0F-hWuLhqEoiKg-z63RoyCM5M&_nc_ad=z-m&_nc_cid=0&_nc_zt=23&_nc_ht=scontent-ord5-1.cdninstagram.com&_nc_gid=puLzfa3bRZXo5sWISIgEew&oh=00_AfjV2IzAmRnZpyXdwTXWz8NEPR4cLdNBraUiH-Uq1ksODw&oe=6930FD31;Geçmiş Olsun...;
https://www.instagram.com/p/DQ9UAD1CIHa/;Carousel;690;2;0;2025-11-12 16:25:27;https://scontent.cdninstagram.com/v/t51.82787-15/575669394_18536551531037474_2761267406553493872_n.jpg?stp=dst-jpg_e35_tt6&_nc_cat=102&ig_cache_key=Mzc2NDI1MjgxNTE1NDI2NzM0MA%3D%3D.3-ccb7-5&ccb=7-5&_nc_sid=58cdad&efg=eyJ2ZW5jb2RlX3RhZyI6InhwaWRzLjE0NDB4OTYwLnNkci5DMyJ9&_nc_ohc=FgVg5F1X2NgQ7kNvwHsMiFj&_nc_oc=Adnk5-8T07j-eRYLIZvscqZm_G6mxMtAS-e_ss0VWGVOrs9OGwUQKBX-CBS79Y1isrBVqWkTEX5IsIo9kIetVGDS&_nc_ad=z-m&_nc_cid=0&_nc_zt=23&_nc_ht=scontent.cdninstagram.com&_nc_gid=PPqzUBoth0Jl2dD-e8aKVw&oh=00_AfhxSe0YaMn3ofbaDiJsfTKzBolUXyTJqMCX8gA7cRx1QA&oe=6930FA74;Cumhuriyet Halk Partisi Sinanpaşa İlçe Başkanımız Ahmet Demir ve Yönetim Kurulu Üyeleri ile görüş alışverişinde bulunduk.;
https://www.instagram.com/p/DQ9LALfiF8a/;Carousel;795;5;0;2025-11-12 15:06:49;https://scontent.cdninstagram.com/v/t51.82787-15/575724459_18536541853037474_8364440178292279067_n.jpg?stp=dst-jpg_e35_tt6&_nc_cat=108&ig_cache_key=Mzc2NDIxMzIzOTg0OTE1OTc3OQ%3D%3D.3-ccb7-5&ccb=7-5&_nc_sid=58cdad&efg=eyJ2ZW5jb2RlX3RhZyI6InhwaWRzLjE0NDB4OTYwLnNkci5DMyJ9&_nc_ohc=tHDyRT4x1NgQ7kNvwFpWHzK&_nc_oc=AdlQUqqjHqH_bzm_qTcClpQ55Vj1fesCarEtHPsKX5m7oZsa1MNxkN_NBMF9EuznmvpXLNLvbkECw2Wogdujv493&_nc_ad=z-m&_nc_cid=0&_nc_zt=23&_nc_ht=scontent.cdninstagram.com&_nc_gid=PPqzUBoth0Jl2dD-e8aKVw&oh=00_AfhmiGvuJoZOeaDuczw9rO43j9prdBcBCLQkslWPVUeVEQ&oe=6930F919;Cumhuriyet Halk Partisi Çobanlar İlçe Başkanımız Sefa Evrenkaya ve Yönetim Kurulu Üyeleri ile görüş alışverişinde bulunduk.;
https://www.instagram.com/p/DQ9AfJuiIb0/;Photo;1166;6;0;2025-11-12 13:34:56;https://scontent.cdninstagram.com/v/t51.82787-15/579718082_18536485996037474_8760293583828934555_n.jpg?stp=dst-jpg_e35_tt6&_nc_cat=102&ig_cache_key=Mzc2NDE2NzAwNDI5OTc1NzMwMA%3D%3D.3-ccb7-5&ccb=7-5&_nc_sid=58cdad&efg=eyJ2ZW5jb2RlX3RhZyI6InhwaWRzLjE0NDB4OTYwLnNkci5DMyJ9&_nc_ohc=HpJTPxDneGEQ7kNvwE9y4vf&_nc_oc=AdmV1h90XsZ3bI2A1M-cBZzNqKcvYQX9svAHe50Rmzb8oE8Of-Q5xXZp3lk-WxyEHGU3AY1FOlxnEryjcoL05Hoi&_nc_ad=z-m&_nc_cid=0&_nc_zt=23&_nc_ht=scontent.cdninstagram.com&_nc_gid=PPqzUBoth0Jl2dD-e8aKVw&oh=00_Afgv7YFZOBshTb1we7dLw5llqxZr4oWk5ye-nQRLAlXFIA&oe=69312471;Prof. Dr. Cantürk Kayahan ve Gazeteci Nail Azbay ile görüş alışverişinde bulunduk.;
https://www.instagram.com/p/DQ61mNYiCR6/;Photo;1306;33;0;2025-11-11 17:21:17;https://scontent.cdninstagram.com/v/t51.82787-15/580104965_18536178487037474_8804558138580950152_n.jpg?stp=dst-jpg_e35_tt6&_nc_cat=100&ig_cache_key=Mzc2MzU1NjE2MDc5Njg5NDMzMA%3D%3D.3-ccb7-5&ccb=7-5&_nc_sid=58cdad&efg=eyJ2ZW5jb2RlX3RhZyI6InhwaWRzLjE0NDB4MTcyOC5zZHIuQzMifQ%3D%3D&_nc_ohc=dCS_I5edi9UQ7kNvwHsigpE&_nc_oc=Adl7sMumEL9-DVuKgNQne68S9GTRigyLquDgtV_npHsIhmkv2DFAFM26XFpqdeWTNPiaW_JQji-95NHTDZJuk7xB&_nc_ad=z-m&_nc_cid=0&_nc_zt=23&_nc_ht=scontent.cdninstagram.com&_nc_gid=PPqzUBoth0Jl2dD-e8aKVw&oh=00_AfibNrcK-9qGB66oxlPmpDNOHE7BmPcfVThr0Q3hOdeT3g&oe=6930F90B;"Osmaniye İl Emniyet Müdürlüğü’nde görevli Polis Memuru Faruk Şahin’in görevi başında rahatsızlanarak şehit olduğunu üzüntüyle öğrendim.  Şehidimize Allah’tan rahmet; kederli ailesine sabır ve başsağlığı diliyorum.  Milletimizin başı sağ olsun. 🇹🇷";
https://www.instagram.com/p/DQ6w3XBCHLA/;Photo;1386;49;0;2025-11-11 16:39:56;https://scontent.cdninstagram.com/v/t51.82787-15/579717052_18536162038037474_7290501611638063693_n.jpg?stp=dst-jpg_e35_tt6&_nc_cat=103&ig_cache_key=Mzc2MzUzNTM0OTEzODYxNzAyNA%3D%3D.3-ccb7-5&ccb=7-5&_nc_sid=58cdad&efg=eyJ2ZW5jb2RlX3RhZyI6InhwaWRzLjE0NDB4MTczMC5zZHIuQzMifQ%3D%3D&_nc_ohc=OLqYIppmJRQQ7kNvwE4oAVg&_nc_oc=Admxxl2MyQjgUmADdyg85XbYwWzyQrzfOVS3pHMKyC2TzlSfarF8GzpOqqa5FC1TZExIIaj48j4i94tViVWNkFU3&_nc_ad=z-m&_nc_cid=0&_nc_zt=23&_nc_ht=scontent.cdninstagram.com&_nc_gid=PPqzUBoth0Jl2dD-e8aKVw&oh=00_AfjNuX7PMxjc-XioRUATQpwdVQPDyGhVIFlXg0tq25lpRA&oe=69311A6C;Milletimizin başı sağ olsun! 🇹🇷;
https://www.instagram.com/p/DQ6sjtICLDa/;Photo;414;2;0;2025-11-11 16:02:18;https://scontent.cdninstagram.com/v/t51.82787-15/580031704_18536157145037474_7232946021590924005_n.jpg?stp=dst-jpg_e35_tt6&_nc_cat=110&ig_cache_key=Mzc2MzUxNjQwNjMwMjgxNDQyNg%3D%3D.3-ccb7-5&ccb=7-5&_nc_sid=58cdad&efg=eyJ2ZW5jb2RlX3RhZyI6InhwaWRzLjE0NDB4OTYwLnNkci5DMyJ9&_nc_ohc=D71T9ElJJpQQ7kNvwH_RSBQ&_nc_oc=Adk4R8LwiDJsBCthVgdFVEGnA12sucQXBdQNOzCwICbjbaEhV4UMelqCuX8w3OYoyb2Q7CTNlnDC2EwQO4P5Zjsk&_nc_ad=z-m&_nc_cid=0&_nc_zt=23&_nc_ht=scontent.cdninstagram.com&_nc_gid=PPqzUBoth0Jl2dD-e8aKVw&oh=00_AfgAkDuJpxj0wr4RSBv3wMKBv-ivsTKnqy9rXXfrieCQXQ&oe=6930FCF9;ATSO Yönetim Kurulu Başkanı Hüsnü Serteser, İscehisar Mermerciler Derneği Yönetim Kurulu Başkanı Remzi Özcan, Boğaz Mermerciler Derneği Başkanı Mehmet Sıtkı Merdivenci, ATSO Madencilik Faaliyetleri Taş ve Mermer Ocakları Temsilcisi Necmettin Ayyıldız, Mermer Fabrikaları Temsilcisi Metin Balaban, Mermer İhracatçıları Temsilcisi Serkan Sarıçiçek ve ATSO Genel Sekreteri Ali Şenol ile görüş alışverişinde bulunduk.;
https://www.instagram.com/p/DQ6hyV4iEjB/;Photo;676;2;0;2025-11-11 14:28:11;https://scontent.cdninstagram.com/v/t51.82787-15/575670166_18536124301037474_5834732495148382606_n.jpg?stp=dst-jpg_e35_tt6&_nc_cat=101&ig_cache_key=Mzc2MzQ2OTAzMzYyNzIwNzg3Mw%3D%3D.3-ccb7-5&ccb=7-5&_nc_sid=58cdad&efg=eyJ2ZW5jb2RlX3RhZyI6InhwaWRzLjE0NDB4OTYwLnNkci5DMyJ9&_nc_ohc=3UXInruwWRAQ7kNvwEz7R6D&_nc_oc=AdkvEVTw37VIL22O6fti9STvWOk1OoFQFDGePnlXqZ1VIYdvr5XN9Jjya66toxs9lgLJbz0PKr9jwdjnjVA60KZU&_nc_ad=z-m&_nc_cid=0&_nc_zt=23&_nc_ht=scontent.cdninstagram.com&_nc_gid=PPqzUBoth0Jl2dD-e8aKVw&oh=00_AfhvhVb8IaTTL0p2_FIv3RFLDUlYG0eW9vKt9SBC1kkVLQ&oe=69312A86;Emniyet Teşkilatı Vazife Malulü ve Şehit Aileleri Vakfı Genel Başkan Yardımcısı Ahmet Kavlak ile şehit ailelerimiz için yapılacak projelerle ilgili görüş alışverişinde bulunduk.;
https://www.instagram.com/p/DQ6BTAYCK2a/;Reels;567;3;85550;2025-11-11 09:45:24;https://scontent.cdninstagram.com/v/t51.71878-15/582090952_1331023054991557_5857977520456072434_n.jpg?stp=dst-jpg_e15_tt6&_nc_cat=101&ig_cache_key=Mzc2MzMyNjE0Mjc0MTI2MTcyMg%3D%3D.3-ccb7-5&ccb=7-5&_nc_sid=58cdad&efg=eyJ2ZW5jb2RlX3RhZyI6InhwaWRzLjY0MHgzNjAuc2RyLkMzIn0%3D&_nc_ohc=JA6NBIw5nnQQ7kNvwF5NjIS&_nc_oc=Adm0Gg_4PeuV2u6IOM5dLt23ogOB-VG42QWdwx47BrhsXO549OpmGDQWv-nhiBMQSaGfqNbKFhvSY1nzn_YiW5SC&_nc_ad=z-m&_nc_cid=0&_nc_zt=23&_nc_ht=scontent.cdninstagram.com&_nc_gid=PPqzUBoth0Jl2dD-e8aKVw&oh=00_AfjCFE--2r3f7nL4CNcB9GDSqdmSRB74o0tezmbtCfg21g&oe=6930FC84;Altyapı çalışmalarımıza hız kesmeden devam ediyoruz. 💦🚧;
https://www.instagram.com/p/DQ4UGuBiCBX/;Carousel;1964;8;0;2025-11-10 17:50:09;https://scontent.cdninstagram.com/v/t51.82787-15/574343337_18535821910037474_2804539433534580654_n.jpg?stp=dst-jpg_e35_tt6&_nc_cat=110&ig_cache_key=Mzc2Mjg0NTg5OTUxMzQ1OTU1Nw%3D%3D.3-ccb7-5&ccb=7-5&_nc_sid=58cdad&efg=eyJ2ZW5jb2RlX3RhZyI6InhwaWRzLjE0NDB4OTYwLnNkci5DMyJ9&_nc_ohc=zyxxk-f3Y44Q7kNvwHLWbBt&_nc_oc=AdlIP_on45DPjTzFlzqM0UpTf1LjVobiwGj2QqlAqis3-IyQITz9OzzvsfRVs53GjSyk80hZNYnRPK7-o2c_WZBa&_nc_ad=z-m&_nc_cid=0&_nc_zt=23&_nc_ht=scontent.cdninstagram.com&_nc_gid=PPqzUBoth0Jl2dD-e8aKVw&oh=00_Afh22U7-VNacO4YiTETrJDJDfXI4q8pIRH_Tp86olWqS8g&oe=69312886;Derin Dinç ve Oğuzhan Yağdan çiftinin nikah akdini şahitler ve aileler huzurunda gerçekleştirdik.  Genç çiftimizi tebrik eder, ömür boyu mutluluklar dilerim.;
https://www.instagram.com/p/DQ4OrGBiCzB/;Photo;1000;6;0;2025-11-10 17:02:41;https://scontent.cdninstagram.com/v/t51.82787-15/574770777_18535814602037474_2052225815068819256_n.jpg?stp=dst-jpg_e35_tt6&_nc_cat=108&ig_cache_key=Mzc2MjgyMjAyMjcyNDg1NzAyNQ%3D%3D.3-ccb7-5&ccb=7-5&_nc_sid=58cdad&efg=eyJ2ZW5jb2RlX3RhZyI6InhwaWRzLjE0NDB4OTYwLnNkci5DMiJ9&_nc_ohc=AnAIzr5rXDcQ7kNvwF8N3dF&_nc_oc=Adk7hJxNOnLD6PKWvKbt97ax4ItMSm5jyKdk_sVOpJ_IXLzhycIWuJpkdjsTAjJV4jV_NrQ7AXPfq1tzszWXMyiu&_nc_ad=z-m&_nc_cid=0&_nc_zt=23&_nc_ht=scontent.cdninstagram.com&_nc_gid=PPqzUBoth0Jl2dD-e8aKVw&oh=00_AfiNePFu7SAC_5gZoHfuMLbDrw8zj2eYPdD2dVSfYEaeug&oe=693118F7;Güzel kızımız Pınar’ı ve annesi Nazmiye Hanım’ı misafir ettik. Pınar’ın gülümsemesi, yaptığımız her işin en güzel karşılığı… Her çocuğumuzun yüzü gülsün diye, Afyonkarahisar’da sevgiyle çalışmaya devam edeceğiz.;
https://www.instagram.com/p/DQ35YHBiLI5/;Carousel;980;1;0;2025-11-10 13:56:36;https://scontent.cdninstagram.com/v/t51.82787-15/580512900_18535750534037474_9008232407497842841_n.jpg?stp=dst-jpg_e35_tt6&_nc_cat=104&ig_cache_key=Mzc2MjcyODM0NjEyNDM0NzMzNQ%3D%3D.3-ccb7-5&ccb=7-5&_nc_sid=58cdad&efg=eyJ2ZW5jb2RlX3RhZyI6InhwaWRzLjE0NDB4OTYwLnNkci5DMyJ9&_nc_ohc=jZVWxZM_wWsQ7kNvwEEQVM0&_nc_oc=AdmiTtWITAUOOjCgdEK5-LBqcHRAJEec_ZMIi1wbo8S6wXHtHHhxDfF02-vz-ktqiwhzsk-iLnGPZOouJYyvwKZD&_nc_ad=z-m&_nc_cid=0&_nc_zt=23&_nc_ht=scontent.cdninstagram.com&_nc_gid=PPqzUBoth0Jl2dD-e8aKVw&oh=00_AfhRmwW1IITXW0ubkm8epclnVuEDgViVaHREGEFZ7f8Ylw&oe=69310D4D;Cumhuriyet Halk Partisi Afyonkarahisar İl Başkanlığımız tarafından düzenlenen Atamızı anma programında Kocatepe Parkı Atatürk Anıtı’na çelenk sunduk.  Başkomutanımız Gazi Mustafa Kemal Atatürk ve silah arkadaşlarını, vatanımız uğruna canlarını veren tüm kahraman şehitlerimizi saygı ve rahmetle anıyorum.;
https://www.instagram.com/p/DQ3vAd-CINN/;Carousel;1272;8;0;2025-11-10 12:25:59;https://scontent.cdninstagram.com/v/t51.82787-15/576555483_18535742659037474_8599624418977553524_n.jpg?stp=dst-jpg_e35_tt6&_nc_cat=109&ig_cache_key=Mzc2MjY4MjczNDE4Mzk4NDI0Mw%3D%3D.3-ccb7-5&ccb=7-5&_nc_sid=58cdad&efg=eyJ2ZW5jb2RlX3RhZyI6InhwaWRzLjE0NDB4OTYwLnNkci5DMyJ9&_nc_ohc=bXIfgH48ibwQ7kNvwHAqvUB&_nc_oc=AdmDgpRCTL8RpL96NxuBik1zPo_NPc-BcdzO0EfWcBkm0_XC1yZXOhQoBMX4XMS-CKh-BMtK4YSZfQp4bo5PxR3V&_nc_ad=z-m&_nc_cid=0&_nc_zt=23&_nc_ht=scontent.cdninstagram.com&_nc_gid=PPqzUBoth0Jl2dD-e8aKVw&oh=00_AfjECBKwAo_8t0xZuDP62BgfHsBsa68hXx1yEr8lidGliA&oe=69310BA5;Cumhuriyetimizin kurucusu Gazi Mustafa Kemal Atatürk’ü, aramızdan ayrılışının 87. yıl dönümünde Şehit Kerim Üye Konferans Salonu’nda düzenlenen anma töreninde saygı ve özlemle anıyoruz. O’nun açtığı aydınlık yolda, laik ve çağdaş Türkiye idealini yaşatmaya kararlılıkla devam edeceğiz. 🇹🇷;
https://www.instagram.com/p/DQ3noNdAL1L/;Reels;2888;29;77500;2025-11-10 11:22:31;https://scontent.cdninstagram.com/v/t51.82787-15/575745364_18535738126037474_2319033142818560286_n.jpg?stp=dst-jpg_e15_tt6&_nc_cat=109&ig_cache_key=Mzc2MjY1MDMwMDcyOTU3MjY4MzE4NTM1NzM4MTIzMDM3NDc0.3-ccb7-5&ccb=7-5&_nc_sid=58cdad&efg=eyJ2ZW5jb2RlX3RhZyI6InhwaWRzLjcyMHg0MDYuc2RyLkMzIn0%3D&_nc_ohc=H9KjjbOcAHcQ7kNvwGYiIgH&_nc_oc=AdkI5ICi7i2Vc0Wkab8n7chtqXVEoSuwquUgvO3Cc5EOXxTof36ChoIJX0snfoHal8w&_nc_ad=z-m&_nc_cid=0&_nc_zt=23&_nc_ht=scontent.cdninstagram.com&_nc_gid=YhdaC3k9qRxuPzn9fcmAjg&oh=00_Afgtblw5H-vpYa9Wa7dLHLRjGxfwgZhbY_aU9PhNoLO2WQ&oe=693111C0;Sonsuz saygı ve minnetle… 🖤  #EmanetineSonsuzBağlılıkla #Kalbimizdesin #10Kasım;
https://www.instagram.com/p/DQ3cq7NCK96/;Carousel;3971;19;0;2025-11-10 09:45:45;https://scontent.cdninstagram.com/v/t51.82787-15/579892465_18535697761037474_9212651854644024692_n.jpg?stp=dst-jpg_e35_tt6&_nc_cat=111&ig_cache_key=Mzc2MjYwMjA5NTc1MzU2MzcyNA%3D%3D.3-ccb7-5&ccb=7-5&_nc_sid=58cdad&efg=eyJ2ZW5jb2RlX3RhZyI6InhwaWRzLjE0NDB4OTYwLnNkci5DMyJ9&_nc_ohc=Z4XA8MJG5GkQ7kNvwEWRxlo&_nc_oc=Adnl-moA5H58CAuUV3LZ5nE3BPuiq0I0aCBlThmTChr7ERp1V5y8BFnRrAHoqgwDfyM&_nc_ad=z-m&_nc_cid=0&_nc_zt=23&_nc_ht=scontent.cdninstagram.com&_nc_gid=YhdaC3k9qRxuPzn9fcmAjg&oh=00_AfhyQSXA8wkJgrKFZsRfBoUPWHi6QxjuXx-vSItKwpUc-g&oe=69312B21;Büyük Önderimiz Gazi Mustafa Kemal Atatürk’ü, Kocatepe Parkı’nda özlemle ve minnetle anıyoruz.  Gösterdiğin yolda, Cumhuriyetimizin değerleriyle ilerlemeye devam edeceğiz. Ruhun şad olsun Atam, emanetin emin ellerde… ♾️;
https://www.instagram.com/p/DQ3QpBBiEIn/;Photo;1586;15;0;2025-11-10 08:00:38;https://scontent.cdninstagram.com/v/t51.82787-15/580353871_18535680964037474_1364135681316644301_n.jpg?stp=dst-jpg_e35_tt6&_nc_cat=101&ig_cache_key=Mzc2MjU0OTIwMTAzMzUxMTQ2Mw%3D%3D.3-ccb7-5&ccb=7-5&_nc_sid=58cdad&efg=eyJ2ZW5jb2RlX3RhZyI6InhwaWRzLjE0NDB4MTczMC5zZHIuQzMifQ%3D%3D&_nc_ohc=wtivUvI_o3EQ7kNvwHu1GvH&_nc_oc=AdmXhts6ta9TAWDyzfCqTyg-Okjz7fRO6gypu2KAXlTJVTOYXPYcb4K66-zc64Ct9UA&_nc_ad=z-m&_nc_cid=0&_nc_zt=23&_nc_ht=scontent.cdninstagram.com&_nc_gid=YhdaC3k9qRxuPzn9fcmAjg&oh=00_AfguogT9FWOYBons-C3J_7oqbWz971jOzjCCUOvvglwLjw&oe=693107FD;"Bir milletin kalbinde ölümsüzleşen lider, Gazi Mustafa Kemal Atatürk… O, bir ulusun kaderini değiştiren kararlılığın, aklın ve aydınlığın simgesidir. 10 Kasım; yalnızca bir anma günü değil, onun fikirleriyle yaşama, ilkeleriyle yürüme kararlılığımızın günüdür. Atatürk’ün bizlere emanet ettiği Cumhuriyet, kadınların, gençlerin, çocukların onurla var olabildiği bir yaşamın teminatıdır. Bizler o emaneti korumaya, daha ileriye taşımaya ant içtik. Onun aziz hatırasına, Cumhuriyetimizin sonsuz ışığına sonsuz minnetle…";
https://www.instagram.com/p/DQ13Tn6iPuQ/;Reels;1309;24;74217;2025-11-09 19:00:54;https://scontent.cdninstagram.com/v/t51.82787-15/580984936_18535384462037474_7048789711655284890_n.jpg?stp=dst-jpg_e15_tt6&_nc_cat=106&ig_cache_key=Mzc2MjE1NjMwNDgyNDA3MzEwNDE4NTM1Mzg0NDU5MDM3NDc0.3-ccb7-5&ccb=7-5&_nc_sid=58cdad&efg=eyJ2ZW5jb2RlX3RhZyI6InhwaWRzLjcyMHg0MDYuc2RyLkMzIn0%3D&_nc_ohc=Z-vY0G-WtCwQ7kNvwFuvCsk&_nc_oc=Adm7xFPEy_EHepn-7U1jztcl4JNzaVmNy85CYe1UuWGHfffwsT27wt5za00BwwaWdpk&_nc_ad=z-m&_nc_cid=0&_nc_zt=23&_nc_ht=scontent.cdninstagram.com&_nc_gid=YhdaC3k9qRxuPzn9fcmAjg&oh=00_AfgbC-LOUHkdJrJCHBfnpS2zooC6XysS5EGYoRufT-F-FA&oe=69310CD5;Daima Atatürk’ün izinde… ♾️;
https://www.instagram.com/p/DQ1lGIIiCaM/;Photo;6628;101;0;2025-11-09 16:20:54;https://scontent.cdninstagram.com/v/t51.82787-15/571859604_18535296199037474_7673514125429772668_n.jpg?stp=dst-jpg_e35_tt6&_nc_cat=102&ig_cache_key=Mzc2MjA3NjIxMjUwODc2Mzc4OA%3D%3D.3-ccb7-5&ccb=7-5&_nc_sid=58cdad&efg=eyJ2ZW5jb2RlX3RhZyI6InhwaWRzLjE0NDB4MTYwOS5zZHIuQzMifQ%3D%3D&_nc_ohc=CX0zCARyI9IQ7kNvwH108fF&_nc_oc=Adkqqmj5LyKE8Eo9N_U9SKnbAaFDSsyT7hS-ti0xmSH9ArTSISLUDSKFxOivDwQGy-4&_nc_ad=z-m&_nc_cid=0&_nc_zt=23&_nc_ht=scontent.cdninstagram.com&_nc_gid=YhdaC3k9qRxuPzn9fcmAjg&oh=00_Afh_RMEUv8YV1uVe1D8aUt3_4N_IkJ9S390LJezPmZ72Gw&oe=69311672;;
https://www.instagram.com/p/DQzD7WuCDrF/;Photo;745;13;0;2025-11-08 16:52:35;https://scontent.cdninstagram.com/v/t51.82787-15/574231035_18534934144037474_8920553943200452579_n.jpg?stp=dst-jpg_e35_tt6&_nc_cat=104&ig_cache_key=Mzc2MTM2NzM4Njc2Nzc2ODI2MQ%3D%3D.3-ccb7-5&ccb=7-5&_nc_sid=58cdad&efg=eyJ2ZW5jb2RlX3RhZyI6InhwaWRzLjE0NDB4MTc5NS5zZHIuQzMifQ%3D%3D&_nc_ohc=oEJ99SKpGWMQ7kNvwHkOEZE&_nc_oc=AdmzobQLk2D_te2eV3a6nyaUx-8p_lhywbxVT5JCURv9Dy0JKy26RMv7fAed8ISfuck&_nc_ad=z-m&_nc_cid=0&_nc_zt=23&_nc_ht=scontent.cdninstagram.com&_nc_gid=YhdaC3k9qRxuPzn9fcmAjg&oh=00_AfgM9FS30JfX1kMgeLfnSY0v3SaJe3hDDeeRBfUYkyVxow&oe=69312030;💜🤍 Afyon Belediye Yüntaş Voleybol takımımız, PTT Spor’u 3-0 mağlup etti. Harikasınız Zaferin Sultanları! 👏🏻;
https://www.instagram.com/p/DQwtjlmiMUB/;Reels;2015;33;112164;2025-11-07 18:59:42;https://scontent.cdninstagram.com/v/t51.71878-15/573060225_1128533756137380_746898650202211342_n.jpg?stp=dst-jpg_e15_tt6&_nc_cat=108&ig_cache_key=Mzc2MDcwNjA0NjUwMzk5NDYyNQ%3D%3D.3-ccb7-5&ccb=7-5&_nc_sid=58cdad&efg=eyJ2ZW5jb2RlX3RhZyI6InhwaWRzLjY0MHgzNjAuc2RyLkMzIn0%3D&_nc_ohc=3lZCWpRyP4kQ7kNvwFkBjDx&_nc_oc=AdkFpGjmz6ivl3HOBBb8QW2CFaMi0KhHL2AsBFqTqr-ENqbh8o48P45xG_xor1GNqYo&_nc_ad=z-m&_nc_cid=0&_nc_zt=23&_nc_ht=scontent.cdninstagram.com&_nc_gid=YhdaC3k9qRxuPzn9fcmAjg&oh=00_AfjFhCPsUBpOlPMKQigPf-bTIilHySLWZ1miEgAGO3XH5g&oe=6931286A;Bizim önceliğimiz, çocuklarımızın mutluluğu! 💚;
https://www.instagram.com/p/DQwnNLtiNfu/;Photo;695;1;0;2025-11-07 18:03:08;https://scontent.cdninstagram.com/v/t51.82787-15/573527940_18534592420037474_5219936982519749168_n.jpg?stp=dst-jpg_e35_tt6&_nc_cat=103&ig_cache_key=Mzc2MDY3ODExODU5NjU5Nzc0Mg%3D%3D.3-ccb7-5&ccb=7-5&_nc_sid=58cdad&efg=eyJ2ZW5jb2RlX3RhZyI6InhwaWRzLjE0NDB4OTYwLnNkci5DMyJ9&_nc_ohc=Srz6P4B8Cd8Q7kNvwEXPNpP&_nc_oc=AdleyGyviTe2QAiUWFIsGczchFQNzm84YekbLvdJJaqEJZY1L0y3ScNCiWY4fdNrJ6Q&_nc_ad=z-m&_nc_cid=0&_nc_zt=23&_nc_ht=scontent.cdninstagram.com&_nc_gid=YhdaC3k9qRxuPzn9fcmAjg&oh=00_AfjNfNHXOxupZ6UMkPxT_dwKTaCAXX6Wt3_05u4VZozSOQ&oe=6930F690;Afyonkarahisar Eczacı Odası Başkanı Ecz. Hakan Demir ve beraberindeki eczacılarımızla görüş alışverişinde bulunduk.;
https://www.instagram.com/p/DQwhiGsiJoe/;Photo;665;3;0;2025-11-07 17:13:34;https://scontent.cdninstagram.com/v/t51.82787-15/573800586_18534585865037474_6606750943351301633_n.jpg?stp=dst-jpg_e35_tt6&_nc_cat=100&ig_cache_key=Mzc2MDY1MzE2ODA0MTA0MDQxNA%3D%3D.3-ccb7-5&ccb=7-5&_nc_sid=58cdad&efg=eyJ2ZW5jb2RlX3RhZyI6InhwaWRzLjE0NDB4OTYwLnNkci5DMyJ9&_nc_ohc=kIaQx3E0ZnYQ7kNvwHuubID&_nc_oc=AdlEVx1aXGCXWTr4ck54Jho7lTgq7Nh-v6AOBv2u0ORDNuygco5u1-6Y7wJ3a863m0g&_nc_ad=z-m&_nc_cid=0&_nc_zt=23&_nc_ht=scontent.cdninstagram.com&_nc_gid=YhdaC3k9qRxuPzn9fcmAjg&oh=00_AfhGh9rNlJNxxPHVQmyoXYL9XBaTU1j5gYPXUj1PuGI9Dw&oe=69310545;Cumhuriyet Halk Partisi Çay İlçe Başkanımız Murat Cingöz ve Yönetim Kurulu Üyeleri ile görüş alışverişinde bulunduk.;
https://www.instagram.com/p/DQwdNWziKBG/;Carousel;1683;10;0;2025-11-07 16:35:47;https://scontent.cdninstagram.com/v/t51.82787-15/575598117_18534564985037474_8542353136506599720_n.jpg?stp=dst-jpg_e35_tt6&_nc_cat=109&ig_cache_key=Mzc2MDYzNDEzNDg1OTg4MjAwNQ%3D%3D.3-ccb7-5&ccb=7-5&_nc_sid=58cdad&efg=eyJ2ZW5jb2RlX3RhZyI6InhwaWRzLjE0NDB4OTYwLnNkci5DMyJ9&_nc_ohc=2eLkmYsQeLkQ7kNvwE7BdOy&_nc_oc=AdlCkrkFY72ZWJ1GGhu4R2IGYd2iITV1eUPx7RS4elz8D_jyoYyElUxfUD4VWyjPFoU&_nc_ad=z-m&_nc_cid=0&_nc_zt=23&_nc_ht=scontent.cdninstagram.com&_nc_gid=YhdaC3k9qRxuPzn9fcmAjg&oh=00_AfhDLVF0wJAolsmy_JjC_s8_kt6BHwZsyVh_-_vCvIlJxQ&oe=69312B71;Şehit Jandarma Er Rıfat Eren’in kızı Songül Eren ve Ahmet Karatosun çiftinin nikah akdini şahitler ve aileler huzurunda gerçekleştirdik.  Genç çiftimizi tebrik eder, ömür boyu mutluluklar dilerim.;
https://www.instagram.com/p/DQwS-15iBVa/;Carousel;1812;8;0;2025-11-07 15:06:25;https://scontent.cdninstagram.com/v/t51.82787-15/574043072_18534535447037474_7583966458132465483_n.jpg?stp=dst-jpg_e35_tt6&_nc_cat=111&ig_cache_key=Mzc2MDU4OTE1MDIxOTY5MjAyOQ%3D%3D.3-ccb7-5&ccb=7-5&_nc_sid=58cdad&efg=eyJ2ZW5jb2RlX3RhZyI6InhwaWRzLjE0NDB4OTYwLnNkci5DMyJ9&_nc_ohc=u5Erz_B29bAQ7kNvwFtSdu3&_nc_oc=Adk5-VZGOzGXwC3xp7sbxd26hAN86GRdgOeiXWvgK-F-XkWtqvPZRObm-jkPIWysSB0&_nc_ad=z-m&_nc_cid=0&_nc_zt=23&_nc_ht=scontent.cdninstagram.com&_nc_gid=YhdaC3k9qRxuPzn9fcmAjg&oh=00_AfhyGPEA7l7HzsONd2owHq9BE5tB6lMMu_bjm0gtkvPMLQ&oe=6930F47B;“İki Devlet, Tek Millet” anlayışıyla gönül birliği içinde olduğumuz Azerbaycan’ın Karabağ Zaferi’nin 5. yılı kutlu olsun. Zafer Meydanı’nda düzenlenen Karabağ Zaferi Sergisi’ni ziyaret ederek bu anlamlı günü kardeşlerimizle birlikte andık. Azerbaycan’ın kahraman ordusunu, tüm şehitlerini ve gazilerini minnetle anıyorum. 🇦🇿🇹🇷;
https://www.instagram.com/p/DQwNsQFiNgN/;Carousel;3538;34;0;2025-11-07 14:20:11;https://scontent.cdninstagram.com/v/t51.82787-15/575675897_18534530467037474_1165556016349840278_n.jpg?stp=dst-jpg_e35_tt6&_nc_cat=109&ig_cache_key=Mzc2MDU2NTg4NDYwODM3NTE5Nw%3D%3D.3-ccb7-5&ccb=7-5&_nc_sid=58cdad&efg=eyJ2ZW5jb2RlX3RhZyI6InhwaWRzLjE0NDB4OTU5LnNkci5DMyJ9&_nc_ohc=GRI6_IMfkOEQ7kNvwHDju58&_nc_oc=Adl1MmvTrj8M2oDnM8RuuiJX4PhxTisKRsrx-7eudzPNAqFDsSMzovm334xz2zFpN1Q&_nc_ad=z-m&_nc_cid=0&_nc_zt=23&_nc_ht=scontent.cdninstagram.com&_nc_gid=YhdaC3k9qRxuPzn9fcmAjg&oh=00_AfjBaKomiPmBBOVaAA6qyz45TXNpBUL6mU22Rxx-SebtlQ&oe=69312452;Yemek masasında da, sokakta da, her zaman halkımızla yan yanayız.  Halk Lokantamızda vatandaşlarımızla birlikte öğle yemeğimizi yedik, ardından sosyal tesislerimizde bir araya geldik. Afyonkarahisar’da her şeyin en iyisini hak eden halkımız için var gücümüzle çalışmaya devam edeceğiz.;
https://www.instagram.com/p/DQv3YeZABBA/;Carousel;714;12;0;2025-11-07 11:05:15;https://scontent.cdninstagram.com/v/t51.82787-15/576094988_18534496138037474_5686485609388802766_n.jpg?stp=dst-jpg_e35_tt6&_nc_cat=107&ig_cache_key=Mzc2MDQ2Nzc4MTg3NTY3NzAyNQ%3D%3D.3-ccb7-5&ccb=7-5&_nc_sid=58cdad&efg=eyJ2ZW5jb2RlX3RhZyI6InhwaWRzLjE0NDB4OTU5LnNkci5DMyJ9&_nc_ohc=knn71g4OwakQ7kNvwG0YCjn&_nc_oc=Adl-y_3krRXEy6LiLPfxRBrB87NswHSdWKJauxHoDgDUrfNaH3tua4IQrX4VsXSrap4&_nc_ad=z-m&_nc_cid=0&_nc_zt=23&_nc_ht=scontent.cdninstagram.com&_nc_gid=rDe6pZmXgRSjvp3WS873gA&oh=00_AfglmIxYStU20glvGtoDIVQxWSVyDm5revlW6UFReKLs7w&oe=693106AB;Şehrimize gelen Sağlık Bakanı Sayın Kemal Memişoğlu’nu, protokol üyeleri ile birlikte karşıladık. Sayın Bakanımıza, Aile Sağlığı Merkezleri imar plan tadilat değişikliğiyle ilgili taleplerimizi ilettik.;
https://www.instagram.com/p/DQtmuxDiK2c/;Carousel;1997;48;0;2025-11-06 14:01:16;https://scontent.cdninstagram.com/v/t51.82787-15/573184584_18534207139037474_835014388018388350_n.jpg?stp=dst-jpg_e35_tt6&_nc_cat=109&ig_cache_key=Mzc1OTgzMTU5NDIxNTk1MjI3Ng%3D%3D.3-ccb7-5&ccb=7-5&_nc_sid=58cdad&efg=eyJ2ZW5jb2RlX3RhZyI6InhwaWRzLjE0NDB4OTU5LnNkci5DMiJ9&_nc_ohc=S2W2gSkhNEYQ7kNvwHladuH&_nc_oc=Adm0dIcXRyJEtAA_6zoy5DWE6Eno-D3IY7wJiHPMYVR5l7bCvuLiIsqfdHT_BDxlB50&_nc_ad=z-m&_nc_cid=0&_nc_zt=23&_nc_ht=scontent.cdninstagram.com&_nc_gid=rDe6pZmXgRSjvp3WS873gA&oh=00_Afiuuth0TD7NSWIQahc7TKDBa3neBMnPqKdVvpWlfO2oMQ&oe=69310309;Sabah Gazetesi Köşe Yazarı, Gazeteci Yavuz Donat ile görüş alışverişinde bulunduk.;
https://www.instagram.com/p/DQtjPMdCGot/;Carousel;1278;5;0;2025-11-06 13:30:44;https://scontent.cdninstagram.com/v/t51.82787-15/573546963_18534204190037474_3813258806878978041_n.jpg?stp=dst-jpg_e35_tt6&_nc_cat=103&ig_cache_key=Mzc1OTgxNjIyNDM3MzQ5MzY2NQ%3D%3D.3-ccb7-5&ccb=7-5&_nc_sid=58cdad&efg=eyJ2ZW5jb2RlX3RhZyI6InhwaWRzLjE0NDB4OTYwLnNkci5DMyJ9&_nc_ohc=7EdzhTD8g94Q7kNvwE7VTOE&_nc_oc=AdkiBUR8nsROWSLJHFno4FSOdCgpwGhnJ__villAHita__Oaq6TxQD2Bien2bKF_Fts&_nc_ad=z-m&_nc_cid=0&_nc_zt=23&_nc_ht=scontent.cdninstagram.com&_nc_gid=rDe6pZmXgRSjvp3WS873gA&oh=00_AfiD2Qaltw83LNAJ_XPgeHTQBW148jlBKpBxeK2ZplbCxg&oe=69311133;Kocatepe Görme Engelliler Spor Kulübü Başkanı Yusuf Şen, Eşi Semiha Şen ve Başkan Yardımcısı Muhammet Mustafa Başyiğit ile görüş alışverişinde bulunduk.;
https://www.instagram.com/p/DQrncBLiD_4/;Reels;811;27;81711;2025-11-05 19:29:47;https://scontent.cdninstagram.com/v/t51.82787-15/576102743_18534608788037474_4172767797727697716_n.jpg?stp=dst-jpg_e15_tt6&_nc_cat=109&ig_cache_key=Mzc1OTI3MTc2MzE5NzMxMzAxNjE4NTM0NjA4NzgyMDM3NDc0.3-ccb7-5&ccb=7-5&_nc_sid=58cdad&efg=eyJ2ZW5jb2RlX3RhZyI6InhwaWRzLjcyMHg0MDYuc2RyLkMzIn0%3D&_nc_ohc=DWMU-ZqzmPwQ7kNvwFEU-dh&_nc_oc=AdnLSwN92qt0GdNM0UwiFDBEIx0_UKpT31NcrXsCpX1gDbFnIOo4fVN9LkBJ5zSY2co&_nc_ad=z-m&_nc_cid=0&_nc_zt=23&_nc_ht=scontent.cdninstagram.com&_nc_gid=rDe6pZmXgRSjvp3WS873gA&oh=00_AfgqYBUfpcOn-XJZXZ0XrQC3VUic4lZUXpCTj4_PV1y62Q&oe=69312539;LÖSEV mücadelesinin her zaman yanında olacağız! 🧡;
https://www.instagram.com/p/DQrg_q7iEoE/;Carousel;1124;8;0;2025-11-05 18:32:39;https://scontent.cdninstagram.com/v/t51.82787-15/573304686_18533972815037474_4427729923540731698_n.jpg?stp=dst-jpg_e35_tt6&_nc_cat=100&ig_cache_key=Mzc1OTI0MzQxMjg1NjM5NjkwMQ%3D%3D.3-ccb7-5&ccb=7-5&_nc_sid=58cdad&efg=eyJ2ZW5jb2RlX3RhZyI6InhwaWRzLjE0NDB4OTYwLnNkci5DMyJ9&_nc_ohc=TyYsbXrz56EQ7kNvwFUuWX3&_nc_oc=Adlz9D_P_ECoSDwmQ70gv7LqPSpSlybesEoSfc_SGUDWylLu43B1wgO2ZOCMtbCMOJI&_nc_ad=z-m&_nc_cid=0&_nc_zt=23&_nc_ht=scontent.cdninstagram.com&_nc_gid=rDe6pZmXgRSjvp3WS873gA&oh=00_AfiRbFU7VWntq2PbOnPi2fSpdDctPUcZqiW9cLN810Z06w&oe=69311E7F;Nuri Demirayak Parkımız yeniden hayat buldu. Yenilenen yeşil alanlarımızla, Afyonkarahisar’ı daha yaşanabilir bir şehir haline getirmeye devam ediyoruz.;
https://www.instagram.com/p/DQrbRIhiLcp/;Carousel;1568;6;0;2025-11-05 17:42:37;https://scontent.cdninstagram.com/v/t51.82787-15/572954961_18533943934037474_4987418971648042055_n.jpg?stp=dst-jpg_e35_tt6&_nc_cat=101&ig_cache_key=Mzc1OTIxODIxMDQwNzc0NTI4NA%3D%3D.3-ccb7-5&ccb=7-5&_nc_sid=58cdad&efg=eyJ2ZW5jb2RlX3RhZyI6InhwaWRzLjE0NDB4OTYwLnNkci5DMyJ9&_nc_ohc=qvLnkylucrEQ7kNvwG8Hmoy&_nc_oc=Adnfzegxv33mCJ7ZXbtQUWbZx-LrsBRavdAPqYXEYqhwJfzdC_TN2kWSE_mktG2PkX8&_nc_ad=z-m&_nc_cid=0&_nc_zt=23&_nc_ht=scontent.cdninstagram.com&_nc_gid=rDe6pZmXgRSjvp3WS873gA&oh=00_Afj3vtM1pKSSdWZf49cf342nNqQf9HGULbUo6MYuAll7NA&oe=69311EF1;Pınar kızımıza verdiğimiz sözümüzü tuttuk! Çocuklarımızın neşeyle oynayacağı, ailelerimizin huzurla vakit geçireceği bir yaşam alanını halkımızın hizmetine sunduk. Afyonkarahisar’da her mahallemiz yeşille, neşeyle, dayanışmayla güzelleşecek.;
https://www.instagram.com/p/DQq2egGCHEV/;Carousel;1882;11;0;2025-11-05 12:21:08;https://scontent.cdninstagram.com/v/t51.82787-15/572473986_18533878582037474_131636802202069537_n.jpg?stp=dst-jpg_e35_tt6&_nc_cat=100&ig_cache_key=Mzc1OTA1NjQxNDc1MzQyNTA2MA%3D%3D.3-ccb7-5&ccb=7-5&_nc_sid=58cdad&efg=eyJ2ZW5jb2RlX3RhZyI6InhwaWRzLjE0NDB4OTYwLnNkci5DMyJ9&_nc_ohc=SyZ3CdhqHpgQ7kNvwEe6nE_&_nc_oc=Adnc7iAQQ8t6suW1AMLrv-hLviHG3LTBEnLeASEaSShOkWgrS4djAi5HB1e9v5AnWWs&_nc_ad=z-m&_nc_cid=0&_nc_zt=23&_nc_ht=scontent.cdninstagram.com&_nc_gid=rDe6pZmXgRSjvp3WS873gA&oh=00_AfjVD2dv7cAJcpq-QDfHzjGaX9VJHo7svTFaSKHdDCrhrw&oe=693115C9;Doğayla iç içe, üretken ve emek dolu yaşamlarıyla şehrimizin güzelliklerini yansıtan, Dağda Yaşam Ailesinden İlkay Tınaztepe ve annesi Eşe Tınaztepe’yi belediyemizde ağırladık. Ziyaretleri için kendilerine teşekkür ediyorum.;
https://www.instagram.com/p/DQqfGbMCIeR/;Photo;1498;43;0;2025-11-05 08:56:52;https://scontent.cdninstagram.com/v/t51.82787-15/574731053_18533853571037474_4799474568180965146_n.jpg?stp=dst-jpg_e35_tt6&_nc_cat=106&ig_cache_key=Mzc1ODk1MzYxOTk0NTcxOTY5Nw%3D%3D.3-ccb7-5&ccb=7-5&_nc_sid=58cdad&efg=eyJ2ZW5jb2RlX3RhZyI6InhwaWRzLjE0NDB4MTczMC5zZHIuQzMifQ%3D%3D&_nc_ohc=FxdL_0es5qIQ7kNvwGRkb1A&_nc_oc=Adn5w_VE7Z1JMo74pKX3GY2qf9z9ZQZU7aSaV403MwbQNdtavzz_ohbTEYkBRvfjdq4&_nc_ad=z-m&_nc_cid=0&_nc_zt=23&_nc_ht=scontent.cdninstagram.com&_nc_gid=rDe6pZmXgRSjvp3WS873gA&oh=00_AfjULWQyZACbF1kjPewMDwZDJathgxgnZjq0yb2GxchaKA&oe=6930F946;"“Biz milliyetçiliği sokak duvarlarına değil; Kıbrıs’ın topraklarına, Ege’nin deniz yataklarına yazmışız. Biz milliyetçiliği Batı Anadolu’nun haşhaş tarlasına yazmışız.” Demokrasiye, özgürlüğe ve emek mücadelesine adanmış bir ömür… İlkeli siyaseti ve halkına duyduğu derin sevgiyle Türk siyasetinde iz bırakan Karaoğlan’ı, Bülent Ecevit’i aramızdan ayrılışının yıldönümünde saygı, sevgi ve özlemle anıyorum.";
https://www.instagram.com/p/DQo1zcJCK7c/;Carousel;1755;22;0;2025-11-04 17:36:46;https://scontent.cdninstagram.com/v/t51.82787-15/574859202_18533676325037474_1720596563625254081_n.jpg?stp=dst-jpg_e35_tt6&_nc_cat=109&ig_cache_key=Mzc1ODQ5MDQ4OTgzODkwNTk2OQ%3D%3D.3-ccb7-5&ccb=7-5&_nc_sid=58cdad&efg=eyJ2ZW5jb2RlX3RhZyI6InhwaWRzLjE0NDB4OTYwLnNkci5DMyJ9&_nc_ohc=-qyBRcC2KnAQ7kNvwHdO-rs&_nc_oc=AdkRrIsGqw_mwpI6qmagMLQR7-axjCtLCjso1U1sYacZqKsvXfF0UHJ5c9s_bkC5WaI&_nc_ad=z-m&_nc_cid=0&_nc_zt=23&_nc_ht=scontent.cdninstagram.com&_nc_gid=rDe6pZmXgRSjvp3WS873gA&oh=00_AfguFXS5njviBYTEKL_jJfFf18lDWVXNEIsh_OI8yE1MQA&oe=6930F682;Umudun, dayanışmanın ve yaşam mücadelesinin adı: LÖSEV!  Lösemiyle mücadele eden çocuklarımızın, ailelerinin ve gönüllülerin yüreğindeki ışık parkımızda parlamaya devam edecek. Afyonkarahisar Belediyesi olarak, LÖSEV’in verdiği bu büyük mücadelenin her zaman yanında olacağız.;
https://www.instagram.com/p/DQoXG2RCN6s/;Carousel;993;6;0;2025-11-04 13:08:32;https://scontent.cdninstagram.com/v/t51.82787-15/574643720_18533647288037474_1144843262677557565_n.jpg?stp=dst-jpg_e35_tt6&_nc_cat=107&ig_cache_key=Mzc1ODM1NTQ5MzA5NDQzMDY1MQ%3D%3D.3-ccb7-5&ccb=7-5&_nc_sid=58cdad&efg=eyJ2ZW5jb2RlX3RhZyI6InhwaWRzLjE0NDB4OTYwLnNkci5DMyJ9&_nc_ohc=T3PzzAc9tiEQ7kNvwGm6wqv&_nc_oc=AdlKKht10AVKmz38I-vfa5OIPTk88K0vjTOpjfJlcKwXbmTPcSs83XI8-AGvSR22GpI&_nc_ad=z-m&_nc_cid=0&_nc_zt=23&_nc_ht=scontent.cdninstagram.com&_nc_gid=rDe6pZmXgRSjvp3WS873gA&oh=00_Afjzbb4WBiWNMgbyjlaOUttxXg_xBv0_M6gTwGwmHvxi0g&oe=6930FC38;Cumhuriyet Halk Partisi Sandıklı İlçe Başkanımız Raşit Güneş ve Yönetim Kurulu Üyeleri ile görüş alışverişinde bulunduk.;
https://www.instagram.com/p/DQoJYaACNze/;Photo;992;18;0;2025-11-04 11:08:36;https://scontent.cdninstagram.com/v/t51.82787-15/573833414_18533637196037474_3433965220740602566_n.jpg?stp=dst-jpg_e35_tt6&_nc_cat=102&ig_cache_key=Mzc1ODI5NTE0ODY0NDU4ODc2Ng%3D%3D.3-ccb7-5&ccb=7-5&_nc_sid=58cdad&efg=eyJ2ZW5jb2RlX3RhZyI6InhwaWRzLjE0NDB4MTczMC5zZHIuQzMifQ%3D%3D&_nc_ohc=Xe0M9YbshA4Q7kNvwFI4v9w&_nc_oc=AdlvrHq0tvi_LXwNl8skHZr0LgS3igBPgmiDyABsQ6xp6JdylDt5P87LoEkRxRAcukw&_nc_ad=z-m&_nc_cid=0&_nc_zt=23&_nc_ht=scontent.cdninstagram.com&_nc_gid=rDe6pZmXgRSjvp3WS873gA&oh=00_AfjqQhOkSKzvUxLVUEZeGpDpAOzeZGK291ry7QaYwZV0LQ&oe=69310E91;Nuri Demirayak Parkımızı yenileyerek çocuklarımız ve ailelerimiz için daha keyifli bir hale getirdik.💙  🗓️ 5 Kasım 🕞 15.30 📍 Mareşal Fevzi Çakmak Mahallesi 430-435 Sokak;
https://www.instagram.com/p/DQoBOP9CO5h/;Photo;1106;16;0;2025-11-04 09:57:18;https://scontent.cdninstagram.com/v/t51.82787-15/572908423_18533631925037474_5712386911966973906_n.jpg?stp=dst-jpg_e35_tt6&_nc_cat=107&ig_cache_key=Mzc1ODI1OTI2NjI4OTk4NzE2OQ%3D%3D.3-ccb7-5&ccb=7-5&_nc_sid=58cdad&efg=eyJ2ZW5jb2RlX3RhZyI6InhwaWRzLjE0NDB4MTczMC5zZHIuQzMifQ%3D%3D&_nc_ohc=y8P97kWO25gQ7kNvwF1lzuv&_nc_oc=Adly_Ys0Ww1Pdhv5vBd6jRvNKHrAOlMorpyNzKQ9CpAFvfIlavhYAFDS0oUYt1j9DLI&_nc_ad=z-m&_nc_cid=0&_nc_zt=23&_nc_ht=scontent.cdninstagram.com&_nc_gid=rDe6pZmXgRSjvp3WS873gA&oh=00_AfhnRi0lzFw0D28ryYluWOXyuVY1pigIMZmxM-mUFRdt-Q&oe=69312155;Her çocuk bir dünyadır! 💚 Biz de o dünyalardan birine dokunmak istedik. Pınar’ın adını yaşatacağımız parkımızı açıyoruz.  🗓️ 5 Kasım  🕒 15.00 📍 Ali İhsan Paşa Mahallesi 520 Sokak;
https://www.instagram.com/p/DQml2MLiERB/;Carousel;1850;17;0;2025-11-03 20:38:51;https://scontent-ist1-1.cdninstagram.com/v/t51.82787-15/573335914_18533543944037474_6857203699884959459_n.jpg?stp=dst-jpg_e35_tt6&_nc_cat=100&ig_cache_key=Mzc1Nzg1NzM3Njg2MzUzMzcyMQ%3D%3D.3-ccb7-5&ccb=7-5&_nc_sid=58cdad&efg=eyJ2ZW5jb2RlX3RhZyI6InhwaWRzLjE0NDB4OTYwLnNkci5DMyJ9&_nc_ohc=jTugn77h-5kQ7kNvwFL0cVX&_nc_oc=Adm3ziSM8iek4ekYvJL8Jb4mh3SSqeis87YVRX8-70GCz4cLSi2B9gXuUQ9Rlxpzsk0&_nc_ad=z-m&_nc_cid=0&_nc_zt=23&_nc_ht=scontent-ist1-1.cdninstagram.com&_nc_gid=5F3FCpZ8dWL7gP1HHsMw0A&oh=00_Afh6jnAW6N9ZSemh5uTqZqDJcaxS51cuzhM2wJKh9dDkRA&oe=6930F7DA;2025 Yılı Kasım Ayı Belediye Meclis toplantımızı gerçekleştirdik. Toplantımızda şehrimiz adına önemli kararlar alarak, gündemimizdeki maddeleri değerlendirdik. Afyonkarahisarımız için çözüm odaklı adımlar atmaya devam ediyoruz.;
https://www.instagram.com/p/DQmFNcRiHEl/;Carousel;2214;14;0;2025-11-03 15:53:40;https://scontent-ist1-2.cdninstagram.com/v/t51.82787-15/571862053_18533502358037474_4354405593612748558_n.jpg?stp=dst-jpg_e35_tt6&_nc_cat=104&ig_cache_key=Mzc1NzcxMzg0MTUxNDM5MzY4OA%3D%3D.3-ccb7-5&ccb=7-5&_nc_sid=58cdad&efg=eyJ2ZW5jb2RlX3RhZyI6InhwaWRzLjE0NDB4OTYwLnNkci5DMyJ9&_nc_ohc=6sXUauaZTFQQ7kNvwFAis01&_nc_oc=AdnLM3dc_wI7ozMzQxRTor79PHIE9K-H32pPC1H92xN5nmTv1dSzoSYqKpRXXajY1rI&_nc_ad=z-m&_nc_cid=0&_nc_zt=23&_nc_ht=scontent-ist1-2.cdninstagram.com&_nc_gid=5F3FCpZ8dWL7gP1HHsMw0A&oh=00_AfjNZdOZX5UME4b8j9stKq7kDVaHnQ2jB8G1NSHVngr_NQ&oe=693105FD;Eylül Ayı Meclis Toplantımızda, Ali İhsan Paşa Mahallemizdeki Defne Sokak’ın ismini ‘Şehit Murat Korkmaz Sokağı’ olarak değiştirme kararını almıştık. Şehidimizin kızı Esma Korkmaz, Türkiye Harp Malulü Gaziler, Şehit Dul ve Yetimleri Derneği Afyonkarahisar Şube Başkanı İsmail Kumartaşlı, Şehit Babaları Fuat Saraç, Süleyman Üye ve Gazi Cihan İlhan’ı misafir ettik. Bu vatan için canını feda eden tüm şehitlerimizi bir kez daha rahmet, minnet ve saygıyla anıyorum.  Onların aziz hatıralarını yaşatmak, bizim en büyük sorumluluğumuzdur.;
https://www.instagram.com/p/DQmAToiCJJY/;Photo;1132;25;0;2025-11-03 15:10:49;https://scontent-ist1-1.cdninstagram.com/v/t51.82787-15/572145771_18533496493037474_7032716887247824578_n.jpg?stp=dst-jpg_e35_tt6&_nc_cat=100&ig_cache_key=Mzc1NzY5MjI4ODI3Nzk3NTY0MA%3D%3D.3-ccb7-5&ccb=7-5&_nc_sid=58cdad&efg=eyJ2ZW5jb2RlX3RhZyI6InhwaWRzLjE0NDB4MTczMC5zZHIuQzMifQ%3D%3D&_nc_ohc=Mr0i-TE7mN4Q7kNvwGB_fpW&_nc_oc=Adl6bSSjqGf25BnBC4fMoZhP7JzthEpJmULEN-XJUkdAD1xigHJg-vVbOHJyyT95lWM&_nc_ad=z-m&_nc_cid=0&_nc_zt=23&_nc_ht=scontent-ist1-1.cdninstagram.com&_nc_gid=5F3FCpZ8dWL7gP1HHsMw0A&oh=00_AfgdI0V9LtNlntfEuvdf4BnHroEG8rpTueDGgSMNt_imeA&oe=69311336;Lösemiyle mücadele eden çocuklarımızın azmini ve hayata bağlılığını unutmamak için LÖSEV adını yaşatıyoruz! 🧡  🗓️ 4 Kasım 🕒 15.00 📍 Selçuklu Mahallesi Şehit İrfan Sefa Caddesi (Altınoluk Camii Karşısı);
https://www.instagram.com/p/DQj9G8oCCEM/;Photo;6550;174;0;2025-11-02 20:04:24;https://scontent-ist1-1.cdninstagram.com/v/t51.82787-15/571210749_18533366233037474_7674220293082730149_n.jpg?stp=dst-jpg_e35_tt6&_nc_cat=101&ig_cache_key=Mzc1NzExNTI3MjQwNzI5NDIyMA%3D%3D.3-ccb7-5&ccb=7-5&_nc_sid=58cdad&efg=eyJ2ZW5jb2RlX3RhZyI6InhwaWRzLjkwOXgxMjEyLnNkci5DMyJ9&_nc_ohc=eK_3z99VLrIQ7kNvwEhQj4V&_nc_oc=Adm7NJfdRTLS_SS25eo0ELlcf0wYTAh6ZVaTUCZ_eDgjYDxdn5LnK3UdS8epHKSk2YM&_nc_ad=z-m&_nc_cid=0&_nc_zt=23&_nc_ht=scontent-ist1-1.cdninstagram.com&_nc_gid=5F3FCpZ8dWL7gP1HHsMw0A&oh=00_AfgiCZowu-fks-lRwKMpgMZmHPxjITb16uqS6nuaEPunjg&oe=69310A9A;"Afyonkarahisar, Çay ilçesi, Akkonak Köyü nüfusuna kayıtlı Piyade Uzman Çavuş Altay Aktaş’ın izinli olarak bulunduğu memleketinde trafik kazası sonucu hayatını kaybettiğini üzüntüyle öğrendim.  Kendisine Allah’tan rahmet; kederli ailesine sabır ve başsağlığı diliyorum.";
https://www.instagram.com/p/DQi4FaeiIqf/;Photo;1309;37;0;2025-11-02 10:01:15;https://scontent-ist1-1.cdninstagram.com/v/t51.82787-15/572675421_18533293096037474_5852576871306337258_n.jpg?stp=dst-jpg_e35_tt6&_nc_cat=110&ig_cache_key=Mzc1NjgxMTcwMTgxMTk3Mjc2Nw%3D%3D.3-ccb7-5&ccb=7-5&_nc_sid=58cdad&efg=eyJ2ZW5jb2RlX3RhZyI6InhwaWRzLjEyOTB4ODk3LnNkci5DMyJ9&_nc_ohc=tsbymFqgpU0Q7kNvwG6mzW1&_nc_oc=AdnfIVjpu2Fveo9dLSSf78_VYG6f5FIypWHH2Bb7AjzHSW0uIjpnwJy6ITltsM-xuFE&_nc_ad=z-m&_nc_cid=0&_nc_zt=23&_nc_ht=scontent-ist1-1.cdninstagram.com&_nc_gid=5F3FCpZ8dWL7gP1HHsMw0A&oh=00_Afg7VbjQ39XJ97pmAPQTUK7vTYdsGsdT1g2RkTG1j_wWOg&oe=6930F87C;;
https://www.instagram.com/p/DQdn_LLiMqZ/;Photo;1421;51;0;2025-10-31 09:04:23;https://scontent-ist1-2.cdninstagram.com/v/t51.82787-15/572124493_18532939402037474_2152272872229501862_n.jpg?stp=dst-jpg_e35_tt6&_nc_cat=107&ig_cache_key=Mzc1NTMzMzUyOTQ0MjUwMzMyMQ%3D%3D.3-ccb7-5&ccb=7-5&_nc_sid=58cdad&efg=eyJ2ZW5jb2RlX3RhZyI6InhwaWRzLjE0NDB4MTczMC5zZHIuQzMifQ%3D%3D&_nc_ohc=tRDvnESCRxAQ7kNvwEjhzD_&_nc_oc=AdmpUt_LcPIPG0rvRXNEWmCdABZ6s2RnQAxrKoF7SLJhkZZzOJGRwGmSJT30BIp5tR8&_nc_ad=z-m&_nc_cid=0&_nc_zt=23&_nc_ht=scontent-ist1-2.cdninstagram.com&_nc_gid=5F3FCpZ8dWL7gP1HHsMw0A&oh=00_AfjQvA3AkBiBwqqyKH2o_abWenQontxeT1W6wUUFjcMcgg&oe=6930F7F2;Erdal İnönü’yü aramızdan ayrılışının yıl dönümünde saygı, sevgi ve özlemle anıyoruz.  Bilime, demokrasiye ve insanlığa olan katkılarıyla her zaman hafızalarımızda yaşayacak.;
