﻿PostLink;PostTürü;BeğeniSayısı;YorumSayısı;Görüntülenme Sayısı;Tarih;DisplayPhoto;Caption;Takipçi
https://www.instagram.com/p/DRpTCkpiNbH/;Carousel;2449;97;0;2025-11-29 18:23:38;https://scontent.cdninstagram.com/v/t51.82787-15/587818199_18272750386303491_6528662650330065611_n.jpg?stp=dst-jpg_e35_tt6&_nc_cat=1&ig_cache_key=Mzc3NjYzMzQ4OTEwNjQ0NzIyMw%3D%3D.3-ccb7-5&ccb=7-5&_nc_sid=58cdad&efg=eyJ2ZW5jb2RlX3RhZyI6InhwaWRzLjEwNjZ4NzExLnNkci5DMyJ9&_nc_ohc=MtbfUqV5x44Q7kNvwGxzKgX&_nc_oc=AdmhKTnjP9bxBnWarBxD5JC9ecJDd3y61qrcxjdU6Vnn1x232OPgHOrQUyrp-yJHurp_FBnnaV-lFp68teV7K9Hs&_nc_ad=z-m&_nc_cid=0&_nc_zt=23&_nc_ht=scontent.cdninstagram.com&_nc_gid=nCUMVdbkvaTe-GKIp3X0HQ&oh=00_Afjks14XoyIPq4DlDO6k4-6SnylQt5JP6jfMDc_8WMipWA&oe=69313034;"Cumhuriyet Halk Partisi’mizin 39. Olağan Kurultayı’nda yeniden Genel Başkan seçilen Sayın Özgür Özel’i tebrik ediyorum.  Bugün verilen kararlı mesajlar; örgütümüzün değişime olan inancını, toplumun beklentilerine yanıt verme sorumluluğumuzu, Türkiye’nin demokrasi ve adalet mücadelesinde üstlendiğimiz tarihi rolü bir kez daha ortaya koydu.  Ülkemizi hak ettiği refah düzeyine kavuşturma mücadelesinde CHP kadrolarının tamamı büyük bir özveriyle çalışacak. Biz de İzmir olarak; bu büyük yürüyüşün en güçlü parçalarından biri olmaya devam edeceğiz";226757
https://www.instagram.com/p/DRm38izCIYY/;Reels;4032;108;222674;2025-11-28 19:48:50;https://scontent.cdninstagram.com/v/t51.82787-15/587385974_18272660743303491_9212839182451161021_n.jpg?stp=dst-jpg_e15_tt6&_nc_cat=109&ig_cache_key=Mzc3NTk1MTM5MDY4Njg3MzExMjE4MjcyNjYwNzM3MzAzNDkx.3-ccb7-5&ccb=7-5&_nc_sid=58cdad&efg=eyJ2ZW5jb2RlX3RhZyI6InhwaWRzLjcyMHgxMjgwLnNkci5DMyJ9&_nc_ohc=I6jlFpZPkEwQ7kNvwEO-kIU&_nc_oc=Admj2BAfu8rcHzACxTHd8dldxHxV7Jq1L2ZhT4zF8f60gP61oAVM7mDYscuGgg20wDaTyg5NSV63r1A49KHjjUkr&_nc_ad=z-m&_nc_cid=0&_nc_zt=23&_nc_ht=scontent.cdninstagram.com&_nc_gid=nCUMVdbkvaTe-GKIp3X0HQ&oh=00_AfiYXun_53VHBME69fyuErPtyZuXX4D-3l88kv_g-VBoSA&oe=693100CD;📍Ballıkuyu  Bölgemizde yurttaşlarımızın uzun zamandır sorun yaşadığı yolları baştan sona yeniledik, yeni yeşil alanları oluşturduk ve söz verdiğimiz parkı ise çocuklarımızla buluşturduk. ✅;
https://www.instagram.com/p/DRj4kKcCJEt/;Carousel;1190;89;0;2025-11-27 15:56:05;https://scontent.cdninstagram.com/v/t51.82787-15/584804620_18272546728303491_8081396362294840400_n.jpg?stp=dst-jpg_e35_tt6&_nc_cat=110&ig_cache_key=Mzc3NTEwOTY3NjE0MTE1NzQzMQ%3D%3D.3-ccb7-5&ccb=7-5&_nc_sid=58cdad&efg=eyJ2ZW5jb2RlX3RhZyI6InhwaWRzLjE0NDB4OTYwLnNkci5DMyJ9&_nc_ohc=qgVz61VOsKwQ7kNvwEx6aI_&_nc_oc=Adl-malY0GVQJiil1-2zaFSqrXjuZ2uptvHqPXJ7fUkqNTP3ZHlwTaiIOjL427Ske0JQx_JGHq92lHXJdiKS2ffc&_nc_ad=z-m&_nc_cid=0&_nc_zt=23&_nc_ht=scontent.cdninstagram.com&_nc_gid=nCUMVdbkvaTe-GKIp3X0HQ&oh=00_AfigYFd3wumoh2lwZfwpzOntAzIzsBZJO1uQGgmkyMDWhg&oe=69313124;Bugün 15’inci İZMAR şubemizi Konak Gültepe’de yurttaşlarımızın hizmetine açtık. ✅  Tanzim satış ruhuyla yurttaşlarımızı aracısız, sağlıklı, güvenli ve hesaplı ürünlerle buluşturduğumuz İZMAR şubelerimizin sayısını artırmaya devam edeceğiz.;
https://www.instagram.com/p/DRhljOMiP6L/;Reels;2664;107;151325;2025-11-26 18:32:42;https://scontent.cdninstagram.com/v/t51.82787-15/584401769_18272475850303491_1342579197616599504_n.jpg?stp=dst-jpg_e15_tt6&_nc_cat=106&ig_cache_key=Mzc3NDQ2MzExMDg1ODQ3MzA5OTE4MjcyNDc1ODQ3MzAzNDkx.3-ccb7-5&ccb=7-5&_nc_sid=58cdad&efg=eyJ2ZW5jb2RlX3RhZyI6InhwaWRzLjcyMHgxMjgwLnNkci5DMyJ9&_nc_ohc=cVANysmQj-QQ7kNvwFfLvxb&_nc_oc=AdmWLDrNdKoikygZMN7fox7NkJ4_Z0LBaMCEXbVv5yj0yEIrUTD_gYz1zhaCX9OePgjSODIRzTnaV2n79ivZCAu_&_nc_ad=z-m&_nc_cid=0&_nc_zt=23&_nc_ht=scontent.cdninstagram.com&_nc_gid=nCUMVdbkvaTe-GKIp3X0HQ&oh=00_AfjjkKwwyORY3D1MH0ScOADnTneeigWauYeOxJ4Ldqo2KA&oe=69312FFB;📍Beydağ  Küçük Menderes Havzamızın zengin toprakları bölgedeki yurttaşlarımız için çok önemli bir geçim kaynağı. Gençlerimiz yaşadıkları yerleri terk etmesin, üreticilerimizin emeği en iyi şekilde değerlensin istiyoruz. Bu yüzden bölgedeki üreticilerimize var gücümüzle destek olmayı sürdüreceğiz.;
https://www.instagram.com/p/DRg9siECG2o/;Carousel;3779;48;0;2025-11-26 12:43:12;https://scontent.cdninstagram.com/v/t51.82787-15/587496258_18272437945303491_7956278564656749979_n.jpg?stp=dst-jpg_e35_tt6&_nc_cat=104&ig_cache_key=Mzc3NDI4NzgwOTcxMzA0NDY3MQ%3D%3D.3-ccb7-5&ccb=7-5&_nc_sid=58cdad&efg=eyJ2ZW5jb2RlX3RhZyI6InhwaWRzLjE0NDB4OTYwLnNkci5DMyJ9&_nc_ohc=CzSQRb-5sdoQ7kNvwF7gFct&_nc_oc=Adkz7SR1JKM-Lq6ywPssfEmZRsYxCTAI2BSD_s76Bngj6LLrekWcndhG_E2VmppjGRTyqFQrgdFX5bxwZWBQXD2U&_nc_ad=z-m&_nc_cid=0&_nc_zt=23&_nc_ht=scontent.cdninstagram.com&_nc_gid=nCUMVdbkvaTe-GKIp3X0HQ&oh=00_Afi486v_AVAuhbHu9iMvR9DCMDAa_6yBodslrlHechJ8fQ&oe=69310D28;"İtfaiye Teşkilatımıza güç verecek yeni çalışma arkadaşlarımız yemin töreninin ardından görevlerine başladılar.  İtfaiyecilik; cesaret, sabır, fedakârlık ve umudun mesleğidir. Gecenin bir yarısı sirenle uyanmayı, alevlerin içine koşmayı, risk almayı, insan hayatını kurtarmayı gerektirir.  İtfaiye Teşkilatımıza katılan yeni mesai arkadaşlarımızın şehrimize, yurttaşlarımıza layık şekilde görevlerini gerçekleştireceklerine yürekten inanıyorum. Diliyorum canımızı yakan olaylar hiç yaşanmasın. Her birinizi gönülden tebrik ediyor, başarılarınızın devamını diliyorum.";
https://www.instagram.com/p/DRevTsFiBd8/;Reels;8425;180;190278;2025-11-25 16:00:38;https://scontent.cdninstagram.com/v/t51.71878-15/588077089_869792958917302_3954995998098998792_n.jpg?stp=dst-jpg_e15_tt6&_nc_cat=110&ig_cache_key=Mzc3MzY2MTU5ODk3NjU3OTQ1Mg%3D%3D.3-ccb7-5&ccb=7-5&_nc_sid=58cdad&efg=eyJ2ZW5jb2RlX3RhZyI6InhwaWRzLjY0MHgxMTM2LnNkci5DMyJ9&_nc_ohc=IsfvOJcjvhoQ7kNvwHjR2EN&_nc_oc=Adlt4_ug4QQxC3iv6BF_AYTMN3TBBdA8z0bZ5QKoAgTMfdTTRmS5pEZuHaVkkAm0d2HIGhM9N9znlvs36xqGMSpn&_nc_ad=z-m&_nc_cid=0&_nc_zt=23&_nc_ht=scontent.cdninstagram.com&_nc_gid=nCUMVdbkvaTe-GKIp3X0HQ&oh=00_Afg7qEFv0LSQycLuUETx7G3DlxR7SUEnEAgkuVFMdFSRkA&oe=6931063E;Urla ilçemizin ana arterlerinde sürdürdüğümüz kapsamlı asfaltlama çalışmamızı tamamlayarak yollarımızı çok daha güvenli ve konforlu hâle getirdik.  Şehrimizin her ilçesinde asfalt ve yol yapım çalışmalarımıza hız kesmeden devam ediyoruz.;
https://www.instagram.com/p/DReUqhUCLb7/;Carousel;9231;87;0;2025-11-25 12:06:11;https://scontent.cdninstagram.com/v/t51.82787-15/586920935_18272339275303491_7619637299517918521_n.jpg?stp=dst-jpg_e35_tt6&_nc_cat=109&ig_cache_key=Mzc3MzU0NDQwMDgyODI4NTYzNw%3D%3D.3-ccb7-5&ccb=7-5&_nc_sid=58cdad&efg=eyJ2ZW5jb2RlX3RhZyI6InhwaWRzLjE0NDB4OTYwLnNkci5DMyJ9&_nc_ohc=6AHaRkyGQFcQ7kNvwHvc38B&_nc_oc=Adn55VKSJ7jaRD1u9RTcz_tY572L1dcuEHQhnbRtKQOG5HAwOusH0uoxsesd8XHR4Gx8y28eecjb8zoJT6agACx1&_nc_ad=z-m&_nc_cid=0&_nc_zt=23&_nc_ht=scontent.cdninstagram.com&_nc_gid=nCUMVdbkvaTe-GKIp3X0HQ&oh=00_AfhE23M_c8iuc2Ve9BMnYMte4hrAVYau23M3NZCnVA_4hQ&oe=6930F9AD;“Bu koltuk, aramızdan alınan bir kadının hatırasına ayrıldı”, “Kadına şiddet bitene kadar, hiçbirimiz koltuğumuzda rahat oturamayız”   Bugün 25 Kasım Kadına Yönelik Şiddete Karşı Uluslararası Mücadele Günü.  Ülkemizde kadına şiddet ve kadın cinayetleri her geçen gün artıyor. Biz de bu duruma dikkat çekmek için bugün toplu taşıma araçlarımızda birer koltuğu boş bırakarak bir farkındalık yaratmak istedik.  Her zaman, her koşulda kadınların yanında olacağız. Eşit ve özgür bir toplum kurmak için hep birlikte daima mücadeleye devam edeceğiz.;
https://www.instagram.com/p/DRdAmJKiNep/;Carousel;2561;34;0;2025-11-24 23:51:35;https://scontent.cdninstagram.com/v/t51.82787-15/587269283_18272294347303491_778545417161258200_n.jpg?stp=dst-jpg_e35_tt6&_nc_cat=102&ig_cache_key=Mzc3MzE3NDY2NjYxNDAzMTk4Mg%3D%3D.3-ccb7-5&ccb=7-5&_nc_sid=58cdad&efg=eyJ2ZW5jb2RlX3RhZyI6InhwaWRzLjk1OHg2Mzguc2RyLkMzIn0%3D&_nc_ohc=Q4A9Yw8rScwQ7kNvwHxFaWk&_nc_oc=AdmqChnt2eL8yG6pmJBV9ljnd69FpqQO8V3ngIYU8-oQ6q69F7eWuDmcyWWxk0HtrEHzMeByCD5vALy06FydbenE&_nc_ad=z-m&_nc_cid=0&_nc_zt=23&_nc_ht=scontent.cdninstagram.com&_nc_gid=nCUMVdbkvaTe-GKIp3X0HQ&oh=00_AfgFOp189hkXRuXXifsDnbVM_i5A6yw6Bd4xj-u4YE53zQ&oe=693123B4;Bugün Kasım ayı 5. Olağan Meclis birleşimimizi gerçekleştirdik. 2026 Mali Yılı Bütçemiz Belediye Meclisi’nde kabul edildi. Her zaman olduğu gibi önceliğimiz, yurttaşlarımızın ihtiyaçları ve şehrimizin geleceği olacaktır. Bütçemiz İzmir’imize hayırlı olsun.;
https://www.instagram.com/p/DRcI2bQiHmF/;Reels;13564;308;326767;2025-11-24 15:45:00;https://scontent.cdninstagram.com/v/t51.82787-15/574203216_18272263705303491_7838172476769516228_n.jpg?stp=dst-jpg_e15_tt6&_nc_cat=107&ig_cache_key=Mzc3MjkyOTUxMjMyMTg3NDMwOTE4MjcyMjYzNzAyMzAzNDkx.3-ccb7-5&ccb=7-5&_nc_sid=58cdad&efg=eyJ2ZW5jb2RlX3RhZyI6InhwaWRzLjcyMHgxMjgwLnNkci5DMyJ9&_nc_ohc=i5EkKqS4_mkQ7kNvwFZAIN2&_nc_oc=AdnfR2XS3U4v0nKnwGlpwO2sILa1KmCZpz2BiaRRfaRQccAfyXmdvWXtXZhdYHAL_wrLA6XI9sB4hyWk0_BjIY2K&_nc_ad=z-m&_nc_cid=0&_nc_zt=23&_nc_ht=scontent.cdninstagram.com&_nc_gid=nCUMVdbkvaTe-GKIp3X0HQ&oh=00_AfiKhQzLc2U3UZ9_Mzgl9Einz45TU9ZIzYfP9YbjCkdAaQ&oe=69311DDA;"Bugün 24 Kasım Öğretmenler Günü... Ben de bu vesileyle İzmir İnönü Lisesi’nden kimya öğretmenim, kıymetli hocam Demir Türkay’ı ziyaret ettim.  Değerli öğretmenlerimiz; hiçbir çiçek, hiçbir hediye hakkınızı ödeyemez. Tüm öğretmenlerimizin 24 Kasım Öğretmenler Günü’nü en içten dileklerimle kutluyorum.";
https://www.instagram.com/p/DRaUpnCiMNK/;Reels;8163;188;226621;2025-11-23 22:51:32;https://scontent.cdninstagram.com/v/t51.71878-15/586688294_1275569411261595_5871261793236202634_n.jpg?stp=dst-jpg_e15_tt6&_nc_cat=110&ig_cache_key=Mzc3MjQxODQ1ODIyMzQyODQyNg%3D%3D.3-ccb7-5&ccb=7-5&_nc_sid=58cdad&efg=eyJ2ZW5jb2RlX3RhZyI6InhwaWRzLjY0MHgzNjAuc2RyLkMzIn0%3D&_nc_ohc=wIacxWWQvUgQ7kNvwFYDCY-&_nc_oc=Adn9wtOS9IPlZeKecdcMxpwn8VtqGWyqXIIwGbcBlMCJvCdW82jNUjTGngwvyC0UTgp_D14eHeken5HA0MBJmPh6&_nc_ad=z-m&_nc_cid=0&_nc_zt=23&_nc_ht=scontent.cdninstagram.com&_nc_gid=nCUMVdbkvaTe-GKIp3X0HQ&oh=00_AfhOdYLiP3oqbodxvbIskrer-do1pck4TQmEih_GdGU-gw&oe=693101F7;Görüntüler bugün İzmir Körfezi’nden.   Sürecin en başından beri anlatmaya çalıştığımız tablonun yeni ve çok somut bir örneğine daha tanıklık ettik.  İzmir Körfezi’ni kirletenlere karşı tek başımıza verdiğimiz mücadele, diğer kurumlar aynı sorumluluğu üstlenmediği sürece ne yazık ki yeterli olmayacaktır.  Liman, tersane, sanayi kuruluşları gibi kirleticilere karşı sorumlu kurumlar önlem almak zorundalar. Körfeze atık bırakan gemiler en ağır şekilde cezalandırılmalıdır.;
https://www.instagram.com/p/DRZuwX_iGPM/;Carousel;868;27;0;2025-11-23 17:17:58;https://scontent.cdninstagram.com/v/t51.82787-15/586957764_18272163958303491_7751615847744426778_n.jpg?stp=dst-jpg_e35_tt6&_nc_cat=107&ig_cache_key=Mzc3MjI1MTc3NjcyNTA2NTc0Ng%3D%3D.3-ccb7-5&ccb=7-5&_nc_sid=58cdad&efg=eyJ2ZW5jb2RlX3RhZyI6InhwaWRzLjE0NDB4OTU5LnNkci5DMyJ9&_nc_ohc=3rkSgHmR5m0Q7kNvwHOnXsL&_nc_oc=Adk5v2TzgTF_GghJreRnKokfmFprv8qCS8NUH0Ic88ctORGuql__q1W_88o5C_k0T2F5diPhJoqnzQ2QIDDPR2nw&_nc_ad=z-m&_nc_cid=0&_nc_zt=23&_nc_ht=scontent.cdninstagram.com&_nc_gid=nCUMVdbkvaTe-GKIp3X0HQ&oh=00_Afgkup1S53sfJKDiSBd_YAyx5TLca92gkdgXQsWDPLQdQw&oe=69310173;"Yaratıcılık ve yeniliği buluşturan Create in İzmir EXPO: Kapsül etkinliğimizin açılışını gerçekleştirdik.  İzmir yalnızca bugününü tartışan değil; aynı zamanda geleceğini de tasarlayan bir şehir. İzmir, Türkiye’de yaratıcı endüstriler ekonomisini büyütmeye en hazır şehir.   Şehrimizin oyun teknolojilerinden gastronomiye, tasarımdan dijital kültüre kadar tüm sektörlerde önemli bir kapasitesi bulunuyor. Biz de bu potansiyeli artırmak için yeni bir yönetim yaklaşımı kuruyoruz; kamunun, yaratıcı insanlarla birlikte düşünen, birlikte tasarlayan, birlikte üreten bir aktör olmasını hedefliyoruz.  Bu doğrultuda şehrimizde ortak üretim alanları oluşturmayı, kamusal alanda yaratıcılığın görünürlüğünü artırmayı ve genç yaratıcılar için fırsat altyapısı kurmayı planlıyoruz.";
https://www.instagram.com/p/DRXVVRPiMxQ/;Carousel;4061;46;0;2025-11-22 18:57:20;https://scontent-ord5-3.cdninstagram.com/v/t51.82787-15/586618857_18272069206303491_3486352497229130806_n.jpg?stp=dst-jpg_e35_tt6&_nc_cat=100&ig_cache_key=Mzc3MTU3NTQxMDg1MzY4MTgwMw%3D%3D.3-ccb7-5&ccb=7-5&_nc_sid=58cdad&efg=eyJ2ZW5jb2RlX3RhZyI6InhwaWRzLjE0NDB4OTYwLnNkci5DMyJ9&_nc_ohc=-CGD151kj2oQ7kNvwEptQ30&_nc_oc=Adny3bvATtLUJAJvlo3KRv2-TlAS6S1n0rHJ56Y8DW3Khog0BmNIU4cRTtZVqh9VwnqfU0qSCEswP_CpcmaUmcln&_nc_ad=z-m&_nc_cid=0&_nc_zt=23&_nc_ht=scontent-ord5-3.cdninstagram.com&_nc_gid=Imcg5R5RkZt7V4PXELbLqQ&oh=00_Afjq9ymUTBAtXPBHH8EDH5jxqMizAV5EzP3JYPjGlGRNzw&oe=6931131A;İzmir Çocuk Meclisimizin yeni döneminin ilk toplantısını gerçekleştirdik. 😊  Yaklaşık 200 çocuğumuzun gözünden şehrimizi dinledik, çocuklarımızın beklentilerini konuştuk.  Sizler bu ülkenin geleceğisiniz çocuklar, gelecekte ülkemizi sizler yöneteceksiniz. Her zaman bilimden yana olmalısınız, doğruları yapmak için mücadele etmelisiniz.   Biz de size bu yolda elimizden geldiğince destek olmaya, öncülük etmeye çalışacağız. Her zaman hayallerinizin peşinden gidin çocuklar.;
https://www.instagram.com/p/DRXH-j7CIaK/;Photo;2613;19;0;2025-11-22 17:00:55;https://scontent-ord5-1.cdninstagram.com/v/t51.82787-15/584305862_18272058166303491_4961792406927493841_n.jpg?stp=dst-jpg_e35_tt6&_nc_cat=111&ig_cache_key=Mzc3MTUxODI5ODQ1MDU5MzQxOA%3D%3D.3-ccb7-5&ccb=7-5&_nc_sid=58cdad&efg=eyJ2ZW5jb2RlX3RhZyI6InhwaWRzLjE0NDB4MTA3MS5zZHIuQzMifQ%3D%3D&_nc_ohc=6rJ6fAgoykwQ7kNvwEfxH5e&_nc_oc=AdlcE0VX8prg3Y0pA0lqy2ep9EQBZziF48ZiR0RrPghpapjDOsmd1nhdoe-6KXg5frc7PpacGFeOuQEfcUk9BF1e&_nc_ad=z-m&_nc_cid=0&_nc_zt=23&_nc_ht=scontent-ord5-1.cdninstagram.com&_nc_gid=Imcg5R5RkZt7V4PXELbLqQ&oh=00_AfiF0TvKBrCH7qqlWSiysSPiT4tEJT3uIQzzXywQFFl2fA&oe=69310048;Bu yıl 26’ncısını düzenlediğimiz Barış Selçuk Gazetecilik Ödülleri için şehrimize gelen değerli gazetecilerimizle bir araya gelerek gündemi değerlendirme ve sohbet etme fırsatı bulduk.;
https://www.instagram.com/p/DRUlK5wiJ6B/;Carousel;4376;30;0;2025-11-21 17:18:00;https://scontent-ord5-2.cdninstagram.com/v/t51.82787-15/586406633_18271959973303491_8499009999696523966_n.jpg?stp=dst-jpg_e35_tt6&_nc_cat=105&ig_cache_key=Mzc3MDgwMTA2NDEwMzEyNzI3NQ%3D%3D.3-ccb7-5&ccb=7-5&_nc_sid=58cdad&efg=eyJ2ZW5jb2RlX3RhZyI6InhwaWRzLjE0NDB4OTYwLnNkci5DMyJ9&_nc_ohc=_uphT86PYX0Q7kNvwGQibV0&_nc_oc=Adn5C9QueAt4dvEMIj3Y9lXLYQgm8Rm7wu5I4xyd_fp_-s64YkZb7D01E3lbsz5nGTWNBEHdMWtdf9IPBMjZAw-R&_nc_ad=z-m&_nc_cid=0&_nc_zt=23&_nc_ht=scontent-ord5-2.cdninstagram.com&_nc_gid=Imcg5R5RkZt7V4PXELbLqQ&oh=00_AfgGCb8HLWj03uTrBm2zAf71oiwr0gacq69spJR-mwFdxw&oe=69310781;"Urla Zeytin ve Sanat Festivali’nde üreticilerimiz ve sektör temsilcileriyle bir aradaydık.🫒   Zeytin; sabrın, emeğin ve kültürün ağacıdır. Bu mirasın korunması ve verilen emeğin geleceğe taşınması hepimizin ortak sorumluluğu. Çok yakında Bu değeri güçlendirmek için araştırmadan eğitime, kaliteden turizm rotasına ve ihracatı destekleyecek yapılara uzanan beş stratejik adımı hayata geçiriyoruz.   Coğrafyamızın en değerli ürünlerinden olan zeytini anlatmak, görünür kılmak ve dünya ile paylaşmak için hep birlikte çalışmaya devam edeceğiz.  @ahmetakin73 @balkan_selcuk @yahyagoztepe17";
https://www.instagram.com/p/DRRiGfOCGw4/;Photo;4605;49;0;2025-11-20 12:53:28;https://scontent-ord5-2.cdninstagram.com/v/t51.82787-15/586687644_18271844473303491_2006493290322848863_n.jpg?stp=dst-jpg_e35_tt6&_nc_cat=103&ig_cache_key=Mzc2OTk0NDM0MjUwNTQ4MzMyMA%3D%3D.3-ccb7-5&ccb=7-5&_nc_sid=58cdad&efg=eyJ2ZW5jb2RlX3RhZyI6InhwaWRzLjE0NDB4MTA1OS5zZHIuQzMifQ%3D%3D&_nc_ohc=Jhp95oa36H8Q7kNvwGh_Yvi&_nc_oc=AdkyiQ7umUGuja3l6O0Su3spaVTWpcHvuXK_evs_myHORVuI8Bm0FaAge0lU-6DFsVmKZk0_ElvX9_vp27HECf9q&_nc_ad=z-m&_nc_cid=0&_nc_zt=23&_nc_ht=scontent-ord5-2.cdninstagram.com&_nc_gid=Imcg5R5RkZt7V4PXELbLqQ&oh=00_AfiDuDX9bNupGh3w5t5L7oK-cLydiolC_Vv_SwPdaJg7iA&oe=69310544;Çocuklarımız gözümüzün bebeği, geleceğimizin ışığı...  Dünyaya gözlerini açtıkları ilk andan itibaren her bir çocuğumuza sağlıklı ve mutlu bir gelecek sağlayabilmek için çok çalışıyoruz, çocuklarımızı hiçbir zaman yalnız bırakmıyoruz.  Sizler bizim en değerli varlıklarımızsınız evlatlarım, her şey sizler için. 20 Kasım Dünya Çocuk Hakları Gününüz kutlu olsun. 🤍;
https://www.instagram.com/p/DRPS5ykiDGk/;Carousel;2554;43;0;2025-11-19 16:02:11;https://scontent-ord5-1.cdninstagram.com/v/t51.82787-15/582508825_18271765090303491_5629611139973887076_n.jpg?stp=dst-jpg_e35_tt6&_nc_cat=101&ig_cache_key=Mzc2OTMxNDUyNDcyNjMxODIwNQ%3D%3D.3-ccb7-5&ccb=7-5&_nc_sid=58cdad&efg=eyJ2ZW5jb2RlX3RhZyI6InhwaWRzLjE0NDB4OTU5LnNkci5DMyJ9&_nc_ohc=0vHyJmxIoGgQ7kNvwFYqFbk&_nc_oc=AdnpKqHV6Tu37jNCd0XkiM6wjWGoLKVPatBUi7tUtuAOYY4f1UNkUvfz3CaWrpWybWM2yTzlZ6TNis89V2eZT25G&_nc_ad=z-m&_nc_cid=0&_nc_zt=23&_nc_ht=scontent-ord5-1.cdninstagram.com&_nc_gid=Imcg5R5RkZt7V4PXELbLqQ&oh=00_AfhxQwLqRkxfMqMhJN5cVG3Q3_FlTs9mA0JwzXiSxl4U2w&oe=6931279C;"Bu seneki teması “Teknoloji ve İnovasyon” olan İzmirMeets etkinliğimizde şehrimizin girişimcileri, gençleri, bilim insanları ve yatırımcıları ile bir araya geldik.  İzmir’i Türkiye’de kamu inovasyonunu sistematik bir dönüşüm programı hâline getiren ilk şehir yapmak istiyoruz. Bu dönüşümün 3 temel ayağı bulunuyor; ilki açık devlet-açık veri-açık kaynak sistemi, ikincisi dijital ikiz-yapay zeka-öngörüsel yönetim, üçüncüsü ise kamusal deney alanları oluşturma. Şehrimiz geleceğine yön vermek, güçlü bir gelecek inşa etmek için tüm imkanlarımızla çalışmaya devam edeceğiz.";
https://www.instagram.com/p/DRPIlICiJus/;Reels;2838;143;102686;2025-11-19 14:35:07;https://scontent-ord5-2.cdninstagram.com/v/t51.82787-15/583746156_18271759558303491_1169260288783538_n.jpg?stp=dst-jpg_e15_tt6&_nc_cat=105&ig_cache_key=Mzc2OTI2OTE0ODc1NzU2NDMzMjE4MjcxNzU5NTU1MzAzNDkx.3-ccb7-5&ccb=7-5&_nc_sid=58cdad&efg=eyJ2ZW5jb2RlX3RhZyI6InhwaWRzLjcyMHgxMjgwLnNkci5DMyJ9&_nc_ohc=6nqsRDscyQIQ7kNvwH0ADpx&_nc_oc=AdmJaIJ6Xrph5ABZp4GzPYBGrbwVMmM-6kA8u_rPmpI23WDhkLXQ_UlPVRl45qUS4RuCViquF3IlTRkM_-BlfaH4&_nc_ad=z-m&_nc_cid=0&_nc_zt=23&_nc_ht=scontent-ord5-2.cdninstagram.com&_nc_gid=Imcg5R5RkZt7V4PXELbLqQ&oh=00_AfijQv1FD0eyxC6dsJ-IYG7VjeIZOZGVLMTiFO2pv_hrOQ&oe=69311A9F;Şehrimizin gelişmesine büyük katkı sağlayacak Başkanlık İnovasyon Fonu’nu oluşturuyoruz.  Bu fon ile veri temelli şehir uygulamalarını, yapay zeka destekli kamu hizmetlerini, iklim ve enerji teknolojilerini, sosyal inovasyon projelerini, dijital altyapı yatırımlarını ve kentsel deney alanlarını destekleyeceğiz. Fonun bir parçası olarak ise Yerel İnovasyon Fikir ve Uygulama Yarışması’nı başlatacağız.;
https://www.instagram.com/p/DRKR6c_CJ50/;Reels;4375;211;258068;2025-11-17 17:18:19;https://scontent-ord5-2.cdninstagram.com/v/t51.82787-15/581444390_18271599952303491_4259880007874379178_n.jpg?stp=dst-jpg_e15_tt6&_nc_cat=105&ig_cache_key=Mzc2NzkwMjgyMTg5MTQ4MTIwNDE4MjcxNTk5OTQ5MzAzNDkx.3-ccb7-5&ccb=7-5&_nc_sid=58cdad&efg=eyJ2ZW5jb2RlX3RhZyI6InhwaWRzLjcyMHgxMjgwLnNkci5DMyJ9&_nc_ohc=Llx1W0LEKrUQ7kNvwE_ZPJW&_nc_oc=AdljQWZ7t7QgClhxQ8YZoZM6N5MmnhMf6Jcbift3C1iyN1KfWjexj6Sjhvq_gxzqtw-N8xAVUJBgc4cIGrYDC170&_nc_ad=z-m&_nc_cid=0&_nc_zt=23&_nc_ht=scontent-ord5-2.cdninstagram.com&_nc_gid=Imcg5R5RkZt7V4PXELbLqQ&oh=00_AfgpZZY9Tvx12gq0N-yEVoXctKt_PablruYXFbD4qcHn0A&oe=693101B3;İzmir’in her bir ilçesinde daha güvenli ve konforlu bir ulaşım için yol yapım çalışmalarımıza hız kesmeden devam ediyoruz.;
https://www.instagram.com/p/DRIZnKYiHQE/;Photo;906;46;0;2025-11-16 23:47:00;https://scontent-ord5-3.cdninstagram.com/v/t51.82787-15/583434807_18271515781303491_7619759174353530948_n.jpg?stp=dst-jpg_e35_tt6&_nc_cat=109&ig_cache_key=Mzc2NzM3MzczMDY2NjgwNDIyOA%3D%3D.3-ccb7-5&ccb=7-5&_nc_sid=58cdad&efg=eyJ2ZW5jb2RlX3RhZyI6InhwaWRzLjE0NDB4MTA4MC5zZHIuQzMifQ%3D%3D&_nc_ohc=CUfIFUVemHcQ7kNvwEOPhtr&_nc_oc=AdkcVFcAEzEPyNoa_WMiBZcZkfjxqI5ykOLMKqLU3XqhG4mdvOzG72UVywA4OjE_L_Tj_4-qF4-0L3hAA38M-2Qt&_nc_ad=z-m&_nc_cid=0&_nc_zt=23&_nc_ht=scontent-ord5-3.cdninstagram.com&_nc_gid=Imcg5R5RkZt7V4PXELbLqQ&oh=00_AfhHaFS0tw4dK6QFKfPOiGuuBMgDYWAAXY976engeDFvzQ&oe=69312B3F;#Repost @cagatay.guc  ・・・ İzmir Büyükşehir Belediye Başkanımız Dr. Cemil Tugay ve değerli ilçe belediye başkanlarımızla bir araya geldik. Bu anlamlı buluşmada, tüm siyasi ve maddi baskılara rağmen CHP’li belediyelerimizin halktan aldığı güçle dimdik ayakta durduğunu bir kez daha gördük.  Biz, halkın iradesini savunan belediye başkanlarımızın her zaman yanındayız. Genel Başkanımız Sayın Özgür Özel’in kararlı liderliğinde, yerelden genele, adım adım iktidara yürüyoruz.  Hazırız, kararlıyız ve birlikte çok daha güçlü bir Türkiye’yi kuracağız.;
https://www.instagram.com/p/DREuukXCM7w/;Carousel;2723;84;0;2025-11-15 13:33:40;https://scontent-ord5-3.cdninstagram.com/v/t51.82787-15/582223587_18271371505303491_974803049279778343_n.jpg?stp=dst-jpg_e35_tt6&_nc_cat=110&ig_cache_key=Mzc2NjMzMDU1NjgzODExNDgyMw%3D%3D.3-ccb7-5&ccb=7-5&_nc_sid=58cdad&efg=eyJ2ZW5jb2RlX3RhZyI6InhwaWRzLjE0NDB4MTgwMC5zZHIuQzMifQ%3D%3D&_nc_ohc=YmmKKk-PrH0Q7kNvwED8Vch&_nc_oc=AdkwO5zPPdm7XoMPQWZQBh3IG27zNYstHd9MF9HxqhS9RQPL2dCiWOSWVJvM61k_dpYLSWrSaljB5Xkoi5-gU9R5&_nc_ad=z-m&_nc_cid=0&_nc_zt=23&_nc_ht=scontent-ord5-3.cdninstagram.com&_nc_gid=Imcg5R5RkZt7V4PXELbLqQ&oh=00_AfhVSin37iDF3lYy0cBRFU8FD8jWrpeXpLpqVNJ_YonEcg&oe=693103CA;"Sahip olduğumuz pek çok doğal ve kültürel zenginlik var. Bazıları hazine değerinde. Arkadaşlarımız şehrimizdeki çok güzel iki ağacın fotoğraflarını çekmişler. Bu ağaçlar gibi yüzlerce belki binlerce ağacımız olduğunu elbette biliyorum. Fotoğrafları paylaşmak istedim.   Sizlerden de şöyle bir şey rica ediyorum; Çevrenizdeki sevdiğiniz ağaçların fotoğraflarını sizler de paylaşır mısınız? paylaşımınızda beni de etiketleyin ki paylaşımınızı fark edebilelim. Belki bu özel ağaçların bir albümünü ve rehberini birlikte hazırlayabiliriz.   Bu vesileyle şunu da söylemek isterim; İnsan doğanın bir parçasıdır. Ne kadar insan eseri bina yaparsak yapalım, dönüp aradığımız yine doğadır. Bu nedenle “Doğayı korumak bizler için bir tercih değil zorunluluktur”.  İzmir’in doğal ve kültürel zenginlikleri hepimizin değeridir.";
https://www.instagram.com/p/DRCerKpiPZF/;Carousel;5091;82;0;2025-11-14 16:34:55;https://scontent-ord5-1.cdninstagram.com/v/t51.82787-15/583186942_18271294792303491_1518572634111314188_n.jpg?stp=dst-jpg_e35_tt6&_nc_cat=111&ig_cache_key=Mzc2NTcwNzEzNDU5MjM4NDcyMw%3D%3D.3-ccb7-5&ccb=7-5&_nc_sid=58cdad&efg=eyJ2ZW5jb2RlX3RhZyI6InhwaWRzLjE0NDB4MTIyNy5zZHIuQzMifQ%3D%3D&_nc_ohc=PZh0sZchGzAQ7kNvwGy1sSN&_nc_oc=AdnhQFX4akGJBBlXrs414vvnjBNaK8XSQ7m8simUisdQzOcb-a2wsO4bxblc8l1pT6RGnr8SDKyFSPQUYrkOsMFt&_nc_ad=z-m&_nc_cid=0&_nc_zt=23&_nc_ht=scontent-ord5-1.cdninstagram.com&_nc_gid=Imcg5R5RkZt7V4PXELbLqQ&oh=00_AfjXUde41tfF-3sVQQzBdDTz8ug9sgXX7E-NJFd5lJhBxA&oe=6931135D;2 günde 21 evladımızı toprağa verdik, yüreklerimiz yanıyor.  Şehitlerimizi hiçbir zaman unutmayacağız. Ruhları şad olsun, milletimizin başı sağ olsun. 🇹🇷;
https://www.instagram.com/p/DQ7Ay74CNwR/;Photo;1009;59;0;2025-11-11 18:59:09;https://scontent-ord5-3.cdninstagram.com/v/t51.82787-15/576610673_18271029283303491_1870055831098718222_n.jpg?stp=dst-jpg_e35_tt6&_nc_cat=100&ig_cache_key=Mzc2MzYwNTQxMzg2Mjg5MDUxMw%3D%3D.3-ccb7-5&ccb=7-5&_nc_sid=58cdad&efg=eyJ2ZW5jb2RlX3RhZyI6InhwaWRzLjExODl4ODU3LnNkci5DMyJ9&_nc_ohc=ESBa0hrEInQQ7kNvwECUOj7&_nc_oc=Adnhgto_jf93YI4OMpZuo4-97JYeVuJ7gGZH45T-OQCzUpIQBLDf8T4HWOTy5jhJw3MkufcCQW6D-mxa5lfK9yMi&_nc_ad=z-m&_nc_cid=0&_nc_zt=23&_nc_ht=scontent-ord5-3.cdninstagram.com&_nc_gid=Imcg5R5RkZt7V4PXELbLqQ&oh=00_AfhtNd2MowDCKyReFUwtQex-kq25wFO2pUVCUiBavZlSjw&oe=69311D2E;;
https://www.instagram.com/p/DQ3rLvMiCWC/;Reels;90471;995;1486195;2025-11-10 11:53:12;https://scontent-ord5-2.cdninstagram.com/v/t51.71878-15/579636317_1169329068495891_5329138445000772399_n.jpg?stp=dst-jpg_e15_tt6&_nc_cat=103&ig_cache_key=Mzc2MjY2NTkzNjI4MTY3NTEzOA%3D%3D.3-ccb7-5&ccb=7-5&_nc_sid=58cdad&efg=eyJ2ZW5jb2RlX3RhZyI6InhwaWRzLjY0MHgxMTM2LnNkci5DMyJ9&_nc_ohc=USYErlNsWDEQ7kNvwEPR7Ud&_nc_oc=Admkg19Re_768Hlw5xpoxBlWH64E5-isBVkz3X7uZVcTAFW_ODYY4-5mO4obO_wGteZTY3iQhTSPRKYIhIZ_rcbI&_nc_ad=z-m&_nc_cid=0&_nc_zt=23&_nc_ht=scontent-ord5-2.cdninstagram.com&_nc_gid=Imcg5R5RkZt7V4PXELbLqQ&oh=00_AfisIRsA7gpJR7m38gsFlALed5_BGy0fW0IWUlhcURHWvw&oe=6931180E;Saat 9’u 5 geçer, özlemin hiç geçmez.❤️;
https://www.instagram.com/p/DQ3eGbviJ-T/;Carousel;4551;79;0;2025-11-10 09:58:15;https://scontent-lga3-3.cdninstagram.com/v/t51.82787-15/579677740_18270894460303491_197921288451108853_n.jpg?stp=dst-jpg_e35_tt6&_nc_cat=110&ig_cache_key=Mzc2MjYwODM3ODU2OTMwNjA2NQ%3D%3D.3-ccb7-5&ccb=7-5&_nc_sid=58cdad&efg=eyJ2ZW5jb2RlX3RhZyI6InhwaWRzLjE0NDB4OTYwLnNkci5DMyJ9&_nc_ohc=v0Ls-SMfWL0Q7kNvwFb0WLJ&_nc_oc=AdnRbkK1jv93roOS-111YOTZhhFc0Ms8Sc6vUYZ4ApCiJHfBEiL0HnBw3m12sRtmIDk&_nc_ad=z-m&_nc_cid=0&_nc_zt=23&_nc_ht=scontent-lga3-3.cdninstagram.com&_nc_gid=WNc7nF5F14Q4ror1hTCwlw&oh=00_AfhqARKZiJY-ebuhMlYMAF5DuJb8PNs854B27SnMqgdktA&oe=693116D1;Ebediyete intikalinin 87’nci yılında ulu önderimiz Gazi Mustafa Kemal Atatürk’ü anmak için Cumhuriyet Meydanı’nda bir araya geldik.  Emanetin olan Cumhuriyet’i ilelebet yaşatacak, yolumuzu bir ışık gibi aydınlatan fikirlerinden şaşmayacağız. Her zaman izinde yürüyecek, seni asla unutmayacağız.  Saygı, sevgi, minnet ve özlemle... ❤️;
https://www.instagram.com/p/DQ2TK8aiFUr/;Photo;34520;123;0;2025-11-09 23:03:30;https://scontent-lga3-3.cdninstagram.com/v/t51.82787-15/575608420_18270856855303491_7415434410001489700_n.jpg?stp=dst-jpg_e35_tt6&_nc_cat=104&ig_cache_key=Mzc2MjI3ODg1MzY2Mjc1ODE4Nw%3D%3D.3-ccb7-5&ccb=7-5&_nc_sid=58cdad&efg=eyJ2ZW5jb2RlX3RhZyI6InhwaWRzLjE0NDB4MTgwMC5zZHIuQzMifQ%3D%3D&_nc_ohc=HKaBot2wVhIQ7kNvwFI2x37&_nc_oc=AdlG_PNfIR2iqfLE6RRrsxFaDWwXhQYys4ruPDpBed6jsLfWTu628d3CO6qH10M7ad4&_nc_ad=z-m&_nc_cid=0&_nc_zt=23&_nc_ht=scontent-lga3-3.cdninstagram.com&_nc_gid=WNc7nF5F14Q4ror1hTCwlw&oh=00_AfhU93vjaQwu-x0VTZANi_nUrmn7WWlBs25jzVHiLB_h8g&oe=69312544;Ülkemizin kurucusu, ulusumuzun kurtarıcısı, ulu önderimiz Gazi Mustafa Kemal Atatürk’ü aramızdan ayrılışının yıl dönümünde sevgi, saygı, rahmet ve özlemle anıyorum. Ruhun şad olsun Ata’m.;
https://www.instagram.com/p/DQ1bva_iLu6/;Carousel;5193;81;0;2025-11-09 14:59:09;https://scontent-lga3-3.cdninstagram.com/v/t51.82787-15/579658503_18270816823303491_2194809662848718390_n.jpg?stp=dst-jpg_e35_tt6&_nc_cat=106&ig_cache_key=Mzc2MjAzNTA1NjIxMTE2Mzc5NA%3D%3D.3-ccb7-5&ccb=7-5&_nc_sid=58cdad&efg=eyJ2ZW5jb2RlX3RhZyI6InhwaWRzLjk2MHg2NDAuc2RyLkMzIn0%3D&_nc_ohc=Ah_OMHZnat0Q7kNvwELJ3U3&_nc_oc=Adkixqp0SORUK5kOnTPUOfRzfIKyu7f1gaD9YLCLGbKWulZ_sfYT64_P6od0qpSj_tk&_nc_ad=z-m&_nc_cid=0&_nc_zt=23&_nc_ht=scontent-lga3-3.cdninstagram.com&_nc_gid=WNc7nF5F14Q4ror1hTCwlw&oh=00_AfhPo4GYcqHCTvn91q2Pb0GL4VISGUeIBugmZIVuGS7zvA&oe=6931146E;"İzmir’in tarihi yerleşim bölgeleri, sadece kültürel miras niteliğindeki tarihi yapılarıyla değil; köklü bir sosyal yaşama da sahip.   Bugün büyük bir metropol olan İzmir, her köşesinde görülmeyi, anlaşılmayı ve sahip çıkılmayı bekleyen değerlerle dolu. Geçmişi bugüne, bugünü yarına bağlayan; koruyan, sahip çıkan ve geliştiren bir yerel yönetim anlayışıyla çalışmaya devam edeceğiz.  📍Konak Hatuniye Meydanı";
https://www.instagram.com/p/DQzICVGiLEs/;Carousel;4615;69;0;2025-11-08 17:28:29;https://scontent-lga3-2.cdninstagram.com/v/t51.82787-15/574472039_18270734320303491_8234581206754576664_n.jpg?stp=dst-jpg_e35_tt6&_nc_cat=101&ig_cache_key=Mzc2MTM4NTQzMjczNTU5NDkyMA%3D%3D.3-ccb7-5&ccb=7-5&_nc_sid=58cdad&efg=eyJ2ZW5jb2RlX3RhZyI6InhwaWRzLjE0NDB4OTYwLnNkci5DMyJ9&_nc_ohc=Uhk6YRqk1Q4Q7kNvwHxcjhM&_nc_oc=Admhd3VOCvf6lhhfMtOl7fklJANeLyL5yDG4UnAcSWqDPZzasux-i6kAUmu4bi_7gWU&_nc_ad=z-m&_nc_cid=0&_nc_zt=23&_nc_ht=scontent-lga3-2.cdninstagram.com&_nc_gid=WNc7nF5F14Q4ror1hTCwlw&oh=00_AfjRO473eEnUiyLGyJNg45_ImmNxTxXkn5XZiBoAPp8DeA&oe=69311184;Yuvamız İzmir merkezlerimizde eğitim alan miniklerimizi gönüllü üniversite öğrencilerimizle bir araya getirecek “Geleceğin Atölyeleri” isimli yeni bir projeye başlıyoruz.  Bugün projemize gönüllü olmak için başvuran pırıl pırıl gençlerimizle buluştuk, projemizin detaylarını konuştuk. Her birinizle gurur duyuyorum gençler. Miniklerimiz sizlerden örnek alacaklar, sizler onlara ilham olacaksınız, onların kişiliğine çok önemli şeyler katacaksınız.   Düzenleyeceğimiz atölyelerde çocuklarımız her hafta abla ve abileriyle bir araya gelip kitaplar okuyacaklar, resimler yapacaklar, oyunlar oynayacaklar, hem eğlenecek hem de öğrenecekler.;
https://www.instagram.com/p/DQw8ARZCJRW/;Carousel;4882;43;0;2025-11-07 21:04:52;https://scontent-lga3-1.cdninstagram.com/v/t51.82787-15/575219011_18270607582303491_1659963090316900918_n.jpg?stp=dst-jpg_e35_tt6&_nc_cat=111&ig_cache_key=Mzc2MDc2OTU2ODI3MzM0OTQ4NQ%3D%3D.3-ccb7-5&ccb=7-5&_nc_sid=58cdad&efg=eyJ2ZW5jb2RlX3RhZyI6InhwaWRzLjE0NDB4ODEwLnNkci5DMyJ9&_nc_ohc=LYnq8KoRSAAQ7kNvwFugTq8&_nc_oc=AdlL3s3uJpY2A5mfpKIrJ4wewoua5EUR6bBHfzFYXGSOgttd2ZJ6X5i6Q9GUJU6zPyk&_nc_ad=z-m&_nc_cid=0&_nc_zt=23&_nc_ht=scontent-lga3-1.cdninstagram.com&_nc_gid=WNc7nF5F14Q4ror1hTCwlw&oh=00_AfiwtGWzJcR3pxVZQ1b4415SqQUA-GgLo9YgyQiiKIQ7tQ&oe=693114DC;2. İzmir Balkon ve Bahçe Bitkileri Festivalimizin açılışını gerçekleştirmenin mutluluğunu yaşıyoruz. 7-9 Kasım tarihlerinde Kültürpark’ta olacak festivalimiz hem süs bitkisi ve çiçek üreticilerini İzmirlilerle buluşturacak hem de atölye, sergi ve konserlerle hepimize keyifli anlar yaşatacak.  Tüm İzmirlileri festivalimize bekliyoruz. 🌸;
https://www.instagram.com/p/DQwpUkNCBY3/;Carousel;3202;42;0;2025-11-07 18:21:37;https://scontent-lga3-3.cdninstagram.com/v/t51.82787-15/574321456_18270580882303491_9215394461252807709_n.jpg?stp=dst-jpg_e35_tt6&_nc_cat=108&ig_cache_key=Mzc2MDY4NzQwNDU3NTkzMjQ2NA%3D%3D.3-ccb7-5&ccb=7-5&_nc_sid=58cdad&efg=eyJ2ZW5jb2RlX3RhZyI6InhwaWRzLjE0NDB4OTYwLnNkci5DMyJ9&_nc_ohc=tMmWgv_oBZQQ7kNvwGbLY0h&_nc_oc=AdkD0lwr2-IL6_tb4-WmWnr53j8-7QpDjzgFYobzaXbiMqaS2bW1-OB_lpLtsV_n2eE&_nc_ad=z-m&_nc_cid=0&_nc_zt=23&_nc_ht=scontent-lga3-3.cdninstagram.com&_nc_gid=WNc7nF5F14Q4ror1hTCwlw&oh=00_AfjayBiVOR_FT2_HBUZ82fBtzXJo_2WMc3IzsvWFa6p_-A&oe=6931229F;"İstihdama büyük katkı sunacak bir çalışmamızı daha hayata geçirdik; ESTİM Kurs Merkezimizi Kısıkköy’de yurttaşlarımızla buluşturduk.  29’uncusunu açtığımız merkezimizde yurttaşlarımız muhasebe, bilişim, tekstil ve mutfak alanlarında ücretsiz meslek kurslarından faydalanabilecekler.  Ekonomik zorluklara karşı istihdama nefes aldıracak yeni merkezimizi açmaktan büyük mutluluk duyuyoruz. İzmirlilerin alın terine ve emeğine değer katmaya devam edeceğiz.";
https://www.instagram.com/p/DQwE4DGiEd-/;Carousel;6907;79;0;2025-11-07 13:03:09;https://scontent-lga3-3.cdninstagram.com/v/t51.82787-15/573623063_18270543637303491_4358905053814171021_n.jpg?stp=dst-jpg_e35_tt6&_nc_cat=104&ig_cache_key=Mzc2MDUyNzEwMzM1MjEyNjQwNw%3D%3D.3-ccb7-5&ccb=7-5&_nc_sid=58cdad&efg=eyJ2ZW5jb2RlX3RhZyI6InhwaWRzLjE0NDB4OTU5LnNkci5DMyJ9&_nc_ohc=0qpJ-ZNxyq8Q7kNvwFzbIoj&_nc_oc=AdkoOERfzA_9JxMfmEkRvCpYvUsB6KLkmqOeb7Vp6BC_yy4MuiycPaD0M3vJw-i1DhE&_nc_ad=z-m&_nc_cid=0&_nc_zt=23&_nc_ht=scontent-lga3-3.cdninstagram.com&_nc_gid=WNc7nF5F14Q4ror1hTCwlw&oh=00_AfivP9jhJbUHYAB6UlkwshVDuMxfW-hOspczuF-tG1l8cw&oe=69312C4F;"İzmir sadece bir şehir değil; aynı zamanda bir duruştur.   Bugün toplu ulaşımda kadın istihdamını güçlendirmeyi amaçladığımız “Eşitliğe Sür” projemizin son adımını gerçekleştirdik. Projemizin sonucunda Türkiye’deki en yüksek kadın şoför istihdamının şehrimizde olmasının mutluluğunu yaşıyoruz.  80 kadın şoförümüze sertifikalarını takdim ettik; kendilerini tebrik ediyor, ESHOT ailemize katıldıkları yeni çalışma hayatlarında başarılar diliyorum. Kısa sürede kadın şoför sayımızı yüzde 60 oranında artırarak 290’a çıkardık. Her zaman cinsiyet eşitliğini savunacağız, kadınların hayatın her alanında var olması için hep birlikte mücadele etmeyi sürdüreceğiz.";
https://www.instagram.com/p/DQubM5BCByC/;Carousel;4140;33;0;2025-11-06 21:39:45;https://scontent-lga3-1.cdninstagram.com/v/t51.82787-15/574190486_18270404467303491_4141988751631262951_n.jpg?stp=dst-jpg_e35_tt6&_nc_cat=102&ig_cache_key=Mzc2MDA2MjM1MzgyNDU2NzYxNg%3D%3D.3-ccb7-5&ccb=7-5&_nc_sid=58cdad&efg=eyJ2ZW5jb2RlX3RhZyI6InhwaWRzLjE0NDB4OTU5LnNkci5DMyJ9&_nc_ohc=40M7k5GWiowQ7kNvwFGRkiZ&_nc_oc=AdnIpWYdfMgzhLSSLdvOFH2Ix2fIN6kY_EePNr8ivLAOvFmPSPu-E72i_1ZPpEjj3BA&_nc_ad=z-m&_nc_cid=0&_nc_zt=23&_nc_ht=scontent-lga3-1.cdninstagram.com&_nc_gid=WNc7nF5F14Q4ror1hTCwlw&oh=00_AfhRgbI0CMzAFDY09GFw4FV5h0FtK0jvjqRJgGx2wAnJPg&oe=69312A95;"30 ilçe belediye başkanlarımızı ve ilgili belediye bürokratlarını şehrimizin atık yönetim planıyla ilgili görüş alışverişinde bulunmak üzere toplantıya davet ettik.   Geri dönüştürülebilir atıklar başta olmak üzere, organik atıkların, mobilya atıklarının, hafriyat atıklarının ve diğer atıkların ayrıştırarak toplanması, yeniden ekonomiye kazandırılması ve tüm atıkların ilgili tesisler kurularak en sağlıklı metodlarla bertarafı konusunda tüm ilçelerimizle birlikte kalıcı ve sürdürülebilir bir atık yönetim planını uygulamaya  başlıyoruz. Kararımız net; İzmir’in dört bir yanında daha fazla geri dönüşüm tesisi, kompost alanı, modern yakma ve bertaraf tesisi hayata geçireceğiz. İzmir’i doğayla uyumlu, bilimsel verilerle desteklenen bir atık yönetim modeliyle örnek bir kente dönüştüreceğiz.";
https://www.instagram.com/p/DQt_2IPiGbG/;Reels;8784;181;174106;2025-11-06 17:47:12;https://scontent-lga3-3.cdninstagram.com/v/t51.71878-15/574209926_1151952740360815_5376787699319313942_n.jpg?stp=dst-jpg_e15_tt6&_nc_cat=108&ig_cache_key=Mzc1OTk0MjA2MDU1NjcwNzUyNg%3D%3D.3-ccb7-5&ccb=7-5&_nc_sid=58cdad&efg=eyJ2ZW5jb2RlX3RhZyI6InhwaWRzLjY0MHgxMTM2LnNkci5DMyJ9&_nc_ohc=McJIoWn9Ms4Q7kNvwEgpaB1&_nc_oc=Adnc3o3Fxj5AHXZ9SN6k5pEPsdrpKaT_hraHzuKnonq6Z1ilFp1MpiFKPyDGdKJdGmo&_nc_ad=z-m&_nc_cid=0&_nc_zt=23&_nc_ht=scontent-lga3-3.cdninstagram.com&_nc_gid=WNc7nF5F14Q4ror1hTCwlw&oh=00_AfiaiAk2YYxqWrx4-gr_AywjPFOChxQaGD-6HEjXc2eCZA&oe=69311CC6;Bugün Buca’da 2 yeni İZMAR şubesi daha açtık, şehrimiz genelinde şube sayımızı 14’e çıkardık.  İzmirlileri kaliteli, sağlıklı ve hesaplı ürünlerle buluşturmak için çıktığımız yolda İZMAR şubelerimizin sayısını her geçen gün artırmaya devam ediyoruz.;
https://www.instagram.com/p/DQpEWmmCIHR/;Photo;1182;60;0;2025-11-04 19:43:54;https://scontent-lga3-2.cdninstagram.com/v/t51.82787-15/574274829_18270047347303491_1121100740781187068_n.jpg?stp=dst-jpg_e35_tt6&_nc_cat=107&ig_cache_key=Mzc1ODU1NDUwOTQ3MjIwMzIxNw%3D%3D.3-ccb7-5&ccb=7-5&_nc_sid=58cdad&efg=eyJ2ZW5jb2RlX3RhZyI6InhwaWRzLjExMjV4MTE0Ny5zZHIuQzMifQ%3D%3D&_nc_ohc=d7SwMZeyRYEQ7kNvwFT41Dm&_nc_oc=AdkQVt7O9ABsLcJqfX2ylqOCIWoA6lSXLn6lQQAlLppmJ3XSKesucqpWPnmFw_GbvV8&_nc_ad=z-m&_nc_cid=0&_nc_zt=23&_nc_ht=scontent-lga3-2.cdninstagram.com&_nc_gid=WNc7nF5F14Q4ror1hTCwlw&oh=00_AfjNTHW-QpS3ZxIHE81ln4A1tF9CHTIxBDvw9aoNJ0s3HA&oe=69312EA0;"Cumhuriyet Halk Partimizin İzmir Milletvekilliği ve İl Başkanlığı görevlerinde bulunmuş olan Sayın Ali Rıza Bodur’un vefatını büyük bir üzüntüyle öğrendim.  Partimize ve demokrasi mücadelemize uzun yıllar hizmet veren kıymetli büyüğümüze Allah’tan rahmet; ailesine, yakınlarına ve tüm sevenlerine sabır ve başsağlığı diliyorum.";
https://www.instagram.com/p/DQmY2KviFZo/;Carousel;1168;68;0;2025-11-03 18:45:15;https://scontent-lga3-3.cdninstagram.com/v/t51.82787-15/572208887_18269947471303491_8265270440283100739_n.jpg?stp=dst-jpg_e35_tt6&_nc_cat=104&ig_cache_key=Mzc1NzgwMDE5NTA2OTg1MjgzMw%3D%3D.3-ccb7-5&ccb=7-5&_nc_sid=58cdad&efg=eyJ2ZW5jb2RlX3RhZyI6InhwaWRzLjE0NDB4OTU5LnNkci5DMyJ9&_nc_ohc=iC3dB3gTg9gQ7kNvwFH-4Pk&_nc_oc=AdnPFjCgPUzhhbrRmAq-i9nrUqr_ucFyF6wu8aUkxa_8ggS_AXdijZZay-FzZQot_ls&_nc_ad=z-m&_nc_cid=0&_nc_zt=23&_nc_ht=scontent-lga3-3.cdninstagram.com&_nc_gid=WNc7nF5F14Q4ror1hTCwlw&oh=00_AfhuW3tKpTmy8u9bHyNnhAOpJXfXTwqqKyaX2Vij1B6L0g&oe=69313083;"EXPO 2027 İzmir’in yol haritasını netleştirmek için düzenlediğimiz çalıştayın açılışını gerçekleştirdik.  Bu çalıştay, yalnızca bir hazırlık toplantısı değil; aynı zamanda kentimizin doğayla uyumlu dönüşümünün ortak akıl buluşması. Çünkü tarihi boyunca farklı kültürlerin buluştuğu İzmir, ilk kez bir Dünya Botanik EXPO’suna ev sahipliği yapacak.  İnciraltı Kent Ormanımızda ‘Tek Sağlık’ temasıyla düzenleyeceğimiz EXPO 2027’de insan sağlığının ancak doğanın sağlığıyla mümkün olacağını göstermek istiyoruz.   Fuar kapsamında; 📌Yağmur bahçeleri,  📌Ekolojik koridorlar,  📌Geçirimli yüzeyler,  📌Su ve karbon döngülerini güçlendiren mavi-yeşil altyapılar ve 📌Doğa temelli çözümleri hayata geçireceğiz.   Bu sayede EXPO 2027 yalnızca bir fuar değil; şehrimiz için kalıcı bir çevresel miras projesi olacak. İzmir, yeşil ekonominin vitrinine dönüşecek.";
https://www.instagram.com/p/DQkJfJsCKhh/;Reels;12026;451;476797;2025-11-02 21:57:37;https://scontent-lga3-2.cdninstagram.com/v/t51.71878-15/575295344_1899179411481654_5217856586096004320_n.jpg?stp=dst-jpg_e15_tt6&_nc_cat=100&ig_cache_key=Mzc1NzE2OTcxMjI1ODY1NjM1Mw%3D%3D.3-ccb7-5&ccb=7-5&_nc_sid=58cdad&efg=eyJ2ZW5jb2RlX3RhZyI6InhwaWRzLjY0MHgzNjAuc2RyLkMzIn0%3D&_nc_ohc=9XVf59R7c10Q7kNvwFs6fHk&_nc_oc=AdkNg-2XqHmACz_SV3AmEnji9gtcniy0w6Jel707vYtpYS-SUKKpKmwPIZ2sxRC8MAs&_nc_ad=z-m&_nc_cid=0&_nc_zt=23&_nc_ht=scontent-lga3-2.cdninstagram.com&_nc_gid=WNc7nF5F14Q4ror1hTCwlw&oh=00_AfgdTSs9pfbwVvPWnd_HQaQYzHoU7OkpM-W29oWE5v2C9A&oe=693101BD;"Sevgili İzmirliler,  Her gün evlerimizden çıkan ve çöpe attığımız malzemelerin çoğu aslında çöp değil; atık. İzmir Büyükşehir Belediyesi olarak atıklarımızı ‘çöp’ olmaktan kurtarmak ve şehrimizin faydalanabileceği kaynaklar hâline getirmek için var gücümüzle çalışıyoruz, sizleri de bu mücadeleye destek vermeye davet ediyoruz.  İzmir’i daha temiz daha iyi bir geleceğe birlikte taşıyacağız.";
https://www.instagram.com/p/DQjBE8pCMPp/;Photo;16593;361;0;2025-11-02 11:19:50;https://scontent-ham3-1.cdninstagram.com/v/t51.82787-15/571784043_18269817463303491_7833785083560751816_n.jpg?stp=dst-jpg_e35_tt6&_nc_cat=106&ig_cache_key=Mzc1Njg1MTI1MjE5NDQ5MzQxNw%3D%3D.3-ccb7-5&ccb=7-5&_nc_sid=58cdad&efg=eyJ2ZW5jb2RlX3RhZyI6InhwaWRzLjExNTl4NzE4LnNkci5DMyJ9&_nc_ohc=D3wDSMlI66kQ7kNvwH-yYig&_nc_oc=AdlHdH8AJQ4k7eWjUkAFEaU7am6sbHinuQhX9QGwvHOfFENBBsaqjAvvEVwah-_M5Qo&_nc_ad=z-m&_nc_cid=1128&_nc_zt=23&_nc_ht=scontent-ham3-1.cdninstagram.com&_nc_gid=NcqX5ilvH73XTqNxtyjHsg&oh=00_AfgJFa11nhP85MK2npUos77FM7Mz2HcHl8tK9IkbChF-sg&oe=6931232D;"Henüz 14 yaşında uğradığı saldırı sonucu yaşamdan koparılan sevgili  Mattia Ahmet Minguzzi’nin adını Bostanlı’daki kaykay parkımızda yaşatmaya karar verdik.  Ahmet kaykayı çok seviyordu, o gün o pazara kaykay malzemesi almaya gitmişti. Biz de bu güzel yürekli çocuğumuzun adı çok sevdiği kaykay sporuyla anılsın istedik.  Başka Ahmet’ler yaşamdan koparılmasın, çocuklarımızın adı ölümle değil; mutlulukla, başarıyla, sevgiyle yan yana gelsin diye var gücümüzle mücadele edeceğiz.";
https://www.instagram.com/p/DQglGYhiBTu/;Reels;3847;158;246097;2025-11-01 12:37:57;https://scontent-ham3-1.cdninstagram.com/v/t51.82787-15/572225718_18269720944303491_1823734890436552273_n.jpg?stp=dst-jpg_e15_tt6&_nc_cat=102&ig_cache_key=Mzc1NjE2NTI1NTU5NzEzNTA4NjE4MjY5NzIwOTM4MzAzNDkx.3-ccb7-5&ccb=7-5&_nc_sid=58cdad&efg=eyJ2ZW5jb2RlX3RhZyI6InhwaWRzLjE5MjB4MzQxMi5zZHIuQzMifQ%3D%3D&_nc_ohc=lndDW8Qyx04Q7kNvwH3lOC5&_nc_oc=AdmYyoybAy1DI8rDv8pJL1ULBXluLEWGcRsCynVuvq6RpLNCmxDi8DvvDX7rws5nsQI&_nc_ad=z-m&_nc_cid=1128&_nc_zt=23&_nc_ht=scontent-ham3-1.cdninstagram.com&_nc_gid=NcqX5ilvH73XTqNxtyjHsg&oh=00_AfjeCJBoO08N17B2iVEPlH3lvPcuKhGhLJmrihce8uTr7Q&oe=69312EE2;✅ Çiğli Atık Su Arıtma Tesisimizin 4’üncü fazını devreye alarak Türkiye’nin en büyüğü hâline getirdik.   ✅ Şehrimizin en büyük 2’nci atık su arıtma tesisi olan Torbalı İleri Biyolojik Atık Su Arıtma Tesisimizi açtık.   ✅ Şimdi ise İzmir’in en büyük 3’üncü atık su arıtma tesisini hizmete aldık.   Ayrancılar-Yazıbaşı Atık Su Arıtma Tesisimiz şehrimize hayırlı olsun.;
https://www.instagram.com/p/DQfM_cLCCBC/;Carousel;2295;47;0;2025-10-31 23:46:59;https://scontent-ham3-1.cdninstagram.com/v/t51.82787-15/575280877_18269671372303491_2553903798331726119_n.jpg?stp=dst-jpg_e35_tt6&_nc_cat=100&ig_cache_key=Mzc1NTc3NzczNDQ1NTMzMzE1NQ%3D%3D.3-ccb7-5&ccb=7-5&_nc_sid=58cdad&efg=eyJ2ZW5jb2RlX3RhZyI6InhwaWRzLjE0NDB4OTYwLnNkci5DMyJ9&_nc_ohc=JyEmXtzkdkYQ7kNvwG-n6Mb&_nc_oc=AdmlG8WNiL68w6rLvoIRlXXyTBaCveIBWFl_4_myjpcyTB7MSvnS_Ig3JIih_bsuWLY&_nc_ad=z-m&_nc_cid=1128&_nc_zt=23&_nc_ht=scontent-ham3-1.cdninstagram.com&_nc_gid=NcqX5ilvH73XTqNxtyjHsg&oh=00_AfgqsFVQHJ_0Bm46WRR1MNRjBzJxqOtl5UdJ6betjeF91Q&oe=69310903;Bu akşam Şehir Tiyatrolarımızın ilk kez sergilediği Cadı Kazanı oyununu izledik.  Eşsiz bir oyunu daha İzmirli sanatseverlerle buluşturan Şehir Tiyatrolarımızın Genel Sanat Yönetmeni Levent Üzümcü başta olmak üzere emeği geçen herkese teşekkür ediyor başarılarınızın devamını diliyorum.;
https://www.instagram.com/p/DQeUNR6iPg5/;Carousel;4351;120;0;2025-10-31 15:30:48;https://scontent-ham3-1.cdninstagram.com/v/t51.82787-15/574340924_18269629624303491_2007658946588910925_n.jpg?stp=dst-jpg_e35_tt6&_nc_cat=103&ig_cache_key=Mzc1NTUyNzk5ODAyMDI5MzQyNQ%3D%3D.3-ccb7-5&ccb=7-5&_nc_sid=58cdad&efg=eyJ2ZW5jb2RlX3RhZyI6InhwaWRzLjE0NDB4OTYwLnNkci5DMyJ9&_nc_ohc=9Z4rlcLvUDsQ7kNvwHtQ-IW&_nc_oc=AdmN-eLY3z7yYiW6HVMp-UIeNcaK31W-R5-U6fGpbzC-HRIpZ7uhc2CB9wfm4nlCsuo&_nc_ad=z-m&_nc_cid=1128&_nc_zt=23&_nc_ht=scontent-ham3-1.cdninstagram.com&_nc_gid=NcqX5ilvH73XTqNxtyjHsg&oh=00_AfjEg366wHHI1HHIvv4Jwg6bQNfVt29NtbCOiR419Kb92g&oe=6931240E;"Bir yıl içinde üçüncü atık su arıtma tesisi yatırımımızı hayata geçirdik; Torbalı’daki Ayrancılar-Yazıbaşı Atık Su Arıtma Tesisimizi devreye aldık.✅  Tesisimizin kapasitesini 450 milyon liralık bir yatırımla 3 kattan fazla arttırdık, 7 bin metreküpten 25 bin metreküpe çıkardık.  Tesisimiz bu bölgedeki nüfus artışının, sanayileşmenin getireceği atık su yükünü 2040 yılına kadar taşıyacak şekilde tasarlandı.   Geleceğe yatırım yapmaya, daha yaşanabilir bir İzmir için var gücümüzle çalışmaya devam edeceğiz. Çünkü bize çok çalışmak yakışır!";
