﻿PostLink;PostTürü;BeğeniSayısı;YorumSayısı;Görüntülenme Sayısı;Tarih;DisplayPhoto;Caption;Takipçi
https://www.instagram.com/p/DRmi3HGDEtf/;Photo;221;1;0;2025-11-28 16:44:09;https://scontent.cdninstagram.com/v/t51.82787-15/589097568_18541861369020172_5186466945205634818_n.jpg?stp=dst-jpg_e35_tt6&_nc_cat=109&ig_cache_key=Mzc3NTg1ODY1ODM2Njk5OTM5MQ%3D%3D.3-ccb7-5&ccb=7-5&_nc_sid=58cdad&efg=eyJ2ZW5jb2RlX3RhZyI6InhwaWRzLjE0NDB4MTgwMC5zZHIuQzMifQ%3D%3D&_nc_ohc=Ry6knxZpqJAQ7kNvwEXT2-y&_nc_oc=Adn3zS-YjWxgvYSNU46aX2T8_-co8Lobdl5KuKdYpY1QLDMLaMeiGqBNQPwp7KpzZuk&_nc_ad=z-m&_nc_cid=0&_nc_zt=23&_nc_ht=scontent.cdninstagram.com&_nc_gid=e8zis-kK5Agv-WQ4DRH0lQ&oh=00_Afiri2t5bTZ2_gj_etaH_wIvLUe2o530EDIxlSMNA6_AFA&oe=69310D0E;Tokyo’da düzenlenen 2025 İşitme Engelliler Yaz Olimpiyatları’nda (Deaflympics) 110 metre engellide altın madalya kazanıp olimpiyat şampiyonu olan ve bizlere büyük bir gurur yaşatan hemşehrimiz Yasin Süzen’i yürekten kutluyorum.  Tebrikler Yasin Süzen. Gururumuzsun! 🥇🧿;35739
https://www.instagram.com/p/DRkbr-VjMnH/;Carousel;751;1;0;2025-11-27 21:02:59;https://scontent.cdninstagram.com/v/t51.82787-15/589127178_18541744282020172_8515467079066699002_n.jpg?stp=dst-jpg_e35_tt6&_nc_cat=100&ig_cache_key=Mzc3NTI2NDE0NzE5ODcxNzQ1Ng%3D%3D.3-ccb7-5&ccb=7-5&_nc_sid=58cdad&efg=eyJ2ZW5jb2RlX3RhZyI6InhwaWRzLjE0NDB4MTEwMC5zZHIuQzMifQ%3D%3D&_nc_ohc=3zck0X4k5EgQ7kNvwFUHZtq&_nc_oc=AdlK49eee5Z2Zi2rMSg_Nkb-axENWzxIvE0JE5hTrugGCn8vK342MWhx_72JhSVzgKc&_nc_ad=z-m&_nc_cid=0&_nc_zt=23&_nc_ht=scontent.cdninstagram.com&_nc_gid=e8zis-kK5Agv-WQ4DRH0lQ&oh=00_Afjaj1Dk-FQODuz5sVHQKad8SbPQo-QnR7skzpBxTdg2jw&oe=69312E96;"Gaziantep’e kazandırdığı vizyoner projeler ve yerel yönetimde ortaya koyduğu başarılı çalışmalarıyla ülkemize ilham veren Gaziantep Büyükşehir Belediye Başkanımız Sayın Fatma Şahin’i makamında ziyaret ettik.  Yerel yönetimlerde iş birliğini, dayanışmayı ve tecrübe paylaşımını çok kıymetli buluyor; bu anlayışın şehirlerimizin geleceğine güç katacağına yürekten inanıyorum.  Bu doğrultuda gerçekleştirdiğimiz ziyarette, Sayın Bakanımızın tecrübelerinden ve vizyoner kişiliğinden istifade ettik.  Sayın Şahin’e nazik misafirperverlikleri ve işbirliği için çok teşekkür ediyor, çalışmalarında başarılar diliyorum.  “Üretken Belediyecilik” anlayışımızla, kendimizi ve kentimizi geliştirmeye devam edeceğiz. 💙";
https://www.instagram.com/p/DRhkNLUDBCU/;Photo;445;4;0;2025-11-26 18:19:42;https://scontent.cdninstagram.com/v/t51.82787-15/588236957_18541568305020172_1736644820327379259_n.jpg?stp=dst-jpg_e35_tt6&_nc_cat=103&ig_cache_key=Mzc3NDQ1NzE5Nzg4ODI3ODY3Ng%3D%3D.3-ccb7-5&ccb=7-5&_nc_sid=58cdad&efg=eyJ2ZW5jb2RlX3RhZyI6InhwaWRzLjE0NDB4ODExLnNkci5DMyJ9&_nc_ohc=iKe6bzkbj2MQ7kNvwGVnOdl&_nc_oc=AdkciKYEqbe3Xvmz9PzihhSRABxrxPVGzJGs9fohizDe_S1CEGKW_dNlqqa2sz24UQg&_nc_ad=z-m&_nc_cid=0&_nc_zt=23&_nc_ht=scontent.cdninstagram.com&_nc_gid=e8zis-kK5Agv-WQ4DRH0lQ&oh=00_AfgtQaIuvmOGXeTzEW1X4luN9nJ4dnWxJ9bqfFlYdhUB-A&oe=69312C46;Kırklareli Eğitim ve Araştırma Hastanesi’nde tedavi görmekte olan Belediye Başkan Yardımcımız Doç. Dr. Soner Yeler’i ziyaret ederek geçmiş olsun dileklerimizi ilettik. Kendisine acil şifalar diliyor, en kısa sürede sağlığına kavuşmasını temenni ediyorum.  Bu vesileyle tüm hastalarımıza acil şifalar, fedakar sağlık çalışanlarımıza ise görevlerinde kolaylıklar diliyorum.;
https://www.instagram.com/p/DRhYdnrjGyv/;Photo;143;0;0;2025-11-26 16:37:06;https://scontent.cdninstagram.com/v/t51.82787-15/587907419_18541554499020172_6873932463930975955_n.jpg?stp=dst-jpg_e35_tt6&_nc_cat=107&ig_cache_key=Mzc3NDQwNTU1MTMwMDgzMjQzMQ%3D%3D.3-ccb7-5&ccb=7-5&_nc_sid=58cdad&efg=eyJ2ZW5jb2RlX3RhZyI6InhwaWRzLjE0NDB4MTQ0MC5zZHIuQzMifQ%3D%3D&_nc_ohc=9vg3XFPwh0AQ7kNvwGZpaBb&_nc_oc=Adk9i2lv9Rd4vFiqPLDTMx9WgLAgtkmiI8Ms_K1hy8H_94lMFUp7-wEp8h_2gcl00_s&_nc_ad=z-m&_nc_cid=0&_nc_zt=23&_nc_ht=scontent.cdninstagram.com&_nc_gid=e8zis-kK5Agv-WQ4DRH0lQ&oh=00_AfhbO9I10GsStSyzo8mGJFQnGYcKEVXfYbTzFcIYae4Qjw&oe=6931086A;Kış mevsiminin getirebileceği yoğun yağış, sis, kar ve buzlanma gibi risklere karşı şehrimizin hazırlıklarını gözden geçirmek üzere, Valimiz Sayın Uğur Turan’ın başkanlığında düzenlenen “Kış Tedbirleri Toplantısı”na katılım sağladık.  Tüm ilgili kurumlarımızla birlikte, olası olumsuz hava koşullarında vatandaşlarımızın güvenliği için yürütülecek çalışmaların koordinasyonunu değerlendirdik.  Hemşehrilerimizin kışı daha güvenli ve sorunsuz geçirmesi için belediye olarak üzerimize düşen tüm görevleri titizlikle yerine getirmeye devam edeceğiz.;
https://www.instagram.com/p/DRhL3-ijAnR/;Carousel;157;2;0;2025-11-26 14:47:06;https://scontent.cdninstagram.com/v/t51.82787-15/587805012_18541541821020172_2788702257084059452_n.jpg?stp=dst-jpg_e35_tt6&_nc_cat=108&ig_cache_key=Mzc3NDM1MDE4MTg0OTEyODMxOQ%3D%3D.3-ccb7-5&ccb=7-5&_nc_sid=58cdad&efg=eyJ2ZW5jb2RlX3RhZyI6InhwaWRzLjE0NDB4ODQwLnNkci5DMyJ9&_nc_ohc=twxXqOcNwEwQ7kNvwGMvyxe&_nc_oc=Adm2PXgPA8a2IJawaoZpxElDbBOeViqIDUDkXErH60j7q2K3_QnEIRKMlsS2N0Iqu08&_nc_ad=z-m&_nc_cid=0&_nc_zt=23&_nc_ht=scontent.cdninstagram.com&_nc_gid=e8zis-kK5Agv-WQ4DRH0lQ&oh=00_AfhK0SkFO52qLL9NMhvOwgcVRU4e_jeYt9-7X1-JBSY3SA&oe=69310A5B;Bu yıl, 04 - 07 Aralık tarihleri arasında, Belediyemiz Kapalı Pazar ve Fuar Alanı’nda gerçekleştirilecek olan, “Kırklareli 5. Tarım, Hayvancılık, Gıda, Sanayi ve Otomotiv Fuarı Koordinasyon Toplantısı”na katıldık.;
https://www.instagram.com/p/DRfKAgDjEUB/;Reels;1085;32;44024;2025-11-25 19:54:21;https://scontent.cdninstagram.com/v/t51.71878-15/588613874_2393057001137365_9046908857940655725_n.jpg?stp=dst-jpg_e15_tt6&_nc_cat=105&ig_cache_key=Mzc3Mzc3OTAyNzY0NDEzODc1Mw%3D%3D.3-ccb7-5&ccb=7-5&_nc_sid=58cdad&efg=eyJ2ZW5jb2RlX3RhZyI6InhwaWRzLjY0MHgzNjAuc2RyLkMzIn0%3D&_nc_ohc=zEd4uEJxhnIQ7kNvwGejHDx&_nc_oc=Admlvm8zvxZne46ed1vSkTIrNL24FdJQ7QQFY_CbQJTaDank9j4PPx14bsv94q3id70&_nc_ad=z-m&_nc_cid=0&_nc_zt=23&_nc_ht=scontent.cdninstagram.com&_nc_gid=e8zis-kK5Agv-WQ4DRH0lQ&oh=00_AfhUxOK1KUV4y8D7EybJzCC9TXQDYblFSL_Dj1IiFjpjWQ&oe=69310C4B;"Değerli Hemşehrilerim, Atatürk Mahallemize ferah bir nefes, şehrimize yepyeni bir yaşam alanı kazandıracak önemli bir projemizi sizlerle paylaşmaktan mutluluk duyuyorum.  Mahallemize; basketbol, futbol ve tenis sahalarıyla, barfiks ve açık hava fitness bölümleriyle, 3.863 metrekarelik yeşil alanıyla, oturma ve dinlenme unsurlarıyla, parkur ve piknik alanlarıyla, yürüyüş ve bisiklet yollarıyla, Kırklareli’mizin sağlıklı yaşam kültürünü güçlendirecek, sosyal etkileşimi artıracak modern bir tesis kazandırıyoruz. 💙";
https://www.instagram.com/p/DRezumpjF_1/;Reels;1485;72;48338;2025-11-25 16:49:30;https://scontent.cdninstagram.com/v/t51.71878-15/586844399_1331241952080970_4602866150461026527_n.jpg?stp=dst-jpg_e15_tt6&_nc_cat=104&ig_cache_key=Mzc3MzY4MTA0MDc1MDMwNTI2OTg5MDAwMDk5MzQ3NjE0Mg%3D%3D.3-ccb7-5&ccb=7-5&_nc_sid=58cdad&efg=eyJ2ZW5jb2RlX3RhZyI6InhwaWRzLjY0MHgxMTM2LnNkci5DMyJ9&_nc_ohc=VWKyAkg1g-MQ7kNvwEUajbU&_nc_oc=Admyq4XFUuGi04R0M_cOuHpxgy4AmzHvy2jTd7gHJwsKrLvzFnXbtHLA4gNZueVvJtg&_nc_ad=z-m&_nc_cid=0&_nc_zt=23&_nc_ht=scontent.cdninstagram.com&_nc_gid=e8zis-kK5Agv-WQ4DRH0lQ&oh=00_Afg3VtULH1W52IGiHpewK-NJBvdLLsQAVFTUqTj1kVeGNA&oe=6930FD6E;;
https://www.instagram.com/p/DRcNEqNjPld/;Carousel;200;1;0;2025-11-24 16:21:22;https://scontent.cdninstagram.com/v/t51.82787-15/587493451_18541237000020172_4462499896028490819_n.jpg?stp=dst-jpg_e35_tt6&_nc_cat=106&ig_cache_key=Mzc3Mjk0ODA3OTU0OTYyMjgyMQ%3D%3D.3-ccb7-5&ccb=7-5&_nc_sid=58cdad&efg=eyJ2ZW5jb2RlX3RhZyI6InhwaWRzLjE0NDB4ODEwLnNkci5DMyJ9&_nc_ohc=Tq9Lq9wOCmAQ7kNvwFxklAV&_nc_oc=AdkDcevCpYK1-sDHPjSlJ2qysZ82oZQhJ_CprWatxi-D-AhQNWr4bWfV0Y1t7WAxM70&_nc_ad=z-m&_nc_cid=0&_nc_zt=23&_nc_ht=scontent.cdninstagram.com&_nc_gid=e8zis-kK5Agv-WQ4DRH0lQ&oh=00_AfgSGF-eerNjhlf8ic_V6Jbiav1f52BbwBXHL5I8zP5FvA&oe=6931072F;Doğu mahallesi sakinlerinden, Fırıncı Cemal ve Arife Akbacı’nın oğlu, Necmi, Celil, Emeti, Necmiye, Ümran, Serpil ve Serap’ın abisi, Özlem Kolay ve Özer Akbacı’nın babası, Kırklareli Sağlık Meslek Lisesi’nden emekli Cemil Akbacı’yı son yolculuğuna uğurladık. Merhuma Allah’tan rahmet, ailesine ve sevenlerine başsağlığı diliyorum. Mekanı cennet olsun.;
https://www.instagram.com/p/DRcL82tjOy2/;Carousel;401;1;0;2025-11-24 16:11:33;https://scontent.cdninstagram.com/v/t51.82787-15/588432790_18541235758020172_4603062292978941965_n.jpg?stp=dst-jpg_e35_tt6&_nc_cat=101&ig_cache_key=Mzc3Mjk0MzE0MjY1MjQ5MTkzOA%3D%3D.3-ccb7-5&ccb=7-5&_nc_sid=58cdad&efg=eyJ2ZW5jb2RlX3RhZyI6InhwaWRzLjE0NDB4MTgwMC5zZHIuQzMifQ%3D%3D&_nc_ohc=99wdYJO_CuwQ7kNvwHUUIb3&_nc_oc=AdnJ-1edulliFW4sOkf6pfLvXEH40s9V1Dh9tbr_uS1aXFj9L8yqMLOWbBTWhazZ8Vs&_nc_ad=z-m&_nc_cid=0&_nc_zt=23&_nc_ht=scontent.cdninstagram.com&_nc_gid=e8zis-kK5Agv-WQ4DRH0lQ&oh=00_AfjXFMs5scOIwSWA7fPYghJCraDb_UbQe0NnSkaAmZ4ZCA&oe=693115D0;Tarım ve Orman Bakanlığımız ile Orman Genel Müdürlüğü’nün “Geleceğe Nefes” projesi kapsamında, 24 Kasım Öğretmenler Günü vesilesiyle  öğretmenlerimiz adına yaptığımız fidan bağışları çerçevesinde, Evlad-ı Fatihan Halk Eğitim Merkezi’ne yönelik düzenlenen sertifikaları Müdürümüz Esin Ataseven’e ve okulun değerli öğretmenlerine takdim ettik.  Tüm öğretmenlerimizin Öğretmenler Günü’nü bir kez daha yürekten kutluyorum.;
https://www.instagram.com/p/DRcJ9nCDEBk/;Carousel;413;0;0;2025-11-24 15:54:11;https://scontent-atl3-1.cdninstagram.com/v/t51.82787-15/587040697_18541233349020172_2098014314334459483_n.jpg?stp=dst-jpg_e35_tt6&_nc_cat=100&ig_cache_key=Mzc3MjkzNDM5MjY4ODQxNTY2MA%3D%3D.3-ccb7-5&ccb=7-5&_nc_sid=58cdad&efg=eyJ2ZW5jb2RlX3RhZyI6InhwaWRzLjE0NDB4MTgwMC5zZHIuQzMifQ%3D%3D&_nc_ohc=JNlY9JNwrSEQ7kNvwGNIDh_&_nc_oc=AdmZFTMFBXeGKm7EwYVFi5XKxY5A9eSQPzVBuSueTXUy4ljuDbgNi8KRvD3YRiEr49XsIJK_PnErtDPxgqSQ4gsC&_nc_ad=z-m&_nc_cid=0&_nc_zt=23&_nc_ht=scontent-atl3-1.cdninstagram.com&_nc_gid=X0DepcpQ7ilWMGzluvcoIA&oh=00_AfiODDlHzAbjRmPIxii-jBSTzLG_Hb7DhKvKPEsn6hfnSg&oe=69311C19;Değerli Hemşehrilerim,  Kırklareli Belediyesi olarak, Tarım ve Orman Bakanlığımız ile Orman Genel Müdürlüğü’nün “Geleceğe Nefes” projesi kapsamında, 24 Kasım Öğretmenler Günü’nde, şehrimizin geleceğine emek veren 1636 öğretmenimiz adına fidan bağışında bulunduk. Bu yıl artan orman yangınları ve yeşil alan kayıplarımız, bu anlamlı hediyeyi daha da anlamlı kıldı.  Bu vesileyle, TOBB Anadolu Lisesi Müdürü Sinan Çiftlik ve okulun değerli öğretmenlerine kendi adlarına dikilecek fidanların sertifikalarını takdim ettim. Bu fidanlar büyüdükçe, öğretmenlerimizin adı da gelecekte yaşamaya devam edecek.  Tüm öğretmenlerimizin Öğretmenler Günü kutlu olsun.;
https://www.instagram.com/p/DRcFHvhjJ0D/;Carousel;558;1;0;2025-11-24 15:11:53;https://scontent-atl3-3.cdninstagram.com/v/t51.82787-15/589089307_18541227997020172_2281214637114546390_n.jpg?stp=dst-jpg_e35_tt6&_nc_cat=110&ig_cache_key=Mzc3MjkxMzA5NzIxNzIwNzAzMw%3D%3D.3-ccb7-5&ccb=7-5&_nc_sid=58cdad&efg=eyJ2ZW5jb2RlX3RhZyI6InhwaWRzLjE0NDB4MTgwMC5zZHIuQzMifQ%3D%3D&_nc_ohc=Ki4GnR41i-0Q7kNvwENhXhl&_nc_oc=Adku0dJ5GXNrue7feMIuM921GMBYkWCiAxFvBdExe6_zWOtUuWAbAdgddgXRWRXfvfVkyp_xCgAYNRDGzfqdBqu5&_nc_ad=z-m&_nc_cid=0&_nc_zt=23&_nc_ht=scontent-atl3-3.cdninstagram.com&_nc_gid=X0DepcpQ7ilWMGzluvcoIA&oh=00_AfiaFbFBJZ-Pg0vl4ank-Pq-iR4IUPs4Jq_CSiGZPI0_BQ&oe=693114AA;"24 Kasım Öğretmenler Günü vesilesiyle, şehrimizin geleceğini sabırla, emekle ve sevgiyle inşa eden 1636 öğretmenimiz adına birer fidan bağışında bulunduk. Bu yıl ülkemizde yaşanan orman yangınlarının artması, yeşil alan kayıplarının çoğalması ve çevre duyarlılığının öneminin giderek büyümesi, bu armağanı bizim için çok daha anlamlı kıldı.  Belediye Başkanlığımızca düzenlediğimiz bu özel etkinlikte, Tarım ve Orman Bakanlığı ile Orman Genel Müdürlüğü’nün “Geleceğe Nefes” projesi kapsamında ilimiz merkezinde görev yapan 1636 öğretmenimiz adına bağılaşmış olduğumuz fidanlar, Tarım ve Orman Bakanlığımız ve Orman Genel Müdürlüğümüz tarafından toprakla buluşturularak yarınlara nefes olacak.  Bugün, bu özel fidanların sertifikalarını, özel sahiplerine teslim ediyoruz.   TOBB Sosyal Bilimler Lisemizin Müdürü Murat Baltalı ve lisemizde görev yapan kıymetli öğretmenlerimize de sertifikalarını bizzat takdim etme fırsatı buldum. İleride büyüyüp gölgesinde nice nesillerin serinleyeceği bu fidanlar kıymetli öğretmenlerimizin adlarını sonsuza dek yaşatacaklar.  Bu vesileyle; Başöğretmen Gazi Mustafa Kemal Atatürk başta olmak üzere, ülkemizin her köşesinde gençlerimizi sevgiyle yeşerten tüm öğretmenlerimizin Öğretmenler Günü’nü yürekten kutluyorum.";
https://www.instagram.com/p/DRb6XjXjMto/;Carousel;224;0;0;2025-11-24 13:37:55;https://scontent-atl3-2.cdninstagram.com/v/t51.82787-15/589385553_18541217875020172_6027942172885036514_n.jpg?stp=dst-jpg_e35_tt6&_nc_cat=105&ig_cache_key=Mzc3Mjg2NTgxMTQ5Nzg5MzIzMg%3D%3D.3-ccb7-5&ccb=7-5&_nc_sid=58cdad&efg=eyJ2ZW5jb2RlX3RhZyI6InhwaWRzLjE0NDB4ODEyLnNkci5DMyJ9&_nc_ohc=1JixW0bIkvoQ7kNvwEtsYHb&_nc_oc=Adn0HgZZ8jHtkPA1N6jxoERCxbQN7EHdjKZhA2q_ExGrPH3F_2MSgiTiXre8f6bWZWZpBsBbpOQMSLSUYM0qcPH6&_nc_ad=z-m&_nc_cid=0&_nc_zt=23&_nc_ht=scontent-atl3-2.cdninstagram.com&_nc_gid=X0DepcpQ7ilWMGzluvcoIA&oh=00_Afhv_lcelOYCO92tNGIvjC2MHq3sMX92njpQquKAcz1QxQ&oe=6931069A;24 Kasım Öğretmenler Günü vesilesiyle İl Milli Eğitim Müdürümüz Sayın Murat Altınöz’ü makamında ziyaret ettik. Şehrimizin geleceğini sabırla, emekle ve sevgiyle inşa eden öğretmenimiz adına gerçekleştirdiğimiz fidan bağışlarımız kapsamında, kendileri için bağışladığımız fidanın sertifikasını da Sayın Müdürümüze takdim ettik. Sayın Altınöz’e eğitime verdikleri kıymetli katkılar ve nazik ev sahiplikleri için teşekkür ediyor, Öğretmenler Günü’nü içtenlikle kutluyorum.;
https://www.instagram.com/p/DRb4fWqDK-Z/;Carousel;402;1;0;2025-11-24 13:21:30;https://scontent-atl3-3.cdninstagram.com/v/t51.82787-15/587818157_18541215889020172_1830908497788248689_n.jpg?stp=dst-jpg_e35_tt6&_nc_cat=108&ig_cache_key=Mzc3Mjg1NzU0NjE4NTY0MzAwMw%3D%3D.3-ccb7-5&ccb=7-5&_nc_sid=58cdad&efg=eyJ2ZW5jb2RlX3RhZyI6InhwaWRzLjE0NDB4MTgwMC5zZHIuQzMifQ%3D%3D&_nc_ohc=2M_jNUxYAI4Q7kNvwFj72a1&_nc_oc=Adk5P4lS5FsCb38_ZPKTq5QHMuQ5D-Jg8Igqf2_4klrY_uC541FR4Nw55PyoBtwyFYr6mNB2NVNwN80pPHupCi3X&_nc_ad=z-m&_nc_cid=0&_nc_zt=23&_nc_ht=scontent-atl3-3.cdninstagram.com&_nc_gid=X0DepcpQ7ilWMGzluvcoIA&oh=00_AfgHFvqvHRtVW0M2Fp4410lq4tqw89EWigiBO6heKwfa2A&oe=693100F1;24 Kasım Öğretmenler Günü vesilesiyle, il protokolümüzle birlikte Valiliğimiz tarafından Halk Eğitim Merkezi’nde düzenlenen kutlama programına katıldık. Günün anlam ve önemini yansıtan sergi, gösteri ve öğretmenler korosu konseriyle bezenmiş bu kıymetli  buluşmaya emek veren tüm öğretmenlerimize ve öğrencilerimize teşekkür ediyorum.  Bu vesileyle, başta Başöğretmen Gazi Mustafa Kemal Atatürk olmak üzere, ülkemizin dört bir yanında büyük bir fedakârlık ve sevgiyle görev yapan tüm öğretmenlerimizin 24 Kasım Öğretmenler Günü’nü bir kez daha en içten duygularımla kutluyorum.;
https://www.instagram.com/p/DRbNYFwivqd/;Photo;206;0;0;2025-11-24 07:04:46;https://scontent-atl3-3.cdninstagram.com/v/t51.82787-15/586681392_18541181617020172_2654179551268326875_n.jpg?stp=dst-jpg_e35_tt6&_nc_cat=108&ig_cache_key=Mzc3MjY2Nzk0MjkwODEzMTk5Nw%3D%3D.3-ccb7-5&ccb=7-5&_nc_sid=58cdad&efg=eyJ2ZW5jb2RlX3RhZyI6InhwaWRzLjEzNTB4MTY4OC5zZHIuQzMifQ%3D%3D&_nc_ohc=cTSH4Zxn0Z0Q7kNvwF3A16G&_nc_oc=AdnSiJof_C91GHDOYBfDwMmu9OilYOSaNNq9qYPzIphW-OltHMZp8ydrELKT6Spi0V5uueR1a7ogg5BdRG3yBS_Q&_nc_ad=z-m&_nc_cid=0&_nc_zt=23&_nc_ht=scontent-atl3-3.cdninstagram.com&_nc_gid=X0DepcpQ7ilWMGzluvcoIA&oh=00_AfhEtAZpw2M-2OIfsvW1rx9nQr5YGLBJ-AsA4MctobEkwg&oe=69311D39;Başöğretmen Gazi Mustafa Kemal Atatürk’ün izinde, geleceğimizi şekillendiren tüm öğretmenlerimizin 24 Kasım Öğretmenler Günü kutlu olsun.;
https://www.instagram.com/p/DRZyFRKDHF5/;Photo;148;1;0;2025-11-23 17:47:02;https://scontent-atl3-2.cdninstagram.com/v/t51.82787-15/589154560_18541082806020172_7251903873146150909_n.jpg?stp=dst-jpg_e35_tt6&_nc_cat=102&ig_cache_key=Mzc3MjI2NjQyNzI0NDYzODU4NQ%3D%3D.3-ccb7-5&ccb=7-5&_nc_sid=58cdad&efg=eyJ2ZW5jb2RlX3RhZyI6InhwaWRzLjE0NDB4ODExLnNkci5DMyJ9&_nc_ohc=3GnagvQI1bgQ7kNvwF189Xc&_nc_oc=AdlYAopyBEhNL1GV8L_Hw0Ao_Ng7L7g_20J7C2ZTk2Fhg47lNhLzOvLsS-aN_Rj1s1qBQwXO4ihAFCOx9ygCXZ4g&_nc_ad=z-m&_nc_cid=0&_nc_zt=23&_nc_ht=scontent-atl3-2.cdninstagram.com&_nc_gid=X0DepcpQ7ilWMGzluvcoIA&oh=00_AfiqJunC_-GAVmYpKHIQ6J1Q4H5amR-Ph-5yUwmk5uhMCg&oe=693115CB;Ülkü Ocakları Eğitim ve Kültür Vakfı Kırklareli İl Başkanlığı tarafından düzenlenen Şehit Fırat Yılmaz Çakıroğlu Futsal Turnuvası’nda gençlerimizin heyecanına ortak olduk.  Turnuvanın şampiyonu olan Kırklareli Ocak Ortaöğretim Takımını yürekten tebrik ediyorum.  Sporun birleştirici gücüyle gençlerimizin azmini, disiplinini ve kardeşlik ruhunu görmek bizlere umut veriyor. Emeği geçen herkese teşekkür ediyorum.;
https://www.instagram.com/p/DRZpWt9DH7E/;Reels;253;1;15902;2025-11-23 16:31:50;https://scontent-atl3-1.cdninstagram.com/v/t51.71878-15/586677946_1177735863805297_3603743284382309070_n.jpg?stp=dst-jpg_e15_tt6&_nc_cat=106&ig_cache_key=Mzc3MjIyODA0Mzk3NzU1NTY1Mg%3D%3D.3-ccb7-5&ccb=7-5&_nc_sid=58cdad&efg=eyJ2ZW5jb2RlX3RhZyI6InhwaWRzLjY0MHgzNjAuc2RyLkMzIn0%3D&_nc_ohc=u3Dby311Be0Q7kNvwEBvxXt&_nc_oc=AdmCHj-4F1GWGF5IKJj5pYDsW-pZtp8LsHy8ui-lJCITt9S-UUXjFfE78n-YPmuOlf9a_RLQb1dNsAUD6rVDJJV-&_nc_ad=z-m&_nc_cid=0&_nc_zt=23&_nc_ht=scontent-atl3-1.cdninstagram.com&_nc_gid=X0DepcpQ7ilWMGzluvcoIA&oh=00_AfizWUU9oAIyav6Vcg3T9SeaSEqjhMzxMSrRg62lSjCBvQ&oe=693100F1;Bugün, ömrünü bilgiye, sabra ve sevgiye adamış emekli öğretmenlerimizle bir araya gelmenin mutluluğunu yaşadık. Başöğretmenimiz Gazi Mustafa Kemal Atatürk’ün açtığı yolda, gönüllere dokunan tüm öğretmenlerimizin Öğretmenler Günü’nü bir kez daha yürekten kutluyorum. 💙;
https://www.instagram.com/p/DRZQ1VujPdM/;Carousel;663;6;0;2025-11-23 12:56:30;https://scontent-atl3-3.cdninstagram.com/v/t51.82787-15/587044141_18541044910020172_5967663884781788446_n.jpg?stp=dst-jpg_e35_tt6&_nc_cat=109&ig_cache_key=Mzc3MjEyMDE4NTM2OTgyNDU2OA%3D%3D.3-ccb7-5&ccb=7-5&_nc_sid=58cdad&efg=eyJ2ZW5jb2RlX3RhZyI6InhwaWRzLjE0NDB4MTgwMC5zZHIuQzMifQ%3D%3D&_nc_ohc=cvYyU9jTOO8Q7kNvwGczfh2&_nc_oc=AdkMu7yCxbFO3_sK7JbrNU43bHRo-XmHTvaWwnuqY-JhOGoCvPOIocw-rqvUwfdrNopHTAPJbxwvitaIfZR9j7pi&_nc_ad=z-m&_nc_cid=0&_nc_zt=23&_nc_ht=scontent-atl3-3.cdninstagram.com&_nc_gid=X0DepcpQ7ilWMGzluvcoIA&oh=00_AfjiLw_w5sKKIhK5u-fI1qeUgoodYify9fQ9CNSI5OkWBA&oe=69312338;"Bugün, Öğretmenler Günü vesilesiyle Paşa Kafe’de bir araya geldiğimiz emekli öğretmenlerimizle aynı sofrayı ve aynı duyguları paylaşmak benim için tarifsiz bir onurdu.  Hayatlarını, bir çocuğun gözlerindeki merakı büyütmeye; bir şehrin geleceğini ilmek ilmek dokumaya adamış değerli öğretmenlerimize; emekleri, sabırları, gönlünlerinden taşan sevgileri ve Kırklareli’mizin hafızasında bıraktıkları silinmez izler için çok teşekkür ediyorum.  Bu anlamlı buluşmada, kıymetli öğretmenlerimizle, Kırklareli’mizin geleceğini güçlendirmek adına hayata geçirdiğimiz ve sürdürdüğümüz projelerimizi de paylaşarak, onların yıllarca emek verdiği bu güzel şehri nasıl daha ileri taşıyacağımızı konuştuk. Çünkü biliyorum ki her biri, bu şehrin en güçlü vicdanı ve en kıymetli rehberleri.  Bu vesile ile tüm öğretmenlerimizin Öğretmenler Günü’nü yürekten kutluyorum. 💙";
https://www.instagram.com/p/DRXQgIBDDKZ/;Reels;210;1;18135;2025-11-22 18:16:34;https://scontent-atl3-3.cdninstagram.com/v/t51.71878-15/584390422_3031593400367207_2114215287856094757_n.jpg?stp=dst-jpegr_e15_tt6&_nc_cat=108&ig_cache_key=Mzc3MTU1NTc4OTMyMTAyNDE1Mw%3D%3D.3-ccb7-5&ccb=7-5&_nc_sid=58cdad&efg=eyJ2ZW5jb2RlX3RhZyI6InhwaWRzLjY0MHgxMTM2Lmhkci5DMyJ9&_nc_ohc=h4S1rOmsb3sQ7kNvwH3FvgM&_nc_oc=AdntIHWqVHFjH0yxnpO_wrUkoZ7iAIM0FWGzqT1fxoU4rJYCHiHTKD1_eqvu6MYa0a0fi6x1TFWhtNwv7AtmFU9j&_nc_ad=z-m&_nc_cid=0&_nc_zt=23&se=-1&_nc_ht=scontent-atl3-3.cdninstagram.com&_nc_gid=X0DepcpQ7ilWMGzluvcoIA&oh=00_Afh05o6-AsZs-hTiOEVjfEND1UWFG9Lzo1ifVhZzuvDhCA&oe=69311BC3;Değerli Hemşehrilerim, Kırklareli Belediyesi FBO Kadın Basketbol Takımımız, sahaya yüreğini koyarak çok değerli bir galibiyete daha imza attı. Her top için savaşan oyuncularımızı, büyük emek veren teknik ekibimizi ve salona enerji katan taraftarlarımızı gönülden tebrik ediyorum. 🏀💙❤️;
https://www.instagram.com/p/DRXNG9QjHG_/;Photo;83;1;0;2025-11-22 17:46:41;https://scontent-atl3-2.cdninstagram.com/v/t51.82787-15/587834275_18540916897020172_8368270409310578049_n.jpg?stp=dst-jpg_e35_tt6&_nc_cat=102&ig_cache_key=Mzc3MTU0MDg2NTY0MzQ3NTM5MQ%3D%3D.3-ccb7-5&ccb=7-5&_nc_sid=58cdad&efg=eyJ2ZW5jb2RlX3RhZyI6InhwaWRzLjE0NDB4MTgwMC5zZHIuQzMifQ%3D%3D&_nc_ohc=yRcTDulqFQQQ7kNvwEYBYVt&_nc_oc=Adm2RWXz-xu5Lstybg0Cp8hrIzsHZvdfcO9nzNuHdUrFSP1OLDlG4B3WtcYGkwQJECr3YV89tK0MgEGgRb_Aj8zr&_nc_ad=z-m&_nc_cid=0&_nc_zt=23&_nc_ht=scontent-atl3-2.cdninstagram.com&_nc_gid=X0DepcpQ7ilWMGzluvcoIA&oh=00_AfhKXZxo3pL6XeXg3sg2C65UG5xaKAEqWRrBbSahbUhE-w&oe=6930FB2E;Kırklareli’mizin gururu Kırklareli Belediyesi FBO Kadın Basketbol Takımımızı, sahada ortaya koydukları üstün mücadele ve 85–71’lik güzel galibiyetleri için yürekten tebrik ediyorum.  Bu değerli başarıda emeği olan teknik ekibimize, terinin son damlasına kadar mücadele eden oyuncularımıza ve bir maç aradan sonra tribünleri doldurarak takımımıza güç veren kıymetli taraftarlarımıza teşekkür ediyorum.  Şehrimizin spor kültürüne, gençlerimizin başarısına ilham olmaya devam edeceğiz. Tebrikler kızlar, sizinle gurur duyuyoruz!  🏀💙❤️;
https://www.instagram.com/p/DRW4ho9DDuA/;Carousel;530;2;0;2025-11-22 14:45:37;https://scontent-atl3-3.cdninstagram.com/v/t51.82787-15/587941656_18540892591020172_4067707412408953811_n.jpg?stp=dst-jpg_e35_tt6&_nc_cat=107&ig_cache_key=Mzc3MTQ1MDA5NDIyNzU5NzcxMw%3D%3D.3-ccb7-5&ccb=7-5&_nc_sid=58cdad&efg=eyJ2ZW5jb2RlX3RhZyI6InhwaWRzLjE0NDB4ODEwLnNkci5DMyJ9&_nc_ohc=qkCncLZI21YQ7kNvwFON4Ce&_nc_oc=AdmUjN-WsqxV039of6T9gXgogErLboUVOHWxI60JoiznHv0SHJ78mZd9Us1-arOAIMmRrXdOsygrvoMX905wjGQk&_nc_ad=z-m&_nc_cid=0&_nc_zt=23&_nc_ht=scontent-atl3-3.cdninstagram.com&_nc_gid=X0DepcpQ7ilWMGzluvcoIA&oh=00_AfizHBXEw04QB8nDZopKH1PdXJlwoLSN5FEafGhrNV5DKQ&oe=6931176A;Değerli Hemşehrilerim, Eczacı Bilgehan Cebe’nin şehrimize kazandırdığı Kırklareli Eczanesi’nin açılışını gerçekleştirdik.  Sağlık alanında atılan her yeni adım, Kırklareli’mizin daha güçlü ve yaşanabilir bir şehir olmasına katkı sağlıyor.  Bu anlamda, Bilgehan Cebe’ye teşekkür ediyor, yeni eczanesinin kendisine ve Kırklareli’mize hayırlı, uğurlu olmasını diliyorum.;
https://www.instagram.com/p/DRW3PZeDOBx/;Carousel;559;1;0;2025-11-22 14:34:23;https://scontent-atl3-1.cdninstagram.com/v/t51.82787-15/587501199_18540891685020172_4657110186155461678_n.jpg?stp=dst-jpg_e35_tt6&_nc_cat=106&ig_cache_key=Mzc3MTQ0NDMwNDQyNzE0Mzk1Mg%3D%3D.3-ccb7-5&ccb=7-5&_nc_sid=58cdad&efg=eyJ2ZW5jb2RlX3RhZyI6InhwaWRzLjE0NDB4ODEwLnNkci5DMyJ9&_nc_ohc=-7R-j9e2X3wQ7kNvwGvpWxH&_nc_oc=AdmgnomP5-5JY7yjO6AYwVKm2g8rBotM1TpAPG1wpI_ND1ZVD5oAY2Ve_oNLJOFSUB0NrKbFTy_57UztQ2cM21gn&_nc_ad=z-m&_nc_cid=0&_nc_zt=23&_nc_ht=scontent-atl3-1.cdninstagram.com&_nc_gid=X0DepcpQ7ilWMGzluvcoIA&oh=00_AfihoGZ64koJlHZTslcWEyKyKqv8fyjzp4wwwX3yxdJZzg&oe=693109CA;"Değerli Hemşehrilerim, Bugün, şehrimizin vizyonuna değer katan girişimci kadınlarımız Melisa Şumnulu ve Aysu Nişikli’nin büyük bir emekle Kırklareli’mize kazandırdığı Cennet Davet ve Organizasyon’un açılışına katıldık.  Kırklareli’nde faaliyete geçen her yeni işletme; ekonomimize, istihdama ve sosyal yaşamımıza canlılık katan önemli bir adımdır. Bu güzel girişimlerinden ötürü iki kardeşimizi gönülden kutluyor, Cennet Davet ve Organizasyon’un şehrimize hayırlı ve uğurlu olmasını diliyorum.";
https://www.instagram.com/p/DRW1mKADOOp/;Carousel;351;0;0;2025-11-22 14:20:01;https://scontent.cdninstagram.com/v/t51.82787-15/587471685_18540890302020172_6995859147488806480_n.jpg?stp=dst-jpg_e35_tt6&_nc_cat=106&ig_cache_key=Mzc3MTQzNzI1NzU1MTc3ODAyOA%3D%3D.3-ccb7-5&ccb=7-5&_nc_sid=58cdad&efg=eyJ2ZW5jb2RlX3RhZyI6InhwaWRzLjE0NDB4ODEwLnNkci5DMyJ9&_nc_ohc=FiQSJvzjDE4Q7kNvwH112Gb&_nc_oc=AdkdtDhIdSI7SdSmOdtM10_g_-SE1E0-meef-jTWpy9wu0KqP2LXKuQAutdHdrJ1El4&_nc_ad=z-m&_nc_cid=0&_nc_zt=23&_nc_ht=scontent.cdninstagram.com&_nc_gid=nq7xgtPcpuG1WRqoPdA0uA&oh=00_AfjOAyBPrFYAPo_VOmImFPu9je9QWxlvLkJqwZwIDqBudQ&oe=693131BD;"Değerli Hemşehrilerim, Bugün, Parla Psikolojik Danışmanlık Merkezi’nin açılışını gerçekleştirmenin mutluluğunu yaşadık.  Merkezin kurucusu Berna Yıldız Ertoğum’a bu kıymetli adım için teşekkür ediyorum. Psikolojik danışmanlık hizmetlerinin güçlenmesi; bireylerin, ailelerin, çocukların ve toplumun daha sağlıklı bir geleceğe yürümesi adına son derece önemli.  Parla Psikolojik Danışmanlık Merkezi’nin, şehrimizde nice insana dokunmasını, iyilik ve farkındalık yolunda rehber olmasını diliyorum.  Kırklareli’mize hayırlı, uğurlu olsun.";
https://www.instagram.com/p/DRU5xbpDHna/;Reels;399;2;20226;2025-11-21 20:18:47;https://scontent.cdninstagram.com/v/t51.71878-15/587535408_725415876653910_3791186626296271182_n.jpg?stp=dst-jpg_e15_tt6&_nc_cat=105&ig_cache_key=Mzc3MDg5Mjg3MzYwMTE1MzQ5OA%3D%3D.3-ccb7-5&ccb=7-5&_nc_sid=58cdad&efg=eyJ2ZW5jb2RlX3RhZyI6InhwaWRzLjY0MHgxMTM2LnNkci5DMyJ9&_nc_ohc=aGdm7qSycBsQ7kNvwGx78L3&_nc_oc=AdmWWSNa71CyN9WyC4u74uxVd5_kk66SZxIMj26k1WSW8mVZpG7cMbWIlyEAFkhyg5g&_nc_ad=z-m&_nc_cid=0&_nc_zt=23&_nc_ht=scontent.cdninstagram.com&_nc_gid=nq7xgtPcpuG1WRqoPdA0uA&oh=00_AfjO5koOFxwzuYZIeh_NSIcvTn9skwLzHGQZ2qdMHnKf3A&oe=6930F9DD;BİZ, VARSAYIMLARLA HAREKET ETMEDİK  Tarımsal Araştırmalar ve Politikalar Genel Müdürlüğü (TAGEM), enstitülerin faaliyetlerini ve arazi kullanımını teknik ve bilimsel esaslara göre inceleyen tek otoritedir. Ve kendilerine yaptığımız resmi başvuru sonrasında, Tarımsal Araştırmalar ve Politikalar Genel Müdürlüğü (TAGEM) otogarımızı planladığımız alana yaptığımız takdirde, bu durumun enstitü çalışmalarına olumsuz bir etkisinin olmayacağını belirleyerek izin ve uygunluk vermiştir.;
https://www.instagram.com/p/DRUQwUJDNrj/;Reels;615;8;35688;2025-11-21 14:21:55;https://scontent.cdninstagram.com/v/t51.71878-15/584164866_804741669056164_5023583758846875445_n.jpg?stp=dst-jpg_e15_tt6&_nc_cat=105&ig_cache_key=Mzc3MDcxMjQ3NjkyMTY4MjY1OQ%3D%3D.3-ccb7-5&ccb=7-5&_nc_sid=58cdad&efg=eyJ2ZW5jb2RlX3RhZyI6InhwaWRzLjY0MHgxMTM2LnNkci5DMyJ9&_nc_ohc=D-gzUXjMDRsQ7kNvwESaXmC&_nc_oc=AdkJYXE0XxIz3N4WUCG8yubc1hnkTCr-pgMgYV1N8JAgyrf4M0spdz4Y0DDCIDmTZIs&_nc_ad=z-m&_nc_cid=0&_nc_zt=23&_nc_ht=scontent.cdninstagram.com&_nc_gid=nq7xgtPcpuG1WRqoPdA0uA&oh=00_AfjWJRmhWQEZuKAd5AeDDLeLcG9cQORpJ0E0eJ96s1-e8A&oe=69310ECD;BİZ DERSİMİZE ÇALIŞTIK, NEFSİ YA DA KEYFİ DAVRANMIYORUZ!  Otogarımızı yapmayı planladığımız alanın sıfır noktasından 16 Kasım’da, 24 saat içerisinde tam 17.790 araç geçmiş. Bir günde bölgenin sıfır noktasından geçen 17.790 aracın ısısından ve kirleticiliğinden bu arazi 1,5 metrelik tel örgüyle mi korunuyor?  Ayrıca otogarın bahsi geçen alana inşa edilmesi, çevresinin otomatik olarak yapılaşmaya açılacağı anlamına nasıl gelebiliyor?  Belediye Meclisi uygun görmeden bölgenin yapılaşmaya açılması mümkün değildir. Kaldı ki ilgili alan daha önce kamu yararı doğrultusunda zaten kamulaştırılmıştır.;
https://www.instagram.com/p/DRUCLfoDJse/;Carousel;252;1;0;2025-11-21 12:12:15;https://scontent.cdninstagram.com/v/t51.82787-15/587569373_18540719716020172_3388309770090723662_n.jpg?stp=dst-jpg_e35_tt6&_nc_cat=109&ig_cache_key=Mzc3MDY0ODM2OTMzMzgyNzg1MA%3D%3D.3-ccb7-5&ccb=7-5&_nc_sid=58cdad&efg=eyJ2ZW5jb2RlX3RhZyI6InhwaWRzLjEwNjV4NzEwLnNkci5DMyJ9&_nc_ohc=qs2iMgZlY_EQ7kNvwEQ3-15&_nc_oc=AdnhsH1firSeRjIPZn7_PQSAmoUktahkUoIQiQKJEZj9n2jkxaRJqDLMgZlIjmABgzE&_nc_ad=z-m&_nc_cid=0&_nc_zt=23&_nc_ht=scontent.cdninstagram.com&_nc_gid=nq7xgtPcpuG1WRqoPdA0uA&oh=00_AfhlpZaBNrmecwXBO2CXdmOBMSIXIdIRiOZxQS8EagnPwg&oe=69311220;"Trafik Yoğunluğu ve Çözüm Önerileri, Yaya Öncelikli Ulaşım ve Toplu Taşıma Entegrasyonu, Bisiklet Yolları, Motosiklet Kullanımı, Mikro Mobilite ve Çevre Dostu Ulaşım konularını ele aldığımız Çanakkale Ulaşım Çalıştayı’nda; vizyonumuzu güçlendirecek görüşleri, çözüm önerilerini değerlendiriyoruz.";
https://www.instagram.com/p/DRSWcBBjD3A/;Carousel;438;1;0;2025-11-20 20:30:47;https://scontent.cdninstagram.com/v/t51.82787-15/583808810_18540627604020172_2278750518833060122_n.jpg?stp=dst-jpg_e35_tt6&_nc_cat=105&ig_cache_key=Mzc3MDE3NDUxNTA5NjM3Mzk3Mw%3D%3D.3-ccb7-5&ccb=7-5&_nc_sid=58cdad&efg=eyJ2ZW5jb2RlX3RhZyI6InhwaWRzLjg3NHg1ODUuc2RyLkMzIn0%3D&_nc_ohc=Tt-2m_vBSjAQ7kNvwFKJYUB&_nc_oc=AdntfJfXqOuOAwzJpX7FVkeQ6V9zeRCHeo9930l8DnraGXzZrfVh6s5S1eGuNC6Jt74&_nc_ad=z-m&_nc_cid=0&_nc_zt=23&_nc_ht=scontent.cdninstagram.com&_nc_gid=nq7xgtPcpuG1WRqoPdA0uA&oh=00_Afj6sJ3_AY18il1-QwcSLtoQ6i6UOdWNDujkdw1BGhc7uA&oe=69310C5E;Kırklareli’mizde görev yaptığı dönemde değerli hizmetleriyle şehrimize önemli katkılar sunan, halen Çanakkale İl Jandarma Komutanı olarak görev yapan Sayın Jandarma Kıdemli Albay Cemalettin Akyüz’ü ziyaret ettik.  Değerli komutanımıza nazik misafirperverlikleri için çok teşekkür ediyor, görevlerinde üstün başarılar diliyorum.;
https://www.instagram.com/p/DRSPEVdDMbK/;Reels;1539;52;43776;2025-11-20 19:27:29;https://scontent.cdninstagram.com/v/t51.71878-15/582432741_1344721570210941_7192876884696520345_n.jpg?stp=dst-jpg_e15_tt6&_nc_cat=105&ig_cache_key=Mzc3MDE0MjEwNjY3NDA1NDg1OA%3D%3D.3-ccb7-5&ccb=7-5&_nc_sid=58cdad&efg=eyJ2ZW5jb2RlX3RhZyI6InhwaWRzLjY0MHgzNjAuc2RyLkMzIn0%3D&_nc_ohc=RUHZYil55iUQ7kNvwG3iDWw&_nc_oc=AdmM9QvANOEemCuaDl51QYWvDdPqDY3tjXjh4BRkV553Z5WWIgMJOqEP9DzaarTwFsw&_nc_ad=z-m&_nc_cid=0&_nc_zt=23&_nc_ht=scontent.cdninstagram.com&_nc_gid=nq7xgtPcpuG1WRqoPdA0uA&oh=00_AfgYEmTqSoQRNw9YdaJSNxg6O29oUDlDzaTj9cXNnn15WA&oe=6930FEA6;Değerli Hemşehrilerim, Sizlerle çok güzel bir haberi, büyük bir mutlulukla paylaşmak istiyorum.  Karahıdır Korusu Projemiz nihayet hayata geçiyor.  Her şey daha yaşanılabilir bir Kırklareli için. 💙;
https://www.instagram.com/p/DRSL11rjCOZ/;Reels;532;17;24231;2025-11-20 18:59:51;https://scontent.cdninstagram.com/v/t51.71878-15/583268088_1718988118775741_3012605326843522171_n.jpg?stp=dst-jpg_e15_tt6&_nc_cat=105&ig_cache_key=Mzc3MDEyNzkxNjM0NTMzNjcyOQ%3D%3D.3-ccb7-5&ccb=7-5&_nc_sid=58cdad&efg=eyJ2ZW5jb2RlX3RhZyI6InhwaWRzLjY0MHgxMTM4LnNkci5DMyJ9&_nc_ohc=jhkDQKargbkQ7kNvwF83jO_&_nc_oc=AdkdBfTX7i1aINYCamOAl_WuhsNbT19UyhrGjUcEHcbAMipb-MHCU5OH2xGA1oVF94c&_nc_ad=z-m&_nc_cid=0&_nc_zt=23&_nc_ht=scontent.cdninstagram.com&_nc_gid=nq7xgtPcpuG1WRqoPdA0uA&oh=00_AfhnUGUS4W1ZZE4RH-dGVWEFgA1WMJdr8BhcUxnM3Llm1w&oe=69312016;Biz, yeni otogar projemizin yerini belirlerken, ilgili tüm kurum ve Bakanlıklarımızın olurları ve onayı ile hareket ettik.;
https://www.instagram.com/p/DRSCBwLDATI/;Reels;1535;53;55768;2025-11-20 17:35:06;https://scontent.cdninstagram.com/v/t51.71878-15/587229306_1469948414115644_6633632705950197386_n.jpg?stp=dst-jpg_e15_tt6&_nc_cat=102&ig_cache_key=Mzc3MDA4NDc1NDU5OTk2OTk5Mg%3D%3D.3-ccb7-5&ccb=7-5&_nc_sid=58cdad&efg=eyJ2ZW5jb2RlX3RhZyI6InhwaWRzLjY0MHgxMTM2LnNkci5DMyJ9&_nc_ohc=iTARWZEhrcUQ7kNvwFn9kUc&_nc_oc=Adl0xosOTlkjVKGlfPByA1TPAI4B401kfMFK3mwJ-FdQTfh9XJNLJSvQCi_pUPN_qi8&_nc_ad=z-m&_nc_cid=0&_nc_zt=23&_nc_ht=scontent.cdninstagram.com&_nc_gid=nq7xgtPcpuG1WRqoPdA0uA&oh=00_Afg9xHPRYLrLs9TkexYBdnZOl6zpuac5p0jqDRS1F9F89g&oe=69311F27;;
https://www.instagram.com/p/DRR4efADMR2/;Carousel;248;0;0;2025-11-20 16:08:59;https://scontent.cdninstagram.com/v/t51.82787-15/584106635_18540592585020172_7762776036644474157_n.jpg?stp=dst-jpg_e35_tt6&_nc_cat=111&ig_cache_key=Mzc3MDA0MjczODcyMTcwNzU4Mg%3D%3D.3-ccb7-5&ccb=7-5&_nc_sid=58cdad&efg=eyJ2ZW5jb2RlX3RhZyI6InhwaWRzLjEyMDB4OTAwLnNkci5DMyJ9&_nc_ohc=7bC9OmJoIxkQ7kNvwGOKzO8&_nc_oc=AdnRlbyLq51X_zMMbeL6BL8TGWOQIOadH5E5ONwzfekdjXBHF7HuTry745lqD-TdPBc&_nc_ad=z-m&_nc_cid=0&_nc_zt=23&_nc_ht=scontent.cdninstagram.com&_nc_gid=nq7xgtPcpuG1WRqoPdA0uA&oh=00_Afh8mm6FjJbE_OwmQ3EoF8rvPnOEy6OUIBLu0KOS_Qgiqg&oe=693115A7;"Değerli Hemşehrilerim, Bugün, Çanakkale Valimiz Sayın Ömer Toraman’ın da kıymetli katılımlarıyla, Çanakkale Belediyesi ile Çanakkale Onsekiz Mart Üniversitesi iş birliğinde düzenlenen ve ulaşımın tüm boyutlarını kapsamlı şekilde ele alınacağı Ulaşım Çalıştayı’na, Belediye Başkan Yardımcılarımız ve Ulaşım Hizmetleri Müdürümüzle birlikte iştirak ettik.  Öncelikle, bu değerli çalıştaya davetleri ve misafirperverlikleri için Çanakkale Belediye Başkanımız Sayın Muharrem Erkek’e ve Onsekiz Mart Üniversitesi Rektörü Sayın Prof. Dr. Cüneyt Erenoğlu’na içtenlikle teşekkür ediyorum.  Ulaşımda gelecek stratejisinden, planlama–inovasyon ve sürdürülebilirlik yaklaşımından, akıllı şehir teknolojilerinin ulaşım sistemlerine entegrasyonundan, kent içi ulaşımda sürdürülebilirlik hedeflerinden, trafik güvenliği ve denetim çalışmalarından ve kırsal alanlar ile afet anlarında ulaşımın yönetimine dair başlıklara ayrıntılı şekilde değinilecek olan çalıştaydan Kırklareli’mizin ulaşım sorunlarına dair nasıl çözümler üretebileceğimizle ilgili de çıkarımlarda bulunacağımız inancındayım.  Benzer bir çalıştayı, en kısa sürede Kırklareli’mizde de gerçekleştirmek istediğimi özellikle belirtmek istiyorum.  Kırklareli Belediyesi olarak amacımız; hem kent içi ulaşımı kolaylaştıran hem de çevreyi, insanı ve yaşam kalitesini merkeze alan bir ulaşım modelini bilimsel metodlarla ortaya koyarak geleceğe taşımaktır.  Çalıştayın düzenlenmesinde emek veren tüm kurumlara teşekkür ediyor, ortaya çıkacak ortak fikirlerin bölgemizin ulaşım politikalarına güçlü bir katkı sunmasını diliyorum.  Kırklareli’miz için çalışmaya, üretmeye ve paylaşmaya devam edeceğiz. 💙";
https://www.instagram.com/p/DRRhGhRjPti/;Reels;488;13;30486;2025-11-20 12:53:04;https://scontent.cdninstagram.com/v/t51.71878-15/582642311_824458393906936_8923486437578294352_n.jpg?stp=dst-jpg_e15_tt6&_nc_cat=105&ig_cache_key=Mzc2OTkzOTk0NjY2NTQ3NDkxNA%3D%3D.3-ccb7-5&ccb=7-5&_nc_sid=58cdad&efg=eyJ2ZW5jb2RlX3RhZyI6InhwaWRzLjY0MHgzNjAuc2RyLkMzIn0%3D&_nc_ohc=zlZyz9berq8Q7kNvwGpUTrf&_nc_oc=AdkLIDIFDbw5rFSQncW1ipZISGWk-y_1NsOKQkt-XnUJCKpjucOVrp4a-wlrokbCH2I&_nc_ad=z-m&_nc_cid=0&_nc_zt=23&_nc_ht=scontent.cdninstagram.com&_nc_gid=nq7xgtPcpuG1WRqoPdA0uA&oh=00_AfiP2I8g9d1cxgyzh6kYP1-dVEw3jCRsMG7a9AZMIaxPRg&oe=69312EEE;"OTOGARIMIZI, ŞEHİRLER ARASI YOLLARLA DOĞRUDAN BAĞLANTI KURABİLECEĞİ EN UYGUN ALANA YAPMAYI PLANLADIK   Bizim otogar yapmayı planladığımız alan, videodaki haritada göstermiş olduğum, kırmızıyla belirtilmiş yani üzerinden yol geçmesi planlanmış olan bölgedir. Özetle; biz oraya otogar yapmasak dahi, o güzergâhtan zaten yol geçecek.  Biz, yapmayı planladığımız otogarla, planlama açısından büyük önem taşıyan; “otogarın şehirler arası yollarla doğrudan bağlantı kurabilmesi” maddesinin gereğini de yerine getirmiş olarak, en doğru ve en verimli sonucu elde etmeyi hedefledik.";
https://www.instagram.com/p/DRP7cTNjvB4/;Reels;1215;62;60328;2025-11-19 21:58:27;https://scontent.cdninstagram.com/v/t51.71878-15/582663373_32391716417143422_9141565558300953928_n.jpg?stp=dst-jpg_e15_tt6&_nc_cat=104&ig_cache_key=Mzc2OTQ5Mjg0MjY1MDQ2NDM3Ng%3D%3D.3-ccb7-5&ccb=7-5&_nc_sid=58cdad&efg=eyJ2ZW5jb2RlX3RhZyI6InhwaWRzLjY0MHgzNjAuc2RyLkMzIn0%3D&_nc_ohc=NzG2I1OOehcQ7kNvwE75n-_&_nc_oc=AdmIha-HCA3vxJbfg4P5YrDSyIzPIx1ycZB5KSEa_ZPjNVK3zGaxeTatC84toZ34D0w&_nc_ad=z-m&_nc_cid=0&_nc_zt=23&_nc_ht=scontent.cdninstagram.com&_nc_gid=nq7xgtPcpuG1WRqoPdA0uA&oh=00_Afj6QCtYKC2gRT7iuSi133ml3fB9B5xskD2V-ro3Z5ZxrQ&oe=6931116E;"SADECE OTOGARA DEĞİL, BİRBİRİYLE DİREKT İLGİSİ OLAN KIRKLARELİ’NİN YENİ MİLLET BAHÇESİNE DE “HAYIR” DENMİŞ OLDU!  Değerli Hemşehrilerim,  Dün gerçekleştirdiğimiz Belediye Meclisi Kasım Ayı 2. Birleşiminde verilen 13 ret oyuyla, ne yazık ki yalnızca şehrimizin geleceği adına büyük önem taşıyan ve sizler için 1,5 yıldır bilimsel verilere dayanarak, titizlikle hazırladığımız yeni Otogar Projemiz reddedilmedi. Yeni otogar projesinin hayata geçirilecek olmasıyla direkt bağlantısı olan; mevcut otogar, şantiye ve itfaiye alanının altına otopark, üstüne de modern ve siz kıymetli hemşehrilerimizin huzurla vakit geçirebilecekleri, nefes alabilecekleri bir Millet Bahçesi kazandırma projemize de dolaylı olarak ret verilmiş oldu.  Bizler, Kırklareli’nin yarınlarını planlarken; ulaşımını, yaşam kalitesini, yeşil alanını artıracak her adımı büyük bir sorumlulukla ve bilimsel verileri dikkate alarak atıyoruz. Bu süreçte hiçbir engelin, şehrimizin gelişme iradesinin önüne geçmesine müsaade etmeyeceğiz.  Kırklareli’mizin geleceği için çalışmaya, üretmeye ve her koşulda doğru bildiğimiz yolda yürümeye devam edeceğiz. 💙";
https://www.instagram.com/p/DRPntoTDIZk/;Reels;1892;68;89303;2025-11-19 19:04:36;https://scontent.cdninstagram.com/v/t51.71878-15/582694997_2363266180788869_779751004780000591_n.jpg?stp=dst-jpg_e15_tt6&_nc_cat=109&ig_cache_key=Mzc2OTQwNjA3MjU5MjA0MTU3Mg%3D%3D.3-ccb7-5&ccb=7-5&_nc_sid=58cdad&efg=eyJ2ZW5jb2RlX3RhZyI6InhwaWRzLjY0MHgxMTM2LnNkci5DMyJ9&_nc_ohc=fOKWgy7eGIMQ7kNvwHlfyzL&_nc_oc=AdkpOSfd0mIszv44_aLrJXeZ6AzRhmSg7qpo4WEJuVRTlhEk2v2uH7nfncXHYKzf3lk&_nc_ad=z-m&_nc_cid=0&_nc_zt=23&_nc_ht=scontent.cdninstagram.com&_nc_gid=nq7xgtPcpuG1WRqoPdA0uA&oh=00_Afj930Sb6OYNTUIoJ1mFZ0H7h1d4O0ZvFzDLvd75rgdm8Q&oe=69311D18;;
https://www.instagram.com/p/DRPfNCPDJT2/;Carousel;257;3;0;2025-11-19 17:49:40;https://scontent.cdninstagram.com/v/t51.82787-15/582342632_18540453196020172_9174108491778614985_n.jpg?stp=dst-jpg_e35_tt6&_nc_cat=111&ig_cache_key=Mzc2OTM2ODY0MTI4OTMzOTcxNA%3D%3D.3-ccb7-5&ccb=7-5&_nc_sid=58cdad&efg=eyJ2ZW5jb2RlX3RhZyI6InhwaWRzLjEwNDR4NjgyLnNkci5DMyJ9&_nc_ohc=PB4LchcL7mYQ7kNvwHJxze7&_nc_oc=Adms9XbvWsBcxbBA7YgJoMcuzlAyQjQv4CavN4_Lodq86eY7bQf_JTMgECs3_9j5kAk&_nc_ad=z-m&_nc_cid=0&_nc_zt=23&_nc_ht=scontent.cdninstagram.com&_nc_gid=Ppsol9IC8SRtam2ItsfqyA&oh=00_AfhYo_4cvnPmzpNLvNceVMoibr5YHgC42GPy_SOQkaeURA&oe=6931170B;"Değerli Hemşehrilerim, Kırklareli’mizin geleceğini güvence altına alacak olan büyük altyapı projemiz kapsamında, İlbank A.Ş. tarafından tanımlanan krediyle yapılacak olan; içme suyu arıtma tesisimizin içerisinde yer alacak 10.000 metreküplük su deposu, içme suyu, kanalizasyon, yağmur suyu ana isale hatları ile kolektör hatlarında yaptığımız proje çalışmalarımızın sonuna gelmiş bulunuyoruz.  İlbank A.Ş. tarafından gerçekleştirlecek ihale süreci sonrası  hayırlısıyla ilk kazmayı vuruyoruz.  Konu ile ilgili ziyaretimize gelen; İlbank A.Ş. İstanbul Şube Müdürü Sayın Akif Memiş ve bugün saha çalışmalarını tamamlayan İlbank A.Ş. İstanbul Bölge Müdürlüğü teknik personelleri; İnşaat Mühendisi Serpil Özmay, Jeoloji Mühendisi Ayşe Açıkgöz, Makine Mühendisi Yılmaz Gündoğdu, Elektrik Mühendisi Yıldıray Yıldırım, İnşaat Teknikeri Selman Sedat Uzunlar’ı makamımızda ağırladık.  Nazik ziyaretleri ve katkıları için kendilerine çok teşekkür ediyorum.  Her şey daha yaşanılabilir bir Kırklareli için. 💙";
https://www.instagram.com/p/DRO7R0ODC-Q/;Carousel;285;1;0;2025-11-19 12:35:45;https://scontent.cdninstagram.com/v/t51.82787-15/583026390_18540421771020172_2573064786806560679_n.jpg?stp=dst-jpg_e35_tt6&_nc_cat=105&ig_cache_key=Mzc2OTIxMDY0MDUxNTQ3ODQxMg%3D%3D.3-ccb7-5&ccb=7-5&_nc_sid=58cdad&efg=eyJ2ZW5jb2RlX3RhZyI6InhwaWRzLjEzNjV4OTEwLnNkci5DMyJ9&_nc_ohc=ySAKj_lHbagQ7kNvwHoyC3-&_nc_oc=AdkOXHcqwe9rVd_t4fXMyIEJqEh4uJn_ngsKeKmha4tjHF_GNakxInAbPEr4JMJjlWE&_nc_ad=z-m&_nc_cid=0&_nc_zt=23&_nc_ht=scontent.cdninstagram.com&_nc_gid=Ppsol9IC8SRtam2ItsfqyA&oh=00_AfjuyVVUsE7FhGfuohBeNF1I13h31GDypTcwf67uauvMtw&oe=6930FB34;Değerli Hemşehrilerim, Bugün Valimiz Sayın Uğur Turan ve Vali Yardımcımız Sayın Dr. Hasan Tanrıseven’i belediyemizde ağırlamaktan büyük memnuniyet duydum.  Kırklareli’mizin yarınları ve gelişimi için titizlikle yürüttüğümüz çalışmalar ile planladığımız projeler hakkında kendilerine detaylı bilgi sunduk. Şehrimizin geleceğine dair görüş alışverişinde de bulunduğumuz bu nazik ziyaret dolayısıyla Sayın Valimize ve Vali Yardımcımıza şükranlarımı sunuyorum.;
https://www.instagram.com/p/DRNNMGTDC6P/;Photo;916;4;0;2025-11-18 20:33:46;https://scontent.cdninstagram.com/v/t51.82787-15/582303787_18540330217020172_565925747034979863_n.jpg?stp=dst-jpg_e35_tt6&_nc_cat=104&ig_cache_key=Mzc2ODcyNjQ2OTE3OTM1NDc2Nw%3D%3D.3-ccb7-5&ccb=7-5&_nc_sid=58cdad&efg=eyJ2ZW5jb2RlX3RhZyI6InhwaWRzLjEzOTR4ODUwLnNkci5DMyJ9&_nc_ohc=wxbvsf2OOLYQ7kNvwFcri-e&_nc_oc=AdnOvvugo5EZhGj1gtff56pfu1uSPBLEpKdE0BHzMlZBdaZDvKek0ARTrceWPXu5zXc&_nc_ad=z-m&_nc_cid=0&_nc_zt=23&_nc_ht=scontent.cdninstagram.com&_nc_gid=Ppsol9IC8SRtam2ItsfqyA&oh=00_AfgFfXuejPCtRi0OlswdLDHmKXAz0ng5tozvwAkEQPw9qg&oe=6931026E;"Bu akşam, Belediye Meclis Üyemiz Cengiz Alıpatar ve değerli eşi Seray Alıpatar’ın evlerine konuk olduk. Ailelerine yeni katılan minik Alya’nın dünyaya gelişinin ardından, bu güzel ailenin yaşadığı tatlı heyecana ve mutluluğa şahit olmaktan büyük memnuniyet duydum.  Alya bebeğe sağlıklı, huzurlu bir ömür; değerli Alıpatar ailesine nice güzel günler diliyorum. Rabbim evlatlarını bağışlasın, bahtını güzel eylesin.  🧿";
https://www.instagram.com/p/DRNKUn4jN9l/;Photo;215;0;0;2025-11-18 20:08:43;https://scontent.cdninstagram.com/v/t51.82787-15/582034230_18540327967020172_7936809313090259059_n.jpg?stp=dst-jpg_e35_tt6&_nc_cat=107&ig_cache_key=Mzc2ODcxMzg2MDg1ODMwNjQwNQ%3D%3D.3-ccb7-5&ccb=7-5&_nc_sid=58cdad&efg=eyJ2ZW5jb2RlX3RhZyI6InhwaWRzLjE0NDB4MTAxNi5zZHIuQzMifQ%3D%3D&_nc_ohc=KGEp9pEd9t8Q7kNvwFjrUxF&_nc_oc=Admzh6b2EyoUMFjlLwwxQssXJpWPgRZNBneeV3-MffpwTG2uPZ3AM9bkaq2sNj0LCtk&_nc_ad=z-m&_nc_cid=0&_nc_zt=23&_nc_ht=scontent.cdninstagram.com&_nc_gid=Ppsol9IC8SRtam2ItsfqyA&oh=00_AfgLQYMpC8CZbC0q9vYmfacNtLMuwkcVaJLDJbBraUC1aA&oe=69311018;İLBANK Genel Müdür Yardımcımız Sayın Doç. Dr. Fuat Uzun, bugün konuğumuz oldular. Nazik ziyaretleri ve şehrimizin için büyük bir titizlikle üzerinde çalıştığımız projelerimiz ile ilgili kıymetli destekleri için Sayın Uzun’a şükranlarımı sunuyorum.;
https://www.instagram.com/p/DRNCj0mDB9i/;Carousel;354;0;0;2025-11-18 19:00:53;https://scontent.cdninstagram.com/v/t51.82787-15/582774575_18540317812020172_7193781896351877715_n.jpg?stp=dst-jpg_e35_tt6&_nc_cat=111&ig_cache_key=Mzc2ODY3OTcxMjM3ODYxMTgwNg%3D%3D.3-ccb7-5&ccb=7-5&_nc_sid=58cdad&efg=eyJ2ZW5jb2RlX3RhZyI6InhwaWRzLjE0NDB4MTA4MC5zZHIuQzMifQ%3D%3D&_nc_ohc=-z2IMCP_zScQ7kNvwH5_FJQ&_nc_oc=AdmQti2p3jY71em6jb4LXZ4AQseThEjulyFvP78AuUByj1HW8ztJjkMRiM_-xLm_EzQ&_nc_ad=z-m&_nc_cid=0&_nc_zt=23&_nc_ht=scontent.cdninstagram.com&_nc_gid=Ppsol9IC8SRtam2ItsfqyA&oh=00_AfjpQFwj6DSg6-MOJaSnQNTOfTEkT0dxzZeVZH3JFcWaHA&oe=6931189C;Belediye Meclisi Kasım Ayı 2. Birleşim Toplantımızı gerçekleştirdik. Alınan kararların Kırklareli’miz için hayırlı, uğurlu olmasını diliyorum.;
https://www.instagram.com/p/DRKuM94jP0H/;Carousel;738;4;0;2025-11-17 21:24:31;https://scontent.cdninstagram.com/v/t51.82787-15/583136680_18540186109020172_8627829329686743350_n.jpg?stp=dst-jpg_e35_tt6&_nc_cat=108&ig_cache_key=Mzc2ODAyNzIzMTc1OTg5MzcwNA%3D%3D.3-ccb7-5&ccb=7-5&_nc_sid=58cdad&efg=eyJ2ZW5jb2RlX3RhZyI6InhwaWRzLjEyMDB4OTAwLnNkci5DMyJ9&_nc_ohc=fUSTbgDoqOkQ7kNvwFl1ieL&_nc_oc=Adn7kC2mreTL8CAfxA5qd44vQrV5xuJn0QqIzt82jqBmgwDA1rttLosdo8e-GbZROQA&_nc_ad=z-m&_nc_cid=0&_nc_zt=23&_nc_ht=scontent.cdninstagram.com&_nc_gid=Ppsol9IC8SRtam2ItsfqyA&oh=00_AfgAjJlsOdX_otLIg4V_FCJQH_TxhrLdYx5evpb1bOHg7g&oe=69311F15;Genel Başkanımız Sayın Devlet Bahçeli Beyefendi’nin talimatlarıyla başlatılan #HayırlıGünlerKomşum ve #DerdinDerdimizdir programı kapsamında İstasyon Mahallemiz’de Yapıcı ailesinin misafiri olduk. Kıymetli ailemize misafirperverlikleri için teşekkür ederiz.;
https://www.instagram.com/p/DRJ1IY3jJFv/;Carousel;398;3;0;2025-11-17 13:05:50;https://scontent.cdninstagram.com/v/t51.82787-15/583637157_18540129307020172_4194902124505843229_n.jpg?stp=dst-jpg_e35_tt6&_nc_cat=110&ig_cache_key=Mzc2Nzc3NjIyNzI0NDEzNzI2Mg%3D%3D.3-ccb7-5&ccb=7-5&_nc_sid=58cdad&efg=eyJ2ZW5jb2RlX3RhZyI6InhwaWRzLjkwMHg1MDYuc2RyLkMzIn0%3D&_nc_ohc=3Z3lrCbdavYQ7kNvwHx-U8A&_nc_oc=AdldHcfpfVcQIb_bSOgYsI1hfjFY1qoOv-cx0GJG3ITGAZDc_tKICUA18Xs_KoLCG9o&_nc_ad=z-m&_nc_cid=0&_nc_zt=23&_nc_ht=scontent.cdninstagram.com&_nc_gid=Ppsol9IC8SRtam2ItsfqyA&oh=00_Afh5TPj8N0qrnR_SN5itdOaQdmSqEwGRAByqUDiBHNfOZA&oe=69310B1D;Bugün, Koç Üniversitesi Tıp Fakültesi’nden çok kıymetli konuklarımızı ağırlamanın mutluluğunu ve gururunu yaşadım. Genel Cerrahi alanında ülkemizin en değerli isimlerinden, ileri düzey robotik, laparoskopik & endoskopik cerrahinin öncü uygulayıcılarından, çok kıymetli hocamız Sayın Prof. Dr. Emre Balık ve yine genel cerrahi, obezite ve bariyatrik cerrahi alanının başarılı isimlerinden sevgili kuzenim Dr. Derya Salim Uymaz misafirimiz oldular. Nazik ziyaretleri ve kıymetli sohbetleri için kendilerine gönülden teşekkür ediyorum.;
https://www.instagram.com/p/DRIJERADKg2/;Reels;1236;37;35006;2025-11-16 21:27:58;https://scontent.cdninstagram.com/v/t51.71878-15/582443994_1361212302321132_6943017691949790275_n.jpg?stp=dst-jpg_e15_tt6&_nc_cat=111&ig_cache_key=Mzc2NzMwMDk2Mzg0NjM2NzI4Ng%3D%3D.3-ccb7-5&ccb=7-5&_nc_sid=58cdad&efg=eyJ2ZW5jb2RlX3RhZyI6InhwaWRzLjY0MHgxMTM2LnNkci5DMyJ9&_nc_ohc=zQplTPj6hVUQ7kNvwEuJgIv&_nc_oc=AdnQI-b16GGS1lfIdoXUlGZkMlXyVGSdlpMEU7PZeRl1kTVB-AwoCkDbckK7omXUKso&_nc_ad=z-m&_nc_cid=0&_nc_zt=23&_nc_ht=scontent.cdninstagram.com&_nc_gid=Ppsol9IC8SRtam2ItsfqyA&oh=00_AfjUe0zkmE-Dv6nBltlTghtc036LNp8Aa82UFgHuhDXrlQ&oe=6931266A;"11 Kasım’da, kıymetli hemşehrilerimizle birlikte, Kırklareli’mizin düşman işgalinden kurtuluşunun 103. yıl dönümünü, büyük bir coşku ve gururla kutladık.  Bu videoda büyük bir kısmını bulabileceğiniz, o günkü konuşmamda da altını çizdiğim gibi; her zaman bağımsızlığımız ve özgürlüğümüz için mücadele edecek, bu kutlu mirası gelecek nesillere gururla aktaracağız! Çünkü biz Kırklareli’yiz.  Yaşasın Kırklareli!  Yaşasın Türkiye Cumhuriyeti Devleti!  Yaşasın Aziz Türk Milleti! Ne mutlu Türk’üm diyene! 🇹🇷";
https://www.instagram.com/p/DRH75LRjJip/;Photo;847;2;0;2025-11-16 19:26:26;https://scontent.cdninstagram.com/v/t51.82787-15/581845744_18540025645020172_2797350922788369161_n.jpg?stp=dst-jpg_e35_tt6&_nc_cat=107&ig_cache_key=Mzc2NzI0MzAyNzE3ODYyNTE5Mw%3D%3D.3-ccb7-5&ccb=7-5&_nc_sid=58cdad&efg=eyJ2ZW5jb2RlX3RhZyI6InhwaWRzLjE0NDB4MTA4MC5zZHIuQzMifQ%3D%3D&_nc_ohc=bE_uW4VwVucQ7kNvwEpMQIk&_nc_oc=Adllvm9wMgce4jvQzyacHTq4fYburn5onjLYKw7F6Lmc_FY9oM4g0db9T41gg0OH9fI&_nc_ad=z-m&_nc_cid=0&_nc_zt=23&_nc_ht=scontent.cdninstagram.com&_nc_gid=Ppsol9IC8SRtam2ItsfqyA&oh=00_AfgCZt0lgdYk-rfYpaSbwhk5XNXGzS672WLTkUyEmbCipA&oe=693119F9;Sevgili kardeşlerim Alaattin Ersan Şenyiğit ve  İrem Şenyiğit çiftinin biricik evlatları  Alparslan Şenyiğit’in doğum gününe katıldık. Sevgili Alparslan’ın yeni yaşını kutluyor, kıymetli ailesiyle sağlıklı ve mutlu bir ömür temenni ediyorum.;
https://www.instagram.com/p/DRHbqH3DBHu/;Carousel;484;4;0;2025-11-16 14:44:46;https://scontent.cdninstagram.com/v/t51.82787-15/581963601_18539985952020172_7284054160513235429_n.jpg?stp=dst-jpg_e35_tt6&_nc_cat=111&ig_cache_key=Mzc2NzEwMTIyODMzODM5OTc3MQ%3D%3D.3-ccb7-5&ccb=7-5&_nc_sid=58cdad&efg=eyJ2ZW5jb2RlX3RhZyI6InhwaWRzLjEyODB4ODUzLnNkci5DMyJ9&_nc_ohc=4PclhxdhtyAQ7kNvwHbuP9T&_nc_oc=AdkTv1ZlPqe8HIvvnfBfI60yqMhLaOcObKrDm-3gTZgtelJpmFr623Pd6CM4CIJkdw0&_nc_ad=z-m&_nc_cid=0&_nc_zt=23&_nc_ht=scontent.cdninstagram.com&_nc_gid=Ppsol9IC8SRtam2ItsfqyA&oh=00_AfgOkHGX6bcJ6vMbC3ECYTxVPvxQGjY1Ppsg_CGdgQwY2A&oe=69312EDC;Karakaş Mahallesi Esnaflarından Durmuş Ali Çalışkan’ın eşi, Saide Uysal, Necmi Çalışkan, Beyce Saçar’ın anneleri, Erdem Çalışkan, Şevket Çalışkan ve Gülşen Kuşeri’nin Babanneleri Naime Çalışkan ile Kocahıdır Mahallesi sakinlerinden Çakıcı Hüseyin Halat ve Ayşe Halat’ın kızı, Ramis Turna’nın eşi, Emre ve Ebru Turna’nın anneleri Serpil Turna’yı son yolculuklarına uğurladık. Merhumelere Allah’tan rahmet, aileleri, yakınları ve sevenlerine başsağlığı diliyorum. Mekanları cennet olsun.;
https://www.instagram.com/p/DRFbS4mDC92/;Reels;1413;27;69400;2025-11-15 20:05:54;https://scontent.cdninstagram.com/v/t51.71878-15/584767687_766600093101786_172499459432221678_n.jpg?stp=dst-jpg_e15_tt6&_nc_cat=105&ig_cache_key=Mzc2NjUzNjcwODMzOTU0MzkyNg%3D%3D.3-ccb7-5&ccb=7-5&_nc_sid=58cdad&efg=eyJ2ZW5jb2RlX3RhZyI6InhwaWRzLjY0MHgxMTM2LnNkci5DMyJ9&_nc_ohc=8wf5EOf9LnwQ7kNvwHhY4lc&_nc_oc=Adln8ZlUit0QrinaUUk1Ms05eICa2gYBDzz3d4hHFHetIId-Ui3a2o3VBKC774iRt0I&_nc_ad=z-m&_nc_cid=0&_nc_zt=23&_nc_ht=scontent.cdninstagram.com&_nc_gid=Ppsol9IC8SRtam2ItsfqyA&oh=00_Afgq0fkEg4wY1UP-9tDS1a3X0zI2xUKMYgRs7Hb0WMDrog&oe=69310D33;YILLARIN  HASRETİ SONA ERİYOR, KIRKLARELİ’MİZ HAK ETTİĞİ İÇME SUYUNA KAVUŞUYOR!  Değerli Hemşehrilerim, Şehrimizin geleceği için attığımız tarihi bir adımın gururunu, sizlerle paylaşmaktan büyük bir mutluluk duyuyorum.  Kırklareli’mizin geleceğini teminat altına alacağımız büyük altyapı yatırımımızın önemli başlıklarından yalnızca biri olan ve Armağan Barajı’ndan temin edeceğimiz sağlıklı içme suyunu evlerimize ulaştıracak  Kızılcıkdere Sulaması İkmali Projemizde, su hattımız arıtma tesisimize ulaşmış bulunuyor.  Gelecek olan su, arıtma tesisimize kendi cazibesiyle ulaşacağı için, aylık yaklaşık 3 milyon liralık elektrik masrafından kurtulacağımız ve böylelikle hem daha kaliteli hem de daha ucuz içme suyuna kavuşacağımız projemizde, 23,75 kilometrelik hattımızı ve arıtma tesisi bağlantımızı tamamladık. Vadi geçiş noktalarındaki çalışmalarımız da en kısa sürede tamamlanacak. Armağan Barajı’ndan gelecek olan test suyu, yakın bir zamanda arıtma tesisimize ulaşacak.  Kırklareli’mizi, yılların özlemi olan temiz, sağlıklı ve sürdürülebilir içme suyuna kavuşturacak bu tarihi adım, hepimize hayırlı ve uğurlu olsun!  💙;
https://www.instagram.com/p/DRFAvoSDKiP/;Reels;1850;26;59897;2025-11-15 16:11:58;https://scontent.cdninstagram.com/v/t51.71878-15/574349568_1199050422073570_209461882381931134_n.jpg?stp=dst-jpg_e15_tt6&_nc_cat=107&ig_cache_key=Mzc2NjQxOTkzNjQzMzE4Njk1OQ%3D%3D.3-ccb7-5&ccb=7-5&_nc_sid=58cdad&efg=eyJ2ZW5jb2RlX3RhZyI6InhwaWRzLjY0MHgxMTM2LnNkci5DMyJ9&_nc_ohc=AHMICjSpw6cQ7kNvwEzCwy3&_nc_oc=Adk9FkVNZnnxkwgiEDSNuYxgSrB7hj5rq5ixVgjDp7Vj-urL1wdVGiUhlLg_h68Bol4&_nc_ad=z-m&_nc_cid=0&_nc_zt=23&_nc_ht=scontent.cdninstagram.com&_nc_gid=Ppsol9IC8SRtam2ItsfqyA&oh=00_AfhDBL0vyKYb18pFt7fOKUOLmocPsQgrST2LFeS8bbz1oA&oe=69311B13;"Değerli Hemşehrilerim,  İstasyon Caddemizin girişinde yer alan ve belediyemiz işletme ve iştirakleri kapsamında faaliyet gösterecek olan; Vilayet Kafe’mizin açılışını gerçekleştirdik.  Kent kimliğimize değer katacağına inandığımız, en kaliteli hizmete en uygun şekilde erişebileceğiniz bu mekan, hemşehrilerimizin bir araya gelip keyifle vakit geçirebileceği sıcak bir buluşma noktası olarak şehrimize kazandırıldı.  Bu güzel projede emeği bulunan tüm ekip arkadaşlarıma ve katkı veren herkese teşekkür ediyorum.  Kırklareli’mize hayırlı, uğurlu olsun. ☕️";
https://www.instagram.com/p/DRE_s4dDPgK/;Carousel;327;0;0;2025-11-15 16:01:59;https://scontent-ber1-1.cdninstagram.com/v/t51.82787-15/582012222_18539825626020172_1243859939754350135_n.jpg?stp=dst-jpg_e35_tt6&_nc_cat=104&ig_cache_key=Mzc2NjQxNTM0MTQ4OTI0Mzk2MA%3D%3D.3-ccb7-5&ccb=7-5&_nc_sid=58cdad&efg=eyJ2ZW5jb2RlX3RhZyI6InhwaWRzLjE0NDB4OTYwLnNkci5DMyJ9&_nc_ohc=I5dipdbIgykQ7kNvwEyBY_x&_nc_oc=Adkz-Depz3rPwiOP-3ITGvBDF1Tr2agZHrL0YUF3onCOy-UqDjxzLKEmNjaMDpTp33nu2pA7NtNAE1N0oNm5vhHe&_nc_ad=z-m&_nc_cid=0&_nc_zt=23&_nc_ht=scontent-ber1-1.cdninstagram.com&_nc_gid=2xylIrq8GPbB9ahw9G0lSQ&oh=00_Afi1zcGV8cVe1Fs4QQcaNC1129sAX9LoC7Cna8d8MM4dig&oe=693130DA;"Bugün, Diş Hekimi Nilüfer Öztürk Açıkgöz’ün, Kırklareli’mize kazandırdığı diş sağlığı kliniğinin açılışını gerçekleştirerek, kıymetli hemşehrilerimize modern, güvenilir ve nitelikli bir ağız ve diş sağlığı hizmetinin daha sunulacak olmasının mutluluğunu yaşadık.  Bu değerli girişimin hayırlı olmasını diliyor; emekleriyle şehrimize katkı sunan Nilüfer Hanım’a ve ekibine başarılar diliyorum.";
https://www.instagram.com/p/DRCwjDCDFFu/;Reels;2131;38;59744;2025-11-14 19:12:01;https://scontent-ber1-1.cdninstagram.com/v/t51.71878-15/581414354_2347815682297942_5167733980362477925_n.jpg?stp=dst-jpegr_e15_tt6&_nc_cat=101&ig_cache_key=Mzc2NTc4NTc1MzEwNDk2MTkwMg%3D%3D.3-ccb7-5&ccb=7-5&_nc_sid=58cdad&efg=eyJ2ZW5jb2RlX3RhZyI6InhwaWRzLjY0MHgxMTM2Lmhkci5DMyJ9&_nc_ohc=wwpe78AEoOcQ7kNvwGA0DY2&_nc_oc=Adkl6v1yCpFe8bCOdXCu9nPkP9MDQRWy1SWHk4rGTb7WFDE9AwaDtoMrm5oHHnZTI2_BDPy5IXtF4ompEQ2RJrxk&_nc_ad=z-m&_nc_cid=0&_nc_zt=23&se=-1&_nc_ht=scontent-ber1-1.cdninstagram.com&_nc_gid=2xylIrq8GPbB9ahw9G0lSQ&oh=00_AfgfvzgI-r-rdMdbGbLZp6I58_NYti3kp8lunGin40CtrA&oe=69312F9A;"Aziz Şehidimiz, Hava Uçak Bakım Astsubay Üstçavuş Berkay Karaca;  Seni, yüreğimize defnettik…  Vatan Sana Minnettardır! 🇹🇷";
https://www.instagram.com/p/DRCkLywDFeN/;Carousel;1783;17;0;2025-11-14 17:23:03;https://scontent-ber1-1.cdninstagram.com/v/t51.82787-15/582794950_18539678176020172_2901048821238973337_n.jpg?stp=dst-jpg_e35_tt6&_nc_cat=107&ig_cache_key=Mzc2NTczMTM2NTI5NjUzOTE3NQ%3D%3D.3-ccb7-5&ccb=7-5&_nc_sid=58cdad&efg=eyJ2ZW5jb2RlX3RhZyI6InhwaWRzLjE0NDB4MTgwMC5zZHIuQzMifQ%3D%3D&_nc_ohc=3wYsV45uMkoQ7kNvwHtaFka&_nc_oc=AdkNo7ruczuNygEDyPRQoATBo82LatPvHLzprxuBj_MqY7FWhEIVfBA-kuu5K2PeDBSNNehs15qRSSTWBcCOGpyu&_nc_ad=z-m&_nc_cid=0&_nc_zt=23&_nc_ht=scontent-ber1-1.cdninstagram.com&_nc_gid=2xylIrq8GPbB9ahw9G0lSQ&oh=00_Afhy2z5zScMRQ2aLaXNOI2SDqZ628fDKFiZb_wkZrX8L4g&oe=69310467;"Canımız, hemşehrimiz, aziz şehidimiz; Hava Uçak Bakım Astsubay Üstçavuş Berkay Karaca’yı, bugün Lüleburgaz Sokollu Mehmet Paşa Camii’nde kılınan cenaze namazının ardından, Lüleburgaz Şehitliğimizde ebediyete uğurladık.  Şehidimizin hatırası, bu topraklarda ilelebet yaşayacak; onun cesareti ve vatan aşkı nesillerimize örnek olacaktır.  Aziz şehidimizin çok kıymetli ailesine, yakınlarına, silah arkadaşlarına, hemşehrilerimize ve büyük Türk milletine bir kez daha sabır ve başsağlığı diliyorum.  Rabbim tüm şehitlerimizi rahmetiyle kuşatsın, milletimize güç ve dirayet versin. Vatan sağ olsun! 🇹🇷";
https://www.instagram.com/p/DRCLPEPjLVr/;Carousel;1272;15;0;2025-11-14 13:45:03;https://scontent-ber1-1.cdninstagram.com/v/t51.82787-15/581793288_18539652754020172_525706186450095257_n.jpg?stp=dst-jpg_e35_tt6&_nc_cat=104&ig_cache_key=Mzc2NTYyMTYzNjcwMDM3MDE2Mg%3D%3D.3-ccb7-5&ccb=7-5&_nc_sid=58cdad&efg=eyJ2ZW5jb2RlX3RhZyI6InhwaWRzLjE0NDB4OTYxLnNkci5DMyJ9&_nc_ohc=O1zQJjCOypQQ7kNvwHuvkGg&_nc_oc=AdkiFyKqhsqKGFgQpYfS7NXI5ff0KeWRdSf81qqFwtqlyJRhib7cucMRDVs1hhduu1oCNsrAIUJv8nsjUxig1RmT&_nc_ad=z-m&_nc_cid=0&_nc_zt=23&_nc_ht=scontent-ber1-1.cdninstagram.com&_nc_gid=2xylIrq8GPbB9ahw9G0lSQ&oh=00_AfjCguq-9RBMag3KD5mQiEXItftGlQBoF3bHvh5CJO6eBg&oe=693122A2;"Azerbaycan–Gürcistan sınırında, askeri kargo uçağımızın düşmesi sonucu meydana gelen elim kazada şehit olan yirmi kahraman vatan evladımız arasında bulunan; Kırklarelili Hava Uçak Bakım Astsubay Üstçavuş Berkay Karaca ve Tekirdağlı Hava Uçak Bakım Başçavuş İlker Aykut’un aziz naaşlarını, Çorlu Atatürk Havalimanı’nda derin bir hüzün ve dualarla karşıladık.  Vatan toprağına emanet edeceğimiz aziz şehitlerimiz; şanlı bayrağımıza olan sadakatleriyle milletimizin gönlünde ebediyen yaşayacak. Onların emaneti, bu topraklarda nefes alan her bir insanın vicdanında ilelebet muhafaza edilecektir.  Aziz şehitlerimize bir kez daha Allah’tan rahmet; kederli ailelerine, yakınlarına ve büyük Türk milletine sabır ve başsağlığı diliyorum. 🇹🇷 Vatan sağ olsun.";
https://www.instagram.com/p/DRAQTb-jDlx/;Photo;778;5;0;2025-11-13 19:50:52;https://scontent-ber1-1.cdninstagram.com/v/t51.82787-15/581185987_18539542855020172_6433609346554570811_n.jpg?stp=dst-jpg_e35_tt6&_nc_cat=100&ig_cache_key=Mzc2NTA4MDk5MjkzNjM3NjY4OQ%3D%3D.3-ccb7-5&ccb=7-5&_nc_sid=58cdad&efg=eyJ2ZW5jb2RlX3RhZyI6InhwaWRzLjE0NDB4MTgwMC5zZHIuQzMifQ%3D%3D&_nc_ohc=c8ypwtvIWKoQ7kNvwHJLgeh&_nc_oc=Adl3bn-WgLUciVDcJJQ6-_p6sKbHj-04Xl2J1vQOKgkLVa-4AFbxwW4ekFctNQMEGREuA96yFVLJj8Q6R53FqNaC&_nc_ad=z-m&_nc_cid=0&_nc_zt=23&_nc_ht=scontent-ber1-1.cdninstagram.com&_nc_gid=2xylIrq8GPbB9ahw9G0lSQ&oh=00_AfheNzhzz26fvMdiINFSNUa96vjr3CSEBTzxabV1DaEs0w&oe=69311737;Türk Hava Kuvvetlerimize ait askeri kargo uçağının Gürcistan’da düşmesi sonucu şehit olan, aziz vatan evladı ve kıymetli hemşehrimiz Hv.Uçk.Bkm.Asb.Üçvş. Berkay Karaca’yı vatan toprağına emanet ediyoruz.  Şehidimizin naaşı, 14 Kasım 2025 Cuma günü kılınacak Cuma Namazı’nın ardından Lüleburgaz Sokollu Mehmet Paşa Camii’nde düzenlenecek cenaze töreniyle Lüleburgaz Şehitliği’ne defnedilecektir. 🇹🇷 Ruhu şad, mekânı cennet olsun.;
https://www.instagram.com/p/DQ910HgjKLl/;Carousel;761;0;0;2025-11-12 21:20:55;https://scontent-ber1-1.cdninstagram.com/v/t51.82787-15/582078320_18539088649020172_3057251979494795561_n.jpg?stp=dst-jpg_e35_tt6&_nc_cat=106&ig_cache_key=Mzc2NDQwMTUzNDk3Mzc4MzU4NA%3D%3D.3-ccb7-5&ccb=7-5&_nc_sid=58cdad&efg=eyJ2ZW5jb2RlX3RhZyI6InhwaWRzLjE0NDB4MTA4MC5zZHIuQzMifQ%3D%3D&_nc_ohc=3DrHSjwA8fUQ7kNvwEcT2qn&_nc_oc=AdkH2VC68XEDeWZiJoJ8RFAtRaRuZ2oAe5NL0DJokfhJBjdhQSJCUNOs-rIsdEbnhSdgoOerpuB2R0lqBZLUPJ9J&_nc_ad=z-m&_nc_cid=0&_nc_zt=23&_nc_ht=scontent-ber1-1.cdninstagram.com&_nc_gid=2xylIrq8GPbB9ahw9G0lSQ&oh=00_AficFIwq1Dw2DvB9j_eWoWBJR9orPS31vwcmjfmQAoUq3g&oe=693101D0;Kırklareli’mizin kıymetli büyüklerinden, Kemal SOYKAN ve Mehmet AYAZ’ın vefatları nedeniyle değerli ailelerini ziyaret ederek acılarını paylaştık, taziyelerimizi ilettik.  Şehrimizin değerli esnaflarından ve eğitim camiamızın emektarlarından olan kıymetli büyüklerimize Allah’tan rahmet diliyor, başta aileleri olmak üzere tüm sevenlerine sabır ve başsağlığı temenni ediyorum. Mekanları cennet, ruhları şad olsun.;
https://www.instagram.com/p/DQ7ZEusDmTM/;Photo;2443;54;0;2025-11-11 22:31:17;https://scontent-ber1-1.cdninstagram.com/v/t51.82787-15/580047930_18538830214020172_4453019602433449268_n.jpg?stp=dst-jpg_e35_tt6&_nc_cat=102&ig_cache_key=Mzc2MzcxMjE4OTc3MDEzMDYzNg%3D%3D.3-ccb7-5&ccb=7-5&_nc_sid=58cdad&efg=eyJ2ZW5jb2RlX3RhZyI6InhwaWRzLjEzNTB4MTY4OC5zZHIuQzMifQ%3D%3D&_nc_ohc=68Ei4rYoNs0Q7kNvwGn9JlL&_nc_oc=AdnrZBsp0L_SUOWDzLMLo-gA4r-18MfIuBLtIEMf1b2RGiQyC3Hesmb0AF09aeY_k8XlPxVvuG32MvQoHDoKh0g3&_nc_ad=z-m&_nc_cid=0&_nc_zt=23&_nc_ht=scontent-ber1-1.cdninstagram.com&_nc_gid=2xylIrq8GPbB9ahw9G0lSQ&oh=00_Afj8xAT40krPesk3w-XLZDVMRF9KPQAdWXKBwKMG5gl2Fw&oe=693113D8;ŞEHİDİMİZ VAR KIRKLARELİ’M  Türk Hava Kuvvetlerimize ait C-130 tipi askeri nakliye uçağının Gürcistan-Azerbaycan sınırında düşmesi sonucu şehit olan kahramanlarımızın acısı yüreğimizi dağladı.  Bu elim kazada, Lüleburgazlı hemşehrimiz Hv. Uçk. Bkm. Asb. Üçvş. Berkay Karaca’nın da şehit olduğunu derin bir üzüntüyle öğrenmiş bulunuyorum. Vatan hizmetini onurla yerine getiren, gök vatanın nöbetini gururla taşıyan yiğit evladımız Hv. Uçk. Bkm. Asb. Üçvş. Berkay Karaca’nın aziz hatırası, Kırklareli’mizin kalbinde sonsuza dek yaşayacaktır.  Şehidimize Allah’tan rahmet, kederli ailesine, yakınlarına, silah arkadaşlarına, Kırklareli’mize ve tüm milletimize başsağlığı diliyorum. Ruhu şad, mekanı cennet olsun. 🇹🇷;
https://www.instagram.com/p/DQ61LAsDKez/;Photo;754;14;0;2025-11-11 17:17:35;https://scontent-ber1-1.cdninstagram.com/v/t51.82787-15/581110530_18538758730020172_6822388636836456503_n.jpg?stp=dst-jpg_e35_tt6&_nc_cat=111&ig_cache_key=Mzc2MzU1NDI5MTczOTgzMDE5NQ%3D%3D.3-ccb7-5&ccb=7-5&_nc_sid=58cdad&efg=eyJ2ZW5jb2RlX3RhZyI6InhwaWRzLjE0NDB4MTgwMC5zZHIuQzMifQ%3D%3D&_nc_ohc=vNO48ceybLkQ7kNvwHt4AOg&_nc_oc=AdlHMZ8gmqLLyr_MmJxy5kglX-aHMXDdha2I7i2vG0yEP28GgY2zaE_8Z_ybObgiHhqiSGjtGnF61oLrY47XOmf_&_nc_ad=z-m&_nc_cid=0&_nc_zt=23&_nc_ht=scontent-ber1-1.cdninstagram.com&_nc_gid=2xylIrq8GPbB9ahw9G0lSQ&oh=00_Afhrs9B6g5zk4nwJWHBE_KnhDRmU5-CDjyYOx1iDtlDhQg&oe=69312F4D;Azerbaycan’dan ülkemize gelmek üzere havalanan C130 askeri kargo uçağımızın Gürcistan-Azerbaycan sınırında düştüğünü büyük bir üzüntüyle öğrenmiş bulunuyorum.  Elim kazada şehit olan kahraman Mehmetçiklerimize Allah’tan rahmet, kederli ailelerine sabır ve başsağlığı diliyorum.  Bu acı haberin ardından, tüm Kurtuluş Bayramı programlarımızı iptal ediyoruz. Şehitlerimizin aziz hatırası önünde saygıyla eğiliyorum.  Milletimizin başı sağ olsun.;
https://www.instagram.com/p/DQ6vE6mjBhu/;Carousel;981;1;0;2025-11-11 16:24:19;https://scontent-ber1-1.cdninstagram.com/v/t51.82787-15/579408213_18538752181020172_4117177287305163946_n.jpg?stp=dst-jpg_e35_tt6&_nc_cat=104&ig_cache_key=Mzc2MzUyNzQ2ODc4ODI2NjQzNw%3D%3D.3-ccb7-5&ccb=7-5&_nc_sid=58cdad&efg=eyJ2ZW5jb2RlX3RhZyI6InhwaWRzLjE0NDB4MTgwMC5zZHIuQzMifQ%3D%3D&_nc_ohc=68TRGPkbcbYQ7kNvwGVdH6H&_nc_oc=AdkSPZpnEQseD1u3Blqu8mYxIiECyIcLAV-gegAWs2eF6QLKiWJGBl78eG4_sHgGfIZyF0ekiJebBID7exyyG-LW&_nc_ad=z-m&_nc_cid=0&_nc_zt=23&_nc_ht=scontent-ber1-1.cdninstagram.com&_nc_gid=2xylIrq8GPbB9ahw9G0lSQ&oh=00_Afjtf16ftGCGAAaPYnuMGIp4MXE0qj4QzSvzMsgdG6wEyw&oe=6930F9EC;Kırklarelimizin düşman işgalinden kurtuluşunun 103. yıl dönümünü, birbirinden renkli ve anlamlı gösterilerle, Kırklareli Kapalı Spor Salonu’nda hemşehrilerimizle el ele, gönül gönüle, büyük bir gurur ve coşkuyla kutladık. Bir asır önce bu toprakları bizlere vatan kılan kahraman ecdadımızın azmini, cesaretini ve sarsılmaz inancını bugün aynı heyecanla yaşatıyoruz.  Bu vesileyle, Cumhuriyetimizin kurucusu Gazi Mustafa Kemal Atatürk’ü, istiklalimiz uğruna canlarını feda eden aziz şehitlerimizi ve kahraman gazilerimizi rahmet, minnet ve saygıyla anıyorum. Onların emaneti olan bu cennet vatanı, aynı inanç ve kararlılıkla geleceğe taşımaya devam edeceğiz.  🇹🇷 Ne mutlu bu topraklarda özgürce nefes alabilen her Kırklareliliye, Ne Mutlu Türk’üm Diyene!;
https://www.instagram.com/p/DQ6gu5SDM42/;Carousel;730;1;0;2025-11-11 14:18:58;https://scontent-ber1-1.cdninstagram.com/v/t51.82787-15/581790954_18538712386020172_6844569188693943395_n.jpg?stp=dst-jpg_e35_tt6&_nc_cat=100&ig_cache_key=Mzc2MzQ2NDM4MzQxMTAxMjYyOA%3D%3D.3-ccb7-5&ccb=7-5&_nc_sid=58cdad&efg=eyJ2ZW5jb2RlX3RhZyI6InhwaWRzLjEwNjV4NzEwLnNkci5DMyJ9&_nc_ohc=F9GCOWeuuFcQ7kNvwEe4E-y&_nc_oc=AdlJoP8gPB5Sz__4vOg3MLH_sAo7mPvhzWq9YgqzIu9q55L1V_OoIqvJvDggfgttkyngWL4fYCdpg5fnD8GxA8DI&_nc_ad=z-m&_nc_cid=0&_nc_zt=23&_nc_ht=scontent-ber1-1.cdninstagram.com&_nc_gid=2xylIrq8GPbB9ahw9G0lSQ&oh=00_AfgieHarzth8Bb-hxyRBdbefOuASg0tbJPbs0kXkOGmGtA&oe=69311213;Kırklareli’mizin düşman işgalinden kurtuluşunun 103. yıl dönümü vesilesiyle, Kırklareli Şehitliği’nde düzenlenen törene katılarak çelengimizi sunduk ve Aziz Şehitlerimizin kabirlerine dualar eşliğinde karanfillerimizi bıraktık. Ardından, Kırkşehitler Anıtı’mızda vatan için son nefeslerini veren aziz şehitlerimizin manevi huzurunda dualarımız ettik.  Bizlere bağımsızlığımızı armağan eden, başta Gazi Mustafa Kemal Atatürk ve silah arkadaşları olmak üzere, tüm şehitlerimizi rahmet ve minnetle anıyorum. 🇹🇷🇹🇷🇹🇷;
https://www.instagram.com/p/DQ6RRPSDOeY/;Carousel;669;3;0;2025-11-11 12:03:51;https://scontent-ber1-1.cdninstagram.com/v/t51.82787-15/581521158_18538696261020172_2833894285611886811_n.jpg?stp=dst-jpg_e35_tt6&_nc_cat=105&ig_cache_key=Mzc2MzM5NjM3NzU0NDgxMTQ4NA%3D%3D.3-ccb7-5&ccb=7-5&_nc_sid=58cdad&efg=eyJ2ZW5jb2RlX3RhZyI6InhwaWRzLjE0NDB4ODExLnNkci5DMyJ9&_nc_ohc=Zs-RMS4DQYoQ7kNvwHnQQHm&_nc_oc=AdnwpteyWpFTm8XPeJlwpFXhgyhZeV13BJytoLI7H-QEgaSIlamFo5tyaLI1TIukjNnTfjWEfoiicuLtJJi4P7nA&_nc_ad=z-m&_nc_cid=0&_nc_zt=23&_nc_ht=scontent-ber1-1.cdninstagram.com&_nc_gid=2xylIrq8GPbB9ahw9G0lSQ&oh=00_Afj9ivHmyB-G-U0Jpc_I3GfU_AUygY6LYlDGsfkSaQcrGQ&oe=69310670;"Şahidimiz toprak, imzamız fidan; Sevdamız Yeşil Vatan.  Bugün, saat 11.11’de ülkemizin dört bir yanında olduğu gibi biz de fidanlarımızı toprakla buluşturduk; geleceğe nefes, yarınlara umut ektik.  11 Kasım Milli Ağaçlandırma Günü kapsamında, Kırklareli Merkez Erikler Köyü Ağaçlandırma Alanı’nda; Valimiz Sayın Uğur Turan ve kıymetli eşi Nihal Turan Hanımefendi, 55. Mekanize Piyade Tugay Komutanımız Tuğgeneral Erdal Köse, Kırklareli Üniversitesi Rektörümüz Prof. Dr. Rengin Ak, Kırklareli Cumhuriyet Başsavcı Vekilimiz İsmet Saçlı, il protokolümüz, öğrencilerimiz, kurum müdürlerimiz ve sivil toplum kuruluşlarımızın değerli temsilcileriyle birlikte; doğanın sesine kulak verdik, geleceğin mirasını toprağa emanet ettik.  Her diktiğimiz fidan, yarınlara bıraktığımız yeşil bir imza olsun.";
https://www.instagram.com/p/DQ6NxyOjJoc/;Carousel;165;0;0;2025-11-11 11:33:21;https://scontent-ber1-1.cdninstagram.com/v/t51.82787-15/576087094_18538693273020172_776812446331054693_n.jpg?stp=dst-jpg_e35_tt6&_nc_cat=102&ig_cache_key=Mzc2MzM4MTAyODU5ODM1MjEzNQ%3D%3D.3-ccb7-5&ccb=7-5&_nc_sid=58cdad&efg=eyJ2ZW5jb2RlX3RhZyI6InhwaWRzLjE0NDB4MTgwMC5zZHIuQzMifQ%3D%3D&_nc_ohc=Vu3fqR2a7DwQ7kNvwF2E0uv&_nc_oc=AdmLIP7ifc97PwVr_kxGWJYCbG2aluXLU4C14uipLO4JkgMSo7PKjGSVQEnWiYKdx1Hsy-3r4CKTJEL2rUZXNNwM&_nc_ad=z-m&_nc_cid=0&_nc_zt=23&_nc_ht=scontent-ber1-1.cdninstagram.com&_nc_gid=2xylIrq8GPbB9ahw9G0lSQ&oh=00_Afj7tsEvyYI104GzKduGyASN9elfBVuo3GH0a9sjg66WKQ&oe=69312DA9;Değerli Hemşehrilerim,  Bugün, Kurtuluşumuzun 103. yıl dönümünde, aynı gurur ve heyecanla bir kez daha buluşuyoruz!  Yağış ihtimali nedeniyle kutlama programımızı Kırklareli Kapalı Spor Salonu’nda gerçekleştireceğiz. 📅 11 Kasım Salı — 13.30  13.30’da, Kırklareli Kapalı Spor Salonu’ndaki resmi törenin ardından, Özgürlük ve Demokrasi Meydanı’nda Kurtuluş Bayramı Bayrak, Flama geçişi ve Araç Korteji gerçekleştirilecektir.  Ayrıca akşam, Kırklareli Belediyemiz Sanat Atölyeleri’nin hazırladığı Halk Oyunları ve Ritim Gösterisi ile bayram sevincimizi geceye taşıyoruz. 📅 11 Kasım Salı — 21.00 📍 Kırklareli Kapalı Spor Salonu (İstasyon Caddesi)  Bu anlamlı günde, geçmişimizin gururunu ve Cumhuriyetimizin ışığını birlikte yaşamak için, tüm hemşehrilerimizi bayraklarıyla birlikte kutlamalarımıza davet ediyorum.  Gelin, Kırklareli’mizin kurtuluş coşkusunu hep birlikte paylaşalım!  ❤️🤍;
https://www.instagram.com/p/DQ4zAtfjnEV/;Carousel;330;0;0;2025-11-10 22:20:13;https://scontent-fra5-2.cdninstagram.com/v/t51.82787-15/575312286_18538601161020172_1874446333298412412_n.jpg?stp=dst-jpg_e35_tt6&_nc_cat=107&ig_cache_key=Mzc2Mjk4MTgyMTY1NTk1MTcwNA%3D%3D.3-ccb7-5&ccb=7-5&_nc_sid=58cdad&efg=eyJ2ZW5jb2RlX3RhZyI6InhwaWRzLjEwNjV4NzEwLnNkci5DMyJ9&_nc_ohc=4PX9T4n74bUQ7kNvwFAAcNK&_nc_oc=AdnJjfVE6f5htgyfMlKksNWzbmoZkRGSpeqlv4kpIMls1sxrg_Wap4zSWlOYpP1eOFVxSnJoAKzU2DYDbTCvZ5E7&_nc_ad=z-m&_nc_cid=0&_nc_zt=23&_nc_ht=scontent-fra5-2.cdninstagram.com&_nc_gid=eMNldd7LkaJ6BQCgk6Z2eg&oh=00_AfiQti7AO6WtvnFHq9k_gfBsFJUPUSXzz_df0iY1U7fVkg&oe=69311CAF;Valimiz Sayın Uğur Turan ve 55. Mekanize Piyade Tugay Komutanımız Sayın Tuğgeneral Erdal Köse ile Belediyemiz ve Kırklareli Üniversitesi işbirliğiyle düzenlenen, Kırklareli İl Sağlık Müdürlüğü Dr. Mehmet Fuat Umay Konferans Salonu’nda gerçekleştirilen, Kırklareli Üniversitesi Müzik Kulübü Korosu’nun hazırladığı “10 Kasım Atatürk’ü Anma Programı”na katıldık. Başta Rektörümüz Sayın Prof. Dr. Rengin Ak olmak üzere, tüm öğrencilerimize ve bu anlamlı programda emeği geçen herkese çok teşekkür ediyorum.;
https://www.instagram.com/p/DQ4pCtnDLEv/;Reels;3820;25;114223;2025-11-10 20:54:39;https://scontent-fra3-1.cdninstagram.com/v/t51.71878-15/581010975_1306859891125273_1683549492708467307_n.jpg?stp=dst-jpg_e15_tt6&_nc_cat=103&ig_cache_key=Mzc2MjkzNzk5NDk4NzQ4MzQzOQ%3D%3D.3-ccb7-5&ccb=7-5&_nc_sid=58cdad&efg=eyJ2ZW5jb2RlX3RhZyI6InhwaWRzLjY0MHgxMTM2LnNkci5DMyJ9&_nc_ohc=2rCfCraDTdgQ7kNvwGpzU_C&_nc_oc=AdlCPTvkET-8nwMTvxSyM2SMu1Zvkx_c8YYYKjVySW-CLt5yBqfkuyfCp8cazQeHZJwUzeW1PdIYiRmglyT9BHXN&_nc_ad=z-m&_nc_cid=0&_nc_zt=23&_nc_ht=scontent-fra3-1.cdninstagram.com&_nc_gid=eMNldd7LkaJ6BQCgk6Z2eg&oh=00_AfhoD2OiGAmkZnwUneNPhmKDGH758oGrUcA2KIZ2eZoJig&oe=6930FC57;Değerli Hemşehrilerim,  Yarın, Kurtuluş Bayramımızın coşkusunu SoloTürk’ün muhteşem gösterisiyle taçlandırmak için hepinizi saat 16.30’da, Kırklareli Üniversitesi Kayalı Kampüsü’ne bekliyorum. 🇹🇷;
https://www.instagram.com/p/DQ4gwf0DOnm/;Reels;391;0;24843;2025-11-10 19:45:47;https://scontent-fra3-1.cdninstagram.com/v/t51.71878-15/579394084_4242442285902547_3881736764563034327_n.jpg?stp=dst-jpg_e15_tt6&_nc_cat=105&ig_cache_key=Mzc2MjkwMTU1ODg1MDU0NjE1MA%3D%3D.3-ccb7-5&ccb=7-5&_nc_sid=58cdad&efg=eyJ2ZW5jb2RlX3RhZyI6InhwaWRzLjY0MHgzNjIuc2RyLkMzIn0%3D&_nc_ohc=jKTbEUZzhfoQ7kNvwGE5n3w&_nc_oc=AdkFDGN-mGPXgEyzsc1USCmqQiXmMknOIbTb5ex0bDpr25Oi_J-fdFrlibFERL5V8SiDXv6EcWPAtAczUWkUe0zR&_nc_ad=z-m&_nc_cid=0&_nc_zt=23&_nc_ht=scontent-fra3-1.cdninstagram.com&_nc_gid=eMNldd7LkaJ6BQCgk6Z2eg&oh=00_AfhYFPJPa_R6_mrXlkxfvYmS3z9s8FSzKlHo9cU6kQdFTw&oe=69311CB2;Değerli Hemşehrilerim, Kırklareli’mizin Düşman İşgalinden Kurtuluşunun 103. yıl dönümünü büyük bir gurur ve coşkuyla kutlamaya hazırlanıyoruz! 🇹🇷 Yarınki kutlama programımız, tüm ayrıntıları ile Tek Rumeli TV ekranlarında olacak.  #Kırklareli #Kurtuluş103Yaşında #DeryaBulut #TekRumeliTV;
https://www.instagram.com/p/DQ305LkjPel/;Carousel;1966;1;0;2025-11-10 13:17:25;https://scontent-fra3-2.cdninstagram.com/v/t51.82787-15/574793995_18538507522020172_7059167282025845380_n.jpg?stp=dst-jpg_e35_tt6&_nc_cat=111&ig_cache_key=Mzc2MjcwODYzMDUzMDE3ODczMA%3D%3D.3-ccb7-5&ccb=7-5&_nc_sid=58cdad&efg=eyJ2ZW5jb2RlX3RhZyI6InhwaWRzLjkwMHg1MDYuc2RyLkMzIn0%3D&_nc_ohc=-pvlkw2XZ4sQ7kNvwFkBb5k&_nc_oc=AdlLnYimXEcg9FbE9Pa7XRPJ3Mp9jfCoDJ6eDAW9SVUw1pRVAPYv-uGF2ocfUVWg6N1uZzA3XN6CfzfpkB9wzzTu&_nc_ad=z-m&_nc_cid=0&_nc_zt=23&_nc_ht=scontent-fra3-2.cdninstagram.com&_nc_gid=eMNldd7LkaJ6BQCgk6Z2eg&oh=00_Afiw203Yh6sV3k_0h89Rh1Ze7P7CcA3Vla0T5yR0kH7PCw&oe=69311E17;Kırklareli’mizin Kurtuluşunun 103. yılı kutlamaları kapsamında, yarın semalarımızda muhteşem bir gösteri gerçekleştirecek olan SoloTürk ekibini makamımızda ağırladık. Gösteri Takımı Komutanı Pilot Yarbay Murat Bakıcı, Pilot Binbaşı Mustafa Erhan Aydemir, Üsteğmen Ş. Alper Şen ve Astsubay Üstçavuş Muhammed Bölükbaşı ile bir araya gelmekten büyük mutluluk duyduk.  Kırklareli semalarında gerçekleştirecekleri gösteriyle hepimizi büyüleyecek olan SoloTürk’ü  izlemek için tüm hemşehrilerimizi yarın etkinliğimize davet ediyorum.  Haydi Kırklareli! Gelin kurtuluşumuzun coşkusunu hep birlikte yaşayalım! 🇹🇷;
https://www.instagram.com/p/DQ3xPunDAmW/;Photo;380;1;0;2025-11-10 12:45:33;https://scontent-fra5-1.cdninstagram.com/v/t51.82787-15/581021639_18538503961020172_4108558560992646421_n.jpg?stp=dst-jpg_e35_tt6&_nc_cat=110&ig_cache_key=Mzc2MjY5MjU5ODgwOTc1ODEwMg%3D%3D.3-ccb7-5&ccb=7-5&_nc_sid=58cdad&efg=eyJ2ZW5jb2RlX3RhZyI6InhwaWRzLjE0NDB4MTgwMC5zZHIuQzMifQ%3D%3D&_nc_ohc=wiMmRxZ452oQ7kNvwFYxG7b&_nc_oc=AdngcU9FpqSuRc9GF2lPeNO75Z9sItuGkNoDE7-jnqMaCdl0twLSaWh_8pGsresKmUlDAhVGHrH6AgylVE8BhmpO&_nc_ad=z-m&_nc_cid=0&_nc_zt=23&_nc_ht=scontent-fra5-1.cdninstagram.com&_nc_gid=eMNldd7LkaJ6BQCgk6Z2eg&oh=00_Afi-SBR3kRhSg70KhzYB0Jz2XUVedbaBjKC7UcosDVTOng&oe=69311A2F;Değerli Hemşehrilerim,  Yarın, Kurtuluşumuzun 103. yılını gökyüzüne kazıyacağız.  SoloTürk, yani Türk Hava Kuvvetlerimizin çelik pençesi, cesaretin sesi, Kırklareli semalarında olacak.  Saat 16.30’da, Türk Hava Kuvvetlerimizin gururu SoloTürk, Kırklareli’nin kurtuluş coşkusunu gökyüzüne yazacak.  Bu coşkuyu hep birlikte yaşamak için sizleri bu muhteşem gösteriye bekliyorum. Gösteri alanına ulaşmak için, Şevket Dingiloğlu Parkımızın önünden, 14.00-16.00 saatleri arasında düzenli aralıklarla hareket edecek olan ücretsiz servislerlerimizi kullanabilirsiniz.  Gelin, tarihimize yakışır bir coşkuya hep birlikte imza atalım. 🇹🇷💙;
https://www.instagram.com/p/DQ3mzIwjGH3/;Carousel;368;0;0;2025-11-10 11:14:16;https://scontent-fra5-2.cdninstagram.com/v/t51.82787-15/580045048_18538496698020172_901841534124679518_n.jpg?stp=dst-jpg_e35_tt6&_nc_cat=109&ig_cache_key=Mzc2MjY0NjY0NTg4MDk0NzAzOA%3D%3D.3-ccb7-5&ccb=7-5&_nc_sid=58cdad&efg=eyJ2ZW5jb2RlX3RhZyI6InhwaWRzLjEyMjB4ODEzLnNkci5DMyJ9&_nc_ohc=w8xXvayp3j8Q7kNvwE7Prg5&_nc_oc=AdkHOd_jdj0EeD_-wyFDlVC2o6OeR3jIA8DEpcqc_PF7rQ32dNjtQ2JE7mt9A2lwcYz5qW6iRAj6LVL6nYu6Ldl4&_nc_ad=z-m&_nc_cid=0&_nc_zt=23&_nc_ht=scontent-fra5-2.cdninstagram.com&_nc_gid=eMNldd7LkaJ6BQCgk6Z2eg&oh=00_AfiN2zhYavP1O-GTEbSIOp5p-gC1G61J3jTJ1dqzCh_SCg&oe=6930FC75;"Cumhuriyetimizin kurucusu Gazi Mustafa Kemal Atatürk’ün aramızdan ayrılışının 87. yıl dönümü vesilesiyle, Kırklareli Halk Eğitim Merkezimizde Valiliğimiz tarafından düzenlenen anma programına katıldık.  Büyük Önderimizi; fikirleriyle, idealleriyle ve milletimize bıraktığı eşsiz mirasla bir kez daha saygı, rahmet ve minnetle andık. Onun gösterdiği çağdaş uygarlık yolunda azimle yürümeye devam edeceğiz.  🇹🇷";
https://www.instagram.com/p/DQ3i3QZjM7W/;Reels;3749;9;70400;2025-11-10 10:42:56;https://scontent-fra5-2.cdninstagram.com/v/t51.71878-15/576663008_845074828028462_487168684882478816_n.jpg?stp=dst-jpegr_e15_tt6&_nc_cat=107&ig_cache_key=Mzc2MjYyOTM0NDQ1MjQ2NDM0Mg%3D%3D.3-ccb7-5&ccb=7-5&_nc_sid=58cdad&efg=eyJ2ZW5jb2RlX3RhZyI6InhwaWRzLjY0MHgxMTM2Lmhkci5DMyJ9&_nc_ohc=qsMiw0UgiZAQ7kNvwECfRjG&_nc_oc=AdmbhCqTGIuF6UR44-9fKsSCl6ZoxMcTZitaOQElX2sPUbdXcCoPVBjBYmW0lyXyEG2eOCOUwG5guPg_UPzbMMZ9&_nc_ad=z-m&_nc_cid=0&_nc_zt=23&se=-1&_nc_ht=scontent-fra5-2.cdninstagram.com&_nc_gid=eMNldd7LkaJ6BQCgk6Z2eg&oh=00_AfgoajmJ0tTtB1fYoVIMDiWS4kgzPZHWiptseoPROzJohw&oe=693115B0;Ulu Önder Gazi Mustafa Kemal Atatürk’ün aramızdan ayrılışının 87. yılında, Özgürlük ve Demokrasi Meydanımızda düzenlenen törende, Ata’mızın aziz hatırası önünde saygıyla eğildik. Atatürk Anıtı’na çelengimizi sunarak, O’na duyduğumuz derin minneti ve sonsuz özlemi bir kez daha ifade ettik.;
https://www.instagram.com/p/DQ3ccZYjMu8/;Carousel;932;2;0;2025-11-10 09:43:46;https://scontent-fra3-1.cdninstagram.com/v/t51.82787-15/576585216_18538489651020172_1213299129869207878_n.jpg?stp=dst-jpg_e35_tt6&_nc_cat=101&ig_cache_key=Mzc2MjYwMTEwMTYzNjcyMjgxOQ%3D%3D.3-ccb7-5&ccb=7-5&_nc_sid=58cdad&efg=eyJ2ZW5jb2RlX3RhZyI6InhwaWRzLjEyODB4ODUzLnNkci5DMyJ9&_nc_ohc=BVSapgLiw7oQ7kNvwG4myUU&_nc_oc=Adl_Iu97UEA2WAtKUf_CKKx4xHplw6zMjO_10oGjuBIzzz6_6QykY_kKDx_cSye2VOMrkUiPR3Wj5BcIHZxbm23T&_nc_ad=z-m&_nc_cid=0&_nc_zt=23&_nc_ht=scontent-fra3-1.cdninstagram.com&_nc_gid=eMNldd7LkaJ6BQCgk6Z2eg&oh=00_Afhc_rgNCSkx_LdlquYAR85fK-kiarxC6sSHuo91QAyUMg&oe=69311205;"Gazi Mustafa Kemal Atatürk’ün ebediyete irtihalinin 87. yıl dönümü vesilesiyle düzenlenen törende, Atatürk Anıtı’na çelengimizi sunduk; Cumhuriyetimizin kurucusu, büyük önderimiz Gazi Mustafa Kemal Atatürk’ü rahmet, minnet ve saygıyla andık.  Aziz Atatürk, emanetin emin ellerdedir. Fikirlerin, ilkelerin ve gösterdiğin hedefler, daima yolumuzu aydınlatmaya devam edecektir.  Ruhun şad olsun! 🇹🇷";
https://www.instagram.com/p/DQ3YCeeDOLl/;Reels;520;18;34134;2025-11-10 09:05:00;https://scontent-fra5-1.cdninstagram.com/v/t51.71878-15/575974929_2320349285068253_3331409466150324415_n.jpg?stp=dst-jpg_e15_tt6&_nc_cat=110&ig_cache_key=Mzc2MjU4MTczNjk2Mjk3NDQzNw%3D%3D.3-ccb7-5&ccb=7-5&_nc_sid=58cdad&efg=eyJ2ZW5jb2RlX3RhZyI6InhwaWRzLjY0MHgzNjAuc2RyLkMzIn0%3D&_nc_ohc=1dFk5h9MQYUQ7kNvwFGIgDO&_nc_oc=Adl3bK8FQ5NRoU22xnG8g3kc66Kx0ETfaEgV2xzJzXBcaw98WuYP8lKPdH_9oKTmO1l2oZkSNneo3GYvRv4-4mWh&_nc_ad=z-m&_nc_cid=0&_nc_zt=23&_nc_ht=scontent-fra5-1.cdninstagram.com&_nc_gid=eMNldd7LkaJ6BQCgk6Z2eg&oh=00_Afhjvz8okSw_OgirXc6pvVE74BBQB5kcUk78HMw9FLkjBg&oe=69312320;Kırklareli Belediyesi Çocuk Koromuzun,  29 Ekim Cumhuriyet Bayramımızda gerçekleştirdikleri konserde ilk kez seslendirdikleri “Adı Mustafa Kemal” adlı, söz ve müziği Koro Şefimiz Barış Gülhane’ye ait olan eseri sizlerle paylaşmaktan mutluluk duyuyoruz. Rüyasında Atatürk’ü gören küçük bir çocuğun duygularını konu alan eser, Kırklareli Belediyesi Çocuk Koromuzun  yorumuyla hayat buldu. Özel olarak hazırlanan animasyon klibini izleyeceğiniz eserin yaratılmasında emeği geçenlere ve çocuk koromuza çok teşekkür ediyor, Büyük Önder Gazi Mustafa Kemal Atatürk’ün aziz hatırası önünde bir kez daha saygı ve minnetle eğiliyorum.;
https://www.instagram.com/p/DQ3ChNEChnB/;Photo;480;4;0;2025-11-10 05:57:14;https://scontent-fra5-2.cdninstagram.com/v/t51.82787-15/575511901_18538469287020172_1032345369250120006_n.jpg?stp=dst-jpg_e35_tt6&_nc_cat=107&ig_cache_key=Mzc2MjQ4NzA5MTU1MzUwNzc3Nw%3D%3D.3-ccb7-5&ccb=7-5&_nc_sid=58cdad&efg=eyJ2ZW5jb2RlX3RhZyI6InhwaWRzLjE0NDB4MTgwMC5zZHIuQzMifQ%3D%3D&_nc_ohc=nJwPSxL4VVMQ7kNvwF3Kwj6&_nc_oc=AdnFOiBFNR-YXoFxTHfJDkppyNKEtrReLiHJ-P_7-kNzGW5eYY9LFtwVtCQZRscVLPj1okHx0dj26qzhSw0KOUXw&_nc_ad=z-m&_nc_cid=0&_nc_zt=23&_nc_ht=scontent-fra5-2.cdninstagram.com&_nc_gid=eMNldd7LkaJ6BQCgk6Z2eg&oh=00_Afie1UcTtXVh3mhVJb4T_ZgcLMyCAPoMElObvJqGf1v7Tg&oe=693124DC;"Değerli Hemşehrilerim,  Her 10 Kasım’da bir kez daha anlıyoruz ki; Gazi Mustafa Kemal Atatürk’ün izi asla silinmeyecek. Fikirleri, karanlık günlerimizde yolumuzu aydınlatan bir yıldız gibi parlayacak ve bize emanet ettiği Cumhuriyet, yarınlara yürüyüşümüzde en sağlam rehberimiz olmaya devam edecek.  Ebediyete irtihalinin 87. yıl dönümünde, Aziz Atatürk’ü saygı, rahmet ve minnetle anıyorum.  Ruhun şad olsun, Atam!  Emanetin, bugün de yarın da emin ellerde…";
https://www.instagram.com/p/DQxP_LBDBg5/;Reels;800;1;48421;2025-11-08 00:00:30;https://scontent-fra3-2.cdninstagram.com/v/t51.71878-15/575513126_1867917777926222_1557457537766152867_n.jpg?stp=dst-jpg_e15_tt6&_nc_cat=111&ig_cache_key=Mzc2MDg1NzQ3NTY4NDUwNTY1Nw%3D%3D.3-ccb7-5&ccb=7-5&_nc_sid=58cdad&efg=eyJ2ZW5jb2RlX3RhZyI6InhwaWRzLjY0MHgxMTM2LnNkci5DMyJ9&_nc_ohc=W6vILhGxGNgQ7kNvwFtarFd&_nc_oc=AdnQjrOBosBYIMh_Xt-7B4fDDx_04PRDLLP1cSIpkoxSbtbHxvTIFC7uyDGxxe9nYdgMoiAhaWSdIe93dFrrh6g8&_nc_ad=z-m&_nc_cid=0&_nc_zt=23&_nc_ht=scontent-fra3-2.cdninstagram.com&_nc_gid=eMNldd7LkaJ6BQCgk6Z2eg&oh=00_Afhv2IiOPRS3DQV8KK0DIstRUwjMB1Ikc0E4zLWnajWt0Q&oe=6931108C;"Değerli Hemşehrilerim, Sevgili Basketbolseverler, 🏀 TKBL’de muazzam bir performans ortaya koyan Kırklareli Belediyesi FBO Kadın Basketbol Takımımızı yarın, her zamanki gibi tribünlerde büyük bir coşku ile desteklemeyi planlıyorduk. Ancak yaşanan münferit bir olay nedeniyle maçın seyircisiz oynanmasına karar verildi. 🏀 Bu karar kabul edilebilir değil; çünkü bir şehrin tamamı münferit bir olayla cezalandırılamaz. Yarın tribünlerde olamayacağız belki ama Yeni Kapalı Spor Salonu’nun dışına kuracağımız dev ekranda aynı coşku ve enerjiyle takımımızın yanında olacağız.  Gelin, en güçlü cevabı birlik olarak verelim ve saat 16.00’da dev ekran karşısında buluşalım. Kırklareli’nin yüreğini ve kararlılığını hep birlikte gösterelim. 💙♥️🏀";
https://www.instagram.com/p/DQxCe0xjPcY/;Carousel;753;2;0;2025-11-07 22:01:28;https://scontent-fra3-2.cdninstagram.com/v/t51.82787-15/573141639_18537970684020172_7226011277855404671_n.jpg?stp=dst-jpg_e35_tt6&_nc_cat=104&ig_cache_key=Mzc2MDc5ODA2NzY0NjU0NjIzMA%3D%3D.3-ccb7-5&ccb=7-5&_nc_sid=58cdad&efg=eyJ2ZW5jb2RlX3RhZyI6InhwaWRzLjE0NDB4MTAxMS5zZHIuQzMifQ%3D%3D&_nc_ohc=dvWUtTLFerYQ7kNvwHrFB8-&_nc_oc=Adm2yxCjK41sE1x-Zsxvp7_C7810ZDymkQXiyXwax2ksPu1-B7qwB9IOtGK9hha0VmTQPx5O25k1f2S3cqqdoUiO&_nc_ad=z-m&_nc_cid=0&_nc_zt=23&_nc_ht=scontent-fra3-2.cdninstagram.com&_nc_gid=eMNldd7LkaJ6BQCgk6Z2eg&oh=00_Afh_GAuqk43L5Lc3uG1RoR4-w3xzPT1kU9p1qmclFqhXDg&oe=69311DCC;Milliyetçi Hareket Partimizin Genel Merkezi’nde düzenlenen “Belediye Başkanları İstişare ve Değerlendirme Toplantısı” sonrası, Genel Başkanımız Sayın Devlet Bahçeli Beyefendi’nin teşrifleriyle, ATO Congresium’da düzenlenen yemek programına katıldık.;
https://www.instagram.com/p/DQww9hJDI2P/;Carousel;315;1;0;2025-11-07 19:28:23;https://scontent-iad3-2.cdninstagram.com/v/t51.82787-15/573684262_18537935332020172_424466578910953046_n.jpg?stp=dst-jpg_e35_tt6&_nc_cat=100&ig_cache_key=Mzc2MDcyMTAxNjc5NzMwNTUwNg%3D%3D.3-ccb7-5&ccb=7-5&_nc_sid=58cdad&efg=eyJ2ZW5jb2RlX3RhZyI6InhwaWRzLjE0NDB4MTA4MC5zZHIuQzMifQ%3D%3D&_nc_ohc=t31_w0L6xz4Q7kNvwGfUA-f&_nc_oc=AdlBxb54LuDwwTQSQ4kMNAaRSCTNJJYTkSL12Y5feZzJHUqse100HKKU0jt9QFR78ACLoEyRdDc6yRi8yfkWI8-j&_nc_ad=z-m&_nc_cid=0&_nc_zt=23&_nc_ht=scontent-iad3-2.cdninstagram.com&_nc_gid=xwhCLyVAvat8biqhF8CCaQ&oh=00_Afihv5Ap--D412lAkhI5WQ3N6tLHLMG-akGMtnU5NjGwcA&oe=69310D39;Genel Başkanımız Sayın Devlet Bahçeli Beyefendi’nin himayelerinde, Yerel Yönetimlerden Sorumlu Genel Başkan Yardımcımız Sayın Sadir Durmaz’ın katılımlarıyla, Milliyetçi Hareket Partisi Genel Merkezi’nde düzenlenen “Belediye Başkanları İstişare ve Değerlendirme Toplantısı”na iştirak ettik.  Yerel yönetim çalışmalarına ilişkin değerlendirmelerin yapıldığı toplantıda, şehir yönetimlerinde “Üretken Belediyecilik” anlayışı çerçevesinde yürütülen hizmetler ve gelecek dönem hedefleri ele alındı.  Şehirlerimizi daha yaşanabilir, daha güçlü ve daha üretken kılmak adına, aynı inanç ve kararlılıkla çalışmaya devam edeceğiz.;
https://www.instagram.com/p/DQwKZEfjENa/;Reels;1108;34;47343;2025-11-07 13:56:52;https://scontent-iad3-2.cdninstagram.com/v/t51.71878-15/575751590_1199990655279598_9160329821219694305_n.jpg?stp=dst-jpegr_e15_tt6&_nc_cat=103&ig_cache_key=Mzc2MDU1MTM5MjEzMDY0Njg3NA%3D%3D.3-ccb7-5&ccb=7-5&_nc_sid=58cdad&efg=eyJ2ZW5jb2RlX3RhZyI6InhwaWRzLjY0MHgxMTM2Lmhkci5DMyJ9&_nc_ohc=UtJiUvuwq2IQ7kNvwE_lZdb&_nc_oc=AdnOypgbQN1JBNiUPflaARuhwyM5_mOVrofhEWVKzKIw5G78gvTGqeWTR5nlp_3mjZupnvJbExwI5zStm-SFlGSz&_nc_ad=z-m&_nc_cid=0&_nc_zt=23&se=-1&_nc_ht=scontent-iad3-2.cdninstagram.com&_nc_gid=xwhCLyVAvat8biqhF8CCaQ&oh=00_Afjuy2gzxQ0H6PDW2Dsj7eQy_sF4irYqTUaPnPXR-7noZg&oe=693116F3;Değerli Hemşehrilerim,  Güzel Kırklareli’mizin yarınlarını güvence altına alacak olan altyapı projemizin, artık ihale sürecine gelmiş olduğunu sizlerle paylaşmaktan mutluluk duyuyorum.  Çok yakın bir süreçte gerçekleştirilecek ihale sonrasında, Asrın Projesi’ne kazmayı vuruyoruz. İhalenin, İLBANK A.Ş. tarafından yapılacağını da özellikle belirtmek istiyorum.  Biz, kolay olanı değil, zor olanı seçtik. Önce zahmet, sonra rahmet.  Hep birlikte başaracağız. Kırklareli’mize hayırlı, uğurlu olsun. 💙;
https://www.instagram.com/p/DQv--ZejGl1/;Photo;245;0;0;2025-11-07 12:11:35;https://scontent-iad3-1.cdninstagram.com/v/t51.82787-15/574769422_18537862948020172_70843054231449430_n.jpg?stp=dst-jpg_e35_tt6&_nc_cat=104&ig_cache_key=Mzc2MDUwMTE4MDcyNDk2MzcwMQ%3D%3D.3-ccb7-5&ccb=7-5&_nc_sid=58cdad&efg=eyJ2ZW5jb2RlX3RhZyI6InhwaWRzLjE0NDB4MTA4MC5zZHIuQzMifQ%3D%3D&_nc_ohc=vUGWbYHcKbIQ7kNvwGFJ6QM&_nc_oc=AdkoNTce_yh-cFkmXpZDFiO2Xy1iphctPgYIxI_xuA1B2eIDcnnGZlbdLCqvZGeyvh1tFJAezg3KjglnoOl7bu4e&_nc_ad=z-m&_nc_cid=0&_nc_zt=23&_nc_ht=scontent-iad3-1.cdninstagram.com&_nc_gid=xwhCLyVAvat8biqhF8CCaQ&oh=00_AfhdYitdSqC1QkyW2qpKTJBOXOHhg-V3HD00AhTJSi_bHA&oe=69310938;"Değerli Hemşehrilerim,  Çevre, Şehircilik ve İklim Değişikliği Bakanlığı Yerel Yönetimler Genel Müdürü Sayın Turan Konak’ı makamında ziyaret ettik.  Kırklareli’mizin geleceğini kurtaracak altyapı projemiz dahilinde bulunan; içme suyu, yağmur suyu ve kanalizasyon çalışmalarımız için gerekli Bakanlık izinlerimizin alındığını, siz değerli hemşehrilerimle paylaşmaktan büyük mutluluk duyuyorum.  Bu süreçte desteklerini esirgemeyen Çevre, Şehircilik ve İklim Değişikliği Bakanımız Sayın Murat Kurum’a ve Yerel Yönetimler Genel Müdürü Sayın Turan Konak’a şükranlarımı sunuyorum. Her şey daha yaşanılabilir bir Kırklareli için. 💙";
https://www.instagram.com/p/DQvv-hYDARb/;Reels;2353;125;73828;2025-11-07 10:07:42;https://scontent-iad3-2.cdninstagram.com/v/t51.71878-15/573978623_825471960097733_8683366400461531457_n.jpg?stp=dst-jpg_e15_tt6&_nc_cat=100&ig_cache_key=Mzc2MDQzNTIxODUwODE1Mzk0NzEwNzk2ODc5MTA3NzE2NTg%3D.3-ccb7-5&ccb=7-5&_nc_sid=58cdad&efg=eyJ2ZW5jb2RlX3RhZyI6InhwaWRzLjY0MHgxMTM2LnNkci5DMiJ9&_nc_ohc=5yNm2cgCqJoQ7kNvwFURm6O&_nc_oc=Adk_hKr0eLYZb7Dlzw7qz6aZspsDD8F75PB3DfaEvTuHiawdUubDtk0bj76uuFuYHhwe74tLRlxC_aFN5cCUhOQM&_nc_ad=z-m&_nc_cid=0&_nc_zt=23&_nc_ht=scontent-iad3-2.cdninstagram.com&_nc_gid=xwhCLyVAvat8biqhF8CCaQ&oh=00_AfhBAXexb0uvaBgzcKIxaHKAFChy0-5tbnBQUZmt4JO6Yw&oe=69311BFD;Değerli Hemşehrilerim, Dün, kıymetli basın mensuplarımızla bir araya gelerek 1,5 yıllık görev sürecimizde neler yaptığımızı ve bundan sonra hangi projeleri hayata geçireceğimizi kendileriyle paylaştık. Bilgilendirme toplantımızın ardından gelen soruları içtenlikle yanıtladık.;
https://www.instagram.com/p/DQumTHNDsBl/;Reels;1002;5;34313;2025-11-06 23:18:40;https://scontent-iad3-2.cdninstagram.com/v/t51.71878-15/573630413_803918605848984_106333917567501839_n.jpg?stp=dst-jpegr_e15_tt6&_nc_cat=106&ig_cache_key=Mzc2MDExMTE3ODA3MzY4NjExNw%3D%3D.3-ccb7-5&ccb=7-5&_nc_sid=58cdad&efg=eyJ2ZW5jb2RlX3RhZyI6InhwaWRzLjY0MHgxMTM2Lmhkci5DMyJ9&_nc_ohc=WVgTvANzbKQQ7kNvwG9jzRD&_nc_oc=AdmTgX49_cFYHwfSPg3_diYzwit7l-Mz7Ran1JdWZ13b4oTfaLVhKHzQAdSnvcLBPvBp5QWhEWc2HW8ugfOOtCRR&_nc_ad=z-m&_nc_cid=0&_nc_zt=23&se=-1&_nc_ht=scontent-iad3-2.cdninstagram.com&_nc_gid=xwhCLyVAvat8biqhF8CCaQ&oh=00_AfjXHm6r7L9DDv1vhkcNMNQgt6FVZ-r8DX3ZwDNGlP_BzA&oe=69310F67;Değerli Hemşehrilerim, Bu yıl, Kurtuluş Bayramımızı, Türk Hava Kuvvetlerimizin gökyüzündeki gururu SOLOTÜRK’ün gösteri uçuşuyla taçlandırıyoruz. 🇹🇷 Tüm hemşehrilerimi, 11 Kasım Salı günü, saat 16.30’da, Kırklareli Üniversitesi Kayalı Kampüsü’nde bu coşku ve heyecanı birlikte yaşamaya davet ediyorum. 🇹🇷;
https://www.instagram.com/p/DQuaJqljGMF/;Reels;1067;29;49674;2025-11-06 21:31:23;https://scontent-iad3-2.cdninstagram.com/v/t51.71878-15/573341632_1129271868947772_2443958162572162857_n.jpg?stp=dst-jpg_e15_tt6&_nc_cat=111&ig_cache_key=Mzc2MDA1Nzc1MjMxMjYzNjE2NQ%3D%3D.3-ccb7-5&ccb=7-5&_nc_sid=58cdad&efg=eyJ2ZW5jb2RlX3RhZyI6InhwaWRzLjY0MHgzNjAuc2RyLkMzIn0%3D&_nc_ohc=jNzXyA4WTe8Q7kNvwG1fS1N&_nc_oc=AdkILimRaZQW55vLlVbgNJXXqXJB4MG6QmXgz7C2rhZhnb1AhzmPT1-0FNyRUlDxwwpbrgO8IHGMlv8BWPr1nqAq&_nc_ad=z-m&_nc_cid=0&_nc_zt=23&_nc_ht=scontent-iad3-2.cdninstagram.com&_nc_gid=xwhCLyVAvat8biqhF8CCaQ&oh=00_AfhsjPGQREhLfKs9wbDMlnk43fvaUyR-fi7Le35XurVtzw&oe=69310657;Değerli Hemşehrilerim, Cumhuriyet Mahallemize kazandıracağımız 5347 metrekarelik alanda, spor tesisimizin çevresinin peyzaj projesini tamamladık. Kırklareli’mize ve Cumhuriyet Mahallemize hayırlı, uğurlu olsun. Her şey daha yaşanılabilir bir Kırklareli için. 💙;
https://www.instagram.com/p/DQt4AOCDJma/;Photo;276;0;0;2025-11-06 16:32:11;https://scontent-iad3-1.cdninstagram.com/v/t51.82787-15/574194368_18537683605020172_4213106754912784810_n.jpg?stp=dst-jpg_e35_tt6&_nc_cat=110&ig_cache_key=Mzc1OTkwNzU2OTU5NTYxOTczOA%3D%3D.3-ccb7-5&ccb=7-5&_nc_sid=58cdad&efg=eyJ2ZW5jb2RlX3RhZyI6InhwaWRzLjE0NDB4OTYwLnNkci5DMyJ9&_nc_ohc=szr16y1IwxAQ7kNvwFzSRLr&_nc_oc=AdnAYfVpGyWNxMr3JXYUEypCh8MxCzLAOd64fiFBa-76j0MwzIgzAx-RYaOS0Tmq4X6nO7-TXScRYJEJ8NXGjx44&_nc_ad=z-m&_nc_cid=0&_nc_zt=23&_nc_ht=scontent-iad3-1.cdninstagram.com&_nc_gid=xwhCLyVAvat8biqhF8CCaQ&oh=00_AfjD5mtmAVUIaQJa2jvtOsCkIKa9aBCa8MVVnxrccvabgA&oe=693121CB;Kırklareli’mizin Düşman İşgalinden Kurtuluşunun 103. Yılı vesilesiyle düzenleyeceğimiz etkinliklerimizin davetiyesini, Valimiz Sayın Uğur Turan’a Valilik makamında takdim ettik. Nazik kabulleri ve güzel dilekleri için Sayın Valimize teşekkür ediyorum. Kurtuluş Bayramımız, birlik ve beraberliğimizin simgesi olarak tüm hemşehrilerimize şimdiden kutlu olsun.  🇹🇷;
https://www.instagram.com/p/DQtsTTBjB6z/;Photo;416;3;0;2025-11-06 14:49:56;https://scontent-iad3-1.cdninstagram.com/v/t51.82787-15/572491613_18537669664020172_4575238253921368939_n.jpg?stp=dst-jpg_e35_tt6&_nc_cat=101&ig_cache_key=Mzc1OTg1NjEwNDA2NzgzMzUyMw%3D%3D.3-ccb7-5&ccb=7-5&_nc_sid=58cdad&efg=eyJ2ZW5jb2RlX3RhZyI6InhwaWRzLjE0NDB4ODA4LnNkci5DMyJ9&_nc_ohc=B5LgXjlgL0sQ7kNvwEc7iga&_nc_oc=AdmnqmrPn2Ax_09B_YvAi-GaKFDk-pFoNXQpt9iQHQwa7NpIHcMXyF-UEpHw6P6NJcgG_Gaq0nOL28PbP2WSrjvp&_nc_ad=z-m&_nc_cid=0&_nc_zt=23&_nc_ht=scontent-iad3-1.cdninstagram.com&_nc_gid=xwhCLyVAvat8biqhF8CCaQ&oh=00_Afgowxmti71nQrLQw3uPbUrlbXnhBIvJh7yEZdrklOzBdA&oe=6930FBD1;Gençlik ve Spor İl Müdürümüz Emrah Yüksel Babuşçu’yu, Kırklareli Eğitim ve Araştırma Hastanemizde ziyaret ederek kendisine geçmiş olsun dileklerimizi ilettik. Tüm hastalarımıza acil şifalar diliyorum. 💙;
https://www.instagram.com/p/DQsCirvjq-S/;Carousel;644;4;0;2025-11-05 23:25:48;https://scontent-iad3-1.cdninstagram.com/v/t51.82787-15/565548070_18537520900020172_8068498248873664480_n.jpg?stp=dst-jpg_e35_tt6&_nc_cat=104&ig_cache_key=Mzc1OTM5MDk1NTM3Njg5NDMyMg%3D%3D.3-ccb7-5&ccb=7-5&_nc_sid=58cdad&efg=eyJ2ZW5jb2RlX3RhZyI6InhwaWRzLjE0NDB4OTU5LnNkci5DMyJ9&_nc_ohc=mUlam15N2D0Q7kNvwF72agp&_nc_oc=AdlJHw6JyU9w6AUqByi5uEeW8lFwViflX7a20SVyC5HsHw1sdMYd4k2ZykQh7lGGvtB_BXoLFnTJWsjN_7duyl8o&_nc_ad=z-m&_nc_cid=0&_nc_zt=23&_nc_ht=scontent-iad3-1.cdninstagram.com&_nc_gid=xwhCLyVAvat8biqhF8CCaQ&oh=00_AfjoSdbladr3iNkm-WlqJVWUGOmSiEgVyUuWxZgcKDCngw&oe=6931150A;Genel Başkanımız Sayın Devlet Bahçeli Beyefendi’nin talimatlarıyla başlatılan #HayırlıGünlerKomşum ve #DerdinDerdimizdir programı kapsamında ilk ziyaretimizi Karakaş Mahallemizde gerçekleştirdik ve Özay ailesinin misafiri olduk. Kıymetli ailemize misafirperverlikleri için teşekkür ederiz.;
https://www.instagram.com/p/DQrOmKvjH_S/;Carousel;370;0;0;2025-11-05 15:51:53;https://scontent-iad3-1.cdninstagram.com/v/t51.82787-15/573052952_18537426181020172_3331658459732228543_n.jpg?stp=dst-jpg_e35_tt6&_nc_cat=108&ig_cache_key=Mzc1OTE2MjUwMDc4MTQ5MTAyNA%3D%3D.3-ccb7-5&ccb=7-5&_nc_sid=58cdad&efg=eyJ2ZW5jb2RlX3RhZyI6InhwaWRzLjkwMHg1MDYuc2RyLkMzIn0%3D&_nc_ohc=rDbVT5UuE-AQ7kNvwGz0qok&_nc_oc=Adns5IXvd0__zI5vzn5Rc3neZ9GbVUbuIroNbNgvilXh9RjECV97jW56dDSw3rWaS8wbHSddsoUape-Ye-oAneaV&_nc_ad=z-m&_nc_cid=0&_nc_zt=23&_nc_ht=scontent-iad3-1.cdninstagram.com&_nc_gid=xwhCLyVAvat8biqhF8CCaQ&oh=00_AfjHVhWL7z_k6ysilEqj89e38HCVcPpCQPSgFuRwrhKq5w&oe=69312814;2-8 Kasım Lösemili Çocuklar Haftası dolayısıyla, Lösemili Çocuklar Vakfı (LÖSEV) Kırklareli İl Temsilcisi Sayın Seher Erçek ve beraberindeki kıymetli heyet konuğumuz oldular. Hayata inançla tutunan tüm çocuklarımız için, farkındalık ve dayanışmayı büyütmeye devam edeceğiz.  Her zaman onların yanındayız, her zaman destekçileri olacağız.  💙🧡;
https://www.instagram.com/p/DQmlAW4DIsE/;Carousel;453;2;0;2025-11-03 20:31:30;https://scontent-iad3-1.cdninstagram.com/v/t51.82787-15/573535818_18537116593020172_4877279761469715441_n.jpg?stp=dst-jpg_e35_tt6&_nc_cat=102&ig_cache_key=Mzc1Nzg1MzY4MDU5MTQ0MDExMw%3D%3D.3-ccb7-5&ccb=7-5&_nc_sid=58cdad&efg=eyJ2ZW5jb2RlX3RhZyI6InhwaWRzLjc4NXg1MzEuc2RyLkMzIn0%3D&_nc_ohc=K1cWHI4iFDAQ7kNvwGFF92Q&_nc_oc=Adm7P6n9v-oX6490jCPUoR-CFzzj3Ii6pAHyvUvQuEZkiqPaN9LE9seR-lnD6kf-bGLy9IcTZ9T3HqahRdR-fHhW&_nc_ad=z-m&_nc_cid=0&_nc_zt=23&_nc_ht=scontent-iad3-1.cdninstagram.com&_nc_gid=xwhCLyVAvat8biqhF8CCaQ&oh=00_Afhf6TW28LoTwzwZnhGuATXoNaUadV_LDBKTz6Z3aWLJBw&oe=693120A4;Genel Başkanımız Sayın Devlet Bahçeli Beyefendi’nin himayelerinde düzenlenen, gelenek ile geleceği, sözü ve imgeyi buluşturan “Ulu Bozkırın Ruhu – Türk Dünyası Ressamları Cengiz Aytmatov’u Anıyor” temalı uluslararası resim sergisinin açılışına katıldık. Cengiz Aytmatov’un felsefesini ve eserlerini seçkin ressamların fırçalarından yansıtan bu tablolar aracılığıyla, Türk dünyasının ortak kültürünü ve sanatın birleştirici gücünü görmekten büyük bir mutluluk duydum. Köklü mirasımızın geleceğe taşındığı bu anlamlı etkinlikte emeği geçen herkese teşekkür ediyorum.;
https://www.instagram.com/p/DQjc5lXDD0g/;Carousel;263;1;0;2025-11-02 15:22:57;https://scontent-iad3-1.cdninstagram.com/v/t51.82787-15/573837752_18536907490020172_8430624659601882881_n.jpg?stp=dst-jpg_e35_tt6&_nc_cat=102&ig_cache_key=Mzc1Njk3MzYwNDMzNzQwNjA5OA%3D%3D.3-ccb7-5&ccb=7-5&_nc_sid=58cdad&efg=eyJ2ZW5jb2RlX3RhZyI6InhwaWRzLjE0NDB4ODgxLnNkci5DMyJ9&_nc_ohc=O_ALStsVb-gQ7kNvwESmjmu&_nc_oc=AdnRfIAroH3onEORjg6I9LPD3NpubaYHU2Vb2_AQhX8gSpV5FI9umta67CYcA3W4Dkk0jkvv6rUTR3cwIwABhSKI&_nc_ad=z-m&_nc_cid=0&_nc_zt=23&_nc_ht=scontent-iad3-1.cdninstagram.com&_nc_gid=xwhCLyVAvat8biqhF8CCaQ&oh=00_AfhZttjM4b3PXGh0o6Os8uyc8aR_T88oCod6146dOFXnQQ&oe=69310CFC;Sultangazi Belediyesi ile Habibler Trakya ve Rumelililer Derneği tarafından düzenlenen Trakya Rumeli ve Balkan Günleri Festivali’ne katıldık.  Vatandaşlarımızla bir araya gelerek, üreticilerimizin stantlarını ziyaret ettik.  Kültürümüzü yaşatan, dayanışmayı büyüten bu anlamlı organizasyonu düzenleyen ve etkinliğe katkı sunan herkese teşekkür ediyorum.;
https://www.instagram.com/p/DQgzIinDE0f/;Carousel;372;0;0;2025-11-01 14:39:30;https://scontent.cdninstagram.com/v/t51.82787-15/573807778_18536728255020172_3999433367439315965_n.jpg?stp=dst-jpg_e35_tt6&_nc_cat=109&ig_cache_key=Mzc1NjIyNjk2NTMxMDAzNjc4MQ%3D%3D.3-ccb7-5&ccb=7-5&_nc_sid=58cdad&efg=eyJ2ZW5jb2RlX3RhZyI6InhwaWRzLjE0NDB4ODA4LnNkci5DMyJ9&_nc_ohc=1Bw7JbIgZhsQ7kNvwH9W2rl&_nc_oc=AdnaSfHqg-lxPbpu7kBKFQd3iUSl9i0z5f_FM34JKFFUpG3IHfo37OZvC91KSW-SHlQ&_nc_ad=z-m&_nc_cid=0&_nc_zt=23&_nc_ht=scontent.cdninstagram.com&_nc_gid=7ZmTsYTxfVNV0V-hzLJIQg&oh=00_AfgtTkOplf6ViDXhlrJtUQ0BKcjOq9sJPIT3nuEFeisUZg&oe=693116B1;Kırklareli Eğitim ve Araştırma Hastanesi’nde tedavi gören hastalarımızı ziyaret ettik. Kendilerine geçmiş olsun dileklerimizi ileterek, en kısa sürede sağlıklarına kavuşmalarını temenni ettik.  Tüm hastalarımıza acil şifalar, özveriyle görev yapan sağlık çalışanlarımıza da kolaylıklar diliyorum.;
https://www.instagram.com/p/DQe3QjIDPv-/;Carousel;1518;17;0;2025-10-31 20:37:04;https://scontent.cdninstagram.com/v/t51.82787-15/573715154_18536593411020172_1759672161618535694_n.jpg?stp=dst-jpg_e35_tt6&_nc_cat=102&ig_cache_key=Mzc1NTY4MjE2NDYwNDkyODc1Ng%3D%3D.3-ccb7-5&ccb=7-5&_nc_sid=58cdad&efg=eyJ2ZW5jb2RlX3RhZyI6InhwaWRzLjE0NDB4OTYwLnNkci5DMyJ9&_nc_ohc=PEvwm1hxvj0Q7kNvwHVPC0x&_nc_oc=Adn8JhtHL-SLusmGyCEZRXbtGwNVzzadDzuyK9yyS8pBMM1BRo5iyi5cNB9_qN1peLQ&_nc_ad=z-m&_nc_cid=0&_nc_zt=23&_nc_ht=scontent.cdninstagram.com&_nc_gid=7ZmTsYTxfVNV0V-hzLJIQg&oh=00_AfgNN8sPlt0Lclcoc97yrz7zqt-CUA-OXeOLgG6kMVLgEg&oe=6931090E;Dışişleri Bakanımız Sayın Hakan Fidan ile Bakanlığımızda bir araya geldik. Sayın Bakanımıza nazik kabulleri, konularımıza gösterdiği samimi ilgi, yapıcı yaklaşım ve destekleri için şükranlarımı sunuyorum.;
https://www.instagram.com/p/DQe1akUjIXB/;Photo;103;0;0;2025-10-31 20:20:58;https://scontent.cdninstagram.com/v/t51.82787-15/573141643_18536590483020172_3149697912960449418_n.jpg?stp=dst-jpg_e35_tt6&_nc_cat=107&ig_cache_key=Mzc1NTY3NDA2MTQ0NDUxNTI2NQ%3D%3D.3-ccb7-5&ccb=7-5&_nc_sid=58cdad&efg=eyJ2ZW5jb2RlX3RhZyI6InhwaWRzLjEzNTB4MTY4OC5zZHIuQzMifQ%3D%3D&_nc_ohc=j0-0HiqVVUgQ7kNvwFVI1sp&_nc_oc=AdmpwQPXCoE_cByL7WA-Ll1NyLRQu-5WGbglA7k1pEiiRTGBO1eYcWdNKs6e0Pg938Y&_nc_ad=z-m&_nc_cid=0&_nc_zt=23&_nc_ht=scontent.cdninstagram.com&_nc_gid=7ZmTsYTxfVNV0V-hzLJIQg&oh=00_AfjZ7yVzgIYejQRZCvsRt0gZnYI0sbOkdfUI7H_wgCwkcA&oe=69310932;Zorlu deplasmandan inançla, azimle ve takım ruhuyla galip dönen Kırklareli Belediyesi FBO Kadın Basketbol Takımımızı yürekten kutluyorum. Bu güzel başarı, şehrimizin sporla büyüyen enerjisinin en güçlü göstergesi! Her birinizle gurur duyuyoruz.  💙❤️;
https://www.instagram.com/p/DQeRnAYjOct/;Photo;996;4;0;2025-10-31 15:08:05;https://scontent.cdninstagram.com/v/t51.82787-15/572217986_18536543632020172_6835138102367318717_n.jpg?stp=dst-jpg_e35_tt6&_nc_cat=101&ig_cache_key=Mzc1NTUxNjU4NjUzNTc0MTIyOQ%3D%3D.3-ccb7-5&ccb=7-5&_nc_sid=58cdad&efg=eyJ2ZW5jb2RlX3RhZyI6InhwaWRzLjE0NDB4MTkyMC5zZHIuQzMifQ%3D%3D&_nc_ohc=BqdhjwwNMswQ7kNvwHxRUji&_nc_oc=Adm0-DVuouKg_qQhNeZl4Ty5Q2vCkCHcH4Z_tu7mD4JhG3cIHGWmTr3ZezA2N1EF_uk&_nc_ad=z-m&_nc_cid=0&_nc_zt=23&_nc_ht=scontent.cdninstagram.com&_nc_gid=7ZmTsYTxfVNV0V-hzLJIQg&oh=00_AfgrxLRFJUz2TBo_hkIgAE1z9kNkDTc4thgoG6fGqoGMdQ&oe=69310902;Milliyetçi Hareket Partisi Genel Başkanımız Sayın Devlet Bahçeli Beyefendi’yi makamında ziyaret ederek Kırklareli’mizle ilgili projelerimizi kıymetli görüşlerine sunduk. Şehrimize olan ilgisi, desteği ve hassasiyetleriyle her zaman yanımızda olan Sayın Genel Başkanımıza, nazik kabulleri için en içten teşekkürlerimi ve şükranlarımı sunuyorum.;
https://www.instagram.com/p/DQcgFyMji0w/;Reels;554;4;21985;2025-10-30 22:38:26;https://scontent.cdninstagram.com/v/t51.71878-15/571781717_1278129277663793_1884396732056347901_n.jpg?stp=dst-jpg_e15_tt6&_nc_cat=109&ig_cache_key=Mzc1NTAxNzMyNDMwMzYyNTUyMA%3D%3D.3-ccb7-5&ccb=7-5&_nc_sid=58cdad&efg=eyJ2ZW5jb2RlX3RhZyI6InhwaWRzLjY0MHgxMTM2LnNkci5DMyJ9&_nc_ohc=UqgLygkp6LIQ7kNvwGNa5so&_nc_oc=AdmAnZ4cmQjWaUqP9XP3hFANpHBE552h_RJ12kXobZhu8VghDHOy34jpYe-ca7vyIpk&_nc_ad=z-m&_nc_cid=0&_nc_zt=23&_nc_ht=scontent.cdninstagram.com&_nc_gid=7ZmTsYTxfVNV0V-hzLJIQg&oh=00_AfgokqEvKiP0w5JkNQaMa3fkMMj-58v9nFSfdzIEjrhouA&oe=69310A79;Dün akşam, Cumhuriyetimizin 102. yılı coşkusunu, Kırklareli Belediyesi Çocuk Koromuzun büyüleyici konseriyle taçlandırdık. 🇹🇷 Cumhuriyetimizi yaşatan, geleceğe taşıyan çocuklarımızla bir kez daha gurur duydum.  🇹🇷 Konserin ardından, günün ve gecenin yoğun duygusunu sevgili hemşehrilerimle paylaştım…  Yaşasın Türkiye Cumhuriyeti! Yaşasın Aziz Türk Milleti! Ne Mutlu Türk’üm Diyene! 🇹🇷;
