﻿PostLink;PostTürü;BeğeniSayısı;YorumSayısı;Görüntülenme Sayısı;Tarih;DisplayPhoto;Caption;Takipçi
https://www.instagram.com/p/DRprm1qDIBx/;Carousel;275;2;0;2025-11-29 21:58:18;https://scontent-ham3-1.cdninstagram.com/v/t51.82787-15/588574859_18555309064009596_764942150817974121_n.jpg?stp=dst-jpg_e35_tt6&_nc_cat=111&ig_cache_key=Mzc3Njc0MTUzNTM5Mjc3MDU5NA%3D%3D.3-ccb7-5&ccb=7-5&_nc_sid=58cdad&efg=eyJ2ZW5jb2RlX3RhZyI6InhwaWRzLjEwODB4MTM0Ni5zZHIuQzMifQ%3D%3D&_nc_ohc=nYd5VtY9ypkQ7kNvwH9b2um&_nc_oc=Adlz4VWVuC5nXkGRo6cA5Q6Sp1tAuvGm8ORrEpI0lRRR9C_1FnpJEfcwSo4VMg3sOO684xCfn4oFnStgL_xtSxiG&_nc_ad=z-m&_nc_cid=0&_nc_zt=23&_nc_ht=scontent-ham3-1.cdninstagram.com&_nc_gid=XDq_m3MYUzmvFBaNTi-Twg&oh=00_Afg93lWOt9LaWsfQL4PpYhTQBBYC3MQLA8UrCeWFVHPspw&oe=6930FA98;"Herkese anlatalım; Türkiye CHP’ye hazır, CHP Türkiye’ye hazır.";8951323
https://www.instagram.com/p/DRpg1UnjCPr/;Photo;17291;313;0;2025-11-29 20:24:09;https://scontent-ham3-1.cdninstagram.com/v/t51.82787-15/588047635_18555297448009596_963214340122087591_n.jpg?stp=dst-jpg_e35_tt6&_nc_cat=1&ig_cache_key=Mzc3NjY5NDE2NDI4NTgyNjAyNw%3D%3D.3-ccb7-5&ccb=7-5&_nc_sid=58cdad&efg=eyJ2ZW5jb2RlX3RhZyI6InhwaWRzLjEyOTB4OTYzLnNkci5DMyJ9&_nc_ohc=F7Erk60he6oQ7kNvwHorwBf&_nc_oc=AdnWxHMfuRr3vkMqJAAee27aUEBvBbQoHIcFm_G6fJu95QAKBk2orL7bR1p_xayOOkvU6A2r7_UFpiNv71vPGGfU&_nc_ad=z-m&_nc_cid=0&_nc_zt=23&_nc_ht=scontent-ham3-1.cdninstagram.com&_nc_gid=XDq_m3MYUzmvFBaNTi-Twg&oh=00_AfiLCHSS0eTCiD92LsiRNN9ojsAS2AaabC2fkW1nZeddbQ&oe=6931098F;"Türkiye Cumhuriyeti’nin kurucu partisi Cumhuriyet Halk Partimizin 39. Olağan Kurultayı’nda, tüm delegelerin oy birliğiyle yeniden Genel Başkan seçilen Özgür Özel’i içtenlikle kutluyorum.   Bu zorlu dönemde önemli bir sorumluluk üstlenen Genel Başkanımıza başarılar diliyorum.   Eminim ki hep birlikte, yeni programıyla, ilk seçimde Cumhuriyet Halk Partisi’ni iktidara taşıyacak; Türkiye’yi hak ettiği özgür, müreffeh ve güçlü geleceğe ulaştıracağız.";
https://www.instagram.com/p/DRm5we6jKZq/;Reels;91839;2231;1559876;2025-11-28 20:04:45;https://scontent-ham3-1.cdninstagram.com/v/t51.71878-15/591143566_1609964983749076_1727930114187727462_n.jpg?stp=dst-jpg_e15_tt6&_nc_cat=109&ig_cache_key=Mzc3NTk1OTM1Nzk3NzMwNjczMA%3D%3D.3-ccb7-5&ccb=7-5&_nc_sid=58cdad&efg=eyJ2ZW5jb2RlX3RhZyI6InhwaWRzLjY0MHg4MDAuc2RyLkMzIn0%3D&_nc_ohc=q8OvUPnkAkMQ7kNvwEyVndQ&_nc_oc=AdmTzWMyyhFgEuWyIRyr8wLsc3UC4noNsMdHWRsIPiKaL5dr1joo6DSZPS9HUvN2fqa-439E88XBEKhDhcn5CBOH&_nc_ad=z-m&_nc_cid=0&_nc_zt=23&_nc_ht=scontent-ham3-1.cdninstagram.com&_nc_gid=XDq_m3MYUzmvFBaNTi-Twg&oh=00_AfiRQwsJmQ1LMI4FD8r6PaF6_gdVQ2HPlGOQEksISXbBXQ&oe=69312145;Sizleri çok özledim benim güzel çocuklarım. 🫶;
https://www.instagram.com/p/DRkV2Q8jCYe/;Carousel;65305;1488;0;2025-11-27 20:11:58;https://scontent-ham3-1.cdninstagram.com/v/t51.82787-15/591526014_18554984386009596_6421249449510649715_n.jpg?stp=dst-jpg_e35_tt6&_nc_cat=105&ig_cache_key=Mzc3NTIzODQ2ODI1MTk4NTUxMA%3D%3D.3-ccb7-5&ccb=7-5&_nc_sid=58cdad&efg=eyJ2ZW5jb2RlX3RhZyI6InhwaWRzLjEwODB4MTM1MC5zZHIuQzMifQ%3D%3D&_nc_ohc=l37vavGo8OcQ7kNvwGULd_8&_nc_oc=AdmTHiRWeZ-XChs0M55EFQXXdstit7xIB-VC1nrc3kqaWjkHjsOZpclibfwqOmu3pUWIIckXC9k7o8ME59UC0I6v&_nc_ad=z-m&_nc_cid=0&_nc_zt=23&_nc_ht=scontent-ham3-1.cdninstagram.com&_nc_gid=XDq_m3MYUzmvFBaNTi-Twg&oh=00_AfiVcmVP-oGKhIUaFY9EKOfLnUuNrXEz2EdhDaanoaYJ6g&oe=69311217;Türkiye CHP’ye hazır   CHP de Türkiye’yi yönetmeye hazır.   Az kaldı…;
https://www.instagram.com/p/DRjexjDDAMM/;Reels;18377;257;777577;2025-11-27 12:11:39;https://scontent-ham3-1.cdninstagram.com/v/t51.71878-15/587111452_1364399818511981_2632021711354881180_n.jpg?stp=dst-jpg_e15_tt6&_nc_cat=107&ig_cache_key=Mzc3NDk5NjI1ODk0ODM4MzUwMA%3D%3D.3-ccb7-5&ccb=7-5&_nc_sid=58cdad&efg=eyJ2ZW5jb2RlX3RhZyI6InhwaWRzLjY0MHgzNjAuc2RyLkMzIn0%3D&_nc_ohc=ko6TkLTwSF8Q7kNvwGt33sL&_nc_oc=AdnARNlPHUh1ufrsIz-DIMNfXl9mTAAnkmhAoj2NpuhKei3tfuA9pamB0GrgJ9VZjp9GVG-odPM36BWcIulyMuV-&_nc_ad=z-m&_nc_cid=0&_nc_zt=23&_nc_ht=scontent-ham3-1.cdninstagram.com&_nc_gid=XDq_m3MYUzmvFBaNTi-Twg&oh=00_AfjxexbTrf56h0J72K5ThnrlhC4W3XoZAioLR_YFk3-0_w&oe=6930FDEC;"Acının ilmeğiyle umudu dokuyan kadınlar…  Bosna’da, İrlanda’da kadınlar yaşadıklarını patchwork (kırkyama) ile dile getirdi. Yaslarını motiflerle büyüttüler tarihe kayıt tuttular.  Her dikiş, bir hatıra; her desen, bir direniş…  Türkiye’deki kadınlar da bugün yaşanan adaletsizlikleri ilmek ilmek anlatıyor. Desenleriyle, renkleriyle dayanışmayı, umudu büyütüyorlar.   Hepsinin ellerine sağlık.";
https://www.instagram.com/p/DRh8TnmAqlR/;Reels;35103;396;1362829;2025-11-26 21:54:50;https://scontent-ham3-1.cdninstagram.com/v/t51.71878-15/587776419_1907574060108460_9178521933566403202_n.jpg?stp=dst-jpg_e15_tt6&_nc_cat=106&ig_cache_key=Mzc3NDU2MzE5MzY4NzU1MDI4OQ%3D%3D.3-ccb7-5&ccb=7-5&_nc_sid=58cdad&efg=eyJ2ZW5jb2RlX3RhZyI6InhwaWRzLjY0MHg4MDAuc2RyLkMzIn0%3D&_nc_ohc=jcgq2BrsAasQ7kNvwF9fU5S&_nc_oc=Adngfppqn8F5qgmY5SZhGI_IGo2ZEXHbB8HrCgdNCqqn_ToR4RyRPOsljMhRRx8ntiFcFdASF1gCwPIM925HEdqO&_nc_ad=z-m&_nc_cid=0&_nc_zt=23&_nc_ht=scontent-ham3-1.cdninstagram.com&_nc_gid=XDq_m3MYUzmvFBaNTi-Twg&oh=00_AfhBzbv7uwcxs2vkc0nY_Cq6MQoCXh2kFk0iQ8pD5yBnwA&oe=69311A5C;"Bu haritanın kumaşında inanç, dayanışma, umut var. 81 ilden kadınlar bu ülkenin vicdanını, ümidini ve ortak bir gelecek hayalini bir araya getirdi. Bu ortak vicdan haritası gösteriyor ki; bir araya geldiğimizde hiçbir güç bizi ayıramaz. Biz birlikte güzeliz. İyi ki varsınız, iyi ki varız!  Bu büyük dayanışmaya emeğini ve yüreğini koyan herkese tüm kalbimle teşekkür ediyorum.";
https://www.instagram.com/p/DRhzjKIDIwS/;Carousel;120354;2326;0;2025-11-26 20:33:47;https://scontent-ham3-1.cdninstagram.com/v/t51.82787-15/587379368_18554837740009596_8761586155303450379_n.jpg?stp=dst-jpg_e35_tt6&_nc_cat=110&ig_cache_key=Mzc3NDUyNDY3MDA1NDUzMTc5Nw%3D%3D.3-ccb7-5&ccb=7-5&_nc_sid=58cdad&efg=eyJ2ZW5jb2RlX3RhZyI6InhwaWRzLjEwODB4MTM0Ni5zZHIuQzMifQ%3D%3D&_nc_ohc=rGfsWB8CmnkQ7kNvwFryhAr&_nc_oc=Adne2B6CjWQTdS2J6RHqINSMVfaghYWnLMajOQKBksKD9uRyW7Sfc3fxYKaqC1G2dpFzFgcjocNTK7yp_-RhdLLU&_nc_ad=z-m&_nc_cid=0&_nc_zt=23&_nc_ht=scontent-ham3-1.cdninstagram.com&_nc_gid=XDq_m3MYUzmvFBaNTi-Twg&oh=00_AfghhsMov1fqlyHkY7p26JlW8Z3oUSfAlwd2pZO0qwX6_A&oe=69312E05;Barış için:  Sevmeyi Güvenmeyi Ruhumuzu anlamayı Ruhumuzla birbirimizi sevmeyi Aydınlanmayı, aydınlatmayı, ekmeği Ekmeği üretmeyi, büyütmeyi Ekmeği hakça paylaşmayı öğrenelim.;
https://www.instagram.com/p/DRfTud7DJPF/;Carousel;155092;2905;0;2025-11-25 21:17:13;https://scontent-ham3-1.cdninstagram.com/v/t51.82787-15/587613175_18554692966009596_1873425372134829789_n.jpg?stp=dst-jpg_e35_tt6&_nc_cat=101&ig_cache_key=Mzc3MzgyMTc1ODczNTE1Nzk5OA%3D%3D.3-ccb7-5&ccb=7-5&_nc_sid=58cdad&efg=eyJ2ZW5jb2RlX3RhZyI6InhwaWRzLjEwODB4MTM0Ni5zZHIuQzMifQ%3D%3D&_nc_ohc=ICq--O5Y73oQ7kNvwF52os-&_nc_oc=AdlUtRN5O5KgyRjKhz89HixGNTjpGI1Mu0jWryqgEdDTke3_qh5ZNfaudZDYz68-AUP8LN13FRFOc7mHvTo04ZTU&_nc_ad=z-m&_nc_cid=0&_nc_zt=23&_nc_ht=scontent-ham3-1.cdninstagram.com&_nc_gid=XDq_m3MYUzmvFBaNTi-Twg&oh=00_Afguy2g2H3GepYdaQsrfoclu1PwNs6mZdisIbSBxk3uJsQ&oe=6930FFD0;Bunlar suçsa evet ben SUÇLUYUM!;
https://www.instagram.com/p/DRcv3CRjNKI/;Carousel;96175;1847;0;2025-11-24 21:25:20;https://scontent-ham3-1.cdninstagram.com/v/t51.82787-15/587536305_18554536780009596_2937555316823980379_n.jpg?stp=dst-jpg_e35_tt6&_nc_cat=104&ig_cache_key=Mzc3MzEwMTA3MDU3MTI5OTM2NA%3D%3D.3-ccb7-5&ccb=7-5&_nc_sid=58cdad&efg=eyJ2ZW5jb2RlX3RhZyI6InhwaWRzLjEwODB4MTM0Ni5zZHIuQzMifQ%3D%3D&_nc_ohc=iSUW7u28yFsQ7kNvwHTuv1r&_nc_oc=AdmZm8kQQmjsT1sbe7qIEgCq1d9NgJcLmYJlNoFxbE-KFOu3KV1XIzuV3dF2wOotqY4FzOIYmlSe1VKWMSG6F4L2&_nc_ad=z-m&_nc_cid=0&_nc_zt=23&_nc_ht=scontent-ham3-1.cdninstagram.com&_nc_gid=XDq_m3MYUzmvFBaNTi-Twg&oh=00_AfjROKZeOifxv-0MbJKhDabD2Y8Q2LPtn4gggwzwaauEng&oe=693101EA;"Sevgili Mektup Arkadaşlarım; Cezaevinde oluşan büyük yoğunluk gereği mektuplarınızı aşağıdaki adrese bekliyorum. Yazdıklarınızı okumaya, sizlerle dertleşmeye devam edeceğim.    Sizleri sevgiyle, saygıyla ve hasretle selamlıyorum.   Her şey çok güzel olacak.   📩 Cumhurbaşkanlığı Aday Ofisi, Üsküp Sokak, Çankaya / Ankara";
https://www.instagram.com/p/DRbdiSMDA7l/;Reels;44830;557;1385086;2025-11-24 09:26:23;https://scontent-ham3-1.cdninstagram.com/v/t51.82787-15/587661240_18554709862009596_1568962005047404115_n.jpg?stp=dst-jpg_e15_tt6&_nc_cat=104&ig_cache_key=Mzc3MjczOTAxMjE5MzQyMzA3NzE4NTU0NzA5ODU5MDA5NTk2.3-ccb7-5&ccb=7-5&_nc_sid=58cdad&efg=eyJ2ZW5jb2RlX3RhZyI6InhwaWRzLjcyMHg0MDYuc2RyLkMzIn0%3D&_nc_ohc=dKtS7-jfRpIQ7kNvwG51hsG&_nc_oc=AdmQ35eE0FzzUxkBZbbRV_eZPBRruZSCd5RkbJuFJmJT3WZHZsLPKXYV85sY61CS2yg--SipljwZgFiD0DS1cjCz&_nc_ad=z-m&_nc_cid=0&_nc_zt=23&_nc_ht=scontent-ham3-1.cdninstagram.com&_nc_gid=XDq_m3MYUzmvFBaNTi-Twg&oh=00_AfjdQOT806fn6Lc2n0D2BuPk_gd3ieuuGyDgrRWHfhe-Ww&oe=69311D33;Bir çocuğun kalbine dokunan, bir gencin yolunu aydınlatan her öğretmen, bu ülkenin en büyük umududur.   Tüm öğretmenlerimizin 24 Kasım Öğretmenler Günü kutlu olsun.;
https://www.instagram.com/p/DRaDnBFAZCL/;Reels;18674;443;742831;2025-11-23 20:20:58;https://scontent-ham3-1.cdninstagram.com/v/t51.82787-15/584397942_17849573013599096_8778740037019201435_n.jpg?stp=dst-jpg_e15_tt6&_nc_cat=101&ig_cache_key=Mzc3MjM0MzUxMzIzMzA2ODE3MQ%3D%3D.3-ccb7-5&ccb=7-5&_nc_sid=58cdad&efg=eyJ2ZW5jb2RlX3RhZyI6InhwaWRzLjEwODB4MTkyMC5zZHIuQzMifQ%3D%3D&_nc_ohc=VkrMYwcJsucQ7kNvwEj2x6H&_nc_oc=AdkWb6e9_FHcd1NxUuDg2ACPF6go7i4Qq-RLUZwQl3q7n15oHLuY5m80jLr8ozE5rvreUrBajSymchQkzzG8wLqa&_nc_ad=z-m&_nc_cid=0&_nc_zt=23&_nc_ht=scontent-ham3-1.cdninstagram.com&_nc_gid=XDq_m3MYUzmvFBaNTi-Twg&oh=00_AfiRkTyVBpxqp5TcMJ5G3O7mYt3JH5T--6Cm-sPHpFNbIg&oe=69311752;"Birlikte güçleniyor, birlikte dönüştürüyor; Cumhurbaşkanı Adayımız Ekrem İmamoğlu’na @ekremimamoglu güçlü bir selam gönderiyoruz.   Gençliğimiz var!";
https://www.instagram.com/p/DRZFnINjPsp/;Reels;54463;1166;1467769;2025-11-23 11:19:28;https://scontent-ham3-1.cdninstagram.com/v/t51.71878-15/585001499_2057525571728740_1311149326285609012_n.jpg?stp=dst-jpg_e15_tt6&_nc_cat=111&ig_cache_key=Mzc3MjA3MDg0MjAwODkyNzAxNw%3D%3D.3-ccb7-5&ccb=7-5&_nc_sid=58cdad&efg=eyJ2ZW5jb2RlX3RhZyI6InhwaWRzLjY0MHgxMTM2LnNkci5DMyJ9&_nc_ohc=IKnxXw7yz0IQ7kNvwHNw7V3&_nc_oc=AdkEwG6dKVuZOYOZIlF43YxcD9o4b-eUf5dIX0IHHAC4AEzFERqnXoumtZgqS9UIh0tmbUvWtZMbWHICmajsORWc&_nc_ad=z-m&_nc_cid=0&_nc_zt=23&_nc_ht=scontent-ham3-1.cdninstagram.com&_nc_gid=XDq_m3MYUzmvFBaNTi-Twg&oh=00_AficZOUnWMlgUnm6ajjueN449qnBH1D09P7R7PcWV7vcAg&oe=69310275;Zonguldak tek yürek, tek ses: “Kurtuluş yok tek başına ya hep beraber ya hiç birimiz!”;
https://www.instagram.com/p/DRW3YtEDKR9/;Carousel;161732;2446;0;2025-11-22 14:35:39;https://scontent-iad3-1.cdninstagram.com/v/t51.82787-15/583631106_18554154232009596_8469205040266420277_n.jpg?stp=dst-jpg_e35_tt6&_nc_cat=104&ig_cache_key=Mzc3MTQ0NDY1MjgwNjAzMjI4Ng%3D%3D.3-ccb7-5&ccb=7-5&_nc_sid=58cdad&efg=eyJ2ZW5jb2RlX3RhZyI6InhwaWRzLjEwODB4MTM0Ni5zZHIuQzMifQ%3D%3D&_nc_ohc=m8T1Dn6La_EQ7kNvwF6Nwvf&_nc_oc=AdltynnLefmfcEU-9S_ni6sRaoku3PezhCrcMRPoNSZCrmTr6mAsCH2suC9uBnAUfj0&_nc_ad=z-m&_nc_cid=0&_nc_zt=23&_nc_ht=scontent-iad3-1.cdninstagram.com&_nc_gid=Ev7peX5FxY-Snbr5_3o_Ew&oh=00_Afg_g6WLdOJoyfs3HFyTtC6DbrkGWksMGwTd9iDHF2WscQ&oe=69310536;Cumhuriyet Halk Partisi olarak yeni Parti Programımızı açıklamanın gururunu ve heyecanını yaşıyoruz.;
https://www.instagram.com/p/DRUwBPwDCo0/;Reels;75409;1051;1337117;2025-11-21 18:53:38;https://scontent-iad3-1.cdninstagram.com/v/t51.71878-15/584395712_1554350232653178_588370167067639360_n.jpg?stp=dst-jpg_e15_tt6&_nc_cat=109&ig_cache_key=Mzc3MDg0OTk3OTg4MDE4ODQ2OA%3D%3D.3-ccb7-5&ccb=7-5&_nc_sid=58cdad&efg=eyJ2ZW5jb2RlX3RhZyI6InhwaWRzLjY0MHg4MDAuc2RyLkMzIn0%3D&_nc_ohc=40zkZ2CS7KEQ7kNvwFPbj_w&_nc_oc=AdkTt-HcdKwRq3blAQFUXDlcvZX_gZ8Nz0lvi9BR30EqGZI5_fzB7fGTZsyEQ2KbFoI&_nc_ad=z-m&_nc_cid=0&_nc_zt=23&_nc_ht=scontent-iad3-1.cdninstagram.com&_nc_gid=Ev7peX5FxY-Snbr5_3o_Ew&oh=00_Afjq7itME5QikF5x3LzLpQfh_U6dBjT6Q34GTDP3MDw1Vw&oe=69310EA4;Susan bir Türkiye değil, konuşan bir Türkiye istiyoruz.   Genel Başkanımızla buluşmak için tüm Zonguldaklı hemşehrilerimi Madenci Anıtı’na bekliyorum.  22 Kasım Cumartesi, 15.00;
https://www.instagram.com/p/DRRt6vGjHvz/;Reels;43179;744;1326042;2025-11-20 14:38:16;https://scontent-iad3-2.cdninstagram.com/v/t51.71878-15/583550170_846370781692973_6062942855535876238_n.jpg?stp=dst-jpg_e15_tt6&_nc_cat=105&ig_cache_key=Mzc2OTk5NjMxMTQ4NDIwMTk3MQ%3D%3D.3-ccb7-5&ccb=7-5&_nc_sid=58cdad&efg=eyJ2ZW5jb2RlX3RhZyI6InhwaWRzLjY0MHgzNjAuc2RyLkMzIn0%3D&_nc_ohc=YfScFi0T3qkQ7kNvwGWE7US&_nc_oc=AdnF3xaA0jINfnOUrlO8lfBRytttXcgQbBRmCajeikAwVmbx75R4WLiFT7OeZ3SWb14&_nc_ad=z-m&_nc_cid=0&_nc_zt=23&_nc_ht=scontent-iad3-2.cdninstagram.com&_nc_gid=Ev7peX5FxY-Snbr5_3o_Ew&oh=00_AfijHBWndbKyAs-riLqZlcU5Qgu6h3r96wDiafELEDjNew&oe=69311128;Biz İstanbul’la anlaşırız.;
https://www.instagram.com/p/DRRUpVODEjr/;Reels;69899;1538;1411036;2025-11-20 10:56:27;https://scontent-iad3-2.cdninstagram.com/v/t51.71878-15/584533462_1363432871947729_1322123228774553536_n.jpg?stp=dst-jpg_e15_tt6&_nc_cat=106&ig_cache_key=Mzc2OTg4NTE2NDI5ODg0ODQ5MQ%3D%3D.3-ccb7-5&ccb=7-5&_nc_sid=58cdad&efg=eyJ2ZW5jb2RlX3RhZyI6InhwaWRzLjY0MHgxMTM2LnNkci5DMyJ9&_nc_ohc=1HUPmzgo2P0Q7kNvwHGgXMy&_nc_oc=AdlQOWkAH7DgRknU8e4bm3kaf2ns9XTd4KfZdB1oyZSfRUxOImt5nFcUuLt0rpUK-Vc&_nc_ad=z-m&_nc_cid=0&_nc_zt=23&_nc_ht=scontent-iad3-2.cdninstagram.com&_nc_gid=Ev7peX5FxY-Snbr5_3o_Ew&oh=00_Afg14H8uAagrwNvQ5SpoqLkOEEyMoqL1ZdX99Kd38ZLr3w&oe=69311204;“85 yaşındayım, Ekrem’in yanındayım.” Ağzına sağlık teyzem. Ellerinden öpüyorum.;
https://www.instagram.com/p/DRPPJ92jKE7/;Reels;21349;596;1128179;2025-11-19 15:29:41;https://scontent-iad3-2.cdninstagram.com/v/t51.71878-15/583043251_819546644290795_7128522870735009758_n.jpg?stp=dst-jpg_e15_tt6&_nc_cat=111&ig_cache_key=Mzc2OTI5ODA2ODcxODc4ODkyMw%3D%3D.3-ccb7-5&ccb=7-5&_nc_sid=58cdad&efg=eyJ2ZW5jb2RlX3RhZyI6InhwaWRzLjY0MHgxMTM2LnNkci5DMyJ9&_nc_ohc=DATmcJhbOyUQ7kNvwFKfkAK&_nc_oc=AdkbEWzTOuXg7derZgA-5VWe76TKt-BMNloAwbDkSkkkPSazCRMpLHtHGHA7244iTOY&_nc_ad=z-m&_nc_cid=0&_nc_zt=23&_nc_ht=scontent-iad3-2.cdninstagram.com&_nc_gid=Ev7peX5FxY-Snbr5_3o_Ew&oh=00_AfjUU05yPeufQWkdT_yjMrKqqOlg45gVX5_r4shyVeoRqA&oe=69311F8B;🔔 Bildirimlerin açıldığı yerde shadow ban durmaz.;
https://www.instagram.com/p/DRNZvBpjBlI/;Reels;60292;1126;1380846;2025-11-18 22:23:50;https://scontent-iad3-1.cdninstagram.com/v/t51.71878-15/584400259_820240007655221_2740831865975419989_n.jpg?stp=dst-jpg_e15_tt6&_nc_cat=108&ig_cache_key=Mzc2ODc4MTY0NTkyNzk0NjU2OA%3D%3D.3-ccb7-5&ccb=7-5&_nc_sid=58cdad&efg=eyJ2ZW5jb2RlX3RhZyI6InhwaWRzLjY0MHg4MDAuc2RyLkMzIn0%3D&_nc_ohc=R9Nve9ELO_8Q7kNvwHcXjEx&_nc_oc=AdmBao0NASf19tWwtU9amErMDvA3WjTuQ9RqNoMOtXrxbPJWW-dW7LmtAkBg-ZRQAXo&_nc_ad=z-m&_nc_cid=0&_nc_zt=23&_nc_ht=scontent-iad3-1.cdninstagram.com&_nc_gid=Ev7peX5FxY-Snbr5_3o_Ew&oh=00_Afh3QKQ1DWwUMKyADlN_ZKU70Flifg7cpXurgFVhZTcpSA&oe=69310060;Sesim yasak, görüntüm yasak, sosyal medya hesaplarım yasak ama meydanlar bizim.   Yüreğim meydanlarda. Sizlerle. Yarın Sultangazi’de görüşmek üzere.;
https://www.instagram.com/p/DRLAZhUDJm1/;Reels;306807;13234;3814790;2025-11-18 00:08:26;https://scontent-iad3-2.cdninstagram.com/v/t51.82787-15/581796543_18553519288009596_3310914748919876763_n.jpg?stp=dst-jpg_e15_tt6&_nc_cat=105&ig_cache_key=Mzc2ODEwNzI2Njk4MjMyMDU2NTE4NTUzNTE5Mjg1MDA5NTk2.3-ccb7-5&ccb=7-5&_nc_sid=58cdad&efg=eyJ2ZW5jb2RlX3RhZyI6InhwaWRzLjcyMHgxMjgwLnNkci5DMyJ9&_nc_ohc=orMGyW67KGEQ7kNvwE4XEG3&_nc_oc=Adm5nJPQyCTls5756ivB37fzZjO1JPtbAjCKEFfIKgwQHxTmfU3UPC-HP0P6CJextX4&_nc_ad=z-m&_nc_cid=0&_nc_zt=23&_nc_ht=scontent-iad3-2.cdninstagram.com&_nc_gid=Ev7peX5FxY-Snbr5_3o_Ew&oh=00_AfiuslZNCi-K4KgrMIJs7sDcmRP4pQ3GV_l1L_MX87qUvA&oe=6930FCEC;"Bugün 18 Kasım. Çok özel bir gün benim için.  Bana hayatımın en güzel duygusu olan aşkı yaşatan sevgili eşime; evimizin, ailemizin kahramanına, gücünü, iradesini, varlığını, tutkusunu her zaman hissettiren kadınıma:  Seni çok seviyorum, doğum günün kutlu olsun.  Çok genç yaşta evlendik Dilek’le. Yuvamız huzurlu, mutlu, sağlıklı olsun diye büyük bir gayret gösterdik.  Vatanına, milletine faydalı iyi insanlar olması umuduyla üç pırlanta evlat yetiştirdik. Halen büyük bir mücadeleyle yolumuza devam ediyoruz. Cesur yürekli oğlum, evimizin bilim insan Selim’in de doğum gününü kutluyorum.   Sonbahar, müjdelerin, bereketin tohumlarının atıldığı mevsimdir. Bizim yaşamımızın bereketi de sonbahardır. Aslan oğlum Semih Kasım’da; biricik kızımız, kutup yıldızımız Beren Eylül’de doğdu.   Ayrıca bugün evlilik yıldönümümüz.  Canım Sevgilim, evlilik yıldönümümüz de kutlu olsun.   Başta üç evladımı kucağıma aldığım anda yaşadığım tarif edilemez o duygu olmak üzere, unutamayacağım birçok güzelliği seninle yaşadım.  Kocaman ailem, Allah’a emanet olun. Sizi çok seviyorum.   Bütün ailelere mutluluk, huzur ve sağlık diliyorum.";
https://www.instagram.com/p/DRJvqT_jA0P/;Reels;32105;571;1219220;2025-11-17 12:19:00;https://scontent-iad3-1.cdninstagram.com/v/t51.71878-15/583811162_862966549921847_5889732704260259821_n.jpg?stp=dst-jpg_e15_tt6&_nc_cat=109&ig_cache_key=Mzc2Nzc1MjE3OTE0MzQxMzAwNw%3D%3D.3-ccb7-5&ccb=7-5&_nc_sid=58cdad&efg=eyJ2ZW5jb2RlX3RhZyI6InhwaWRzLjY0MHgxMTM2LnNkci5DMyJ9&_nc_ohc=ogG9_ldKps8Q7kNvwFTlkog&_nc_oc=AdknPx9S1-6t79iuqDxtNfH9cYS_8Z_w7hl4two7jSMpX3_-h-CMcb7zCyKzB4hxb5g&_nc_ad=z-m&_nc_cid=0&_nc_zt=23&_nc_ht=scontent-iad3-1.cdninstagram.com&_nc_gid=Ev7peX5FxY-Snbr5_3o_Ew&oh=00_AfisebMoKlny3H3EISgjTsVEDJSYNHqco7xXud3tlTi0fw&oe=6931159B;Kilis tek ses!   Gönüller bir, hedef ortak: Güçlü bir Türkiye, adil bir gelecek.;
https://www.instagram.com/p/DRG8dyQDOHv/;Reels;56479;1258;1193065;2025-11-16 10:12:32;https://scontent-iad3-1.cdninstagram.com/v/t51.71878-15/581643167_1393089442179107_3204679677291285047_n.jpg?stp=dst-jpg_e15_tt6&_nc_cat=108&ig_cache_key=Mzc2Njk2NDA2Nzk1Mzg2MTEwMw%3D%3D.3-ccb7-5&ccb=7-5&_nc_sid=58cdad&efg=eyJ2ZW5jb2RlX3RhZyI6InhwaWRzLjY0MHgxMTM2LnNkci5DMyJ9&_nc_ohc=TX8LWCUUnqgQ7kNvwEd2qET&_nc_oc=AdnV47xHObPD4MrditDMjEYTsYb3zed9Pm4L-_kgd1KjZWzjVyMR0Zva1Gka372V6Zc&_nc_ad=z-m&_nc_cid=0&_nc_zt=23&_nc_ht=scontent-iad3-1.cdninstagram.com&_nc_gid=Ev7peX5FxY-Snbr5_3o_Ew&oh=00_AfimmE3hUDolkt8nzaNiTa0ql3enWZiaCyjBLyl3FKMo9A&oe=693115FA;"Emeğimize ve mücadelemize dönük müdahalelerle bizi ne kadar yıldırmaya çalışsalar da söyleyeyim; “Ben yılmam kardeşim, yıldırırım, ben vazgeçmem!”";
https://www.instagram.com/p/DRFfbvHDEJ0/;Reels;61559;890;1265591;2025-11-15 20:40:43;https://scontent-iad3-1.cdninstagram.com/v/t51.71878-15/581228001_2220536845135386_4229935395289169665_n.jpg?stp=dst-jpg_e15_tt6&_nc_cat=101&ig_cache_key=Mzc2NjU1NDkwODgxNzExMzcxNg%3D%3D.3-ccb7-5&ccb=7-5&_nc_sid=58cdad&efg=eyJ2ZW5jb2RlX3RhZyI6InhwaWRzLjY0MHg4MDAuc2RyLkMzIn0%3D&_nc_ohc=soU_GAjLwBYQ7kNvwHRizPM&_nc_oc=Adljn9H1ot_D6L-1qVzmTwk4Lq6D94RU66q6QjoBrXJ6ZxChudD4oSl1yDLP5uUjJdc&_nc_ad=z-m&_nc_cid=0&_nc_zt=23&_nc_ht=scontent-iad3-1.cdninstagram.com&_nc_gid=Ev7peX5FxY-Snbr5_3o_Ew&oh=00_AfgZtVeBW5URxg5LY8hgzU5X75Yl7WLiINziUdZXH89unw&oe=69311225;Yok edin insanın insana kulluğunu Bu davet bizim!   Genel başkanımız Özgür Özel’in katılımıyla gerçekleşecek Kilis buluşmasına herkesi davet ediyorum.   16 Kasım Pazar, 16.00 Kilis Cumhuriyet Meydanı;
https://www.instagram.com/p/DRFLzclDPSb/;Photo;24407;215;0;2025-11-15 17:47:44;https://scontent-iad3-1.cdninstagram.com/v/t51.82787-15/584402245_18553122388009596_4301305160820371674_n.jpg?stp=dst-jpg_e35_tt6&_nc_cat=107&ig_cache_key=Mzc2NjQ2ODU3NzI1NjYwMDczMQ%3D%3D.3-ccb7-5&ccb=7-5&_nc_sid=58cdad&efg=eyJ2ZW5jb2RlX3RhZyI6InhwaWRzLjE0NDB4MTc5Ni5zZHIuQzMifQ%3D%3D&_nc_ohc=SsuEwnTULzwQ7kNvwFsnUgF&_nc_oc=Adl8jlNMLmt1D5QwR0Ss2YWFZDy9XKIwHkJ3fORc2GC60H0CD2F2yMq13JnBg-G8eqg&_nc_ad=z-m&_nc_cid=0&_nc_zt=23&_nc_ht=scontent-iad3-1.cdninstagram.com&_nc_gid=Ev7peX5FxY-Snbr5_3o_Ew&oh=00_AfjTuRy6ws7C2hgqUwMVE5nHwV3gytCSkjTTr7PCNsi4Zw&oe=6930FBA2;"Kuzey Kıbrıs Türk Cumhuriyeti’nin 42. kuruluş yıldönümünü yürekten kutluyorum.  Kıbrıs Türk halkının; demokrasi, özgürlük ve eşitlik mücadelesinin her daim yanında olacağız.  Birlik, dayanışma ve adil bir gelecek umuduyla, yaşasın Kuzey Kıbrıs Türk Cumhuriyeti!";
https://www.instagram.com/p/DREk6WBDJ4A/;Reels;37741;502;1498154;2025-11-15 12:08:15;https://scontent-iad3-2.cdninstagram.com/v/t51.71878-15/581424194_2229164904256081_5801442669761572829_n.jpg?stp=dst-jpg_e15_tt6&_nc_cat=100&ig_cache_key=Mzc2NjI5NzUyNzQzMjU1MTkzNg%3D%3D.3-ccb7-5&ccb=7-5&_nc_sid=58cdad&efg=eyJ2ZW5jb2RlX3RhZyI6InhwaWRzLjY0MHgzNjAuc2RyLkMzIn0%3D&_nc_ohc=MiX_vToXB_kQ7kNvwFElIh4&_nc_oc=Adksa2tk1wiD-WagVQs2wvSI6puRMc9_sGoyWsvj95-HNEd6QOiTI4PgykXpm6gFrbk&_nc_ad=z-m&_nc_cid=0&_nc_zt=23&_nc_ht=scontent-iad3-2.cdninstagram.com&_nc_gid=Ev7peX5FxY-Snbr5_3o_Ew&oh=00_Afh8OMimnEvtXjOXgsVSFLkPPUFKqUbCH8dx4LsQSGdX7g&oe=6930FF9F;"Boğazı bir de buradan izleyin.   Kabataş Transfer Merkezi, kara, deniz ve demiryolu ulaşımını bir araya getiriyor; seyir terası, kütüphane ve kafesiyle yeni bir yaşam alanına dönüşüyor.";
https://www.instagram.com/p/DRB2v-ADFn_/;Carousel;174827;3028;0;2025-11-14 10:46:03;https://scontent-man2-1.cdninstagram.com/v/t51.82787-15/581985153_18552919291009596_4917086640399536999_n.jpg?stp=dst-jpg_e35_tt6&_nc_cat=108&ig_cache_key=Mzc2NTUzMTU0NTE3Mjc0OTQwMg%3D%3D.3-ccb7-5&ccb=7-5&_nc_sid=58cdad&efg=eyJ2ZW5jb2RlX3RhZyI6InhwaWRzLjEwODB4MTM0Ni5zZHIuQzMifQ%3D%3D&_nc_ohc=FYpfg5XlWLEQ7kNvwFFLU7J&_nc_oc=Adll5pvqKeQWI7FQceDjonbjIaLV2klipaKnIbcs00d8hHw1YkkemJ5xOyd_GMe0RE9AJlL20bWjZF5Nzj6HTubD&_nc_ad=z-m&_nc_cid=0&_nc_zt=23&_nc_ht=scontent-man2-1.cdninstagram.com&_nc_gid=p02bYovT5EjnN6xpVfQgVA&oh=00_Afj0fxkMai4wsfLKuwSr1ypUfUOoz3rNY5KwxlidZzFu7Q&oe=6930F97F;"Sevgili yol arkadaşlarım; başınız dik, moraliniz yüksek olsun.";
https://www.instagram.com/p/DQ_qlXbDJJ-/;Reels;50483;1407;1635135;2025-11-13 14:29:49;https://scontent-man2-1.cdninstagram.com/v/t51.71878-15/580391096_1328135881968724_3121942309363331348_n.jpg?stp=dst-jpg_e15_tt6&_nc_cat=105&ig_cache_key=Mzc2NDkxNTA5OTIyOTAwMDMxOA%3D%3D.3-ccb7-5&ccb=7-5&_nc_sid=58cdad&efg=eyJ2ZW5jb2RlX3RhZyI6InhwaWRzLjY0MHgzNjAuc2RyLkMzIn0%3D&_nc_ohc=W1_MtRJ7mPoQ7kNvwEZiylq&_nc_oc=Adllia-YNOhHM7m4hAn0MydjEHzTsCOfE2Po-4OV-9LwH0U7OUrZP0KKtxMmEmwtYHE6p83e1UUvNZpd9KY5caZQ&_nc_ad=z-m&_nc_cid=0&_nc_zt=23&_nc_ht=scontent-man2-1.cdninstagram.com&_nc_gid=p02bYovT5EjnN6xpVfQgVA&oh=00_Afh8qjUe2R2FqkjQ_j62ZuINLP5oqv-YkJpxx0UhDNexEw&oe=693116B2;Bu davet 86 milyona…;
https://www.instagram.com/p/DQ_IVTljLV8/;Reels;50053;1226;1413031;2025-11-13 09:23:51;https://scontent-man2-1.cdninstagram.com/v/t51.71878-15/583352072_1496548231612400_4140495689553978365_n.jpg?stp=dst-jpg_e15_tt6&_nc_cat=103&ig_cache_key=Mzc2NDc2NDQ2MjAxNzE5NzQzNg%3D%3D.3-ccb7-5&ccb=7-5&_nc_sid=58cdad&efg=eyJ2ZW5jb2RlX3RhZyI6InhwaWRzLjY0MHgxMTM2LnNkci5DMyJ9&_nc_ohc=AEebX-PgQBkQ7kNvwGGTAm7&_nc_oc=AdmzljRsbxfRODpaqI2OxdESMEbNlnPYyGJ3H1Hbu3AOZW3Ua418KQlS-frqDAbASNe152_jGswJKA4OYd794ATh&_nc_ad=z-m&_nc_cid=0&_nc_zt=23&_nc_ht=scontent-man2-1.cdninstagram.com&_nc_gid=p02bYovT5EjnN6xpVfQgVA&oh=00_AfhGL83G94qgdsyoyQpPPA9h3WLAOLk14cFjbwcIlwgNEQ&oe=69312E28;Millet haklının yanında. Teşekkürler Sultanbeyli!;
https://www.instagram.com/p/DQ8kyI8DBOn/;Reels;101063;2030;2285539;2025-11-12 09:32:58;https://scontent-man2-1.cdninstagram.com/v/t51.71878-15/580978010_1523668642269735_1304046363966263249_n.jpg?stp=dst-jpg_e15_tt6&_nc_cat=109&ig_cache_key=Mzc2NDA0NTE2MzgyMDQ4NzU5MQ%3D%3D.3-ccb7-5&ccb=7-5&_nc_sid=58cdad&efg=eyJ2ZW5jb2RlX3RhZyI6InhwaWRzLjY0MHg4MDAuc2RyLkMzIn0%3D&_nc_ohc=v2BcGQtRur4Q7kNvwHR-aj_&_nc_oc=Adml4GnQY7tFsoPqoTwS4w5wABIc8H0IKeQPOyB37Flm_U520cPCum_mCcyOT2VAGQuiQ2sdp8hM5UIR-VfirhHi&_nc_ad=z-m&_nc_cid=0&_nc_zt=23&_nc_ht=scontent-man2-1.cdninstagram.com&_nc_gid=p02bYovT5EjnN6xpVfQgVA&oh=00_AfgUxkDBb7mKwbns0LQQOcO_GnG-Xi1zWPbIR92FWZfI3A&oe=69310B13;Merhaba Sultanbeyli!   Genel Başkanımız Özgür Özel’in katılımıyla gerçekleşecek “Millet iradesine sahip çıkıyor” buluşmasına tüm hemşehrilerimi davet ediyorum.   12 Kasım Çarşamba, 19.30 Sultanbeyli Kent Meydanı;
https://www.instagram.com/p/DQ6BOnhjFdO/;Reels;56842;1364;1794223;2025-11-11 09:44:30;https://scontent-man2-1.cdninstagram.com/v/t51.71878-15/576523270_830728662694621_8632565170432504278_n.jpg?stp=dst-jpg_e15_tt6&_nc_cat=105&ig_cache_key=Mzc2MzMyNTg0MTE3OTQzMjc4Mg%3D%3D.3-ccb7-5&ccb=7-5&_nc_sid=58cdad&efg=eyJ2ZW5jb2RlX3RhZyI6InhwaWRzLjY0MHgzNjAuc2RyLkMzIn0%3D&_nc_ohc=zvmlu1NrLZoQ7kNvwG4hHSU&_nc_oc=AdlXc75vTlqqQKBcE6S9jUXZ6WcZynDPI_79be8KIgGiip8Lkq5JAK5Gh_en5wz3Xir-gAtYaZxpnKrWt6LpnoLF&_nc_ad=z-m&_nc_cid=0&_nc_zt=23&_nc_ht=scontent-man2-1.cdninstagram.com&_nc_gid=p02bYovT5EjnN6xpVfQgVA&oh=00_AfhApRYaZMoNPnolL7OWZ2f44-FYdeBRBkeBL0ttSJa76w&oe=69310C6A;Yunus Emre’nin de dediği gibi:  “Dil söyler kulak dinler, Kalp söyler kâinat dinler.”;
https://www.instagram.com/p/DQ3X_vwjFOl/;Reels;368531;7187;4098002;2025-11-10 09:05:08;https://scontent-man2-1.cdninstagram.com/v/t51.71878-15/580480402_807835758756850_7557180594017026991_n.jpg?stp=dst-jpg_e15_tt6&_nc_cat=106&ig_cache_key=Mzc2MjU4MTU0OTM2ODQ5NzA2MQ%3D%3D.3-ccb7-5&ccb=7-5&_nc_sid=58cdad&efg=eyJ2ZW5jb2RlX3RhZyI6InhwaWRzLjY0MHgxMTM2LnNkci5DMyJ9&_nc_ohc=chb-Tjt5ufsQ7kNvwE9Il3_&_nc_oc=Adkw0AJ_F1O4zzOx6uiIz2iEqIZKL67tWnf57_-bflfzxn_QoDAqKLC7SBlPr3DQ_qhtIDaIywL8HAwrvXARUQ4S&_nc_ad=z-m&_nc_cid=0&_nc_zt=23&_nc_ht=scontent-man2-1.cdninstagram.com&_nc_gid=p02bYovT5EjnN6xpVfQgVA&oh=00_AfgsPNLhmb8haISscKQseGHoRZ5OniEmXWh_aoTMBioL6w&oe=693120FE;Özlem ve minnetle…;
https://www.instagram.com/p/DQ1-Jj1DPJN/;Reels;138467;1288;3273685;2025-11-09 20:02:27;https://scontent-man2-1.cdninstagram.com/v/t51.82787-15/581837014_18553086019009596_460360973811327580_n.jpg?stp=dst-jpg_e15_tt6&_nc_cat=104&ig_cache_key=Mzc2MjE4NjM5OTU2NzkwMTI2MTE4NTUzMDg2MDE2MDA5NTk2.3-ccb7-5&ccb=7-5&_nc_sid=58cdad&efg=eyJ2ZW5jb2RlX3RhZyI6InhwaWRzLjcyMHg0MDYuc2RyLkMzIn0%3D&_nc_ohc=KfAqWNxFYawQ7kNvwHivCRy&_nc_oc=AdmrVpwU0Rcm4-8-WXCA_S158g87UGt0Ppx_ewdY3xGXyR5MIvsgPxUu0-QCh-PpHyeSEwP0k-jxtstZbjPFCuf7&_nc_ad=z-m&_nc_cid=0&_nc_zt=23&_nc_ht=scontent-man2-1.cdninstagram.com&_nc_gid=p02bYovT5EjnN6xpVfQgVA&oh=00_AfibC2m2_0mws7oFBK0_JCHBqmj7xqVDf-hS0QVStIocOQ&oe=69312D7F;Bu cihandan bir Mustafa Kemal Atatürk geçti.   Unutmadık, unutmayacağız…;
https://www.instagram.com/p/DQ1jQW2jC-c/;Reels;101538;1849;1650772;2025-11-09 16:08:30;https://scontent-man2-1.cdninstagram.com/v/t51.71878-15/576143754_2041095780056201_4022477646652484347_n.jpg?stp=dst-jpg_e15_tt6&_nc_cat=108&ig_cache_key=Mzc2MjA2ODExOTQxNDkxMDg3Ng%3D%3D.3-ccb7-5&ccb=7-5&_nc_sid=58cdad&efg=eyJ2ZW5jb2RlX3RhZyI6InhwaWRzLjY0MHgxMTM2LnNkci5DMyJ9&_nc_ohc=fG9nsf7KNeQQ7kNvwFDKBRy&_nc_oc=AdlipBykIX_wLBJp0xN4jL4Ur5Vprk-mISxwaJF2qtwNvunrqZnWu2gvN6n0Sf4h_qwvaSuUJf0fhGpqT71rU_wz&_nc_ad=z-m&_nc_cid=0&_nc_zt=23&_nc_ht=scontent-man2-1.cdninstagram.com&_nc_gid=p02bYovT5EjnN6xpVfQgVA&oh=00_AfhhDcOW41xXJlIb31jNixQm6w8KeXAKG31uOfr55qiBAg&oe=693106CE;Halep oradaysa arşın burada!;
https://www.instagram.com/p/DQ08dChjNyf/;Reels;102644;2030;1771408;2025-11-09 10:27:16;https://scontent-man2-1.cdninstagram.com/v/t51.71878-15/574505836_1368551691603761_5625326601080006272_n.jpg?stp=dst-jpg_e15_tt6&_nc_cat=108&ig_cache_key=Mzc2MTg5NzQ2NzEyNzA2MTY2Mw%3D%3D.3-ccb7-5&ccb=7-5&_nc_sid=58cdad&efg=eyJ2ZW5jb2RlX3RhZyI6InhwaWRzLjY0MHg4MDAuc2RyLkMzIn0%3D&_nc_ohc=KR9Z4V1gpQoQ7kNvwHjNC9i&_nc_oc=AdlLe9wXSvdEiyHtrC-UDsP1gSk7hytWJ0DvXeqF3LqawXQAFaTAB7VAhjqcbnsVf57PcpFNabWWlwC8PTRDHRcL&_nc_ad=z-m&_nc_cid=0&_nc_zt=23&_nc_ht=scontent-man2-1.cdninstagram.com&_nc_gid=p02bYovT5EjnN6xpVfQgVA&oh=00_Afic56KycUueFUbnxpR4BBAaz-oq8OoaHXCmRlFdhWoF6Q&oe=6931296D;Ordu tarih yazdı. Çünkü biz doğru yoldayız.;
https://www.instagram.com/p/DQw3xC6jBet/;Reels;56548;1133;1683675;2025-11-07 20:31:24;https://scontent-man2-1.cdninstagram.com/v/t51.71878-15/574332660_1234336425199968_174084430196417055_n.jpg?stp=dst-jpg_e15_tt6&_nc_cat=101&ig_cache_key=Mzc2MDc1MDk1MTc5NjU3ODIyMQ%3D%3D.3-ccb7-5&ccb=7-5&_nc_sid=58cdad&efg=eyJ2ZW5jb2RlX3RhZyI6InhwaWRzLjY0MHg4MDAuc2RyLkMzIn0%3D&_nc_ohc=3mbpoQwY0-wQ7kNvwEt_vB4&_nc_oc=Adk5eN-xnrhtgkKZNsXP25vSHOBlHLGV94aY58LPJQL5F1eMdRWesLWipXmQao7OSJgQu2nfQpWqVZcvKiKWmhPC&_nc_ad=z-m&_nc_cid=0&_nc_zt=23&_nc_ht=scontent-man2-1.cdninstagram.com&_nc_gid=p02bYovT5EjnN6xpVfQgVA&oh=00_Afi5za-WB754xi9Kye7t8A4Nxwqj6sk3_XQGBGdQT0ymEA&oe=6930FD83;Sevgili gençlere, hanımefendilere, beyefendilere, Ordu’ya selam olsun.   Genel Başkanımız Özgür Özel’in katılımıyla gerçekleşecek “Millet iradesine sahip çıkıyor” buluşmasına tüm Ordulu hemşehrilerimi davet ediyorum.   8 Kasım Cumartesi, 15.00  Ordu Cumhuriyet Meydanı;
https://www.instagram.com/p/DQv7U-ejH25/;Reels;38979;656;1100404;2025-11-07 11:42:54;https://scontent-man2-1.cdninstagram.com/v/t51.71878-15/573916360_1562775388390652_7947368283111302574_n.jpg?stp=dst-jpg_e15_tt6&_nc_cat=100&ig_cache_key=Mzc2MDQ4NTE0MDA5NTg2MDE1Mw%3D%3D.3-ccb7-5&ccb=7-5&_nc_sid=58cdad&efg=eyJ2ZW5jb2RlX3RhZyI6InhwaWRzLjY0MHg4MDAuc2RyLkMzIn0%3D&_nc_ohc=FUycR8gC_YUQ7kNvwE9sJa_&_nc_oc=AdnCzoS2zh0OnAoFY7RRb4b_am-oIBDJtPsBs-aSgoToHanu5k7KJIKfloFJfngg2wEGuLDBY3rVWt_uhEBBBPyF&_nc_ad=z-m&_nc_cid=0&_nc_zt=23&_nc_ht=scontent-man2-1.cdninstagram.com&_nc_gid=p02bYovT5EjnN6xpVfQgVA&oh=00_Afi6Uz7mTIf2j_OsF8GEjZ2oDYbCQ3TT_w9qAUuDj1_zmA&oe=69312A10;Yeni metro hatlarımızla ulaşımı kolaylaştırmaya, yeni metro araçlarımızla da filomuzu yenilemeye devam ediyoruz.;
https://www.instagram.com/p/DQuUok3jHpf/;Carousel;120870;2262;0;2025-11-06 20:42:22;https://scontent-man2-1.cdninstagram.com/v/t51.82787-15/574825966_18551134429009596_2169344186839923637_n.jpg?stp=dst-jpg_e35_tt6&_nc_cat=102&ig_cache_key=Mzc2MDAzMzQ3OTI2MzA1NzE0NQ%3D%3D.3-ccb7-5&ccb=7-5&_nc_sid=58cdad&efg=eyJ2ZW5jb2RlX3RhZyI6InhwaWRzLjEwODB4MTM1MC5zZHIuQzMifQ%3D%3D&_nc_ohc=LnQht73NB-kQ7kNvwEW-KFi&_nc_oc=Adk-fK9X7osg_jMXu8UhTZpw0i0VTiREFReBAaq4KY4FT4VCEAVVluwgdrOk1o3peLBWc4zmdo8n_LJmN-UIyi9A&_nc_ad=z-m&_nc_cid=0&_nc_zt=23&_nc_ht=scontent-man2-1.cdninstagram.com&_nc_gid=p02bYovT5EjnN6xpVfQgVA&oh=00_AfjKQ6CMR-Z6vnoOjxnet3UkGRtPcinM8f4pFp-qBpowlw&oe=6930FBC7;“Adaletin en kötüsü geç tecelli edenidir”;
https://www.instagram.com/p/DQtNTRCjAKz/;Reels;71472;2085;1465180;2025-11-06 10:22:24;https://scontent-sjc6-1.cdninstagram.com/v/t51.71878-15/573389038_837488628645680_3899769270862607549_n.jpg?stp=dst-jpg_e15_tt6&_nc_cat=108&ig_cache_key=Mzc1OTcxOTc2MjQ5NTI3NTY5OQ%3D%3D.3-ccb7-5&ccb=7-5&_nc_sid=58cdad&efg=eyJ2ZW5jb2RlX3RhZyI6InhwaWRzLjY0MHgxMTM2LnNkci5DMyJ9&_nc_ohc=wSVKpRuHlC4Q7kNvwHZ2qac&_nc_oc=AdlGr0D7U03k_MxV8sUu2gHUsEh6zC0HI2b60L7bKcuSaERppDZ3miWOL0slMVqxSiTzvS8Rj0zL9qQWYLsZtUjB&_nc_ad=z-m&_nc_cid=0&_nc_zt=23&_nc_ht=scontent-sjc6-1.cdninstagram.com&_nc_gid=I-sTec0_fXzTyrZb5EQrFg&oh=00_AfjDtSPtcC-3i4QLgMlvs0h9mwm8LSQyNLb1T--pJjkbTQ&oe=693127AC;Biz çok güçlüyüz!;
https://www.instagram.com/p/DQpS8eeDJAp/;Reels;63692;888;1033496;2025-11-04 21:51:46;https://scontent-sjc3-1.cdninstagram.com/v/t51.71878-15/571884706_33265833466348998_7615315655176853619_n.jpg?stp=dst-jpg_e15_tt6&_nc_cat=100&ig_cache_key=Mzc1ODYxODY4NDczOTU4ODEzNw%3D%3D.3-ccb7-5&ccb=7-5&_nc_sid=58cdad&efg=eyJ2ZW5jb2RlX3RhZyI6InhwaWRzLjY0MHg4MDAuc2RyLkMzIn0%3D&_nc_ohc=FEBVLsQZT_AQ7kNvwHWDe0G&_nc_oc=AdlCyi_fLIJ2K6vqGgC_7tpmo-FW8_PZZvMzvQKuG_6XanoXimoukOl8pfSYf-L6P_cFnU0SM5RrUBxgg9ULBTxc&_nc_ad=z-m&_nc_cid=0&_nc_zt=23&_nc_ht=scontent-sjc3-1.cdninstagram.com&_nc_gid=I-sTec0_fXzTyrZb5EQrFg&oh=00_AfjXouIV8lZ3wcVYOiQyfdw92nxc2OsPWsrFP6fVvoAtHw&oe=6931168A;Ya hep beraber, ya hiç birimiz!  Ümraniye’de Genel Başkanımız Sayın Özgür Özel’in katılacağı buluşmaya bütün hemşehrilerimizi davet ediyorum.  5 Kasım Çarşamba 19.30 Ümraniye Saat Kulesi;
https://www.instagram.com/p/DQoVmSCDGQM/;Reels;24207;416;878590;2025-11-04 13:03:35;https://scontent-sjc3-1.cdninstagram.com/v/t51.71878-15/572578476_1330773438748307_2121203319809669284_n.jpg?stp=dst-jpg_e15_tt6&_nc_cat=103&ig_cache_key=Mzc1ODM0ODg3ODcxOTI0NzM3Mg%3D%3D.3-ccb7-5&ccb=7-5&_nc_sid=58cdad&efg=eyJ2ZW5jb2RlX3RhZyI6InhwaWRzLjY0MHgxMTM2LnNkci5DMyJ9&_nc_ohc=I676P1Ha2fkQ7kNvwF_xZ7Y&_nc_oc=Adl8sRaXbjHppqUqFrDcSFefiyXdxrThCPHPSWkbJVuUiqGMADwU2phRVBkTKvLjzwYpQL2XKi7ix8LVnBq4x-D0&_nc_ad=z-m&_nc_cid=0&_nc_zt=23&_nc_ht=scontent-sjc3-1.cdninstagram.com&_nc_gid=I-sTec0_fXzTyrZb5EQrFg&oh=00_AfjaYIDjywwPoUZEQKsX4YBxdXbYa_F062Pw6C4nufFwmQ&oe=693101D5;Cumhurbaşkanlığı Aday Ofisimiz gençleri dinliyor, onlara önem veriyor ve geleceği birlikte planlıyor.;
https://www.instagram.com/p/DQmkqIyDPNt/;Reels;50618;974;1042959;2025-11-03 20:30:12;https://scontent-sjc3-1.cdninstagram.com/v/t51.71878-15/574565968_1623222945754103_1155881439554475793_n.jpg?stp=dst-jpg_e15_tt6&_nc_cat=103&ig_cache_key=Mzc1Nzg1MjE2NDQwOTMyNDM5Nw%3D%3D.3-ccb7-5&ccb=7-5&_nc_sid=58cdad&efg=eyJ2ZW5jb2RlX3RhZyI6InhwaWRzLjY0MHg4MDAuc2RyLkMzIn0%3D&_nc_ohc=8vRlwb63c5cQ7kNvwG5J8M_&_nc_oc=Adn2dNUevEslntneZfR5sPDenXVA8v_0J1neQWBlh87yI7Z2m57lMzzEF1ZPk3xrsHdUsIjLYKxan_GGFZXijyb8&_nc_ad=z-m&_nc_cid=0&_nc_zt=23&_nc_ht=scontent-sjc3-1.cdninstagram.com&_nc_gid=I-sTec0_fXzTyrZb5EQrFg&oh=00_AfgUDeJ6fpoaj-EdBtV7WHJdKn31LtqBRWn-LehEA-Ux_g&oe=69311996;Vatandaş diyor ki: “Seçimle gelen seçimle gider. Zorla olmaz”;
https://www.instagram.com/p/DQlqTNKjPkZ/;Photo;46653;690;0;2025-11-03 11:58:31;https://scontent-sjc3-1.cdninstagram.com/v/t51.82787-15/573141643_18550310788009596_1569671588052208306_n.jpg?stp=dst-jpg_e35_tt6&_nc_cat=102&ig_cache_key=Mzc1NzU5NTUwMTg2OTcyNTk3Nw%3D%3D.3-ccb7-5&ccb=7-5&_nc_sid=58cdad&efg=eyJ2ZW5jb2RlX3RhZyI6InhwaWRzLjEzNDd4MTY3OS5zZHIuQzMifQ%3D%3D&_nc_ohc=Ae9PpCekTRYQ7kNvwG0_dRy&_nc_oc=AdktwNVkka71gPRymk1rp_c1hdoky_o0EU8qxeAB1x2Iapoegm6sP-boWX54aSerGvBnFebyO6rPJAPbIwtFFwOU&_nc_ad=z-m&_nc_cid=0&_nc_zt=23&_nc_ht=scontent-sjc3-1.cdninstagram.com&_nc_gid=I-sTec0_fXzTyrZb5EQrFg&oh=00_AfhdqP80VdTbW7maz1jV7SupsEw5dvouzaFI1bBI6i3OWQ&oe=693112A8;"Sevgiyle dolu, kinden arınmış bir yürek, Küllerinden doğar yeniden. Öfkeye, nefrete ve riyaya gözünü kapatıp, Neşeyle, aşkla, inançla koşar geleceğe.  Azim ve kararlılıkla mücadele büyür, Yürekteki sevginin gücüyle geleceğe doğru büyük bir kudretle yürür.  Karşılıklı ve sonsuz bir sevgi bu, yurdumun insanıyla büyüdükçe büyür. Nefrete sarılanlara inat sevgiyi büyütür.  Ve kaldığı yerden devam eder; ideallerine, hayallerine, amasız ve fakatsız büyük bir kardeşliğe.  Bu akan sel hiç durmaz, durmayacak! Büyük bir inançla, büyük bir geleceğe doğru yol alacağız…";
https://www.instagram.com/p/DQi2zsvDMiV/;Reels;325171;4244;4846199;2025-11-02 09:50:48;https://scontent-sjc6-1.cdninstagram.com/v/t51.71878-15/574027524_1845747119648625_1377521665368737297_n.jpg?stp=dst-jpg_e15_tt6&_nc_cat=111&ig_cache_key=Mzc1NjgwNjA4NjQxOTMzNTMxNw%3D%3D.3-ccb7-5&ccb=7-5&_nc_sid=58cdad&efg=eyJ2ZW5jb2RlX3RhZyI6InhwaWRzLjY0MHgxMTM2LnNkci5DMyJ9&_nc_ohc=OUd8q1Ky3-gQ7kNvwEpLSvI&_nc_oc=AdmksjCUO7SexDTjHYXVMeTLcFbiVnP0p7g2QbLZTJm1SwqAiffAZ__bm3HmOYXooFB1QzY6SBCkSzT2S9IwGc8o&_nc_ad=z-m&_nc_cid=0&_nc_zt=23&_nc_ht=scontent-sjc6-1.cdninstagram.com&_nc_gid=I-sTec0_fXzTyrZb5EQrFg&oh=00_AfgNq4oyfiZb8Su-WShSF6Fo01rRbriwBLUueaRPSvOOqA&oe=69312F23;"İstanbul Maratonu’nda geçen yıl on binlerle birlikte dayanışmayı, umudu ve direnci büyütmek için koşmuştuk.  Bu yıl ise Silivri’de olduğum için o büyük heyecana maalesef uzaktan ortak olacağım.  Biliyorum; karanlık sonsuza kadar sürmez. Bu ülke mutlaka aydınlığa koşacak. O gün geldiğinde hep birlikte umutla nefes alacağız; adaletin, özgürlüğün ve eşitliğin ışığında yeniden buluşacağız.  Çünkü bu ülkenin umudu var, gençliği var, enerjisi var.";
https://www.instagram.com/p/DQdotGTDMFx/;Reels;42277;1154;1268988;2025-10-31 09:11:01;https://scontent-sjc3-1.cdninstagram.com/v/t51.71878-15/572129585_3234361686728255_700061158615412865_n.jpg?stp=dst-jpg_e15_tt6&_nc_cat=110&ig_cache_key=Mzc1NTMzNjY4NTI5NTgxMjk3Nw%3D%3D.3-ccb7-5&ccb=7-5&_nc_sid=58cdad&efg=eyJ2ZW5jb2RlX3RhZyI6InhwaWRzLjY0MHgxMTM2LnNkci5DMyJ9&_nc_ohc=lnfVgKcQ2rUQ7kNvwHfNh7F&_nc_oc=AdlJ0ST8nGl3VAebgse8EFLmcLcrNuiAcPcopkd1dTF1oNb-0WpCCv81YBmqP7J5_oXI7ZfmzN6O_m3oEPr39sAi&_nc_ad=z-m&_nc_cid=0&_nc_zt=23&_nc_ht=scontent-sjc3-1.cdninstagram.com&_nc_gid=I-sTec0_fXzTyrZb5EQrFg&oh=00_AfiHltduG5jI7xvBNC2UhFzbcXdpBWQgpPQiVRxvz06avQ&oe=6931052D;Her zulmün sonu vardır.  Bu zulmün de sonu gelecek.;
