﻿PostLink;PostTürü;BeğeniSayısı;YorumSayısı;Görüntülenme Sayısı;Tarih;DisplayPhoto;Caption;Takipçi
https://www.instagram.com/p/DRpGoAvjBtV/;Reels;429;8;17626;2025-11-29 16:38:15;https://scontent-atl3-2.cdninstagram.com/v/t51.71878-15/588232815_1833573650585528_5836029651479265357_n.jpg?stp=dst-jpg_e15_tt6&_nc_cat=105&ig_cache_key=Mzc3NjU3ODkwMDM4MjcxODgwNQ%3D%3D.3-ccb7-5&ccb=7-5&_nc_sid=58cdad&efg=eyJ2ZW5jb2RlX3RhZyI6InhwaWRzLjY0MHgxMTM2LnNkci5DMyJ9&_nc_ohc=CfzkyHDgy1oQ7kNvwG327Fr&_nc_oc=AdmHfSyZ8uZezfxstwfaDO2c5YfSiKoo4k1qFbHEZPoEwKBIcgsYK_9Iwv78DVkyFy0&_nc_ad=z-m&_nc_cid=0&_nc_zt=23&_nc_ht=scontent-atl3-2.cdninstagram.com&_nc_gid=_Q37KLEQotBDH3aE7zVrQA&oh=00_AfjWTfzTLE9gmDh6wqSJ6VyI9aOeGFZp0XxkZEhBpqOjrA&oe=69310001;"Eşim Duygu hanım ile birlikte biz de Niğde’mizin gelenekselleşen etkinliği; 8️⃣. Niğde Kitap Fuarı’ndaydık 🙋🏻‍♂️ 📚   Yarın kapanışını yapacağımız kitap fuarına gelmediyseniz acele edin, sizleri de bekliyoruz 🤗";46720
https://www.instagram.com/p/DRo_NznDZhB/;Carousel;345;6;0;2025-11-29 15:30:24;https://scontent-atl3-2.cdninstagram.com/v/t51.82787-15/588730216_18376373800152424_2534353790271949737_n.jpg?stp=dst-jpg_e35_tt6&_nc_cat=101&ig_cache_key=Mzc3NjU0NjI5MzEzMzY5ODUzNQ%3D%3D.3-ccb7-5&ccb=7-5&_nc_sid=58cdad&efg=eyJ2ZW5jb2RlX3RhZyI6InhwaWRzLjE0NDB4OTU5LnNkci5DMyJ9&_nc_ohc=BZhb3yxoEwoQ7kNvwFHpTwR&_nc_oc=Adn7LksMAfRP1fcGSeZ8e0KUOyYM1bI8bGf5RocBLbVCURNRRJ3zogpaCQrtye-oj-I&_nc_ad=z-m&_nc_cid=0&_nc_zt=23&_nc_ht=scontent-atl3-2.cdninstagram.com&_nc_gid=_Q37KLEQotBDH3aE7zVrQA&oh=00_AfhS_uooMTaS_qfAbjooc9XtvCGzQdWrCkm_rTSCZ5NplQ&oe=693107B4;"Niğde’mizin gelenekselleşen etkinliği; 8️⃣. Niğde Kitap Fuarı’nda kitapların büyülü dünyasında hemşehrilerimizle bir araya geldik 📚   Edebiyat üzerine, kitaplar üzerine sohbet ettik ☺️  Yarın kapanışını yapacağımız kitap fuarına gelmediyseniz acele edin, sizleri de bekliyoruz 🤗";
https://www.instagram.com/p/DRog-sFCLwx/;Carousel;272;6;0;2025-11-29 11:06:12;https://scontent-atl3-3.cdninstagram.com/v/t39.30808-6/591747122_1343861097535573_3724836858221816218_n.jpg?stp=c0.1.1440.958a_dst-jpg_e35_tt6&_nc_cat=108&ig_cache_key=Mzc3NjQxMzMwOTU4NzcxMTE3Ng%3D%3D.3-ccb7-5&ccb=7-5&_nc_sid=58cdad&efg=eyJ2ZW5jb2RlX3RhZyI6InhwaWRzLjE0NDB4OTYwLnNkci5DMyJ9&_nc_ohc=tvfk1mJ3fL4Q7kNvwEBQq8l&_nc_oc=AdlLg8pTZIMLDeX8e98jQxuUlkTRoY9twnUh_MIEzVEHm_K1fte-Xt6SxtTfyYG1cQ8&_nc_ad=z-m&_nc_cid=0&_nc_zt=23&_nc_ht=scontent-atl3-3.cdninstagram.com&_nc_gid=_Q37KLEQotBDH3aE7zVrQA&oh=00_AfgWyYY_Qfmr1QH9aqrFhAEui6LIiEwuzpcgWbQANTJKVQ&oe=6930FB84;"Çamardı İlçe Jandarma Komutanımız, Jandarma Astsubay II. Kademe Kıdemli Başçavuş Osman Deniz için İl Jandarma Komutanlığı’nda düzenlenen törendeydik 🇹🇷  Kıymetli komutanımıza Allah’tan rahmet; ailesine, silah arkadaşlarına ve sevenlerine sabırlar diliyoruz.  Mekânı cennet olsun. 🇹🇷";
https://www.instagram.com/p/DRnWd40Dbnm/;Reels;2284;60;91839;2025-11-29 00:16:36;https://scontent-atl3-2.cdninstagram.com/v/t51.71878-15/588055404_1954796818716510_6031801250180877123_n.jpg?stp=dst-jpg_e15_tt6&_nc_cat=102&ig_cache_key=Mzc3NjA4NTYyMzQ2NDM3NjgwNg%3D%3D.3-ccb7-5&ccb=7-5&_nc_sid=58cdad&efg=eyJ2ZW5jb2RlX3RhZyI6InhwaWRzLjY0MHgxMTM2LnNkci5DMyJ9&_nc_ohc=ogQuGx2ktYcQ7kNvwGBINsw&_nc_oc=Adl6lJb2aqgJ29DiQzpXwvQsJ_-Jeln4uHGoxfoaBTQ9pVMBcPT4T5OZ2FnCugYYoyk&_nc_ad=z-m&_nc_cid=0&_nc_zt=23&_nc_ht=scontent-atl3-2.cdninstagram.com&_nc_gid=_Q37KLEQotBDH3aE7zVrQA&oh=00_AfiXMbVyqOoiZQHkBSosedbsdeoH4MV8KIfIByXrmcSv4A&oe=69310B35;Sabah açıyoruz inşallah 😎  📍 Süleyman Fethi Caddesinde canla başla çalışan ekip arkadaşlarımızın yanında, sahadaydık 🙋🏻‍♂️  Özveriyle çalışan ekiplerimizle birlikte sabah 09.00’da yolumuzu tamamen açacağız inşallah 🚧;
https://www.instagram.com/p/DRnJ3a8je_O/;Reels;1030;70;34877;2025-11-28 22:25:10;https://scontent-atl3-2.cdninstagram.com/v/t51.2885-15/591074667_18376309450152424_6564851361905313485_n.jpg?stp=dst-jpg_e15_tt6&efg=eyJ2ZW5jb2RlX3RhZyI6IkNMSVBTLmltYWdlX3VybGdlbi41MDR4ODk2LnNkci5mODI3ODcuZGVmYXVsdF9jb3Zlcl9mcmFtZS5jMiJ9&_nc_ht=scontent-atl3-2.cdninstagram.com&_nc_cat=104&_nc_oc=Q6cZ2QFi4pojsH4uEXDmRiGaTefF7YNvyAtQXPkHpbr5KSySZnLeJrRm9e8CfFBdvARolqc&_nc_ohc=ipyzR5o__hUQ7kNvwHfm4VB&_nc_gid=_Q37KLEQotBDH3aE7zVrQA&edm=ACWDqb8BAAAA&ccb=7-5&ig_cache_key=Mzc3NjAzMDIwMzQ5NjQ5MzAwNg%3D%3D.3-ccb7-5&oh=00_AfijqAlvsJa8rV1d0I8M1P9P_oQKaY1AHXnb4iDzn1LxAQ&oe=69311A5D&_nc_sid=ee9879;Tek Yön Projesi kapsamında attığımız aşınma asfaltını yerinde inceledik 🚧;
https://www.instagram.com/p/DRm8JHHCJG1/;Carousel;290;10;0;2025-11-28 20:25:04;https://scontent-atl3-2.cdninstagram.com/v/t39.30808-6/591729703_1343460874242262_938624417133556135_n.jpg?stp=c0.0.1440.959a_cp6_dst-jpg_e35_tt6&_nc_cat=101&ig_cache_key=Mzc3NTk2OTgwMjg2Nzc0OTQ3Ng%3D%3D.3-ccb7-5&ccb=7-5&_nc_sid=58cdad&efg=eyJ2ZW5jb2RlX3RhZyI6InhwaWRzLjE0NDB4OTYwLnNkci5DMyJ9&_nc_ohc=McUsYT6XIyIQ7kNvwHbKbNI&_nc_oc=Adkh2bZZQaYRZuoz8LzvRfg6OffFYW-2yaVnOkEYAD7pgNN3jMoL7NEhkzWYpITWH9w&_nc_ad=z-m&_nc_cid=0&_nc_zt=23&_nc_ht=scontent-atl3-2.cdninstagram.com&_nc_gid=_Q37KLEQotBDH3aE7zVrQA&oh=00_AfgulaO4Rt_OGKWJtQ5lcSMPVYGKH98wLJIMU2T8DkDa9Q&oe=69310E57;"AK Parti Kadın Kolları Genel Başkan Yardımcımız, Gaziantep Milletvekilimiz Derya Bakbak’ı (@deryabakbak27 ) Belediyemizde ağırladık, Akabinde; AK Parti İl Kadın Kollarımızın Danışma Meliclisi Toplantısına katıldık 🙋🏻‍♂️  Sayın Milletvekilimize nazik ziyaretleri için çok teşekkür ediyorum ☺️";
https://www.instagram.com/p/DRkSGlIiFjz/;Reels;672;27;46607;2025-11-27 19:41:05;https://scontent-atl3-1.cdninstagram.com/v/t51.82787-15/586795515_18376195522152424_5354527060153268129_n.jpg?stp=dst-jpg_e15_tt6&_nc_cat=100&ig_cache_key=Mzc3NTIyMjAwNDY2ODk3OTQ0MzE4Mzc2MTk1NTE2MTUyNDI0.3-ccb7-5&ccb=7-5&_nc_sid=58cdad&efg=eyJ2ZW5jb2RlX3RhZyI6InhwaWRzLjcyMHgxMjgwLnNkci5DMyJ9&_nc_ohc=lh5EBW7U_qUQ7kNvwF48rxV&_nc_oc=AdmBa7q8pkJJbdlNRU4419PyCuiZF50ZYuTDYPLKsHhzmCnUtPGonNqYYvE72yNNX4Y&_nc_ad=z-m&_nc_cid=0&_nc_zt=23&_nc_ht=scontent-atl3-1.cdninstagram.com&_nc_gid=_Q37KLEQotBDH3aE7zVrQA&oh=00_AfjcX8-8A5aPBycIAUPfaEsS5dVmX_cNNF_4Ix3lLlktCQ&oe=6931313D;Bugün çok özel, çok güzel misafirlerimiz vardı 🥰  Özel gereksinimli kardeşlerimizi havuzumuzda ağırladık, hediyeleştik, onlar yüzdü, hep birlikte eğlendik 🏊‍♀️ 🏊   İyi ki varsınız ❤️;
https://www.instagram.com/p/DRj92VOiBKb/;Carousel;275;7;0;2025-11-27 16:42:15;https://scontent-atl3-3.cdninstagram.com/v/t39.30808-6/591738026_1342601704328179_7422097178757568392_n.jpg?stp=c0.1.1440.958a_dst-jpg_e35_tt6&_nc_cat=110&ig_cache_key=Mzc3NTEzMjg4MDYwNzkxMDg1Mg%3D%3D.3-ccb7-5&ccb=7-5&_nc_sid=58cdad&efg=eyJ2ZW5jb2RlX3RhZyI6InhwaWRzLjE0NDB4OTYwLnNkci5DMyJ9&_nc_ohc=l7RRmtZUeOYQ7kNvwG8fWCm&_nc_oc=Admgur1_HxujM3p74FDwyMiKNVQm9WqsAY0AcWmDoMsXgP9hT-nH1gQCm6zMQgQFDv4&_nc_ad=z-m&_nc_cid=0&_nc_zt=23&_nc_ht=scontent-atl3-3.cdninstagram.com&_nc_gid=_Q37KLEQotBDH3aE7zVrQA&oh=00_Afjhwygm5e_mZq_7x--J3X1T65b6J7UPR9ishDpqZBWRiQ&oe=693115C4;AK Parti Grup Başkanvekilimiz, Manisa Milletvekilimiz, oyuncu, yazar Bahadır Yenişehirlioğlu’nu (@yenisehirlioglu ) Niğde’mizde ağırlıyoruz 🙋🏻‍♂️  Niğde 8️⃣. Kitap Fuarında gerçekleştirdikleri söyleşi ve imza etkinliğinin akabinde önce kendisini Belediyemizde misafir ettik, akabinde birlikte AK Parti İl Başkanlığımızı ziyaret ettik ☺️  Tabal Gastronomi Evi’mizin lezzetlerini de tattırmadan yolcu etmediğimiz sayın Milletvekilimize nazik ziyaretleri ve güzel söyleşisi için çok teşekkür ediyorum ☺️;
https://www.instagram.com/p/DRhcpc3iEh6/;Carousel;220;4;0;2025-11-26 17:13:40;https://scontent-atl3-3.cdninstagram.com/v/t39.30808-6/590771881_1341885317733151_8694214773317287047_n.jpg?stp=c0.0.1440.959a_dst-jpg_e35_tt6&_nc_cat=108&ig_cache_key=Mzc3NDQyMzkzOTMwNTQ3NTc3Mg%3D%3D.3-ccb7-5&ccb=7-5&_nc_sid=58cdad&efg=eyJ2ZW5jb2RlX3RhZyI6InhwaWRzLjE0NDB4OTYwLnNkci5DMyJ9&_nc_ohc=DPLPyzx2oScQ7kNvwEg52Pc&_nc_oc=Adl-XeZSjYTSs9twhRpjoxjVATYXDxEXWNSAekBNeklsEZaqO6cmiXYim8RBjIhr254&_nc_ad=z-m&_nc_cid=0&_nc_zt=23&_nc_ht=scontent-atl3-3.cdninstagram.com&_nc_gid=_Q37KLEQotBDH3aE7zVrQA&oh=00_Afjr5UN8AI6BteBYU6qPcRftd2FeYJ1vntU3Bxyy_AZZMg&oe=693115C5;"Aile ve Sosyal Hizmetler İl Müdürümüz Nurettin Kesler’in Akabinde; Tarım ve Orman İl Müdürümüz Furkan Mete’nin misafiri olduk 🙋🏻‍♂️  Değerli müdürlerimize misafirperverlikleri için çok teşekkür ediyorum ☺️";
https://www.instagram.com/p/DRhBe4piEpN/;Carousel;224;3;0;2025-11-26 13:16:17;https://scontent-atl3-1.cdninstagram.com/v/t39.30808-6/588224511_1341727871082229_190956339606065516_n.jpg?stp=c0.0.1440.959a_dst-jpg_e35_tt6&_nc_cat=103&ig_cache_key=Mzc3NDMwNDQ2MDQ1Mzk3ODY1MQ%3D%3D.3-ccb7-5&ccb=7-5&_nc_sid=58cdad&efg=eyJ2ZW5jb2RlX3RhZyI6InhwaWRzLjE0NDB4OTYwLnNkci5DMyJ9&_nc_ohc=PUC1UcH3ROoQ7kNvwGB4vM5&_nc_oc=AdnVqnxC4CGpC67_bxqIETm9RoxU4h88UnP2_Us-5xRfpT32zSZYyAWezfadpIaLTpU&_nc_ad=z-m&_nc_cid=0&_nc_zt=23&_nc_ht=scontent-atl3-1.cdninstagram.com&_nc_gid=_Q37KLEQotBDH3aE7zVrQA&oh=00_AfgSzzPE3kSRDzaHJyBwztT1E2HLbBBTig5B6zPKRZVqqQ&oe=6931201E;Yerli ve milli üretime güçlü destek 😎  Patates Araştırma Enstitümüz tarafından geliştirilen yerli ve milli patates çeşitlerinin Migros mağazalarında satışa sunulması için işbirliği protokolü neticesinde ilk alım gerçekleşti ✍🏼   Niğde’nin bereketli topraklarında yetişen ürünlerin değer kazanması, çiftçimizin daha güçlü yarınlara adım atması için taş üstüne taş koyan herkesten Allah razı olsun 🥔 🌱🇹🇷;
https://www.instagram.com/p/DRcnzORCPM7/;Photo;1345;19;0;2025-11-24 20:14:56;https://scontent-atl3-2.cdninstagram.com/v/t39.30808-6/589566631_1340448371210179_5783382547503886410_n.jpg?stp=dst-jpg_e35_tt6&_nc_cat=105&ig_cache_key=Mzc3MzA2NTYzMTY1NTA2NDM3OQ%3D%3D.3-ccb7-5&ccb=7-5&_nc_sid=58cdad&efg=eyJ2ZW5jb2RlX3RhZyI6InhwaWRzLjExNTJ4MTQ0MC5zZHIuQzMifQ%3D%3D&_nc_ohc=82oRFC7JDLYQ7kNvwH0MZsU&_nc_oc=AdlZGpMUHJOyKEXzGNDyaRTUl3Nixw386inkGJZJLlYvRZ0sCXIBJ5e0T0K5XUh7epg&_nc_ad=z-m&_nc_cid=0&_nc_zt=23&_nc_ht=scontent-atl3-2.cdninstagram.com&_nc_gid=_Q37KLEQotBDH3aE7zVrQA&oh=00_Afj3EDFNW3J2JM38pR42Oon2CJzFlmOFVHBsG8r5eMamOw&oe=693132C5;Bu gün bu vatan için, milletimiz için güzel işler yapabiliyorsak değerli öğretmenim Nuran Özgül’ün bize öğrettikleri, bize aşıladıkları sayesindedir ☺️  Öğretmenler gününü kutlamak, elini öpmek için kıymetli öğretmenimin misafiri oldum 🙋🏻‍♂️  Nuran öğretmenime misafirperverliğinden dolayı çok teşekkür ediyorum.;
https://www.instagram.com/p/DRcO11hCBrJ/;Carousel;332;11;0;2025-11-24 16:36:49;https://scontent-atl3-2.cdninstagram.com/v/t39.30808-6/586647372_1340318067889876_7582887870897075850_n.jpg?stp=c0.1.1440.958a_dst-jpg_e35_tt6&_nc_cat=102&ig_cache_key=Mzc3Mjk1NTgxNzIyNjU4NjUxOQ%3D%3D.3-ccb7-5&ccb=7-5&_nc_sid=58cdad&efg=eyJ2ZW5jb2RlX3RhZyI6InhwaWRzLjE0NDB4OTYwLnNkci5DMyJ9&_nc_ohc=M2lJHCvUa4EQ7kNvwGqnw6N&_nc_oc=Adny1WseNErAyFrhqgXaZuscPpkAiydylTIz-j3nZ_zaFUT-peLmh0LgG3_LpBf2fRM&_nc_ad=z-m&_nc_cid=0&_nc_zt=23&_nc_ht=scontent-atl3-2.cdninstagram.com&_nc_gid=_Q37KLEQotBDH3aE7zVrQA&oh=00_AfjC9yYafKfdEIN-rnMfEoyML-mmOjMl1406iyQe4gb39Q&oe=69311308;Geleceğimizi yeşertenler için koskoca bir hatıra ormanı 🌳 🌲   Öğretmenler Günü vesilesiyle her sene yaptığımız gibi öğretmenlerimizin adına fidan diktik 🥰  24 Kasım Öğretmenler Günü Kutlu Olsun 🥳;
https://www.instagram.com/p/DRb6e5gjRgj/;Carousel;329;6;0;2025-11-24 13:38:55;https://scontent-dus1-1.cdninstagram.com/v/t51.82787-15/587299223_18375870703152424_310953892296760214_n.jpg?stp=dst-jpg_e35_tt6&_nc_cat=100&ig_cache_key=Mzc3Mjg2NjMwMDc2MzU1MzcyOA%3D%3D.3-ccb7-5&ccb=7-5&_nc_sid=58cdad&efg=eyJ2ZW5jb2RlX3RhZyI6InhwaWRzLjE0NDB4OTYwLnNkci5DMyJ9&_nc_ohc=ziom2gAes2AQ7kNvwGIJgIo&_nc_oc=AdlDme7L9l8U2NwBB1r0e49BV5CiNqtUqhawIewgDxpLIHRZWhvygquPAUuUqFB8nSz26ZoXRZdvWxrPF0fXbHh-&_nc_ad=z-m&_nc_cid=0&_nc_zt=23&_nc_ht=scontent-dus1-1.cdninstagram.com&_nc_gid=g9i39Uodu9XPPnSP5Z_M8w&oh=00_Afho3hdZNt3e9TbF7CY9GQ7J0StNl5hpAo26nQW2Oru_Ow&oe=69310633;21’inden bu yana sizlerin ziyaretine açık olan Niğde 8️⃣. Kitap Fuarı’mızın resmi açılışını, manevi olarak daha da anlam kazanması adına, bugün  2️⃣4️⃣ Kasım Öğretmenler Günü’nde yapmak için bir aradaydık 🙋🏻‍♂️  Mana olarak çok kıymetli bu günde bizlerle birlikte burada olan siz değerli hemşehrilerimize de çok teşekkür ediyorum ☺️  3️⃣0️⃣ Kasıma kadar yine birbirinden kıymetli konuklarla burdayız 😎  📍Hazım Tepeyran Kültür Merkezi Yanı;
https://www.instagram.com/p/DRbqkrAiITU/;Carousel;707;6;0;2025-11-24 11:19:54;https://scontent-dus1-1.cdninstagram.com/v/t39.30808-6/586320289_1340138791241137_7914039066923809042_n.jpg?stp=dst-jpg_e35_tt6&_nc_cat=103&ig_cache_key=Mzc3Mjc5NjMxMjE0ODgxMjUzNg%3D%3D.3-ccb7-5&ccb=7-5&_nc_sid=58cdad&efg=eyJ2ZW5jb2RlX3RhZyI6InhwaWRzLjExNTJ4MTQ0MC5zZHIuQzMifQ%3D%3D&_nc_ohc=scrK-3rmfqUQ7kNvwHy38rZ&_nc_oc=AdnLrG1D3IjM5hKwLRNXLx-atBfJu2evJCQuIv-80SVfvXB9sPZDyUThXNVjsqgbPyKw_BkzS5Bg1uDqevrAwwqw&_nc_ad=z-m&_nc_cid=0&_nc_zt=23&_nc_ht=scontent-dus1-1.cdninstagram.com&_nc_gid=g9i39Uodu9XPPnSP5Z_M8w&oh=00_Afhe1QmOBuNpLtNryHuwQ_wBllXqY47wlizGHFo2slvBPg&oe=69311A85;Hayatımıza dokunarak bizlere unutulmaz anılar yaşatan öğretmenlerimizleydik 🙋🏻‍♂️  “Hatrımdan Kalemime Öğretmenlik” konulu anı yarışmasında dereceye giren değerli öğretmenlerimize ödüllerini takdim ettik ✍🏼;
https://www.instagram.com/p/DRT591YjWTb/;Reels;286;8;30690;2025-11-21 11:00:59;https://scontent-dus1-1.cdninstagram.com/v/t51.82787-15/584398643_18375536230152424_8866677549838447013_n.jpg?stp=dst-jpg_e15_tt6&_nc_cat=102&ig_cache_key=Mzc3MDYxMjI1MDg5ODY4NzE5NTE4Mzc1NTM2MjI0MTUyNDI0.3-ccb7-5&ccb=7-5&_nc_sid=58cdad&efg=eyJ2ZW5jb2RlX3RhZyI6InhwaWRzLjcyMHgxMjgwLnNkci5DMyJ9&_nc_ohc=y_VreNUoFAMQ7kNvwHLkU3U&_nc_oc=Adme1OSiHqiWMepKcKClAp7pxak233Fp06PN6Vr7ug3Rzi9UmjkxYQjD1cMXkIcCaUXQJh1waoMbZP-c4tjmtAq7&_nc_ad=z-m&_nc_cid=0&_nc_zt=23&_nc_ht=scontent-dus1-1.cdninstagram.com&_nc_gid=g9i39Uodu9XPPnSP5Z_M8w&oh=00_AfjbSiQl0lETbo4q5WQ9Ia6zcWSpfnS_igyhGx8GQDgF9g&oe=69310A3E;"BAŞLADIIIIK 🥳 📚  Niğde 8️⃣. Kitap Fuarı Her gün; ⏰ 09.00 - 20.00 arası sizleri bekliyor 🤗  📍Hazım Tepeyran Kültür Merkezi Yanı";
https://www.instagram.com/p/DRRju46DXYd/;Reels;1352;29;53918;2025-11-20 13:09:27;https://scontent-dus1-1.cdninstagram.com/v/t51.71878-15/583655629_1182763049851855_7145141410387353165_n.jpg?stp=dst-jpg_e15_tt6&_nc_cat=110&ig_cache_key=Mzc2OTk1MTUxNjkxMzEzNzE4MQ%3D%3D.3-ccb7-5&ccb=7-5&_nc_sid=58cdad&efg=eyJ2ZW5jb2RlX3RhZyI6InhwaWRzLjY0MHgxMTM2LnNkci5DMyJ9&_nc_ohc=5RuBbnuFfUQQ7kNvwHc80yj&_nc_oc=AdmXqI6OZPMXKM-tC4JoMbobJDpx8F33FLCV_r-XfpIyRvJ8z9k_h0mMUp29EHvqxyhBXb9HfUbX0T_ajI4mIDmS&_nc_ad=z-m&_nc_cid=0&_nc_zt=23&_nc_ht=scontent-dus1-1.cdninstagram.com&_nc_gid=g9i39Uodu9XPPnSP5Z_M8w&oh=00_Afhq5mJfmHXW5909Dm5XHAOTqnp-l3xeooq7Qtc8ypDYug&oe=693124BA;“Herkesin mutlu olduğu bir Dünya istiyorum” dedi içlerinden biri 🥰  Tertemiz kalpleriyle, ağızlarından çıkan güzel cümleleriyle 20 Kasım Dünya Çocuk Hakları Günü’nde tatlı misafirlerimizi ağırladık Belediyemizde 🥰;
https://www.instagram.com/p/DRP7CZxiJAn/;Photo;271;11;0;2025-11-19 21:52:54;https://scontent-dus1-1.cdninstagram.com/v/t39.30808-6/584765608_1336607968260886_3283310041820417011_n.jpg?stp=dst-jpg_e35_tt6&_nc_cat=104&ig_cache_key=Mzc2OTQ5MTA2Mjk5MDA4MjA4Nw%3D%3D.3-ccb7-5&ccb=7-5&_nc_sid=58cdad&efg=eyJ2ZW5jb2RlX3RhZyI6InhwaWRzLjE0NDB4OTYwLnNkci5DMyJ9&_nc_ohc=T-8UzVM2yoYQ7kNvwG0Aaq2&_nc_oc=AdmvEZkxwCzzx1shnwcV5NPFzH9nj257qU5OxoAzfRlcEV9qJK5Y1eQWwsr8jrlPbbVf5V1BpLzmEWvcJ-806S9C&_nc_ad=z-m&_nc_cid=0&_nc_zt=23&_nc_ht=scontent-dus1-1.cdninstagram.com&_nc_gid=g9i39Uodu9XPPnSP5Z_M8w&oh=00_Afizq-nVcajOJEVeNGsc2KlC6pETI386uQkV6kN6H6IKtA&oe=693111F5;En güzel günlerden birinde en tatlı misafirlerimizi ağırladık 🥰  20 Kasım Dünya Çocuk Hakları Günü münasebetiyle Başarı Eğitim Kurumları Gündüz Bakım Evi öğrencileri bugün Belediyemizdeydi 🙋🏻‍♂️  Miniklerimize ve eğitim kurumu yetkililerine bu güzel ziyaretleri için çok teşekkür ediyorum ☺️;
https://www.instagram.com/p/DRPM-FnCEEE/;Photo;118;4;0;2025-11-19 15:10:21;https://scontent-dus1-1.cdninstagram.com/v/t39.30808-6/585774831_1336366908284992_608538022184512903_n.jpg?stp=dst-jpg_e35_tt6&_nc_cat=110&ig_cache_key=Mzc2OTI4ODQ1NjMyMTY0Njg1Mg%3D%3D.3-ccb7-5&ccb=7-5&_nc_sid=58cdad&efg=eyJ2ZW5jb2RlX3RhZyI6InhwaWRzLjE0NDB4MTQzNC5zZHIuQzMifQ%3D%3D&_nc_ohc=apL7pP9PO3wQ7kNvwF7ra2k&_nc_oc=AdmSCcJkIBuhgPU8d6g6MlJI-LX4hqrorTd-_7utz_vhlavoawMexUAWg3a9tDZdJQKRgUF1C9wUpZyemeFXFrzw&_nc_ad=z-m&_nc_cid=0&_nc_zt=23&_nc_ht=scontent-dus1-1.cdninstagram.com&_nc_gid=g9i39Uodu9XPPnSP5Z_M8w&oh=00_AfgBbfuuE0OjHDnpkbbLN-vtXjXZoU3aKM8EYr2sqDttdg&oe=693129D3;Değerli konuklar, söyleşiler, imza günleri ✍🏼   Niğde 8️⃣. Kitap Fuarı 2️⃣1️⃣ Kasım’da BAŞLIYOR 📚   Tüm hemşehrilerimizi bekliyoruz ☺️;
https://www.instagram.com/p/DRO8wtHiEL0/;Photo;259;3;0;2025-11-19 12:48:43;https://scontent-dus1-1.cdninstagram.com/v/t39.30808-6/586011046_1336287264959623_2785662256415941726_n.jpg?stp=dst-jpg_e35_tt6&_nc_cat=101&ig_cache_key=Mzc2OTIxNzE2NzkyNTk4NjAzNg%3D%3D.3-ccb7-5&ccb=7-5&_nc_sid=58cdad&efg=eyJ2ZW5jb2RlX3RhZyI6InhwaWRzLjE0NDB4OTYwLnNkci5DMyJ9&_nc_ohc=A7NhLQlVqrsQ7kNvwFyYutv&_nc_oc=AdneKjfZRkJffNxdb0C0eTQc-AJuZnDPQ0fv6DGUT7ZwK33lZk1mLkN6fhukMV9L2JxAsbcdYllvpyL1sk-RqcKx&_nc_ad=z-m&_nc_cid=0&_nc_zt=23&_nc_ht=scontent-dus1-1.cdninstagram.com&_nc_gid=g9i39Uodu9XPPnSP5Z_M8w&oh=00_AfjTk1koAxs_qbfNGa3CB4TzIKc8QYT_nxApKMN_gxuI8w&oe=69311BD0;Sultanhanı Belediye Başkanı Fahri Solak’ı Belediyemizde ağırladık 🙋🏻‍♂️   Değerli Başkanımıza nazik ziyaretleri için çok teşekkür ediyorum ☺️;
https://www.instagram.com/p/DRMnP7ACHy4/;Carousel;801;13;0;2025-11-18 15:02:15;https://scontent-dus1-1.cdninstagram.com/v/t39.30808-6/584294110_1335622235026126_4654248504153042999_n.jpg?stp=dst-jpg_e35_tt6&_nc_cat=106&ig_cache_key=Mzc2ODU1OTU1NjE1NTE1NTMxNQ%3D%3D.3-ccb7-5&ccb=7-5&_nc_sid=58cdad&efg=eyJ2ZW5jb2RlX3RhZyI6InhwaWRzLjk2MHgxMjAxLnNkci5DMyJ9&_nc_ohc=liCHbLlSddUQ7kNvwFCz92Y&_nc_oc=AdkaW2BJWqatHM6qWZeKyKJUJq_fhijyGHB2304zVyBmPOJu-AeH22OPpFLhwH9clevqY-XvV2O2GKPK6bf3SVli&_nc_ad=z-m&_nc_cid=0&_nc_zt=23&_nc_ht=scontent-dus1-1.cdninstagram.com&_nc_gid=g9i39Uodu9XPPnSP5Z_M8w&oh=00_AfhwDawU9JE1VuF5zNxYi8ACwJI9yo6K_oo7H_vxa2-KuQ&oe=693132C8;Niğde’mizin ilk Alışveriş Merkezi “Tema Park AVM” bugün resmen açıldı 😎  İçerisinde birbirinden kaliteli onlarca marka barındıran alışveriş merkezimiz şehrimize çok yakıştı ☺️  Şehrimize, hemşehrilerimize hayırlı uğurlu olsun 🙋🏻‍♂️;
https://www.instagram.com/p/DRK38YniCYV/;Carousel;269;6;0;2025-11-17 22:49:38;https://scontent-dus1-1.cdninstagram.com/v/t39.30808-6/584082403_1335112071743809_1011213456113742158_n.jpg?stp=c0.1.1440.958a_dst-jpg_e35_tt6&_nc_cat=103&ig_cache_key=Mzc2ODA3MDA0OTg2NTY4MDU3Nw%3D%3D.3-ccb7-5&ccb=7-5&_nc_sid=58cdad&efg=eyJ2ZW5jb2RlX3RhZyI6InhwaWRzLjE0NDB4OTYwLnNkci5DMyJ9&_nc_ohc=FYdXCMk1rlMQ7kNvwG16adR&_nc_oc=Adlg3DcWs7z6uL0D7nlk36NG5wl_WDrLN8m0ND2TYFADVuHg3GgAp159DO2y9DGf_0dPYngi_AJOO7qoqdpl_pAV&_nc_ad=z-m&_nc_cid=0&_nc_zt=23&_nc_ht=scontent-dus1-1.cdninstagram.com&_nc_gid=g9i39Uodu9XPPnSP5Z_M8w&oh=00_AfiDIF23454ir14WJHwh0J4GQMvmFypgon6yHGWDPsdrnA&oe=69311A4A;Niğde ASKON yönetim kurulu toplantısında değerli derneğimizin misafiriydik 🙋🏻‍♂️   Niğde ASKON Başkanımız Yavuz Çoroğlu ve yönetim kurulu üyelerine misafirperverliklerinden dolayı çok teşekkür ediyorum ☺️;
https://www.instagram.com/p/DRKnWO8CAJG/;Photo;248;4;0;2025-11-17 20:24:38;https://scontent-dus1-1.cdninstagram.com/v/t39.30808-6/582037993_1335034518418231_7571554174080324017_n.jpg?stp=dst-jpg_e35_tt6&_nc_cat=105&ig_cache_key=Mzc2Nzk5NzA4OTkzMDgwNTgzMA%3D%3D.3-ccb7-5&ccb=7-5&_nc_sid=58cdad&efg=eyJ2ZW5jb2RlX3RhZyI6InhwaWRzLjE0NDB4OTYwLnNkci5DMyJ9&_nc_ohc=Ha8t8kBRkGUQ7kNvwECEuuk&_nc_oc=AdlnLY77OlaUALN__NaRR54gQY0NeQqivkcP2l63lPaJYVXntQcARlxDAnB42qg8-I7LVAgbzm1AY9kOatg4FqV3&_nc_ad=z-m&_nc_cid=0&_nc_zt=23&_nc_ht=scontent-dus1-1.cdninstagram.com&_nc_gid=g9i39Uodu9XPPnSP5Z_M8w&oh=00_Afg_s_KcdUYxU5vIUzJl38D1T4RHrl3xF7FtiIgV-ShTpQ&oe=69311737;Belediye Başkan Yardımcılarımız ve Meclis Üyelerimiz ile AK Parti İl Başkanımız Hacı Mehmet Eren’e hayırlı olsun ziyaretinde bulunduk 🙋🏻‍♂️  Değerli Başkanımıza görevinde muvaffakiyetler diliyoruz ☺️;
https://www.instagram.com/p/DRKOgJCDJaj/;Reels;1297;68;63842;2025-11-17 16:48:08;https://scontent-dus1-1.cdninstagram.com/v/t51.71878-15/581515278_2355019144936694_5784905619983419063_n.jpg?stp=dst-jpg_e15_tt6&_nc_cat=109&ig_cache_key=Mzc2Nzg4NzgxOTYyMTMwODA2Nw%3D%3D.3-ccb7-5&ccb=7-5&_nc_sid=58cdad&efg=eyJ2ZW5jb2RlX3RhZyI6InhwaWRzLjY0MHgxMTM2LnNkci5DMyJ9&_nc_ohc=yhJ5nAC9YJwQ7kNvwGoOCJf&_nc_oc=AdmfPI4BbJKAzFD9wULKK0qk7KDXKvzkMGaN8uob6bi_DMym4kI8EzFMzan1OGPJsz24E98KTg3h92Wc6fqnsIMs&_nc_ad=z-m&_nc_cid=0&_nc_zt=23&_nc_ht=scontent-dus1-1.cdninstagram.com&_nc_gid=g9i39Uodu9XPPnSP5Z_M8w&oh=00_Afhi0_y8WRmrJDw91IFDv2ByJ8qqEeg7bSIUUhk5YMsSKQ&oe=69312619;"Devasa bir yatırımı daha Niğde’mize kazandırıyoruz 🥳   Kendi betonunu 😎 Kendi parkesini 😎 Kendi kaldırım taşını 😎 Kendi bordürünü 😎 üretecek bir Niğde Belediyesi var artık 🤗  Birkaç ay içerisinde 1️⃣2️⃣0️⃣ Milyonluk yatırımla Niğde’mize kazandıracağımız fabrikamız, günlük 4️⃣0️⃣0️⃣0️⃣ metrekarelik üretim kapasitesiyle hizmete başlayacak evelallah 🙋🏻‍♂️  Çünkü; Niğde’ye Değer ♥️";
https://www.instagram.com/p/DRJ8Rm-iDrd/;Carousel;692;9;0;2025-11-17 14:08:15;https://scontent-dus1-1.cdninstagram.com/v/t39.30808-6/584579117_1334799801775036_2999027994545217348_n.jpg?stp=dst-jpg_e35_tt6&_nc_cat=102&ig_cache_key=Mzc2NzgwNzYzOTg5NjUwNjE3Mw%3D%3D.3-ccb7-5&ccb=7-5&_nc_sid=58cdad&efg=eyJ2ZW5jb2RlX3RhZyI6InhwaWRzLjExNTJ4MTQ0MC5zZHIuQzMifQ%3D%3D&_nc_ohc=Po7_Njgb54wQ7kNvwFMiwXR&_nc_oc=Adk8OkwQ-vkBIOJ-TKYUaVmfsEdgpRXXSqXeXEYh3-W5EHhz8dV2qyKYOdXa04RI4VSZk_ytad6aWTIHRAU06gN7&_nc_ad=z-m&_nc_cid=0&_nc_zt=23&_nc_ht=scontent-dus1-1.cdninstagram.com&_nc_gid=g9i39Uodu9XPPnSP5Z_M8w&oh=00_AfjbJqi67ftRI_2NNKA1Q5rmYo1A-OOD5020vsYC9UQVHg&oe=69311187;Şehidimiz, Hemşehrimiz Astsubay Başçavuş Burak Özkan için düzenlenen mevlitteydik 🇹🇷  Rabbim cemalini göstersin, Efendimize komşu eylesin, Cennetinde buluştursun inşallah 🇹🇷;
https://www.instagram.com/p/DRHa_7HCMSe/;Carousel;728;29;0;2025-11-16 14:39:00;https://scontent-fra5-2.cdninstagram.com/v/t39.30808-6/584313512_1238092675015397_519842736190380410_n.jpg?stp=dst-jpg_e35_tt6&_nc_cat=106&ig_cache_key=Mzc2NzA5ODMzMDYwMjU3MTU2Mw%3D%3D.3-ccb7-5&ccb=7-5&_nc_sid=58cdad&efg=eyJ2ZW5jb2RlX3RhZyI6InhwaWRzLjE0NDB4ODExLnNkci5DMyJ9&_nc_ohc=1aoUczvElnsQ7kNvwESXipd&_nc_oc=Adlt-xTgO5Fq17aN3CjhshWCiWnJcTcSXvOPgFH6ZPsbaJv2ENbS_Pkx4ZcQLL2JVRT1l943CAGgqn5UI5u9VbuI&_nc_ad=z-m&_nc_cid=0&_nc_zt=23&_nc_ht=scontent-fra5-2.cdninstagram.com&_nc_gid=pKkUcNcofH-_E3NpV6KRoA&oh=00_AfjUxI3AWWU2rWG5yQFLb_NLIKhoPLFmqSkjXz0QNRon5g&oe=6930FBF4;8️⃣. Niğde Kitap Fuarı’nda kimler yok ki ☺️ 📚   🗓️ 21 - 30 Kasım tarihleri arasında tüm programınızı bizce etkinliğimize göre yapın 😎  Tüm hemşehrilerimizi bekliyoruz 🤗;
https://www.instagram.com/p/DRCphgxDAPb/;Reels;7296;85;315109;2025-11-14 18:10:03;https://scontent-fra3-1.cdninstagram.com/v/t51.71878-15/582102631_1163803535279418_2598327609124174486_n.jpg?stp=dst-jpg_e15_tt6&_nc_cat=108&ig_cache_key=Mzc2NTc1NDg2MTI2NzQ1Mjg5MQ%3D%3D.3-ccb7-5&ccb=7-5&_nc_sid=58cdad&efg=eyJ2ZW5jb2RlX3RhZyI6InhwaWRzLjY0MHgxMTM2LnNkci5DMyJ9&_nc_ohc=a3JxjWN3cdUQ7kNvwFG-BfG&_nc_oc=AdmyTu5PVBigEqNR07wRJPIhjEcY571ieJUnP9Gjug49tWsB5WH19RCLNX_xY-qwEna62K6mgNPIarMdZHnhVl_K&_nc_ad=z-m&_nc_cid=0&_nc_zt=23&_nc_ht=scontent-fra3-1.cdninstagram.com&_nc_gid=pKkUcNcofH-_E3NpV6KRoA&oh=00_AfhHrsmVEhNsssLZyq3eh6ACUzlAo9c13FEWVL8JqL6FTw&oe=69312FC0;Aziz şehidimizin ruhu şâd, mekânı cennet olsun🇹🇷  Minnetle, rahmetle 🇹🇷;
https://www.instagram.com/p/DRCe-CnCFLY/;Carousel;1218;27;0;2025-11-14 16:37:29;https://scontent-fra5-2.cdninstagram.com/v/t39.30808-6/581941919_1332591445329205_5004293559980595801_n.jpg?stp=c0.1.1440.957a_dst-jpg_e35_tt6&_nc_cat=107&ig_cache_key=Mzc2NTcwODM5OTMwMDg0MTA0Mw%3D%3D.3-ccb7-5&ccb=7-5&_nc_sid=58cdad&efg=eyJ2ZW5jb2RlX3RhZyI6InhwaWRzLjE0NDB4OTYwLnNkci5DMyJ9&_nc_ohc=7x_Fk3ZLNjcQ7kNvwFsx_fQ&_nc_oc=AdkSddd0MGYWxslFf2akEPCGFmimNqqlZ6Gd34Iy-6Cd3SZIfoOsTw-mwso3tGuvnVCsfhBoCoTDeBXB6O0ijpGw&_nc_ad=z-m&_nc_cid=0&_nc_zt=23&_nc_ht=scontent-fra5-2.cdninstagram.com&_nc_gid=pKkUcNcofH-_E3NpV6KRoA&oh=00_AfipaLKTOypXE1BYs2eElVNL3p78iYd4utSL6AKYy5CH8A&oe=6931014B;Şehidimiz, Astsubay Başçavuş Burak Özkan’ı hakk’a uğurladık 🇹🇷  Şehidim, melekler yoldaşın olsun, Peygamber Efendimiz komşun olsun inşallah 🇹🇷  Rabbim şehidimizin ailesine ve tüm sevenlerine sabırlar versin 🇹🇷;
https://www.instagram.com/p/DRAFF4CiE-Y/;Photo;684;19;0;2025-11-13 18:12:53;https://scontent-fra3-1.cdninstagram.com/v/t51.82787-15/579717056_18374771956152424_6112110968036772725_n.jpg?stp=dst-jpg_e35_tt6&_nc_cat=103&ig_cache_key=Mzc2NTAzMTY4MjQ4MzcwMzcwNA%3D%3D.3-ccb7-5&ccb=7-5&_nc_sid=58cdad&efg=eyJ2ZW5jb2RlX3RhZyI6InhwaWRzLjEzNTB4MTY4Ny5zZHIuQzMifQ%3D%3D&_nc_ohc=N51KXKeW5fcQ7kNvwFgzsH9&_nc_oc=AdkqlNs8Yfa3ITjGZkslvLIGZbFxc6nDbVEmjpHamT7rWD6cbaxT62ko3xYzKqjBGKs-Oj0g3Ipif8RL7kfqmnKP&_nc_ad=z-m&_nc_cid=0&_nc_zt=23&_nc_ht=scontent-fra3-1.cdninstagram.com&_nc_gid=pKkUcNcofH-_E3NpV6KRoA&oh=00_Afhba8m1a5_FoR-Pkds9do_d8-cSRV6ELY-PF08FfWgKPw&oe=6930FD3D;"Şehidimize son görevimizi yapmak üzere;  🗓️ 14 Kasım Cuma ⏰ İkindi Namazına Müteakip  📍 Fatih Sultan Mehmet Camii’nde olacağız.  Rabbim rahmetiyle muamele eylesin, Peygamber Efendimize komşu eylesin inşallah 🇹🇷";
https://www.instagram.com/p/DQ9WcskiHhX/;Carousel;222;4;0;2025-11-12 16:46:50;https://scontent-fra3-1.cdninstagram.com/v/t39.30808-6/579411110_1331003412154675_4257252078493982203_n.jpg?stp=c0.0.1440.979a_dst-jpg_e35_tt6&_nc_cat=101&ig_cache_key=Mzc2NDI2MzU1NzE5NDU4OTMwNA%3D%3D.3-ccb7-5&ccb=7-5&_nc_sid=58cdad&efg=eyJ2ZW5jb2RlX3RhZyI6InhwaWRzLjE0NDB4OTgwLnNkci5DMyJ9&_nc_ohc=La6YW751KnMQ7kNvwHD1LUC&_nc_oc=Adl4ofSAxSBul-WYJYKOMuqAQGTzWI1uisQGIHBHZlZvdLmU88a4HkCM17i7Qrbhwl_ozrUIsiCPjVi2y3OqEpQM&_nc_ad=z-m&_nc_cid=0&_nc_zt=23&_nc_ht=scontent-fra3-1.cdninstagram.com&_nc_gid=pKkUcNcofH-_E3NpV6KRoA&oh=00_AfhOjawHMG-ByFJQZHUr-UVYFc6EW4-CNTcaw40NC15nQg&oe=6931087E;📍 Ankara  Cumhurbaşkanımız, Genel Başkanımız Sayın Recep Tayyip Erdoğan riyasetinde 175. Genişletilmiş İl Başkanları Toplantımızdaydık 🙋🏻‍♂️  Konuşulanlar ülkemize, şehrimize, milletimize güzellikler, hayırlar getirsin inşallah ☺️;
https://www.instagram.com/p/DQ9IO9oiIRS/;Carousel;435;7;0;2025-11-12 14:42:37;https://scontent-fra5-1.cdninstagram.com/v/t39.30808-6/579080093_1330915448830138_699000378262500062_n.jpg?stp=cp6_dst-jpg_e35_tt6&_nc_cat=110&ig_cache_key=Mzc2NDIwMTA1Mzg5NDUwNTA5Mg%3D%3D.3-ccb7-5&ccb=7-5&_nc_sid=58cdad&efg=eyJ2ZW5jb2RlX3RhZyI6InhwaWRzLjE0NDB4MTA4MC5zZHIuQzMifQ%3D%3D&_nc_ohc=1O3Q_7itQCYQ7kNvwHrZJUJ&_nc_oc=AdnCYhtGxImH6SA5wVo9bwllU7O1HXrmkcNvM_PJgoryE8H3A3r9j2IVfGwC_A0DGoDpiwH-Z2xLVIteJWTJu8i4&_nc_ad=z-m&_nc_cid=0&_nc_zt=23&_nc_ht=scontent-fra5-1.cdninstagram.com&_nc_gid=pKkUcNcofH-_E3NpV6KRoA&oh=00_AfjzkhkJUnXqOpyQGX_v1gqWt-zBMc3vsk3i4RrUPGB-jA&oe=69310204;"📍 Ankara  AK Parti Genişletilmiş İl Başkanları Toplantımız öncesinde;  🔸 Milli Savunma Bakan Yardımcımız, Hemşehrimiz Alpaslan Kavaklıoğlu ve 🔸 AK Parti Genel Merkez Kadın Kolları Başkanımız, İstanbul Milletvekilimiz Tuğba Işık Ercan ile Niğde’mizi konuştuk 🙋🏻‍♂️  Sayın Bakanımız ve Sayın Başkanımıza misafirperverlikleri, ilgi ve alakaları için çok teşekkür ediyorum ☺️";
https://www.instagram.com/p/DQ7k-8jiD4o/;Photo;508;20;0;2025-11-12 00:15:23;https://scontent-fra3-2.cdninstagram.com/v/t39.30808-6/578793387_1330444782210538_2560033901619355485_n.jpg?stp=dst-jpg_e35_tt6&_nc_cat=104&ig_cache_key=Mzc2Mzc2NDU2ODkwMDc3OTU2MA%3D%3D.3-ccb7-5&ccb=7-5&_nc_sid=58cdad&efg=eyJ2ZW5jb2RlX3RhZyI6InhwaWRzLjEwODB4MTA4MC5zZHIuQzMifQ%3D%3D&_nc_ohc=6zqYSH46ofAQ7kNvwG3BaqF&_nc_oc=AdmYqhPky2x51Ydrac-CazGPXWaZtolBmv9nGWMDysrp9jrSK6lgIn7b1KXSIx7Qxq2ZVZgNkWgOXx127QgjFfzI&_nc_ad=z-m&_nc_cid=0&_nc_zt=23&_nc_ht=scontent-fra3-2.cdninstagram.com&_nc_gid=pKkUcNcofH-_E3NpV6KRoA&oh=00_AfhEmUWxBK8eSM4moihNOGBUbxQ8zooTbYthgvRSgO5Ncg&oe=6930FD29;Aziz Milletimizin Başı Sağ Olsun;
https://www.instagram.com/p/DQ65euniCF3/;Photo;708;31;0;2025-11-11 17:55:14;https://scontent-fra3-2.cdninstagram.com/v/t39.30808-6/581504613_1330227098898973_3290889665710491723_n.jpg?stp=dst-jpg_e35_tt6&_nc_cat=111&ig_cache_key=Mzc2MzU3MzIzODkxMjI2MjUxOQ%3D%3D.3-ccb7-5&ccb=7-5&_nc_sid=58cdad&efg=eyJ2ZW5jb2RlX3RhZyI6InhwaWRzLjEwODB4MTM1MC5zZHIuQzMifQ%3D%3D&_nc_ohc=nlwCaa8XgesQ7kNvwFvnGTK&_nc_oc=Adma5S7LiFBYR2ebZ13mveKOqvGkbPZc77ocDF3hb2U4h2DD98DD804HTITgShQtHCiDqdGjUOLPtfHIWozc451U&_nc_ad=z-m&_nc_cid=0&_nc_zt=23&_nc_ht=scontent-fra3-2.cdninstagram.com&_nc_gid=pKkUcNcofH-_E3NpV6KRoA&oh=00_Afhe1buHKlRWUsNoXLCddWG2tUPrAnNwHpXes1Kwts2rAg&oe=69311C01;Başımız Sağ Olsun🇹🇷;
https://www.instagram.com/p/DQ6X6yojW04/;Carousel;840;11;0;2025-11-11 13:01:57;https://scontent-fra3-1.cdninstagram.com/v/t39.30808-6/580745113_1330023705585979_8598407683488481012_n.jpg?stp=c0.1.1152.1438a_dst-jpg_e35_tt6&_nc_cat=105&ig_cache_key=Mzc2MzQyNTYxODk1NzI2NzU1NQ%3D%3D.3-ccb7-5&ccb=7-5&_nc_sid=58cdad&efg=eyJ2ZW5jb2RlX3RhZyI6InhwaWRzLjExNTJ4MTQ0MC5zZHIuQzMifQ%3D%3D&_nc_ohc=sTsRdxnKzNQQ7kNvwGQVqyI&_nc_oc=Admo-mvMxV43TuVY5Am08RhjgVtbRmXPS6cfo27u_2lE5oXZGLbKJViKWG0C-FloaTPUH7IgwMrFSFI3YJKj257N&_nc_ad=z-m&_nc_cid=0&_nc_zt=23&_nc_ht=scontent-fra3-1.cdninstagram.com&_nc_gid=pKkUcNcofH-_E3NpV6KRoA&oh=00_AfgaaJgEbGwnNfi6ePjlWkKCvBa_fjePhIqqEuiwLtiM4Q&oe=693118D6;"Bugün 11 Kasım #MilliAğaçlandırmaGünü 🌱  Bugün, geleceğe nefes olma günü ☺️  ""Geleceğe nefes"" olmak için Niğde’mizde binlerce fidanı toprakla buluşturduk 🙋🏻‍♂️  Bu yıl hedef, tüm Türkiye’de 1 yılda 600 milyon fidan ve tohumu toprakla buluşturmak 🌳 🌲   Çünkü bu vatan bize emanet ♥️  #YeşilVatanSeferberliği";
https://www.instagram.com/p/DQ6MvQoiB0L/;Carousel;347;5;0;2025-11-11 11:24:16;https://scontent-fra5-2.cdninstagram.com/v/t39.30808-6/579948546_1329984325589917_4198378090127216825_n.jpg?stp=dst-jpg_e35_tt6&_nc_cat=109&ig_cache_key=Mzc2MzM3NjQxMzMzNjk0ODgwOQ%3D%3D.3-ccb7-5&ccb=7-5&_nc_sid=58cdad&efg=eyJ2ZW5jb2RlX3RhZyI6InhwaWRzLjE0NDB4OTYwLnNkci5DMyJ9&_nc_ohc=4tseFA6FOr0Q7kNvwEAw63s&_nc_oc=AdnYW1vmvc_kJ3Qt0OypOUFaQ_VUyPqppWqYIlA-0peYFdmzurruPbDtnXdWcadbb4nY3SkfWEA5KNS7j2eNZYlm&_nc_ad=z-m&_nc_cid=0&_nc_zt=23&_nc_ht=scontent-fra5-2.cdninstagram.com&_nc_gid=pKkUcNcofH-_E3NpV6KRoA&oh=00_AfiDHqTBpkwI5FqzitE1tS-k9Oz5Wxa-yqmHhG3Oq0glYA&oe=6930FF03;"Niğde’mizde DEV İstihdam Buluşması 🏆   Bugün 3️⃣5️⃣ firmamız,  1️⃣0️⃣0️⃣0️⃣ kişi üzerinde istihdam fırsatıyla Belediyemizin önünde iş arayan hemşehrilerimizle buluşmayı bekliyor.  Valiliğimiz, İŞKUR ve Belediyemizin iş birliğiyle düzenlediğimiz bu buluşma; şehrimizin üretim gücünü, gençlerimizin umudunu büyütüyor.  Tüm hemşehrilerimizi bu büyük fırsata, buluşmaya bekliyoruz   📍Şehit Ömer Halisdemir Meydanı";
https://www.instagram.com/p/DQ4Um3gCERQ/;Carousel;633;5;0;2025-11-10 17:54:32;https://scontent-fra5-1.cdninstagram.com/v/t39.30808-6/579486850_1329348122320204_2196325639164337273_n.jpg?stp=c0.0.1440.959a_dst-jpg_e35_tt6&_nc_cat=100&ig_cache_key=Mzc2Mjg0ODA4NTA2NDYwMjY4Ng%3D%3D.3-ccb7-5&ccb=7-5&_nc_sid=58cdad&efg=eyJ2ZW5jb2RlX3RhZyI6InhwaWRzLjE0NDB4OTYwLnNkci5DMyJ9&_nc_ohc=2ZH5651rh8UQ7kNvwGguLrJ&_nc_oc=AdktnhzXDtn956UpLO1i54m8DXsnTAqVd2t0x39Vur0vGDXw62oeuSWb8cc7P_HjRGKcyvCCSE_w3rDhqAwngRmn&_nc_ad=z-m&_nc_cid=0&_nc_zt=23&_nc_ht=scontent-fra5-1.cdninstagram.com&_nc_gid=pKkUcNcofH-_E3NpV6KRoA&oh=00_AfjYH04gWhv8BVyzsOUcVWWTi8-y0N3aPftYqZGnfRhRTQ&oe=6931270F;"Niğde’mizin gururları; Lgs birincilerimiz; 🥇 Zeynep Yılmaz,  🥇 Kerem Andaç  🥇 Tuğba Kılınç ve ailelerini Belediyemizde ağırladık 🙋🏻‍♂️  Hem böyle çocuklar yetiştirdikleri için ailelerine ve öğretmenlerine hem de ziyaretleri için göz aydınlığımız gençlerimize çok teşekkür ediyorum ☺️";
https://www.instagram.com/p/DQ4BTSoiBu0/;Carousel;314;4;0;2025-11-10 15:05:51;https://scontent-fra5-1.cdninstagram.com/v/t39.30808-6/578856038_1329228762332140_6230286752731881453_n.jpg?stp=c0.0.1440.959a_dst-jpg_e35_tt6&_nc_cat=100&ig_cache_key=Mzc2Mjc2MzE4MDY0OTQ4OTM1Nw%3D%3D.3-ccb7-5&ccb=7-5&_nc_sid=58cdad&efg=eyJ2ZW5jb2RlX3RhZyI6InhwaWRzLjE0NDB4OTYwLnNkci5DMyJ9&_nc_ohc=Ogub5YW93C4Q7kNvwGp1VCH&_nc_oc=AdnNB0G4rBUiK2gUd2Kjs8ZC2fevsOnWjfi9Ftt5z2-E51gQozxIW_vx_NXy_RzWerPq_hdVTFTTFnGA6vTXQAqp&_nc_ad=z-m&_nc_cid=0&_nc_zt=23&_nc_ht=scontent-fra5-1.cdninstagram.com&_nc_gid=pKkUcNcofH-_E3NpV6KRoA&oh=00_AfhZbJd4RqJIT-4dKxAcSJ_NY8BdkTPcyuWrvpDAaRqTPw&oe=693129A1;"Gençlik ve Spor Bakan Yardımcımız Dr. Enes Eminoğlu’nu (@eminoglueness ) Niğde’mizde ağırlıyoruz 🙋🏻‍♂️  Belediyemizde misafir ettiğimiz Bakan Yardımcımıza; Niğde Valiliğimiz AK Parti İl Başkanlığımız ziyaretlerinde eşlik ettik, akabinde hep birlikte Eğitime Destek Platformu Toplantısına katıldık☺️  Değerli Bakan Yardımcımıza nazik ziyaretleri ve şehrimiz projelerine göstermiş olduğu ilgi, alaka için çok teşekkür ediyorum.";
https://www.instagram.com/p/DQ3tnYuCPTT/;Photo;548;13;0;2025-11-10 12:13:50;https://scontent.cdninstagram.com/v/t39.30808-6/579198134_1329119339009749_4071321643809722051_n.jpg?stp=dst-jpg_e35_tt6&_nc_cat=107&ig_cache_key=Mzc2MjY3NjYzMjM4NjA3MzgxMQ%3D%3D.3-ccb7-5&ccb=7-5&_nc_sid=58cdad&efg=eyJ2ZW5jb2RlX3RhZyI6InhwaWRzLjExNTJ4MTQ0MC5zZHIuQzMifQ%3D%3D&_nc_ohc=tApRcdBhmH8Q7kNvwE0d1pk&_nc_oc=Adm43i-l8mn6Fa_7X8KQ_8cjVlhwd3KCviNAJTcF0bSYtpKYc0cVrrljAihPY4tijW0&_nc_ad=z-m&_nc_cid=0&_nc_zt=23&_nc_ht=scontent.cdninstagram.com&_nc_gid=djpdJ_vq3DEjVOW_XDPxlQ&oh=00_Afi9_qs9XDeaY4Ms6Y2to1FHyZIRXHHazR4Ji2yokPw3_A&oe=693116C7;Cumhurbaşkanımız Recep Tayyip Erdoğan’ın tensipleriyle atanarak göreve başlayan, AK Parti İl Başkanımız Hacı Mehmet Eren’i Belediyemizde ağırladık 🙋🏻‍♂️  Kıymetli Başkanımızla tabi ki Niğde’mizi konuştuk 😌  Başkanımıza nazik ziyaretleri için çok teşekkür ediyorum ☺️;
https://www.instagram.com/p/DQ3fPxACIMM/;Carousel;1466;21;0;2025-11-10 10:08:16;https://scontent.cdninstagram.com/v/t39.30808-6/580135533_1329045182350498_8595992316505860261_n.jpg?stp=dst-jpg_e35_tt6&_nc_cat=108&ig_cache_key=Mzc2MjYxMzM5NTI1ODg4NTg3Ng%3D%3D.3-ccb7-5&ccb=7-5&_nc_sid=58cdad&efg=eyJ2ZW5jb2RlX3RhZyI6InhwaWRzLjExNTJ4MTQ0MC5zZHIuQzMifQ%3D%3D&_nc_ohc=4Rl1O9v2aCcQ7kNvwEnGaEH&_nc_oc=Adk90dGCuVnsczMYr9q-wDuY0MRAU0NV8zUh6t95aHF4RZYjNnxk1FtJToYQBlTN46s&_nc_ad=z-m&_nc_cid=0&_nc_zt=23&_nc_ht=scontent.cdninstagram.com&_nc_gid=djpdJ_vq3DEjVOW_XDPxlQ&oh=00_Afh5d--CU9msTmyeYfVWHh39kY4Uy3VvlFFCSgdAw5ckNg&oe=693115F0;"Tıpkı ‘O’nun söylediği gibi;  ‘Vatanını en çok seven görevini en iyi yapandır.!’  anlayışıyla O’ndan aldığımız düsturla, yaşamak, çalışmak… 🇹🇷  Rahmet, minnet ve özlemle 🇹🇷  193♾️";
https://www.instagram.com/p/DQ1hOEgCOdr/;Photo;349;9;0;2025-11-09 15:47:03;https://scontent.cdninstagram.com/v/t39.30808-6/578790442_1328373845750965_6368391296405370332_n.jpg?stp=dst-jpg_e35_tt6&_nc_cat=102&ig_cache_key=Mzc2MjA1OTE2NjE3Nzg3OTkxNQ%3D%3D.3-ccb7-5&ccb=7-5&_nc_sid=58cdad&efg=eyJ2ZW5jb2RlX3RhZyI6InhwaWRzLjEwODB4MTM1MC5zZHIuQzMifQ%3D%3D&_nc_ohc=J8iYb6YxKDEQ7kNvwHJIjs-&_nc_oc=AdkYxAYERH3Duxw1_e0cVBynzoYIogVVNjw0G3eEL5ZsplQIvPz68Vy3Fg3GggjN6OM&_nc_ad=z-m&_nc_cid=0&_nc_zt=23&_nc_ht=scontent.cdninstagram.com&_nc_gid=djpdJ_vq3DEjVOW_XDPxlQ&oh=00_AfgyXJiCF5KX5IdSPEx4b7d_7xWm_6q7OYc4KGMo-02-0g&oe=693125C0;"10 Kasım; sadece Atatürk’ü anma günü değil, aynı zamanda onun fikirlerini, eserlerini ve bize emanet ettiği Cumhuriyetimizi ilelebet yaşatma azmimizi tazelediğimiz anlamlı bir gündür 🇹🇷  Vefatının 87. Yıldönümünde, Cumhuriyetimizin kurucusu, Gazi Mustafa Kemal Atatürk’ü rahmetle, minnetle ve özlemle anıyoruz… 🇹🇷";
https://www.instagram.com/p/DQziNDOCMcL/;Photo;354;12;0;2025-11-08 21:17:10;https://scontent.cdninstagram.com/v/t39.30808-6/577333938_1327713772483639_6139108076303140015_n.jpg?stp=dst-jpg_e35_tt6&_nc_cat=107&ig_cache_key=Mzc2MTUwMDU0NDE3NTc1Mjk3MQ%3D%3D.3-ccb7-5&ccb=7-5&_nc_sid=58cdad&efg=eyJ2ZW5jb2RlX3RhZyI6InhwaWRzLjE0NDB4OTYwLnNkci5DMyJ9&_nc_ohc=N7vjc5QlgigQ7kNvwHiFcsp&_nc_oc=AdneYGCdDp6mH_CBB9Manqrj2LBGnLj4doQkE_KRFO93n1DTphgdarUmIzgMZQNWegw&_nc_ad=z-m&_nc_cid=0&_nc_zt=23&_nc_ht=scontent.cdninstagram.com&_nc_gid=djpdJ_vq3DEjVOW_XDPxlQ&oh=00_AfjjNvcT0LDk2x-vLtfN8cN06ep6LA7cKr1-6kgEvPOf6Q&oe=6931112D;"“Güçlü koordinasyon, birliktelik, ortak akıl ve hizmet aşkıyla. ”  Niğde’nin geleceği için omuz omuza, gönül gönüle çalışarak Türkiye Yüzyılı vizyonuyla; şehrimizi hak ettiği zirveye taşımakta kararlıyız 💪🏼  Niğde’nin her köşesine değer katmak, her hemşehrimizin hayatına dokunmak için gece gündüz demeden çalışmaya devam edeceğiz.  Yepyeni projeler için birlikteyiz, kararlıyız evelallah.   Çünkü;  Niğde’ye Değer ♥️ 🇹🇷";
https://www.instagram.com/p/DQzTBkFCLro/;Carousel;757;20;0;2025-11-08 19:04:30;https://scontent.cdninstagram.com/v/t39.30808-6/577978050_1327623529159330_7284796968191930204_n.jpg?stp=c0.0.1439.1080a_dst-jpg_e35_s1439x1080_tt6&_nc_cat=100&ig_cache_key=Mzc2MTQzMzc0NzI0MjEwODMxMA%3D%3D.3-ccb7-5&ccb=7-5&_nc_sid=58cdad&efg=eyJ2ZW5jb2RlX3RhZyI6InhwaWRzLjE0NDB4MTA4MC5zZHIuQzMifQ%3D%3D&_nc_ohc=1qQ7fM-gSeEQ7kNvwHuDsHx&_nc_oc=AdnrdB_80cMvzdvUbVqoGicLC0RLTC7Eyq6Xw8VrYwnP0OY0-AspCljtZ0JjOuzmmIE&_nc_ad=z-m&_nc_cid=0&_nc_zt=23&_nc_ht=scontent.cdninstagram.com&_nc_gid=djpdJ_vq3DEjVOW_XDPxlQ&oh=00_AfgyMmgzagkLsN3mgAsG9ibaK3Dq7vtfmMjr55AAsZAknQ&oe=69310B47;📍Tek Yön Projesi kapsamında  Gıcır gıcır asfalt serimi tüm hızıyla devam ediyor! 🚧   Projeyi yerinde inceledik, süreci yakından takip ediyoruz  Pazartesi günü tamamlayacağız  Bu süreçte gösterdiğiniz sabır ve anlayış için teşekkür ederiz ☺️  #NiğdeyeDeğer ❤️;
https://www.instagram.com/p/DQwkJhGiGrZ/;Photo;738;36;0;2025-11-07 17:36:26;https://scontent.cdninstagram.com/v/t39.30808-6/577804556_1326685879253095_3207648343023642490_n.jpg?stp=cp6_dst-jpg_e35_tt6&_nc_cat=106&ig_cache_key=Mzc2MDY2NDY3MjU0NzEzODI2NQ%3D%3D.3-ccb7-5&ccb=7-5&_nc_sid=58cdad&efg=eyJ2ZW5jb2RlX3RhZyI6InhwaWRzLjE0NDB4OTYwLnNkci5DMyJ9&_nc_ohc=pbwEmOcnNZEQ7kNvwF5bLTd&_nc_oc=Adnq9wSQMcUeobNNCILQfrQ6_koqUTWIEv6uEBuwSi1XP4UDzsZBYWY46BnQl8TonM0&_nc_ad=z-m&_nc_cid=0&_nc_zt=23&_nc_ht=scontent.cdninstagram.com&_nc_gid=djpdJ_vq3DEjVOW_XDPxlQ&oh=00_AfjwWqji61GlzoLlo80IjofR_VHlgkhfiSMle1Q941zgcQ&oe=69310A54;Niğde’mize hayırlı olsun 🙋🏻‍♂️  Cumhurbaşkanımız Sayın Recep Tayyip Erdoğan’ın tensipleriyle AK Parti Niğde İl Başkanlığı görevine Hacı Mehmet Eren kardeşimiz atanmıştır. 💡   Bu şehir için, hemşehrilerimiz için kol kola, birbirinden güzel hizmetlerle yol yürüyeceğiz evelallah ☺️  Rabbim muvaffakiyetler nasip etsin, hayırlı eylesin inşallah 🤲🏼;
https://www.instagram.com/p/DQwiqWpiN9z/;Carousel;424;5;0;2025-11-07 17:23:26;https://scontent.cdninstagram.com/v/t39.30808-6/577888104_1326676455920704_5122832914957359222_n.jpg?stp=dst-jpg_e35_tt6&_nc_cat=108&ig_cache_key=Mzc2MDY1ODA5NzEwMzE3ODcwNQ%3D%3D.3-ccb7-5&ccb=7-5&_nc_sid=58cdad&efg=eyJ2ZW5jb2RlX3RhZyI6InhwaWRzLjE0NDB4MTE1Mi5zZHIuQzMifQ%3D%3D&_nc_ohc=0N0YZh2k8Z4Q7kNvwGYRjlz&_nc_oc=AdnlF2B28nVdZajvGEXC52L28dUlfYixvP7xqlxY8tnQ7JSe3OQRC3DBXPP58zLNUrk&_nc_ad=z-m&_nc_cid=0&_nc_zt=23&_nc_ht=scontent.cdninstagram.com&_nc_gid=djpdJ_vq3DEjVOW_XDPxlQ&oh=00_AfjEy20aKqnPi4ScLBtZAMJELj0VulrVkSdlIjPyNs25dA&oe=693107DB;"Önceki dönem Belediye Meclis Üyelerimiz; 🔸Ahmet Taciroğlu ve  🔸Erdal Aydoğan’ın iş yerlerine misafir olduk 🙋🏻‍♂️  Akabinde; Bölge esnaflarımızın ekmek teknelerine uğradık, selam verdik ☺️";
https://www.instagram.com/p/DQugy2CCONX/;Carousel;224;6;0;2025-11-06 22:28:38;https://scontent.cdninstagram.com/v/t39.30808-6/577765399_1326029315985418_2668594538449509483_n.jpg?stp=c0.1.1440.958a_dst-jpg_e35_tt6&_nc_cat=111&ig_cache_key=Mzc2MDA4NjkzMjExMDQ5NjU0NQ%3D%3D.3-ccb7-5&ccb=7-5&_nc_sid=58cdad&efg=eyJ2ZW5jb2RlX3RhZyI6InhwaWRzLjE0NDB4OTYwLnNkci5DMyJ9&_nc_ohc=J_6FGmNfL1sQ7kNvwEXPDR_&_nc_oc=AdmBNlRniN8QYAmCZh7vN3rSXSAW2fcQNrqfMKxbWZpt90miuAP4z4rSpw3H2dsGry0&_nc_ad=z-m&_nc_cid=0&_nc_zt=23&_nc_ht=scontent.cdninstagram.com&_nc_gid=djpdJ_vq3DEjVOW_XDPxlQ&oh=00_AfjaHBKpvAjMezwn3yKV6-PWtePzbBn-UnueXEz4QY4R4w&oe=69312DA6;Niğde MÜSİAD’ın misafiriydik 🙋🏻‍♂️  Aylık Olağan Dost Meclisi Toplantısında hep birlikte istişare ettik, Niğde’mizi konuştuk ☺️  Hüsamettin Gümüştepe Başkana ve yönetimine misafirperverliklerinden dolayı çok teşekkür ediyorum.;
https://www.instagram.com/p/DQtk9tTCLCL/;Carousel;352;8;0;2025-11-06 13:45:49;https://scontent.cdninstagram.com/v/t39.30808-6/577613899_1325714139350269_9118601420807717734_n.jpg?stp=c0.1.1440.958a_dst-jpg_e35_tt6&_nc_cat=111&ig_cache_key=Mzc1OTgyMzc4MTA3NDg2NDk1OQ%3D%3D.3-ccb7-5&ccb=7-5&_nc_sid=58cdad&efg=eyJ2ZW5jb2RlX3RhZyI6InhwaWRzLjE0NDB4OTYwLnNkci5DMyJ9&_nc_ohc=HKuG0LOl7aYQ7kNvwGbhl1H&_nc_oc=AdlPMJtwsVG91_EC-hYwsNp5bo9EcycLVSXP1DujT_Ufb2Cyas_S_mV_i7iyS2h1xPc&_nc_ad=z-m&_nc_cid=0&_nc_zt=23&_nc_ht=scontent.cdninstagram.com&_nc_gid=djpdJ_vq3DEjVOW_XDPxlQ&oh=00_Afh9PYlSggMxpGca5s7jYSonXZZFAU-ORRTd-bFHtryWlQ&oe=69310B5E;📍Dr. Sami Yağız Caddesi  Caddemizde devam eden asfalt çalışmalarını yerinde inceledik, cadde esnaflarımıza uğradık, selam verdik 🙋🏻‍♂️;
https://www.instagram.com/p/DQrj1LaCG6I/;Carousel;378;3;0;2025-11-05 18:57:26;https://scontent.cdninstagram.com/v/t39.30808-6/574472346_1325052176083132_1520259292559759295_n.jpg?stp=c0.1.1440.958a_dst-jpg_e35_tt6&_nc_cat=111&ig_cache_key=Mzc1OTI1NTg1NDkzMjA0MTE0OA%3D%3D.3-ccb7-5&ccb=7-5&_nc_sid=58cdad&efg=eyJ2ZW5jb2RlX3RhZyI6InhwaWRzLjE0NDB4OTYwLnNkci5DMyJ9&_nc_ohc=zIdHfmp8DpcQ7kNvwHxVWXb&_nc_oc=AdlBU5qAl4euhgeCCEM3HYLVYxccz6w1DUz1pE6IfP5cPD3U_GDkQpwA9bnhPcyloOc&_nc_ad=z-m&_nc_cid=0&_nc_zt=23&_nc_ht=scontent.cdninstagram.com&_nc_gid=djpdJ_vq3DEjVOW_XDPxlQ&oh=00_Afi1VrfJgf4zUNNucM-683NBaSkyOjrSLLp-VyQDNLNrQw&oe=6930FD18;📍 Aksaray – Sultanhanı  Valimiz Sayın Cahit Çelik, kıymetli eşi Nermin Hanımefendi, Eşim Duygu Hanım, protokol üyelerimiz ve eşleriyle birlikte Selçuklu mirasının en nadide eserlerinden Sultanhanı Kervansarayı’nı ziyaret ettik 🙋🏻‍♂️  Tarihin kokusunu taşıyan bu kadim yapıda, el emeği halı ve kilim tezgâhlarından çıkan birbirinden değerli el emeği ürünleri inceledik ☺️  Nazik ev sahiplikleri için Aksaray Valimiz Mehmet Ali Kumbuzoğlu’na, Kaymakamımız Bilal Göksun’a ve Belediye Başkanımız Fahri Solak’a çok teşekkür ediyorum 🤗;
https://www.instagram.com/p/DQq6b5iCMID/;Carousel;318;4;0;2025-11-05 12:55:43;https://scontent.cdninstagram.com/v/t39.30808-6/575204079_1324794942775522_7362240281824548309_n.jpg?stp=c0.1.1440.958a_dst-jpg_e35_tt6&_nc_cat=105&ig_cache_key=Mzc1OTA3Mzc4Mzg3ODAyNTU4NQ%3D%3D.3-ccb7-5&ccb=7-5&_nc_sid=58cdad&efg=eyJ2ZW5jb2RlX3RhZyI6InhwaWRzLjE0NDB4OTYwLnNkci5DMyJ9&_nc_ohc=XD6jRT1707kQ7kNvwHqvhRt&_nc_oc=AdmMe9QDxMnXpH-ZB4u32yrMy4WHA59BKV-C1c6HX4qG0PGrLCB1wxY8K0u4ZrsnrkQ&_nc_ad=z-m&_nc_cid=0&_nc_zt=23&_nc_ht=scontent.cdninstagram.com&_nc_gid=djpdJ_vq3DEjVOW_XDPxlQ&oh=00_AfhOQkS0gFOqLfggRtBIwJ5Kun0-yPygxT_38d1HuWxCfA&oe=69313028;"Anadolu’nun dört bir yanında geleneksel oyunlarımızı yaşatan Türkiye Geleneksel Spor Dalları Federasyonu’nun “Geleneksel Oyunlar Tırı” bu kez Niğde’mizde! 🎯  Mas güreşinden halat çekmeye, çuval yarışından mangalaya kadar yüzlerce yıllık kültürümüzü bugünün çocuklarıyla buluşturan bu güzel etkinlik; 🗓️ Bugün 09.30-16.00 saatleri arasında  📍Niğde Valiliği Otoparkı’nda olacak 🎪  Geleneğimizi yaşatmak, geçmişin oyunlarıyla geleceğe köprü kurmak için tüm çocuklarımızı bekliyoruz 🤗🇹🇷";
https://www.instagram.com/p/DQqxFG1iHqk/;Carousel;955;29;0;2025-11-05 11:33:58;https://scontent.cdninstagram.com/v/t39.30808-6/574588340_1324746646113685_2532607903821010141_n.jpg?stp=dst-jpg_e35_tt6&_nc_cat=104&ig_cache_key=Mzc1OTAzMjY2MzU5MjcwOTI4Mg%3D%3D.3-ccb7-5&ccb=7-5&_nc_sid=58cdad&efg=eyJ2ZW5jb2RlX3RhZyI6InhwaWRzLjExNTJ4MTQ0MC5zZHIuQzMifQ%3D%3D&_nc_ohc=nL7QNj61BRAQ7kNvwGxwkP5&_nc_oc=AdmaztfOzd_8PNP9l5hnNxcUVkiTE-K8kgkq0aVpZtjyCgFEJth2JMIaAYUBV4cbNB0&_nc_ad=z-m&_nc_cid=0&_nc_zt=23&_nc_ht=scontent.cdninstagram.com&_nc_gid=djpdJ_vq3DEjVOW_XDPxlQ&oh=00_Afi6WBLVMj3jfoEwAiY9Abgb5XiQ2Q8LIu5i0WB_kMm-DA&oe=69310D01;Şehrimize kazandırdığımız, trafiği güvenli ve akıcı hale getirecek olan ‘Tek Yön’ Projemizde aşınma asfaltı öncesi incelemeler için sahadaydık 👷🏻‍♂️🚧  Yıl başında tamamen bitmiş olacak projemizi kusursuz hale getirmek için özenle çalışmaya devam ediyoruz ☺️;
https://www.instagram.com/p/DQoolwfCJHq/;Carousel;378;3;0;2025-11-04 15:41:18;https://scontent-atl3-2.cdninstagram.com/v/t39.30808-6/574966704_1324036562851360_1334635193259974515_n.jpg?stp=c0.0.1440.959a_cp6_dst-jpg_e35_tt6&_nc_cat=101&ig_cache_key=Mzc1ODQzMjM4MDY2Nzg0MTk3Mg%3D%3D.3-ccb7-5&ccb=7-5&_nc_sid=58cdad&efg=eyJ2ZW5jb2RlX3RhZyI6InhwaWRzLjE0NDB4OTYwLnNkci5DMyJ9&_nc_ohc=A8n7k8NiFVMQ7kNvwGsoj4p&_nc_oc=AdnxPu1cNEU8UATAn7CyxjqrOE2IPQGOZW71kUViGLAt5mUKyGnatMogBMIkXdQ1cas&_nc_ad=z-m&_nc_cid=0&_nc_zt=23&_nc_ht=scontent-atl3-2.cdninstagram.com&_nc_gid=juR8VDy8XMq9_2qGw6SjlQ&oh=00_AfgEJJOkGpIgj0MUX7b8vsMdQLZuH__5Ua8KM_GxSbzKkQ&oe=69311C4E;🔹Önceki dönem Belediye Meclis üyemiz Mustafa Giray ve İl Gençlik Kolları Başkanımız İbrahim Göktuğ Giray’ı, 🔹Önceki dönemlerde il, ilçe ve İl Genel Meclis Başkanlığımızı yapmış Nuri Ayduğan’ı,  🔹Önceki dönem Belediye Meclis üyemiz Nevzat Türkan’ı ve önceki dönem Merkez İlçe Başkanımız Mehmet Ali Şafak’ı ziyaret ettik🙋🏻‍♂️   Nazik kabul ve misafirperverlikleri için kendilerine teşekkür ederiz☺️;
https://www.instagram.com/p/DQoYtA_iJy-/;Carousel;304;4;0;2025-11-04 13:22:29;https://scontent-atl3-1.cdninstagram.com/v/t39.30808-6/576380320_1323947346193615_6945865634125482928_n.jpg?stp=dst-jpg_e35_tt6&_nc_cat=106&ig_cache_key=Mzc1ODM2MjUxNjY2NjIzNjQ4Mg%3D%3D.3-ccb7-5&ccb=7-5&_nc_sid=58cdad&efg=eyJ2ZW5jb2RlX3RhZyI6InhwaWRzLjE0NDB4OTYwLnNkci5DMyJ9&_nc_ohc=2n8hDfbuqfsQ7kNvwHz9iuU&_nc_oc=AdkJkPEMpKmahUiQ93YtJrisAjme4GhaRcgB3_XMRShxlk7dRFHYKrs6skFawSJiGqA&_nc_ad=z-m&_nc_cid=0&_nc_zt=23&_nc_ht=scontent-atl3-1.cdninstagram.com&_nc_gid=juR8VDy8XMq9_2qGw6SjlQ&oh=00_AfjcDMyaUA_3nfd0V3Wb3DYAnyOxQFOAN-vA_C0eaG7EDQ&oe=69312585;AK Nokta’dayız 😎  AK Parti ailemize katılamak isteyen, kafasındaki soruları sormak isteyen tüm hemşehrilerimiz için “AK Nokta” hazır ve 📍Şehit Ömer Halisdemir Meydanı’nda sizleri bekliyor 🙋🏻‍♂️  Gün boyu açık standımıza bekliyoruz ☺️;
https://www.instagram.com/p/DQmpazADUZq/;Reels;663;26;33887;2025-11-03 21:11:55;https://scontent-atl3-2.cdninstagram.com/v/t51.71878-15/573133517_1596059374918292_3459109857602743984_n.jpg?stp=dst-jpg_e15_tt6&_nc_cat=101&ig_cache_key=Mzc1Nzg3MzEwMDQ2MjMxMTAxOA%3D%3D.3-ccb7-5&ccb=7-5&_nc_sid=58cdad&efg=eyJ2ZW5jb2RlX3RhZyI6InhwaWRzLjY0MHgxMTM2LnNkci5DMyJ9&_nc_ohc=S85Bgn14WHsQ7kNvwFQQh02&_nc_oc=AdkW_Rta3-7quWjpj9jURCBCv6chFmLhuNsVjHfIQWxTfjo6djLu5jiCRzNF9xkPmW4&_nc_ad=z-m&_nc_cid=0&_nc_zt=23&_nc_ht=scontent-atl3-2.cdninstagram.com&_nc_gid=juR8VDy8XMq9_2qGw6SjlQ&oh=00_AfhQ3W-N4hdkMiL7vnlZU-nsq8HKbXi7EA4BlTXUk5i0rQ&oe=69310465;Dünya Lideri, Cumhurbaşkanımız Recep Tayyip Erdoğan öncülüğünde bir milat olarak, bu millete hizmet etmeye başlayalı tam 2️⃣3️⃣ yıl oldu bugün ☺️  AK Teşkilatımız, yol arkadaşlarımız ile birlikte yıldönümümüzü kutladık 🙋🏻‍♂️  Niğde’mize, Ülkemize nice hizmet dolu yıllara 😎  #BirMilattır3Kasım;
https://www.instagram.com/p/DQmhfDgCBkk/;Carousel;460;19;0;2025-11-03 20:00:44;https://scontent-atl3-2.cdninstagram.com/v/t39.30808-6/576474636_1323373109584372_3028174098821575509_n.jpg?stp=c0.0.1440.959a_cp6_dst-jpg_e35_tt6&_nc_cat=104&ig_cache_key=Mzc1NzgzODE1MjUzMTE4OTg1MQ%3D%3D.3-ccb7-5&ccb=7-5&_nc_sid=58cdad&efg=eyJ2ZW5jb2RlX3RhZyI6InhwaWRzLjE0NDB4OTYwLnNkci5DMyJ9&_nc_ohc=Z-IKrTeNfw0Q7kNvwHW4zhO&_nc_oc=AdmY-l9vbN2HqArXzsvKJFvY3eigEMXOjADxoeJ6KkYu7VrqYAVhr_5F_XoC7koNHIM&_nc_ad=z-m&_nc_cid=0&_nc_zt=23&_nc_ht=scontent-atl3-2.cdninstagram.com&_nc_gid=juR8VDy8XMq9_2qGw6SjlQ&oh=00_AfjwaQghFyj6yguIbAS_4rtUaCTgb8T3YURPIpqcOUXp8A&oe=6930FB93;Onlar Kimsesizlerin Kimsesi 💙❤️  Niğde Belediyesi Spor Kulübümüzün taraftar grubu ‘Kimsesizler’i Belediyemizde ağırladık 🙋🏻‍♂️  Desteğiniz daim oldukça, yolun sonu Şampiyonluk evelallah 🏆;
https://www.instagram.com/p/DQme8P0CH80/;Photo;770;6;0;2025-11-03 19:38:32;https://scontent-atl3-1.cdninstagram.com/v/t39.30808-6/575071913_1323358926252457_5167904930833327681_n.jpg?stp=dst-jpg_e35_tt6&_nc_cat=103&ig_cache_key=Mzc1NzgyNzAyMDYzMDI5NDMyNA%3D%3D.3-ccb7-5&ccb=7-5&_nc_sid=58cdad&efg=eyJ2ZW5jb2RlX3RhZyI6InhwaWRzLjE0NDB4OTYwLnNkci5DMyJ9&_nc_ohc=V_jkP8POS-4Q7kNvwHWX7ck&_nc_oc=AdkdzuwYU7rsyt0Ey3WQrnCQVRW84nkAMIOKXAY-HR9mwJ-83X3C-BLRajnAkb5F0yY&_nc_ad=z-m&_nc_cid=0&_nc_zt=23&_nc_ht=scontent-atl3-1.cdninstagram.com&_nc_gid=juR8VDy8XMq9_2qGw6SjlQ&oh=00_AfgT5iuXDKpHyXHmp4Q1n7yU9zOrjdXykbrH_7F87GRnOQ&oe=693101EB;Halkın Adamı, önceki dönemler MHP Belediye Meclis üyemiz Servet Yüksel’i Belediyemizde ağırladık 🙋🏻‍♂️  Nazik ziyareti için kendisine teşekkür ederiz☺️;
https://www.instagram.com/p/DQjnvo8DNuv/;Reels;2533;24;100060;2025-11-02 17:00:13;https://scontent-atl3-3.cdninstagram.com/v/t51.71878-15/572715689_826162156778920_6211304235059017628_n.jpg?stp=dst-jpg_e15_tt6&_nc_cat=111&ig_cache_key=Mzc1NzAyMTMxMTc0MzYxMzg3MQ%3D%3D.3-ccb7-5&ccb=7-5&_nc_sid=58cdad&efg=eyJ2ZW5jb2RlX3RhZyI6InhwaWRzLjY0MHgxMTM2LnNkci5DMyJ9&_nc_ohc=PdhAyxGdB3YQ7kNvwGkS8MK&_nc_oc=AdkoM3sH7WXbf-oLuKxwrpr2fFCRdFWJsq1vFCqTLKCJVw9V4cctexRjkss1dTVbf6I&_nc_ad=z-m&_nc_cid=0&_nc_zt=23&_nc_ht=scontent-atl3-3.cdninstagram.com&_nc_gid=juR8VDy8XMq9_2qGw6SjlQ&oh=00_AfgUe85XFNaTOhSTuxtLXU-NHMVv1-VmlOvrLfWLau9KXw&oe=693108FF;Türk futbol tarihinin efsaneleri Niğde’mizdeydi 😎  Futbolun Yıldızları - Veteranlar Dostluk Maçı ⚽️ ☺️;
https://www.instagram.com/p/DQjZYdfDa3W/;Carousel;601;5;0;2025-11-02 14:52:13;https://scontent-atl3-3.cdninstagram.com/v/t51.82787-15/573371627_18372321691152424_5345195957762327774_n.jpg?stp=dst-jpg_e35_tt6&_nc_cat=107&ig_cache_key=Mzc1Njk1ODEyNzQ1NjM4NTczNw%3D%3D.3-ccb7-5&ccb=7-5&_nc_sid=58cdad&efg=eyJ2ZW5jb2RlX3RhZyI6InhwaWRzLjE0NDB4OTYwLnNkci5DMyJ9&_nc_ohc=RqyHxcTOmjsQ7kNvwFtIYwH&_nc_oc=AdmWHxI_MLSbFok3v3zAK5KL2Tr3ziWCFaZWBQcQvwe4VLgSgI4zZebR8-tXje1ntEw&_nc_ad=z-m&_nc_cid=0&_nc_zt=23&_nc_ht=scontent-atl3-3.cdninstagram.com&_nc_gid=juR8VDy8XMq9_2qGw6SjlQ&oh=00_AfgapqqNcVaBbAgOnGLUcKgH_KhRVbO8m_WmJqIpEiPavQ&oe=6931093E;Futbolun Yıldızlarını Niğde’mizde ağırladık ⚽️  Türk futbol tarihimizin efsaneleriyle Niğde Belediyesi Spor’umuzun maçı önce çok güzel bir dostluk maçı gerçekleştirdik, kazanan tabii ki dostluk oldu ☺️  Bu efsane maçı izlemeye gelen hemşehrilerimize de hediyelerini dağıttık 🎁   Katılan efsane futbolcularımıza, il protokolümüze ve tüm hemşehrilerimize çok teşekkürler 🤗  Şimdi sıra Niğde Belediyesi Spor’umuzu desteklemede, haydi maça az kaldı 😎;
https://www.instagram.com/p/DQhR9P1CG3V/;Photo;144;2;0;2025-11-01 19:08:52;https://scontent-atl3-2.cdninstagram.com/v/t39.30808-6/572791684_1321575616430788_2925064673152047805_n.jpg?stp=dst-jpg_e35_tt6&_nc_cat=102&ig_cache_key=Mzc1NjM2MjUzOTg3ODM0NjE5Nw%3D%3D.3-ccb7-5&ccb=7-5&_nc_sid=58cdad&efg=eyJ2ZW5jb2RlX3RhZyI6InhwaWRzLjEwODB4MTM1MC5zZHIuQzMifQ%3D%3D&_nc_ohc=gryZ3RGOZRMQ7kNvwH6pywW&_nc_oc=AdmiRw1X3rTcZ0fGcrj6-tk6lFCma396MVY-dokcEh-ZvkL1TVpAnhuWFqM5RLJ6A_Q&_nc_ad=z-m&_nc_cid=0&_nc_zt=23&_nc_ht=scontent-atl3-2.cdninstagram.com&_nc_gid=juR8VDy8XMq9_2qGw6SjlQ&oh=00_Afgq95xrKVINtpgTZYLJf4kPbCQ0LQzNU-R82gx_JDQBAQ&oe=69312D00;Futbolun Yıldızları Niğde’de 😎 🌟   Birbirinden değerli futbol efsanelerimizin oynayacağı, formalar, toplar ve sürpriz hediyelerle dolu maça tüm hemşehrilerimizi bekliyorum 🙋🏻‍♂️ 🎁   📅 2 Kasım Pazar (Yarın) ⏰ 13.00;
https://www.instagram.com/p/DQeqprXjIHD/;Reels;2177;28;90848;2025-10-31 18:47:30;https://scontent-atl3-3.cdninstagram.com/v/t51.71878-15/572881499_1363016492075028_1191020691670688490_n.jpg?stp=dst-jpg_e15_tt6&_nc_cat=111&ig_cache_key=Mzc1NTYyNjcyMTI5MTU2NzU1NQ%3D%3D.3-ccb7-5&ccb=7-5&_nc_sid=58cdad&efg=eyJ2ZW5jb2RlX3RhZyI6InhwaWRzLjY0MHgxMTM2LnNkci5DMyJ9&_nc_ohc=8tVB75sRkiYQ7kNvwHWEIg2&_nc_oc=AdmbsISAV2N6sHEqLrJz7a7QBdrUZv1LoVRXI--F3IE7ZCMSW1wI7h_7UO_YcY7V3i0&_nc_ad=z-m&_nc_cid=0&_nc_zt=23&_nc_ht=scontent-atl3-3.cdninstagram.com&_nc_gid=juR8VDy8XMq9_2qGw6SjlQ&oh=00_AfgY9JVkEM4vN98DXN_FyZ8dwhsDVgOcG6szrNkntU4RDQ&oe=693120A1;"Sonbahar sanattır, diğerleri mevsim 🍂   Sanatın en güzel halinin yaşandığı şehir; tabii ki Niğde ❤️";
https://www.instagram.com/p/DQeOCUcDfRN/;Reels;774;35;60492;2025-10-31 14:37:49;https://scontent-atl3-3.cdninstagram.com/v/t51.71878-15/570617979_1354842069552622_9013705151517307346_n.jpg?stp=dst-jpg_e15_tt6&_nc_cat=107&ig_cache_key=Mzc1NTUwMDg3MTMwOTE5NDMxNw%3D%3D.3-ccb7-5&ccb=7-5&_nc_sid=58cdad&efg=eyJ2ZW5jb2RlX3RhZyI6InhwaWRzLjY0MHgxMTM2LnNkci5DMyJ9&_nc_ohc=NYX41Wbeoe0Q7kNvwG7t5f9&_nc_oc=AdnTW86WF9h-owUMLWdoTLviAlYUIjTCZWqKJo2l4XcMTy0g-HFiAyulx7qpA66zlxs&_nc_ad=z-m&_nc_cid=0&_nc_zt=23&_nc_ht=scontent-atl3-3.cdninstagram.com&_nc_gid=juR8VDy8XMq9_2qGw6SjlQ&oh=00_Afiaof2wAC5f0oDDW-ZIakm_O6q4GgrS5rFhrEwvsRffOg&oe=6930FFC0;"Güzel sözleriniz, taltifleriniz bize daha çok enerji veriyor, sevindiriyor ☺️  İlhanlı Mahalle’miz 8️⃣1️⃣ .Sokakta Niğde’mize kazandırdığımız;  2️⃣ Adet halı saha 🏀 Basket sahası  🎠 Çocuk oyun grubu  🤸🏼Fitnes aletleri  🛖 Kamelyalar ve  🏡 Yeşil alanlar siz değerli hemşehrilerimizin hizmetinde 😎";
