﻿PostLink;PostTürü;BeğeniSayısı;YorumSayısı;Görüntülenme Sayısı;Tarih;DisplayPhoto;Caption;Takipçi
https://www.instagram.com/p/DRpfP8FCiQY/;Photo;220;4;0;2025-11-29 20:10:19;https://scontent-atl3-3.cdninstagram.com/v/t51.82787-15/587276762_18541448113054169_1141591965713702784_n.jpg?stp=dst-jpg_e35_tt6&_nc_cat=110&ig_cache_key=Mzc3NjY4NzE5NzI2OTkyNjkzNg%3D%3D.3-ccb7-5&ccb=7-5&_nc_sid=58cdad&efg=eyJ2ZW5jb2RlX3RhZyI6InhwaWRzLjk1NXgxMjY4LnNkci5DMyJ9&_nc_ohc=3-6oikka1AUQ7kNvwHwtm-u&_nc_oc=AdlAM9EvJwa16nLPMLyp8Yb9SV1Xem6G5FCH0_gc79ZgTMxe2zcUPgrSlfjZJr00h1U&_nc_ad=z-m&_nc_cid=0&_nc_zt=23&_nc_ht=scontent-atl3-3.cdninstagram.com&_nc_gid=v77pVTixClkat89zrN0BOA&oh=00_Afj1FoKxsWFxxvc2UyTL2kD4RsV06B4-M8cztIkjObVmOg&oe=693122C9;İŞTE LİDER, Geçerli oyların tümünü alarak, hakkıyla yeniden genel başkanımız seçilen Sn ÖZGÜR ÖZEL Başkanımızı kutluyorum.  Yolumuz uzun.;25639
https://www.instagram.com/p/DRoj24NCiDg/;Reels;286;16;5300;2025-11-29 12:23:10;https://scontent-atl3-2.cdninstagram.com/v/t51.71878-15/587089046_1208310297864095_184265165833763572_n.jpg?stp=dst-jpg_e15_tt6&_nc_cat=102&ig_cache_key=Mzc3NjQyNTk5MDM3ODEwMzAwOA%3D%3D.3-ccb7-5&ccb=7-5&_nc_sid=58cdad&efg=eyJ2ZW5jb2RlX3RhZyI6InhwaWRzLjY0MHgxMTM4LnNkci5DMyJ9&_nc_ohc=GbZdgzzLu3sQ7kNvwFhTDhq&_nc_oc=AdmIyo3oFsJKotGWjhTFKCqIeqzCtnIXue4JNL6oGhC6mK1m9MWV6Fiw-xhsaobYNHs&_nc_ad=z-m&_nc_cid=0&_nc_zt=23&_nc_ht=scontent-atl3-2.cdninstagram.com&_nc_gid=v77pVTixClkat89zrN0BOA&oh=00_AfjX-a_mdSxriAx8cLPnE_flCcRtuD6Md06A5_OmIsmybg&oe=6931101C;;
https://www.instagram.com/p/DRoWHdBDGSr/;Video;135;3;710;2025-11-29 09:31:18;https://scontent-atl3-3.cdninstagram.com/v/t15.5256-10/589945926_25103328759360407_300418145987832518_n.jpg?stp=dst-jpg_e15_tt6&_nc_cat=109&ig_cache_key=Mzc3NjM2NTU1Njc2NTg0NDY1MQ%3D%3D.3-ccb7-5&ccb=7-5&_nc_sid=58cdad&efg=eyJ2ZW5jb2RlX3RhZyI6InhwaWRzLjExNTJ4NzIwLnNkci5DMyJ9&_nc_ohc=yrQkzn1Qgs0Q7kNvwHKrqUe&_nc_oc=AdlT7lthQ3Uusxg6X6vMNsCJ1TXmNmsuIzyrPckdRanT7DEMwSL7GwIUqRghYOZpzqg&_nc_ad=z-m&_nc_cid=0&_nc_zt=23&_nc_ht=scontent-atl3-3.cdninstagram.com&_nc_gid=v77pVTixClkat89zrN0BOA&oh=00_Afhcb-7XAm6f0Ps-L3pn-O9y9MAqknhb3WCNxJhBbCR8ZQ&oe=693136EF;#umudunşehriardahan NURİ VATAN KÜLTÜR MERKEZİ, Sanat kurslarımızda 100 lerce Çocuk genç ve yetişkin kursiyerimizden bir örnek. İyi hafta sonları.;
https://www.instagram.com/p/DRnDfDfirYd/;Reels;430;34;9623;2025-11-28 21:32:20;https://scontent-atl3-1.cdninstagram.com/v/t51.71878-15/589621771_1597480514752812_8909309335523874749_n.jpg?stp=dst-jpg_e15_tt6&_nc_cat=103&ig_cache_key=Mzc3NjAwMjE0MDc2NzE3MjEyNQ%3D%3D.3-ccb7-5&ccb=7-5&_nc_sid=58cdad&efg=eyJ2ZW5jb2RlX3RhZyI6InhwaWRzLjY0MHg0ODAuc2RyLkMzIn0%3D&_nc_ohc=Zpxw3jMsyhAQ7kNvwH7O1L-&_nc_oc=Adk8DkDv-P3YvkA_f6PrdAMXEnScXnfE0Jwh5cOCEl_MkBtwbLxV9AXmC4KJbv21GhQ&_nc_ad=z-m&_nc_cid=0&_nc_zt=23&_nc_ht=scontent-atl3-1.cdninstagram.com&_nc_gid=v77pVTixClkat89zrN0BOA&oh=00_AfifskBb0PqJ1Th3IYTj-FVrlQHsuRTquwDPHxlkkkTodQ&oe=69311968;İyi geceler can ARDAHAN’ım.  11 yıl önceymiş bu çekim.;
https://www.instagram.com/p/DRmbwr3imbZ/;Reels;180;6;9787;2025-11-28 15:42:39;https://scontent-atl3-1.cdninstagram.com/v/t51.71878-15/590419376_1746081652748641_2716876736680745003_n.jpg?stp=dst-jpg_e15_tt6&_nc_cat=103&ig_cache_key=Mzc3NTgyNzQzMDQ5MDEzODMyOQ%3D%3D.3-ccb7-5&ccb=7-5&_nc_sid=58cdad&efg=eyJ2ZW5jb2RlX3RhZyI6InhwaWRzLjY0MHgzNjAuc2RyLkMzIn0%3D&_nc_ohc=KsP_0SPNf0IQ7kNvwHWoXr9&_nc_oc=Adm1cd9LO7pOy0hvMLC8ghzzB2hD42Et-MCuyWmACF_HWqUpY1KsoVc2a-A8iLAg1zw&_nc_ad=z-m&_nc_cid=0&_nc_zt=23&_nc_ht=scontent-atl3-1.cdninstagram.com&_nc_gid=v77pVTixClkat89zrN0BOA&oh=00_AfgMpVduO7P8er60BJbqZ3MEmLy8TpXFrxWjNDiEYv58jw&oe=69311F1C;ANA CADDELERİMİZDEKİ YOL İŞGALLERİNİ ORTADAN KALDIRIYORUZ.  Şehrimizin bir kaç noktasına OTO PARK yapımına başladık.;
https://www.instagram.com/p/DRlqb9XCr06/;Photo;402;9;0;2025-11-28 08:31:07;https://scontent-atl3-2.cdninstagram.com/v/t51.82787-15/587615265_18541219822054169_508029531636576024_n.jpg?stp=dst-jpg_e35_tt6&_nc_cat=101&ig_cache_key=Mzc3NTYxMDUwMTg4NDE5ODIwMg%3D%3D.3-ccb7-5&ccb=7-5&_nc_sid=58cdad&efg=eyJ2ZW5jb2RlX3RhZyI6InhwaWRzLjk1NHgxMjY2LnNkci5DMyJ9&_nc_ohc=vwf6jCYgEKIQ7kNvwEGHm20&_nc_oc=AdkRQlY7elgVcBVkYjihfFz9CQ_FaBkwpTk_Lndq05qYKHwhibRvp8187slg7vCDmPU&_nc_ad=z-m&_nc_cid=0&_nc_zt=23&_nc_ht=scontent-atl3-2.cdninstagram.com&_nc_gid=v77pVTixClkat89zrN0BOA&oh=00_Afh3SN4DLAOGk2FwDpbmYhnAueMqouMnDLkj_gNvlvSKhA&oe=693100AD;#umudunşehriardahan Günümüz aydın olsun, değerli hemşehrilerim ve güzel ülkemiz.  Ebedi Başkentimiz GMK ATATÜRKÜN BAŞKENTİ, ANKARA’dan.  CHP 39. Kurultayımız hayırlı uğurlu olsun.;
https://www.instagram.com/p/DRj8xOPjvGw/;Photo;119;1;0;2025-11-27 16:32:50;https://scontent-atl3-2.cdninstagram.com/v/t39.30808-6/588370996_25268009269506677_44033769341759854_n.jpg?stp=dst-jpg_e35_tt6&_nc_cat=102&ig_cache_key=Mzc3NTEyODE3ODAwNTA0NTY4MA%3D%3D.3-ccb7-5&ccb=7-5&_nc_sid=58cdad&efg=eyJ2ZW5jb2RlX3RhZyI6InhwaWRzLjcyMHg2MDMuc2RyLkMzIn0%3D&_nc_ohc=xBSaAc-ohn4Q7kNvwGOVkdI&_nc_oc=AdlYbjacP-v6Xl-3_lv1W9l4VuAHq2VA9AlecpjcAS1pIkBnVJB7oT4hVcLI0-g6YQQ&_nc_ad=z-m&_nc_cid=0&_nc_zt=23&_nc_ht=scontent-atl3-2.cdninstagram.com&_nc_gid=v77pVTixClkat89zrN0BOA&oh=00_Afhq7Ii-_MXAFrMP7cNKdzHlrSOVYoUHcSbs9VFe1Q4J7w&oe=693134CB;Serhat Ardahan Spor'un yapılan Olağanüstü Genel Kurulu'nda Kulüp Başkanlığına seçilen iş insanı Abdullah ÇEKİM'i kutluyor, başarılar diliyorum.  Önceki Başkanımız sevgili İskender ALİHANOĞLU'na da hizmetleri dolayısıyla teşekkür ediyorum.;
https://www.instagram.com/p/DRe_TuwDEg1/;Photo;128;4;0;2025-11-25 18:18:49;https://scontent-atl3-1.cdninstagram.com/v/t39.30808-6/588596922_25252770174363920_497762964452609965_n.jpg?stp=dst-jpg_e35_tt6&_nc_cat=100&ig_cache_key=Mzc3MzczMTk3MDU4MTU0NzA2MQ%3D%3D.3-ccb7-5&ccb=7-5&_nc_sid=58cdad&efg=eyJ2ZW5jb2RlX3RhZyI6InhwaWRzLjgxMXg5NjAuc2RyLkMzIn0%3D&_nc_ohc=gKsEhRz-WVEQ7kNvwENMUkD&_nc_oc=Admwe247N_TwYPx6sQtICCbKJcsNI5vDUNQSn0ed6QqxZTSv2EPMj5XtyEXl4vNzsL4&_nc_ad=z-m&_nc_cid=0&_nc_zt=23&_nc_ht=scontent-atl3-1.cdninstagram.com&_nc_gid=v77pVTixClkat89zrN0BOA&oh=00_AfgZn7xqVm7XKxPxKQfgseImqFlXinecHg7JOS2Vka--SA&oe=69312162;ARDAHAN MEDYA Gazetesinde bugün çıkan haberimiz.;
https://www.instagram.com/p/DRb-YQGCmo6/;Carousel;709;8;0;2025-11-24 14:12:58;https://scontent-atl3-3.cdninstagram.com/v/t51.82787-15/584316412_18540642727054169_3914205515946088281_n.jpg?stp=dst-jpg_e35_tt6&_nc_cat=109&ig_cache_key=Mzc3Mjg4MzQ0MTMwNjc0MzA0Nw%3D%3D.3-ccb7-5&ccb=7-5&_nc_sid=58cdad&efg=eyJ2ZW5jb2RlX3RhZyI6InhwaWRzLjg4Nng5NjAuc2RyLkMzIn0%3D&_nc_ohc=JGVaVYyHAPQQ7kNvwHNB5Jc&_nc_oc=AdlrA8UR9ocAy7GolgJALG2cZ00N6hfB70bAaRJP0XS31xA6nmFzITWwjHF_sNb8wOo&_nc_ad=z-m&_nc_cid=0&_nc_zt=23&_nc_ht=scontent-atl3-3.cdninstagram.com&_nc_gid=v77pVTixClkat89zrN0BOA&oh=00_Afg8a4DLOhF2dwNQ2U9sERDlpGALZqLed3lR7eHd7QTHUg&oe=69310336;Sosyal Demokrat Belediyecilikte yaptığı başarılı projelerle öne çıkan ve her zaman destek olduğumuz kıymetli ANKARA BÜYÜKŞEHİR BEL.BAŞKANIMIZ SN. MANSUR YAVAŞ’a yönelik sindirme ve yıldırma politikalarının sonuçsuz kalacağına inanıyorum.   MANSUR BAŞKANIMIZ YALNIZ DEĞİLDİR.;
https://www.instagram.com/p/DRbU2v2Dvp-/;Photo;174;3;0;2025-11-24 08:10:08;https://scontent-atl3-3.cdninstagram.com/v/t39.30808-6/587968821_25241663172141287_966224425579142276_n.jpg?stp=dst-jpg_e35_tt6&_nc_cat=107&ig_cache_key=Mzc3MjcwMDgzNjAwNzcwNTIxNA%3D%3D.3-ccb7-5&ccb=7-5&_nc_sid=58cdad&efg=eyJ2ZW5jb2RlX3RhZyI6InhwaWRzLjIwNDh4MjA0OC5zZHIuQzMifQ%3D%3D&_nc_ohc=Cgu3CqWLTd0Q7kNvwHNQxAk&_nc_oc=AdlzqMNUq_jDOXgnHIt3hYEz8k80A86p377MqF_1Q-gHKDWxp0XRiK3wUfCw6mdkAxI&_nc_ad=z-m&_nc_cid=0&_nc_zt=23&_nc_ht=scontent-atl3-3.cdninstagram.com&_nc_gid=v77pVTixClkat89zrN0BOA&oh=00_AfjPJfUrJPQmhjZ2biFluklUhvF-jJ4FyDGRmmWDHI8Ruw&oe=6930FFB2;"“Öğretmenler! Yeni nesil, sizin eseriniz olacaktır...""  Başta Başöğretmen Mustafa Kemal Atatürk olmak üzere tüm öğretmenlerimizin #24Kasım Öğretmenler Günü'nü kutluyorum.";
https://www.instagram.com/p/DRZ6HM9ittq/;Reels;615;14;9463;2025-11-23 18:58:51;https://scontent-atl3-2.cdninstagram.com/v/t51.71878-15/584313662_1196576015689275_6552656457330403201_n.jpg?stp=dst-jpg_e15_tt6&_nc_cat=102&ig_cache_key=Mzc3MjMwMTc0NDU1MDg5NDQ0Mg%3D%3D.3-ccb7-5&ccb=7-5&_nc_sid=58cdad&efg=eyJ2ZW5jb2RlX3RhZyI6InhwaWRzLjY0MHgxMTM4LnNkci5DMyJ9&_nc_ohc=q8gWXBhgDJIQ7kNvwHI8Xc4&_nc_oc=AdnP1GoD1YE9BzhG-CswP6-F5MWezGIBDJLYQ1enb7KZJ7gE2Q4-NyRvZCF1wnKj1R0&_nc_ad=z-m&_nc_cid=0&_nc_zt=23&_nc_ht=scontent-atl3-2.cdninstagram.com&_nc_gid=v77pVTixClkat89zrN0BOA&oh=00_AfhvM5TPBqwOA-57NUVvBgM4KhxcG553LLmZkdmFgrt-EQ&oe=69312C3F;MÜYORBIR Meslek Birliğimizin 25 Kasım 2025 Salı günü yapılacak genel kuruluna mutlaka katılalım. Desteğim BURHAN ŞEŞEN listesin.;
https://www.instagram.com/p/DRZ4k-zjEk1/;Photo;200;3;0;2025-11-23 18:43:48;https://scontent-atl3-3.cdninstagram.com/v/t39.30808-6/587932295_25237276402579964_7425409578721954222_n.jpg?stp=dst-jpg_e35_tt6&_nc_cat=110&ig_cache_key=Mzc3MjI5NDk5NDg0MjExMDI2MQ%3D%3D.3-ccb7-5&ccb=7-5&_nc_sid=58cdad&efg=eyJ2ZW5jb2RlX3RhZyI6InhwaWRzLjc2OHg5NjAuc2RyLkMzIn0%3D&_nc_ohc=rMEPTPKmDCAQ7kNvwECseen&_nc_oc=AdlDRhT7EYBgV3exs5jTVO67NHiDpt3kgJG_RckWmt3lDP3waRPNecO12fLMnueGCsU&_nc_ad=z-m&_nc_cid=0&_nc_zt=23&_nc_ht=scontent-atl3-3.cdninstagram.com&_nc_gid=v77pVTixClkat89zrN0BOA&oh=00_AfgkzpVxa6ikT0eHc1mFZnJcoHvuoe-fhl744LRr2WhDbw&oe=69313729;MÜYORBIR Müzik Yorumcuları Meslek Birliği.  % 70 i değişmiş.  Tecrübeye , yeni isimler eklenmiş.  MÜKEMMEL BİR KADRO, Desteğim sizlerle.  Burhan ŞEŞEN başkanımız  deneyimli, çok çalışkan, Şeffaf ve biz üyeler en iyi telifi başkanlığınız döneminde aldık diyebilir.  Başarılar.;
https://www.instagram.com/p/DRZ4OEzCpSd/;Photo;4437;466;0;2025-11-23 18:40:40;https://scontent.cdninstagram.com/v/t51.82787-15/586669511_18540520102054169_15917479652498321_n.jpg?stp=dst-jpg_e35_tt6&_nc_cat=105&ig_cache_key=Mzc3MjI5MzQyMDcyODA5NTkwMQ%3D%3D.3-ccb7-5&ccb=7-5&_nc_sid=58cdad&efg=eyJ2ZW5jb2RlX3RhZyI6InhwaWRzLjk1NXgxMDc1LnNkci5DMyJ9&_nc_ohc=VdyS9tdRk2UQ7kNvwGa5sU7&_nc_oc=AdlfbNIlgBWamhWtvMaozelns8BhDad8Q_iuvHRLZyqUpDQMtop5Yy3vq4K1gT5CY_4&_nc_ad=z-m&_nc_cid=0&_nc_zt=23&_nc_ht=scontent.cdninstagram.com&_nc_gid=MXDihC3T3T4ffHlFlOKHoQ&oh=00_AfhPL9i7e5I3IRi-cmsrelStX6lTLzBylvUR73isHZWSZQ&oe=69311A43;Sizinleyiz  Sn Gnl Başkanım ÖZGÜR ÖZEL.;
https://www.instagram.com/p/DRZQIkTDJsq/;Photo;162;10;0;2025-11-23 12:50:24;https://scontent.cdninstagram.com/v/t39.30808-6/586595373_25235172739456997_8055582634789821420_n.jpg?stp=dst-jpg_e35_tt6&_nc_cat=105&ig_cache_key=Mzc3MjExNzEyMDM3Mzc5MTUzMA%3D%3D.3-ccb7-5&ccb=7-5&_nc_sid=58cdad&efg=eyJ2ZW5jb2RlX3RhZyI6InhwaWRzLjQ5Mng0OTAuc2RyLkMzIn0%3D&_nc_ohc=Xyd_zAA3GKgQ7kNvwE54VUy&_nc_oc=Adm8NSz0LHMgrW4TE64K_whE0V-pFSMyEpC7vRmGxL1VL0JTQE0Nl_CLS7wksIg2WqQ&_nc_ad=z-m&_nc_cid=0&_nc_zt=23&_nc_ht=scontent.cdninstagram.com&_nc_gid=MXDihC3T3T4ffHlFlOKHoQ&oh=00_AfioNIU71TlDfucAsefclhwu4NYAya92Yu6TDtv48zm46g&oe=69312A74;Ardahan Bağdeşen köylü hemşehrimiz Rize Kasaplar ve Lokantacılar Esnaf Odası Başkanı Gökmen AKÇAM'ın vefatını üzüntüyle öğrendim. Allah rahmet eylesin, ailesine ve yakınlarına baş sağlığı diliyorum.;
https://www.instagram.com/p/DRWvQK3Cqix/;Photo;96;4;0;2025-11-22 13:24:35;https://scontent.cdninstagram.com/v/t51.82787-15/587283876_18540314725054169_4514350752697636740_n.jpg?stp=dst-jpg_e35_tt6&_nc_cat=101&ig_cache_key=Mzc3MTQwOTU1NzMyNzg4MjQxNw%3D%3D.3-ccb7-5&ccb=7-5&_nc_sid=58cdad&efg=eyJ2ZW5jb2RlX3RhZyI6InhwaWRzLjk1OXgxMjc0LnNkci5DMyJ9&_nc_ohc=DfvtMavChlcQ7kNvwGMZ_Wu&_nc_oc=AdkVAjdGXPev-v4S8POOif3bkg_wNVNjIgrWTVAgxUQfO6szjeI2DECJLHAtoVoYJD0&_nc_ad=z-m&_nc_cid=0&_nc_zt=23&_nc_ht=scontent.cdninstagram.com&_nc_gid=MXDihC3T3T4ffHlFlOKHoQ&oh=00_AfjgzSJAktKW_XK5nj210t-flvR0RMf_FBHF3VPB6Uz8gA&oe=6931268F;Bugün günlerden ZONGULDAK.;
https://www.instagram.com/p/DRWlt3zCghV/;Photo;150;1;0;2025-11-22 12:01:16;https://scontent.cdninstagram.com/v/t51.82787-15/585132316_18540306235054169_259630237433363205_n.jpg?stp=dst-jpg_e35_tt6&_nc_cat=105&ig_cache_key=Mzc3MTM2NzYxNzk3ODgyODg4NQ%3D%3D.3-ccb7-5&ccb=7-5&_nc_sid=58cdad&efg=eyJ2ZW5jb2RlX3RhZyI6InhwaWRzLjExMDR4MTQ3Mi5zZHIuQzMifQ%3D%3D&_nc_ohc=vMK0TpUjO_4Q7kNvwGthD3Y&_nc_oc=AdmpsOqFQcMkdEGpWiK4RybOmng8immaXsgqeHG8_IgOaxrkfllXZgJDlOqsGu0MArI&_nc_ad=z-m&_nc_cid=0&_nc_zt=23&_nc_ht=scontent.cdninstagram.com&_nc_gid=MXDihC3T3T4ffHlFlOKHoQ&oh=00_AfgG3IlSQ84i9UeU4LcH0GlLs_GMi8Rl4LPdjqZ1Nb0z9Q&oe=69310BCD;;
https://www.instagram.com/p/DRUV3E-DqCj/;Photo;134;7;0;2025-11-21 15:04:14;https://scontent.cdninstagram.com/v/t39.30808-6/585022065_25218996021074669_2223657706731616327_n.jpg?stp=c0.273.740.925a_dst-jpg_e35_tt6&_nc_cat=104&ig_cache_key=Mzc3MDczNDkzMTkwMDAxNDc1NQ%3D%3D.3-ccb7-5&ccb=7-5&_nc_sid=58cdad&efg=eyJ2ZW5jb2RlX3RhZyI6InhwaWRzLjc0MHgxNDcyLnNkci5DMyJ9&_nc_ohc=OduqnDADwCcQ7kNvwFtrj68&_nc_oc=AdmTLcwBKDffHxPmTa9JcQIK3wJmCawB5VvxpMNDSa-8gCM3VcsrqVfCJ8KhPsaUmSU&_nc_ad=z-m&_nc_cid=0&_nc_zt=23&_nc_ht=scontent.cdninstagram.com&_nc_gid=MXDihC3T3T4ffHlFlOKHoQ&oh=00_AfhvIwzlwmeo1xW81CHmTfiXk1CQxAneMBfVQqhprsepqg&oe=6930FF94;"İlimizin kıymetli KOÇ ailesinden; AK Parti Ardahan Milletvekilimiz Sn.KAAN KOÇ'un amcası, MEHMET KOÇ'un kardeşi ÖZKAN KOÇ'un vefat haberini üzüntüyle öğrenmiş bulundum. Merhum kardeşimize Allah'tan rahmet, KOÇ ailesine sabır ve baş sağlığı dilerim.  Not: Taziyeler için irtibat numaraları:  Kaan Koç 0545 575 07 75  ve  Mehmet Koç 0532 375 40 33";
https://www.instagram.com/p/DRT2OlXCp23/;Carousel;3;5;0;2025-11-21 10:27:49;https://scontent.cdninstagram.com/v/t51.82787-15/584350872_18540143074054169_354549372628123417_n.jpg?stp=dst-jpg_e35_tt6&_nc_cat=101&ig_cache_key=Mzc3MDU5NTc4MDM0NDg0NDExNw%3D%3D.3-ccb7-5&ccb=7-5&_nc_sid=58cdad&efg=eyJ2ZW5jb2RlX3RhZyI6InhwaWRzLjY0MHg0MjYuc2RyLkMzIn0%3D&_nc_ohc=V-OlDJsNQscQ7kNvwFC-tUP&_nc_oc=AdnSvP_g9XlNcC5JecXb47GtE0Pa5BImMzZ_iCYbYaONEyojDsLfPWalx6D0U-RK30k&_nc_ad=z-m&_nc_cid=0&_nc_zt=23&_nc_ht=scontent.cdninstagram.com&_nc_gid=MXDihC3T3T4ffHlFlOKHoQ&oh=00_AfgUqtWjdD5hZ-37ixHraIU3qoU4gqGgN_felAJPkPkeiA&oe=6931108C;Yeni bir ARDAHAN mümkün.  İlk günki heyecanla , çalışmaya devam.;
https://www.instagram.com/p/DRTscmOirv_/;Photo;3;3;0;2025-11-21 09:02:21;https://scontent.cdninstagram.com/v/t51.82787-15/586669357_18540134959054169_2203782407988803009_n.jpg?stp=dst-jpg_e35_tt6&_nc_cat=111&ig_cache_key=Mzc3MDU1Mjc5MjI3NzIzNjczNQ%3D%3D.3-ccb7-5&ccb=7-5&_nc_sid=58cdad&efg=eyJ2ZW5jb2RlX3RhZyI6InhwaWRzLjE0NDB4MTQ0MC5zZHIuQzMifQ%3D%3D&_nc_ohc=-xFKASPfGqgQ7kNvwEnoCA1&_nc_oc=AdkQwX-S_29GBP3AOcUOmAWJr79RRJZWIdTpNnVnS37is2hVek1VMFJkw3kjQiyzIRQ&_nc_ad=z-m&_nc_cid=0&_nc_zt=23&_nc_ht=scontent.cdninstagram.com&_nc_gid=MXDihC3T3T4ffHlFlOKHoQ&oh=00_AfhxW3rVlHtT5_2Fs0jUuHKDRJ_BJ_hGCTnMdZRYizCIfw&oe=6931037F;#umudunşehriardahan;
https://www.instagram.com/p/DRRlwrqCrMM/;Carousel;3;5;0;2025-11-20 13:25:26;https://scontent.cdninstagram.com/v/t51.82787-15/584073338_18540012232054169_6949529852855507742_n.jpg?stp=dst-jpg_e35_tt6&_nc_cat=105&ig_cache_key=Mzc2OTk2MDQxNzAyNDcyNTU3Ng%3D%3D.3-ccb7-5&ccb=7-5&_nc_sid=58cdad&efg=eyJ2ZW5jb2RlX3RhZyI6InhwaWRzLjE0NDB4OTU5LnNkci5DMyJ9&_nc_ohc=eMyW05C1SkUQ7kNvwFtZk18&_nc_oc=AdkN_Nrummbf57UIy23yC9LlbnZ0v3Ozm7ep9csUfm7H5oLCTDhZwQXjOWO45k8Osi8&_nc_ad=z-m&_nc_cid=0&_nc_zt=23&_nc_ht=scontent.cdninstagram.com&_nc_gid=MXDihC3T3T4ffHlFlOKHoQ&oh=00_Afhy-k7AKD2mlRQjtBgMjUBPI05zr9Q5AJtPqM1psIzi7w&oe=69310D8A;Mobilya ustalarımızdan sevgili Ömer GÜLTÜRK kardeşimizin işyerini ziyaret ederek,hayırlı işler dileğinde bulunduk.  Bu arada kontrol ettim çok güzel bir sazı var. Sözleştik bir gün bende kendi sazımı alıp karşılıklı bir ATIŞMA yapacağız Ömer GÜLTÜRK ustamız ile.;
https://www.instagram.com/p/DRRApyLDt1R/;Photo;3;2;0;2025-11-20 08:01:12;https://scontent.cdninstagram.com/v/t39.30808-6/584754587_25207092802264991_4316790369137441709_n.jpg?stp=dst-jpg_e35_tt6&_nc_cat=101&ig_cache_key=Mzc2OTc5NzIzNDQ1Njk3NjcyMQ%3D%3D.3-ccb7-5&ccb=7-5&_nc_sid=58cdad&efg=eyJ2ZW5jb2RlX3RhZyI6InhwaWRzLjIwNDh4MjA0OC5zZHIuQzMifQ%3D%3D&_nc_ohc=JVvCh8labxQQ7kNvwFFHj8g&_nc_oc=AdkuUPPrznsuUXBnFuSsw4Ya-qJPHBWpELJduEMoerd2ioI7ChIxrQ7K_kbLq8gzqF8&_nc_ad=z-m&_nc_cid=0&_nc_zt=23&_nc_ht=scontent.cdninstagram.com&_nc_gid=MXDihC3T3T4ffHlFlOKHoQ&oh=00_AfheSRjJNplANn-4I2GiOJvmzcWDK1wHGl2sCE7xJzXLiw&oe=69310D89;20 Kasım Dünya Çocuk Hakları Dünyadaki tüm çocukların yüzlerinin güldüğü, haklarının korunduğu, güvenle büyüdükleri bir dünya dileğiyle…  20 Kasım Dünya Çocuk Hakları Günü Kutlu Olsun.;
https://www.instagram.com/p/DRPvr9pirvC/;Photo;377;12;0;2025-11-19 20:13:42;https://scontent.cdninstagram.com/v/t51.82787-15/586992432_18539919877054169_493543986259881812_n.jpg?stp=dst-jpg_e35_tt6&_nc_cat=110&ig_cache_key=Mzc2OTQ0MTE0MjQ1MTEyNTE4Ng%3D%3D.3-ccb7-5&ccb=7-5&_nc_sid=58cdad&efg=eyJ2ZW5jb2RlX3RhZyI6InhwaWRzLjk2MHg4NzAuc2RyLkMzIn0%3D&_nc_ohc=2hoHYU_Ux9cQ7kNvwHCqLxs&_nc_oc=Adn1xjX8JacRiJkNY4IuZ74hG7zZG1-uzM32ybplK6IRJYw9itnzrgKY92bPlPP2Lr4&_nc_ad=z-m&_nc_cid=0&_nc_zt=23&_nc_ht=scontent.cdninstagram.com&_nc_gid=MXDihC3T3T4ffHlFlOKHoQ&oh=00_AfjZeueVQJrigcCdngsnzqGIzNhGnsKHZnfJh21bosJe4A&oe=693116F5;Mersin Büyükşehir Belediye Başkanımız,  değerli dostum VAHAP SEÇER’in kız kardeşi hakkın rahmetine kavuşmuştur, merhume  kardeşimize  Allah tan rahmet Seçer ailesine baş sağlığı diliyorum.;
https://www.instagram.com/p/DRPOhzdDurl/;Carousel;369;2;0;2025-11-19 15:23:57;https://scontent.cdninstagram.com/v/t39.30808-6/584980147_25200881339552804_4239823330986099157_n.jpg?stp=c157.0.1733.1202a_dst-jpg_e35_tt6&_nc_cat=110&ig_cache_key=Mzc2OTI5NTI5Mzg0Mjg2OTE5MQ%3D%3D.3-ccb7-5&ccb=7-5&_nc_sid=58cdad&efg=eyJ2ZW5jb2RlX3RhZyI6InhwaWRzLjIwNDh4MTIwMi5zZHIuQzMifQ%3D%3D&_nc_ohc=t7Khuaz4CTEQ7kNvwEmRueU&_nc_oc=AdmCb79RYABQQlT4C9oRcG2zNYPgPsHWvpL8Xb1gTc5C3XWo6RWreU79clYdS9piHnU&_nc_ad=z-m&_nc_cid=0&_nc_zt=23&_nc_ht=scontent.cdninstagram.com&_nc_gid=MXDihC3T3T4ffHlFlOKHoQ&oh=00_Afg9HOsjThUKFNFhTU2UhjBf8FZepscixlchiASptSAktw&oe=69312C02;Sanayi Esnaflarımızdan kıymetli Zanaatkar arkadaşımız Küçük Sanayi Sitesi Kooperatifi Başkanı MAHMUT AVŞAR'ı ziyaret ettik. İşlerinde kolaylıklar diliyorum.;
https://www.instagram.com/p/DRPA2oeiNvy/;Carousel;279;2;0;2025-11-19 13:24:28;https://scontent.cdninstagram.com/v/t51.82787-15/582974138_18539869210054169_2655309982442178432_n.jpg?stp=dst-jpg_e35_tt6&_nc_cat=102&ig_cache_key=Mzc2OTIzNTE1Njk1MTkyNjAzOQ%3D%3D.3-ccb7-5&ccb=7-5&_nc_sid=58cdad&efg=eyJ2ZW5jb2RlX3RhZyI6InhwaWRzLjEzNjN4OTA3LnNkci5DMyJ9&_nc_ohc=I47eyJwM3FkQ7kNvwGCZf_V&_nc_oc=AdlP3M7nMIg5UMj7Wiwktcp142KNmRXOJc3JX11QyxCwhzGmVXleWA7UQRtcX_gKIRY&_nc_ad=z-m&_nc_cid=0&_nc_zt=23&_nc_ht=scontent.cdninstagram.com&_nc_gid=MXDihC3T3T4ffHlFlOKHoQ&oh=00_AfgzLwZZtAEK844D5U4WpPfXgH4bIbN7cbynVfr5tUXMsQ&oe=69312BE0;İŞİMİZ ARDAHAN.  GÜCÜMÜZ ARDAHAN.  Daha iyisi mümkün.;
https://www.instagram.com/p/DRNHwp5CmrS/;Carousel;242;1;0;2025-11-18 19:46:20;https://scontent-man2-1.cdninstagram.com/v/t51.82787-15/581500611_18539772121054169_8062232772334169906_n.jpg?stp=dst-jpg_e35_tt6&_nc_cat=111&ig_cache_key=Mzc2ODcwMjU3NDUzOTc0MjQ4NA%3D%3D.3-ccb7-5&ccb=7-5&_nc_sid=58cdad&efg=eyJ2ZW5jb2RlX3RhZyI6InhwaWRzLjY0MHg0MjYuc2RyLkMzIn0%3D&_nc_ohc=41H9tkn6RjcQ7kNvwGwBL9A&_nc_oc=AdmkBTl5_vl-C6G64EInc6mhzmM7HRGb11-PcG8ilfPhndnpxwHI4CqcJ2zjaeKR_725l1jZdIvHxpR5C_fU_5C_&_nc_ad=z-m&_nc_cid=0&_nc_zt=23&_nc_ht=scontent-man2-1.cdninstagram.com&_nc_gid=ocANQVv1agK5qqHJBxgQXQ&oh=00_Afhoi3uONVZCzxeioKjoR9tB3ZvDj5qOtrPhUehj_0BMtQ&oe=693136A7;ÖZGÜR ÖZEL Genel başkanımıza  CHP li 21 il belediye başkanı ziyarette bulunduk.  TBMM deki çalışma odasında bizleri kabul eden Gnl Başkanımızla yerel yönetimler ve yaklaşan kurultayımız ile alakalı çok verimli bir çalışma gerçekleştirdik.  ARDAHAN ve TÜM HEMŞEHRİLERİME SELAMLARINI İletmemi istediler.  İŞİMİZ GÜCÜMÜZ ARDAHAN;
https://www.instagram.com/p/DRL_1RnjDvm/;Photo;112;2;0;2025-11-18 09:17:49;https://scontent-man2-1.cdninstagram.com/v/t51.82787-15/583060150_18539706076054169_6922572087074514726_n.jpg?stp=dst-jpg_e35_tt6&_nc_cat=105&ig_cache_key=Mzc2ODM4NjI1MTIwNTEzMTIzOA%3D%3D.3-ccb7-5&ccb=7-5&_nc_sid=58cdad&efg=eyJ2ZW5jb2RlX3RhZyI6InhwaWRzLjk2MHgxMjAwLnNkci5DMyJ9&_nc_ohc=fVvbToezTmQQ7kNvwGiB8LW&_nc_oc=AdlwP9hlH07nelB-LUJ3nybmKpYL4ihHG-8pkb2JYom9HLfTWi85ylOWqPaYaj8SQPmu0AaDxhhepgotvsPf7bSF&_nc_ad=z-m&_nc_cid=0&_nc_zt=23&_nc_ht=scontent-man2-1.cdninstagram.com&_nc_gid=ocANQVv1agK5qqHJBxgQXQ&oh=00_Afi6jkEpeFz_TRH1NGx63HA1kx5muoJrAUJH8g5ROv5LTA&oe=69311BF0;#umudunşehriardahan Günümüz aydın, işlerimiz bereketli olsun.;
https://www.instagram.com/p/DRJw-k9CsDZ/;Carousel;304;4;0;2025-11-17 12:29:32;https://scontent-man2-1.cdninstagram.com/v/t51.82787-15/582555869_18539569042054169_3078225203719649823_n.jpg?stp=dst-jpg_e35_tt6&_nc_cat=109&ig_cache_key=Mzc2Nzc1Nzk0ODYwOTc2ODkxNg%3D%3D.3-ccb7-5&ccb=7-5&_nc_sid=58cdad&efg=eyJ2ZW5jb2RlX3RhZyI6InhwaWRzLjc5N3g3OTcuc2RyLkMzIn0%3D&_nc_ohc=y_2CPOpzqnwQ7kNvwFVWWYE&_nc_oc=AdnlGFzJNNxue7uNHAwbZI9TsGGcHLemz3m4vQfPhqxEz6x59k5oJ3TLGz72ngRVqLT9dybwvDHiifbvlV0w-XoM&_nc_ad=z-m&_nc_cid=0&_nc_zt=23&_nc_ht=scontent-man2-1.cdninstagram.com&_nc_gid=ocANQVv1agK5qqHJBxgQXQ&oh=00_AfhEGp4iMSfMZLhaFJWQx97RPvRLuOvfwmNkAijgSO8Amg&oe=6931338D;Ardahan’ımızın 70 yıllık SAATÇİ geleneği, Dededen toruna, Taner BEKTAŞ kardeşime bol bereketli bir hafta diliyorum.  İSVİÇRE SAAT.;
https://www.instagram.com/p/DRHu7TKiltw/;Carousel;290;4;0;2025-11-16 17:33:08;https://scontent-man2-1.cdninstagram.com/v/t51.82787-15/581295812_18539453677054169_4350655976146092581_n.jpg?stp=dst-jpg_e35_tt6&_nc_cat=101&ig_cache_key=Mzc2NzE4NTk3MTY1ODUzNTI3Mw%3D%3D.3-ccb7-5&ccb=7-5&_nc_sid=58cdad&efg=eyJ2ZW5jb2RlX3RhZyI6InhwaWRzLjE0NDB4OTQ1LnNkci5DMyJ9&_nc_ohc=4TSKPPc9AE4Q7kNvwHepDUE&_nc_oc=AdmsLw6Gtjq_d__IZlIkO2zcZ4_7Rpcvs38p2ro9sVeKQUyBXdUqeDTic3TppNT6c3N3qLtjQdri9I6VZUj24TvM&_nc_ad=z-m&_nc_cid=0&_nc_zt=23&_nc_ht=scontent-man2-1.cdninstagram.com&_nc_gid=ocANQVv1agK5qqHJBxgQXQ&oh=00_AfgAa8UhoixNTza4bGpYYsFE-o9_hV6S0Eki5tdILrTaaw&oe=6930FF9A;İYİ PARTİ ARDAHAN İl kongresine (4.) katılım sağladık.  Görev alacak yönetim ve il başkanlarına başarılar dilerim.;
https://www.instagram.com/p/DRG2Lv-Ch3y/;Photo;372;1;0;2025-11-16 09:17:18;https://scontent-man2-1.cdninstagram.com/v/t51.82787-15/580566758_18539401351054169_8981234344928258240_n.jpg?stp=dst-jpg_e35_tt6&_nc_cat=109&ig_cache_key=Mzc2NjkzNjQ0MDI3NDU1ODQ1MA%3D%3D.3-ccb7-5&ccb=7-5&_nc_sid=58cdad&efg=eyJ2ZW5jb2RlX3RhZyI6InhwaWRzLjE0NDB4MTU5OS5zZHIuQzMifQ%3D%3D&_nc_ohc=BX3JzUBFu6UQ7kNvwHnJpAX&_nc_oc=Adm-KJJo0HJK_b9Ppb6pkpmnGdmxkX6s4pL_OkMf54jCUArbjOhItmYbfskBNqu6mBrNkkubstoZw4y1rA12pDG7&_nc_ad=z-m&_nc_cid=0&_nc_zt=23&_nc_ht=scontent-man2-1.cdninstagram.com&_nc_gid=ocANQVv1agK5qqHJBxgQXQ&oh=00_AfiaReDLWQdXpMH9t6laaxlcX_7untHxr5apbK91pK09hw&oe=693110BB;#umudunşehriardahan Günaydın.  UMUDUMUZ ÇOCUKLARIMIZ  ve GENÇLERİMİZ.;
https://www.instagram.com/p/DRFdFuhCrL_/;Reels;346;25;7712;2025-11-15 20:34:52;https://scontent-man2-1.cdninstagram.com/v/t51.71878-15/582066216_840984341650405_4667983810350257673_n.jpg?stp=dst-jpg_e15_tt6&_nc_cat=105&ig_cache_key=Mzc2NjU0NDYwMDI1Nzk2Njg0Nw%3D%3D.3-ccb7-5&ccb=7-5&_nc_sid=58cdad&efg=eyJ2ZW5jb2RlX3RhZyI6InhwaWRzLjY0MHgxMTM4LnNkci5DMyJ9&_nc_ohc=H6xeohMIvfwQ7kNvwFbrygC&_nc_oc=AdmHp5prfdIJEfSpO04CdRmTES7bYk-EAsP0DTNG_1TMFsxYmnDqYLRqbucpoQFpW4rYhsI9gkWVj1IjJYHq1cfg&_nc_ad=z-m&_nc_cid=0&_nc_zt=23&_nc_ht=scontent-man2-1.cdninstagram.com&_nc_gid=ocANQVv1agK5qqHJBxgQXQ&oh=00_Afg7wiaYxrfRV5IqnQ_kzVcELF9PYjjahobE77bx5SINkQ&oe=693112BB;Gurur duyuyoruz! 🎶 Geçen yıl bağlama eğitimi alan öğrencimiz Azra, Elazığ Güzel Sanatlar Lisesi’nde eğitimine başladı. Belediye Başkanımız Sayın Faruk Demir de Azra’nın başarısını kutlamak için kendisine bağlama hediye etti. Sanatla büyüyen gençler için çalışmaya devam ediyoruz .💫;
https://www.instagram.com/p/DRFcvLeitKB/;Reels;747;33;15616;2025-11-15 20:17:30;https://scontent-man2-1.cdninstagram.com/v/t51.71878-15/582229557_1175381344699099_5087565932946986745_n.jpg?stp=dst-jpg_e15_tt6&_nc_cat=103&ig_cache_key=Mzc2NjU0MzA1MDgwNjU3OTg0MQ%3D%3D.3-ccb7-5&ccb=7-5&_nc_sid=58cdad&efg=eyJ2ZW5jb2RlX3RhZyI6InhwaWRzLjY0MHgxMTM2LnNkci5DMyJ9&_nc_ohc=sKG4bJcHHsAQ7kNvwG7YPuO&_nc_oc=AdkwXU4X9CaQxWWD55_uLQ91TWB6vKyHhTyRG2_XYzryaBOZLWPZbLy1Vknha7paPsZJs4ptswCHslfy_HAX570i&_nc_ad=z-m&_nc_cid=0&_nc_zt=23&_nc_ht=scontent-man2-1.cdninstagram.com&_nc_gid=ocANQVv1agK5qqHJBxgQXQ&oh=00_AfhI_FrlwPgR9BQGAEY0hsQUo2GdjP-Vdtn28qkv15HUDQ&oe=69311D5D;Güzel şeylerde oluyor.  Belediyemiz NURİ VATAN kültür merkezi kursiyerlerinden sevgili AZRA Elazığ’da Güzel Sanatlar  Lisesini kazanmış.  Kutluyoruz , bizde ödül olarak , çok istediği 2 adet bağlamayı hediye ettik.  Başarılarının devamını dileriz AZRA 🙏;
https://www.instagram.com/p/DRFO8SGikGc/;Photo;103;1;0;2025-11-15 18:15:10;https://scontent-man2-1.cdninstagram.com/v/t51.82787-15/581312396_18539300866054169_9102611525350729941_n.jpg?stp=dst-jpg_e35_tt6&_nc_cat=100&ig_cache_key=Mzc2NjQ4MjM3ODYyMjEyNDQ0NA%3D%3D.3-ccb7-5&ccb=7-5&_nc_sid=58cdad&efg=eyJ2ZW5jb2RlX3RhZyI6InhwaWRzLjE0NDB4MTQ0MC5zZHIuQzMifQ%3D%3D&_nc_ohc=abmoa1mNhOsQ7kNvwFH_XQg&_nc_oc=AdlYghn79W4cPdsKdVZnZlKnvqjjK83dEJPzjkkYDzhbnU-f3aWk9F53FtUF9C2zDP0lUc6VhEC5knYm0LsPZSwt&_nc_ad=z-m&_nc_cid=0&_nc_zt=23&_nc_ht=scontent-man2-1.cdninstagram.com&_nc_gid=ocANQVv1agK5qqHJBxgQXQ&oh=00_AfjqnMI3HOfItCi6dFX-tokxRMarFxLAAE93ONdve0CN0w&oe=69310118;“Biz milliyetçiliği sokak duvarlarına değil, Kıbrıs’ın Beşparmak Dağları’na, Ege’nin derin sularına yazmışız..” diyen büyük devlet ve siyaset adamı Kıbrıs FATİHİ Karaoğlan BÜLENT ECEVİT ’imizi sonsuz saygı ve rahmetle anıyor, Yavru vatanımızın kuruluşunun 51.yıldönümünü kutluyorum.;
https://www.instagram.com/p/DREwyarCu9h/;Reels;268;2;8165;2025-11-15 14:44:27;https://scontent-man2-1.cdninstagram.com/v/t51.71878-15/583809757_1231866971859582_2579429882791976274_n.jpg?stp=dst-jpg_e15_tt6&_nc_cat=102&ig_cache_key=Mzc2NjM0OTc1OTIzNDM3MTQyNQ%3D%3D.3-ccb7-5&ccb=7-5&_nc_sid=58cdad&efg=eyJ2ZW5jb2RlX3RhZyI6InhwaWRzLjY0MHgxMTM4LnNkci5DMyJ9&_nc_ohc=M7qn8bKfLzYQ7kNvwFt5rtV&_nc_oc=AdnZwiunvtkc2MiC9dQqOViWvFTh4uapA5IET_lLG0Av1sN1zoxMd3QtYWUP4-RazmQl-IDln0SGPtXzQ53NVZ1o&_nc_ad=z-m&_nc_cid=0&_nc_zt=23&_nc_ht=scontent-man2-1.cdninstagram.com&_nc_gid=ocANQVv1agK5qqHJBxgQXQ&oh=00_AfiYUDJew31H6cTFZHwgneLlNAz6s9O6srxvDH01IOsTIg&oe=69311AE9;;
https://www.instagram.com/p/DREPmhwCjPM/;Carousel;336;6;0;2025-11-15 09:01:41;https://scontent-man2-1.cdninstagram.com/v/t51.82787-15/583895585_18539239831054169_8349511816870873573_n.jpg?stp=dst-jpg_e35_tt6&_nc_cat=105&ig_cache_key=Mzc2NjIwMzc4MTEwNTc2NTcyMQ%3D%3D.3-ccb7-5&ccb=7-5&_nc_sid=58cdad&efg=eyJ2ZW5jb2RlX3RhZyI6InhwaWRzLjcyMHg5NTUuc2RyLkMzIn0%3D&_nc_ohc=hdJYIxp4-RYQ7kNvwHOBzvr&_nc_oc=AdneSIV_M7V7hGpWdxhb-WaooUWijA6MoB7mM1JKAOmLrjsab0ciiCxK7Qsej64DuENZ01Ek-P1U0z4VStq64PxM&_nc_ad=z-m&_nc_cid=0&_nc_zt=23&_nc_ht=scontent-man2-1.cdninstagram.com&_nc_gid=ocANQVv1agK5qqHJBxgQXQ&oh=00_AfhEufQu4Yn8C9XExHiK5MCEDu_RrNm5XzHkXG_aU-I64g&oe=69310FEB;#umudunşehriardahan Günaydın iyi bir gün ve haftasonu diliyorum.  İŞİMİZ ARDAHAN, GÜCÜMÜZ ARDAHAN.;
https://www.instagram.com/p/DRC-tYHCso2/;Carousel;308;4;0;2025-11-14 21:14:50;https://scontent-man2-1.cdninstagram.com/v/t51.82787-15/581366716_18539172919054169_7079643739855722375_n.jpg?stp=dst-jpg_e35_tt6&_nc_cat=109&ig_cache_key=Mzc2NTg0ODAyMDgyNzY2MzUyMw%3D%3D.3-ccb7-5&ccb=7-5&_nc_sid=58cdad&efg=eyJ2ZW5jb2RlX3RhZyI6InhwaWRzLjE0NDB4OTU5LnNkci5DMyJ9&_nc_ohc=feGrRIB8IS8Q7kNvwGc9RRi&_nc_oc=AdnGeDt3W8jTd5Ksm28aHrEIa2gXLJaGuBSDpHexB5I5_V4J79oB9vnYwvhIy1SP6mh-McZ7HkV8j-2uexfQlSzU&_nc_ad=z-m&_nc_cid=0&_nc_zt=23&_nc_ht=scontent-man2-1.cdninstagram.com&_nc_gid=ocANQVv1agK5qqHJBxgQXQ&oh=00_AfiIHu0ei8hcjJMXteG2r_M5PzbMZbTSPzJTwkWcrobLsQ&oe=69313223;Esnaf Kredi ve Kefalet Kooperatifi başkanımız değerli, BIROL DÜNDAR ‘a ziyarette bulunduk.  Başarılı çalışmalarının devamını diliyorum.;
https://www.instagram.com/p/DRBlMeyDEEY/;Photo;243;5;0;2025-11-14 08:12:39;https://scontent-man2-1.cdninstagram.com/v/t39.30808-6/581646435_25155896787384593_7222742889616473704_n.jpg?stp=dst-jpg_e35_tt6&_nc_cat=100&ig_cache_key=Mzc2NTQ1NDM0ODg2NDk5NTYwOA%3D%3D.3-ccb7-5&ccb=7-5&_nc_sid=58cdad&efg=eyJ2ZW5jb2RlX3RhZyI6InhwaWRzLjIwNDh4MjA0OC5zZHIuQzMifQ%3D%3D&_nc_ohc=CYozS-S_DzkQ7kNvwERmHLw&_nc_oc=AdnSBA9Yac3-qqwHXl4kkxIYdp3Hzula0WttKM0A9_mCZyggvJrvBpoVBG66VaXz9pfGopEoZJdS8tnuA4KgOs7X&_nc_ad=z-m&_nc_cid=0&_nc_zt=23&_nc_ht=scontent-man2-1.cdninstagram.com&_nc_gid=ocANQVv1agK5qqHJBxgQXQ&oh=00_AfhGGg5q3zrmDpxru9clrquz8Hotn3262Z1jeFR-1TMjMw&oe=69310114;''Ahıska bir gül idi, gitti, Bir ehl-i dil idi, gitti.''    81 Yıl önce topraklarından koparılan ve insanlık dışı koşullarda hayatlarını kaybeden soydaşlarımız Ahıska Türklerini rahmetle anıyorum.   #ahıska #14Kasım1944 #ardahan;
https://www.instagram.com/p/DQ9vPT1isRb/;Carousel;371;29;0;2025-11-12 20:23:27;https://scontent.cdninstagram.com/v/t51.82787-15/576111654_18538439275054169_5877498305819436369_n.jpg?stp=dst-jpg_e15_tt6&_nc_cat=100&ig_cache_key=Mzc2NDM3MjM0MzQwNjM1MzUxMw%3D%3D.3-ccb7-5&ccb=7-5&_nc_sid=58cdad&efg=eyJ2ZW5jb2RlX3RhZyI6InhwaWRzLjQ4MHg2NDAuc2RyLkMzIn0%3D&_nc_ohc=wlbe-mHXmesQ7kNvwEg5Tqz&_nc_oc=Adm7ErdO-3M2PwrDbLBFE5N3WfH9hrMKQy1zd8H4zTSOMrBHFT0wtDekOtjfO3tqLas&_nc_ad=z-m&_nc_cid=0&_nc_zt=23&_nc_ht=scontent.cdninstagram.com&_nc_gid=SMiTVznybxmzAYVoEImAGg&oh=00_AfhWX93Ske3ycghWgwqsTLn-HkDuDZPwIcifDPuV6gqCSw&oe=693110EB;Merkeze bağlı Açıkyazı(Alabala) köyümüzden Oğuzhan Çelik  kardeşimizin evinde çıkarak büyük maddi hasara yol açan yangın faciası nedeniyle ÇELİK ailesine geçmiş olsun dileklerimi iletiyorum. İtfaiye erlerimizin yoğun çaba gösterdiği bu üzücü olayda şükürler olsun ki, can kaybı yaşanmamıştır.;
https://www.instagram.com/p/DQ9iatuikdu/;Carousel;247;5;0;2025-11-12 18:31:25;https://scontent.cdninstagram.com/v/t51.82787-15/576111658_18538412992054169_1701477957981285870_n.jpg?stp=dst-jpg_e35_tt6&_nc_cat=104&ig_cache_key=Mzc2NDMxNjIxNTQ4MTkxMzUxMw%3D%3D.3-ccb7-5&ccb=7-5&_nc_sid=58cdad&efg=eyJ2ZW5jb2RlX3RhZyI6InhwaWRzLjE0NDB4ODg3LnNkci5DMyJ9&_nc_ohc=QNePoFBVtzQQ7kNvwG7YKbN&_nc_oc=Admmpji99JbYXTBCKR1Ngp8jWi2knxgEEK8jSHz1Ua1_OYROefuhJ4TiNNXk7Q6hy9o&_nc_ad=z-m&_nc_cid=0&_nc_zt=23&_nc_ht=scontent.cdninstagram.com&_nc_gid=SMiTVznybxmzAYVoEImAGg&oh=00_Afj0rPG9wkJfxkBOaa5OR8pAR5PMBZVgUR6leOW9m4f9pw&oe=69311B37;Kıymetli Belediye Personelimiz KADRİ CEMİL (ATALAY) TOPÇU’nun merhum annesi GÜLLİ teyzemizin HAYIR YEMEĞİNE katıldık. Allah hayırlarını kabul etsin.  Mekanı Cennet Olsun. TOPÇU ailesine ve yakınlarına yeniden baş sağlığı diliyorum.;
https://www.instagram.com/p/DQ8eQvLCgXW/;Photo;534;5;0;2025-11-12 08:35:52;https://scontent.cdninstagram.com/v/t51.82787-15/576640867_18538171537054169_3953395433339985298_n.jpg?stp=dst-jpg_e35_tt6&_nc_cat=110&ig_cache_key=Mzc2NDAxNjQ4MDEzMjkyNDg4Ng%3D%3D.3-ccb7-5&ccb=7-5&_nc_sid=58cdad&efg=eyJ2ZW5jb2RlX3RhZyI6InhwaWRzLjczMng5NzYuc2RyLkMzIn0%3D&_nc_ohc=IflTd9fuIOkQ7kNvwHues9q&_nc_oc=AdkSvcEG-HB8F8ZfdwwsON77UNDCiS4jXaCYBDJLpzHLp1y8gcxLZnLoDcRjVEye3kc&_nc_ad=z-m&_nc_cid=0&_nc_zt=23&_nc_ht=scontent.cdninstagram.com&_nc_gid=SMiTVznybxmzAYVoEImAGg&oh=00_AfinDF-4J_bHSKILWqCi1zYqc2OBlATMjOPkk9plT3tzLw&oe=69312EBE;#umudunşehriardahan UMUDA BİN KURŞUN SIKSADA ÖLÜM.  UNUTMA UMUDA KURŞUN İŞLEMEZ GÜLÜM.  N.H. RAN.  Umut var, Umut Anadolu’nun en ücra köşesinde tüten bir ocakta.;
https://www.instagram.com/p/DQ7NxYQilCm/;Photo;332;19;0;2025-11-11 20:52:32;https://scontent.cdninstagram.com/v/t51.82787-15/575195010_18537973570054169_536146183129748764_n.jpg?stp=dst-jpg_e35_tt6&_nc_cat=110&ig_cache_key=Mzc2MzY2MjQ4MTUwNDQ4OTYzOA%3D%3D.3-ccb7-5&ccb=7-5&_nc_sid=58cdad&efg=eyJ2ZW5jb2RlX3RhZyI6InhwaWRzLjk2MHg5NTYuc2RyLkMyIn0%3D&_nc_ohc=FRPN7oycMDUQ7kNvwE3O6xt&_nc_oc=AdncK7V0_A9ZQZQz0nnMfG_cjVzdM0vnxpj1EtjSYbrlKU0p7Ztb93HGokNUQF-2iww&_nc_ad=z-m&_nc_cid=0&_nc_zt=23&_nc_ht=scontent.cdninstagram.com&_nc_gid=SMiTVznybxmzAYVoEImAGg&oh=00_AfjCLqpTOC1zKfqbmKAYHNTVYxAyXc3Fee1Obm8kFY_lPw&oe=6931118C;Acımız büyük, suçsuz  günahsız vatan evlatları offffff… Nasıl tarif edilirki, diyecek söz yok.;
https://www.instagram.com/p/DQ7E_BvCrge/;Photo;942;14;0;2025-11-11 19:35:45;https://scontent.cdninstagram.com/v/t51.82787-15/572119097_18537964663054169_3164719334464365784_n.jpg?stp=dst-jpg_e35_tt6&_nc_cat=101&ig_cache_key=Mzc2MzYyMzgzNjk3NDIzMzYzMA%3D%3D.3-ccb7-5&ccb=7-5&_nc_sid=58cdad&efg=eyJ2ZW5jb2RlX3RhZyI6InhwaWRzLjk2MHg5MDIuc2RyLkMzIn0%3D&_nc_ohc=g78MjDdIrM8Q7kNvwE8cQjh&_nc_oc=AdnPTdL0BwFSoQIduup1n8l8R_GcA37kuvuwRCsbQz-e665HJYjc88DhEmu0fv05vmw&_nc_ad=z-m&_nc_cid=0&_nc_zt=23&_nc_ht=scontent.cdninstagram.com&_nc_gid=SMiTVznybxmzAYVoEImAGg&oh=00_AfhAQ6h6lDLAMiTB0rJBqgZo9aWC2OZOQBgbB_e2sgZRPg&oe=69311FDE;SEVİNDİK.  Ama niye tutuklandı peki. Bir yıldır zındanda.  Ahmet Özer bir PROFESÖR ve Türkiyenin en büyük ilçesinin legal olarak seçilmiş belediye başkanı.  Hocam geçmiş olsun ne diyelim.;
https://www.instagram.com/p/DQ6svx5ivXc/;Reels;3;11;10294;2025-11-11 16:12:42;https://scontent.cdninstagram.com/v/t51.71878-15/580529173_1181298517266312_1301773478886993496_n.jpg?stp=dst-jpg_e15_tt6&_nc_cat=105&ig_cache_key=Mzc2MzUxNzIzNjA2MjEyMzQ4NA%3D%3D.3-ccb7-5&ccb=7-5&_nc_sid=58cdad&efg=eyJ2ZW5jb2RlX3RhZyI6InhwaWRzLjY0MHgxMTM4LnNkci5DMyJ9&_nc_ohc=RvUcEW9rFiMQ7kNvwHo4PYo&_nc_oc=AdlDW4qTF8x_NDH3YtHPgz8AX8B09PKDR-8MZq2j3eRs2HTCzT7vYxfb2pwKgtKSR_8&_nc_ad=z-m&_nc_cid=0&_nc_zt=23&_nc_ht=scontent.cdninstagram.com&_nc_gid=SMiTVznybxmzAYVoEImAGg&oh=00_AfiNf_6oxa6VrN0zgv3O8zWu-txctwLLIhVZ4tXLpZPwkg&oe=69310F28;"""11 Kasım Milli Ağaçlandırma Günü"" dolayısıyla Sırrı Atalay Parkımızda; il başkanımız Yunus Dündar,Meclis Üyelerimiz, Birim Müdürlerimiz ve Belediye İşçilerimizle Ağaçlandırma Yapıyoruz.   #MilliAğaçlandırmaGünü #Ardahan #SırrıAtalayParkı";
https://www.instagram.com/p/DQ533HajgZs/;Video;155;1;444;2025-11-11 08:21:52;https://scontent.cdninstagram.com/v/t15.5256-10/579917965_1983356472448597_7945348184816042763_n.jpg?stp=dst-jpg_e15_tt6&_nc_cat=105&ig_cache_key=Mzc2MzI4NDY0MzczNTc5OTQwNA%3D%3D.3-ccb7-5&ccb=7-5&_nc_sid=58cdad&efg=eyJ2ZW5jb2RlX3RhZyI6InhwaWRzLjcyMHg5NjAuc2RyLkMzIn0%3D&_nc_ohc=qk4oDTo-Az4Q7kNvwEW0D3j&_nc_oc=AdmHYl-l9ejV4-kXeVTW-5SwJU9URzR1oQwxIkO_928LiXBZR3RvLAKsL4-RwEikY88&_nc_ad=z-m&_nc_cid=0&_nc_zt=23&_nc_ht=scontent.cdninstagram.com&_nc_gid=SMiTVznybxmzAYVoEImAGg&oh=00_AfjJc17I_ixShnhC2QyTOQWCrGOzu7v92-jKSKuREbIVvA&oe=693117E6;#umudunşehriardahan Günaydın. “””HER MAHALLEYE BİR KİTAP KAFE””” Kampanyamıza kitap bağışlarınızı bekliyoruz.  Bugüne kadar kitap gönderen bağışçılarımızı liste halinde açıklayacağız.;
https://www.instagram.com/p/DQ3TPAFijqG/;Photo;203;9;0;2025-11-10 08:24:34;https://scontent.cdninstagram.com/v/t51.71878-15/579691808_1540244153783685_6890542664829335789_n.jpg?stp=dst-jpg_e15_tt6&_nc_cat=107&ig_cache_key=Mzc2MjU2MDYwNzQ2MDE0NTc5OA%3D%3D.3-ccb7-5&ccb=7-5&_nc_sid=58cdad&efg=eyJ2ZW5jb2RlX3RhZyI6InhwaWRzLjY0MHgzOTguc2RyLkMzIn0%3D&_nc_ohc=W4_G0-Sm43YQ7kNvwFwEwd4&_nc_oc=Adk3CAZ-C5_qRGjotGOos8iFJL7zJ7byFs0DGgom8JBn6BR9RZNd9v1rjkvGLlutqD0&_nc_ad=z-m&_nc_cid=0&_nc_zt=23&_nc_ht=scontent.cdninstagram.com&_nc_gid=SMiTVznybxmzAYVoEImAGg&oh=00_Afi6VfQeeOkzgIuF5dFwbO3WE8qVHK3Cj6RLLsaIEefDxQ&oe=69312378;Olmasaydın Olmazdık ATAM.  Büyük bir Saygı özlem ve minnetle daima anacağız.;
https://www.instagram.com/p/DQ2NgvOCphP/;Reels;357;13;6688;2025-11-09 22:20:52;https://scontent.cdninstagram.com/v/t51.71878-15/580516216_1153564140268519_5862797431619390943_n.jpg?stp=dst-jpg_e15_tt6&_nc_cat=107&ig_cache_key=Mzc2MjI1Mzk2MzA0Mzk2OTEwMw%3D%3D.3-ccb7-5&ccb=7-5&_nc_sid=58cdad&efg=eyJ2ZW5jb2RlX3RhZyI6InhwaWRzLjY0MHg0ODAuc2RyLkMzIn0%3D&_nc_ohc=P_rBjdT_QXsQ7kNvwGhBaSv&_nc_oc=AdkovbzjCNkf8ykQzygFx1lQcjrkXD0XM3hR2cjghpt70EM0Qs4NubM_0uU-inmyOl8&_nc_ad=z-m&_nc_cid=0&_nc_zt=23&_nc_ht=scontent.cdninstagram.com&_nc_gid=SMiTVznybxmzAYVoEImAGg&oh=00_AfiggKeiZbBKdmQpsPSXztyYVRNa68a3OY6sIGaXKCVi2g&oe=69311B94;OLMASAYDIN OLMAZDIK.  Fazla Söze Ne Gerek.;
https://www.instagram.com/p/DQ1q0Y0jMkx/;Carousel;439;12;0;2025-11-09 17:10:54;https://scontent.cdninstagram.com/v/t39.30808-6/578000243_25113276211646651_911502878108952032_n.jpg?stp=c0.49.505.403a_dst-jpg_e35_tt6&_nc_cat=108&ig_cache_key=Mzc2MjEwMTM2NTk5MzQyMjI0OQ%3D%3D.3-ccb7-5&ccb=7-5&_nc_sid=58cdad&efg=eyJ2ZW5jb2RlX3RhZyI6InhwaWRzLjUwNXg1MDIuc2RyLkMzIn0%3D&_nc_ohc=eX1XnQz_QYcQ7kNvwFQDy3i&_nc_oc=Admt-r-cCiu2Z7yBC3djtcZqbJgQFNVDX5T_7ZCQBJSWOC8dBniiesSSjxti1SPS4Xs&_nc_ad=z-m&_nc_cid=0&_nc_zt=23&_nc_ht=scontent.cdninstagram.com&_nc_gid=SMiTVznybxmzAYVoEImAGg&oh=00_AfgYsUTQ0X7SdhzNRu0NGEJJ32pVjw0K6i6se7i1EPYEQw&oe=6931133F;Belediyemizin emekçi çalışanlarından Sezer Keleş kardeşimizin, önceki gün vefat eden kıymetli annesi Bahar Keleş için Belediye olarak hayır yemeğini Yeni Mahalle’deki Taziye Evimizde verdik. Allah kabul etsin inşallah.  Merhume Bahar teyzemize Allah’tan rahmet, ailesine ve yakınlarına başsağlığı diliyorum.;
https://www.instagram.com/p/DQ1fYdOitvT/;Reels;170;2;5706;2025-11-09 15:32:03;https://scontent.cdninstagram.com/v/t51.71878-15/574589457_2861294640727916_4705557477042884241_n.jpg?stp=dst-jpg_e15_tt6&_nc_cat=101&ig_cache_key=Mzc2MjA1MTA4MzgyOTY5NzQ5MQ%3D%3D.3-ccb7-5&ccb=7-5&_nc_sid=58cdad&efg=eyJ2ZW5jb2RlX3RhZyI6InhwaWRzLjY0MHgxMTM2LnNkci5DMyJ9&_nc_ohc=L36_Fb-Vf6kQ7kNvwGLcGlR&_nc_oc=AdnE7PO4jXxTsl-X1xLknciHtrUdMc6glBnBMrn-tUmWS0QDBb4qjs-Mxs_1blOSnVk&_nc_ad=z-m&_nc_cid=0&_nc_zt=23&_nc_ht=scontent.cdninstagram.com&_nc_gid=SMiTVznybxmzAYVoEImAGg&oh=00_AfiBv98oge3dtbamirpTv-Q30dudii9mup_vXKPU6bBBCg&oe=69312D69;Bugün PAZAR.  Ama belediyecilik 7/24 saat devam eder.  “””İÇANADOLU BELEDİYELER BİRLİĞİNİN””” daveti ile gittiğim (uçak bileti ve tüm giderler birlik tarafından karşılandı) ÇİN Temaslarımda BİLGİ GÖRGÜ artırımı dışında Birlikten 150 Adet çöp kovasını hibe olarak aldık.  Birlik başkanımız Ankara Yenimahalle Belediye Başkanım kıymetli ağabeyim FETHİ YAŞAR başkanıma  İÇANADOLU BELEDİYELER BİRLİĞİNDEN söz aldığım gibi hibe olarak gönderdikleri bu “”150 ADET ÇÖP KOVASI””” için ilimiz ve belediyemiz  adına çok teşekkür ediyorum.  İlk yıldan bu güne vermiş olduğunuz  TEKNİK ve MAKİNA destekleri  içinde ayrıca teşekkürler SN FETHİ YAŞAR.;
https://www.instagram.com/p/DQzUi9vjAAT/;Photo;351;36;0;2025-11-08 19:17:49;https://scontent.cdninstagram.com/v/t39.30808-6/577032577_25104679565839649_1784049296307846747_n.jpg?stp=c0.6.738.922a_dst-jpg_e35_tt6&_nc_cat=100&ig_cache_key=Mzc2MTQ0MDQ3NzQ3Mjg4MjcwNw%3D%3D.3-ccb7-5&ccb=7-5&_nc_sid=58cdad&efg=eyJ2ZW5jb2RlX3RhZyI6InhwaWRzLjczOHg5MzQuc2RyLkMzIn0%3D&_nc_ohc=8YBSX7P7_NsQ7kNvwFnbXMJ&_nc_oc=Adky8E8IJLkcClFA4Z4tvMRerEif0YLM4e6A_rrkQw1VK53aS3CAsmbZFY9gb7tgshU&_nc_ad=z-m&_nc_cid=0&_nc_zt=23&_nc_ht=scontent.cdninstagram.com&_nc_gid=SMiTVznybxmzAYVoEImAGg&oh=00_AfjX8RtFkHZ7ZP0ORVPFTUzUAEfTWU7SqYxkap4NqN4Jrw&oe=693110DB;Belediye Personelimiz sevgili KADRİ CEMİL (ATALAY) TOPÇU'nun annesi GÜLLİ teyzemizin vefat haberini üzüntüyle öğrendim. Nur içinde yatsın. Kendisine Allah'tan rahmet, ailesine ve yakınlarına baş sağlığı diliyorum. Not: Taziyeler için irtibat numarası Atalay Topçu: 0530 883 97 76;
https://www.instagram.com/p/DQy5JPMCo0a/;Photo;103;5;0;2025-11-08 15:18:22;https://scontent-sjc3-1.cdninstagram.com/v/t51.82787-15/573824033_18536973310054169_4172377880448667861_n.jpg?stp=dst-jpg_e35_tt6&_nc_cat=100&ig_cache_key=Mzc2MTMxOTk2MjI0MjM1NDQ1OA%3D%3D.3-ccb7-5&ccb=7-5&_nc_sid=58cdad&efg=eyJ2ZW5jb2RlX3RhZyI6InhwaWRzLjE0NDB4MTkxMy5zZHIuQzMifQ%3D%3D&_nc_ohc=0jCjkEWUiKgQ7kNvwH5z1Cp&_nc_oc=AdkQZlqnWCRc3Ekgc495wIGsaCj2Dh3k2ATZYYun6_Blw6tm5CVRWBUXK1mq5wxcCTw&_nc_ad=z-m&_nc_cid=0&_nc_zt=23&_nc_ht=scontent-sjc3-1.cdninstagram.com&_nc_gid=F4W2XROpE9qqa_ScPqxkMw&oh=00_Afgu8CyEcD370y72VRZDfU9oIAHL2VcX9D1uOm_sOJc2BQ&oe=6930FFEE;Kurtuluş yok tek başına, Ya hep beraber, ya hiç birimiz.;
https://www.instagram.com/p/DQyTyNhiu4Y/;Photo;257;1;0;2025-11-08 09:51:54;https://scontent-sjc6-1.cdninstagram.com/v/t51.82787-15/574761516_18536928844054169_7008647758388980116_n.jpg?stp=dst-jpg_e35_tt6&_nc_cat=111&ig_cache_key=Mzc2MTE1NTY1MjE4NjczMDAwOA%3D%3D.3-ccb7-5&ccb=7-5&_nc_sid=58cdad&efg=eyJ2ZW5jb2RlX3RhZyI6InhwaWRzLjk2MHgxMDQ3LnNkci5DMyJ9&_nc_ohc=rP9e_WqFRg8Q7kNvwEVZIEJ&_nc_oc=AdkAShKXdDSe2pjsiC4LhzbbOZQIuXUGjEpB3opsZvUgS2_NPSXedexS8s1sV0M-eeo&_nc_ad=z-m&_nc_cid=0&_nc_zt=23&_nc_ht=scontent-sjc6-1.cdninstagram.com&_nc_gid=F4W2XROpE9qqa_ScPqxkMw&oh=00_AfgUlwPqsoggYfOnJfwfPVwuWF5zpn7qRBl3dEhxNCgb-g&oe=693116BE;#umudunşehriardahan Günaydın CAN ARDAHANIM iyi bir haftasonu diliyorum.  Kışlık kumaşlarımız gelmiş.;
https://www.instagram.com/p/DQv8n2OCmcC/;Carousel;537;5;0;2025-11-07 11:51:02;https://scontent-sjc3-1.cdninstagram.com/v/t51.82787-15/572908973_18536702347054169_6333970343771494449_n.jpg?stp=dst-jpg_e35_tt6&_nc_cat=103&ig_cache_key=Mzc2MDQ5MDgxMDcxOTI1OTU0NA%3D%3D.3-ccb7-5&ccb=7-5&_nc_sid=58cdad&efg=eyJ2ZW5jb2RlX3RhZyI6InhwaWRzLjYxN3g4MjIuc2RyLkMzIn0%3D&_nc_ohc=eylTCR9_aRQQ7kNvwEPIZW2&_nc_oc=AdlRa5UtMIs0P8909O0WJv1CM_tF6Etdb-5-FNIKdTfNC-V3CJWpwq-fnAI5ykaYaeQ&_nc_ad=z-m&_nc_cid=0&_nc_zt=23&_nc_ht=scontent-sjc3-1.cdninstagram.com&_nc_gid=F4W2XROpE9qqa_ScPqxkMw&oh=00_AfjwrmIkyAsy1s8i_stJJ9Vz9YAfP1k1GKT_ZSu3yrvv-Q&oe=6931134D;İlla yerinde görmek lazım.  Masa başı dışında tamam , ya uygulama. ( Halis - Fahrettin Ünal, büyüklerimizin ricası);
https://www.instagram.com/p/DQviBG4ii9h/;Reels;59;2;4353;2025-11-07 07:59:29;https://scontent-sjc3-1.cdninstagram.com/v/t51.71878-15/573627871_2042662096564119_2616688442649742296_n.jpg?stp=dst-jpg_e15_tt6&_nc_cat=110&ig_cache_key=Mzc2MDM3MzgyMzU2OTUzODkxMw%3D%3D.3-ccb7-5&ccb=7-5&_nc_sid=58cdad&efg=eyJ2ZW5jb2RlX3RhZyI6InhwaWRzLjY0MHg2NDAuc2RyLkMzIn0%3D&_nc_ohc=JrN07DwMGmYQ7kNvwEyFAwj&_nc_oc=AdkkZ77eoT_peTu5K2xztBF9DzYSuuXVYGZrrImZ5EYPOa9D-U2B5wzDdZe8T4fPQNs&_nc_ad=z-m&_nc_cid=0&_nc_zt=23&_nc_ht=scontent-sjc3-1.cdninstagram.com&_nc_gid=F4W2XROpE9qqa_ScPqxkMw&oh=00_Afj2_QCrt3yNUEZK3eaIzHkTT3P7yoofCCaXTaw1Eqo7pg&oe=69310051;#umudunşehriardahan GÜNAYDIN.;
https://www.instagram.com/p/DQt4itViqKp/;Carousel;533;7;0;2025-11-06 16:36:54;https://scontent-sjc3-1.cdninstagram.com/v/t51.82787-15/573531185_18536520529054169_4298110067610748721_n.jpg?stp=dst-jpg_e35_tt6&_nc_cat=102&ig_cache_key=Mzc1OTkwOTkxNjM1MDUyNDc1NA%3D%3D.3-ccb7-5&ccb=7-5&_nc_sid=58cdad&efg=eyJ2ZW5jb2RlX3RhZyI6InhwaWRzLjcyMHg5NjAuc2RyLkMzIn0%3D&_nc_ohc=qdiGwAdtQRQQ7kNvwGBh9Y8&_nc_oc=Adk7kbK2I6YFjeqMMX41DRVFGH_zLAf2QatssUnA85FkPArRAorUuVunx40TDhPpsFI&_nc_ad=z-m&_nc_cid=0&_nc_zt=23&_nc_ht=scontent-sjc3-1.cdninstagram.com&_nc_gid=F4W2XROpE9qqa_ScPqxkMw&oh=00_AfhFPCbuCNqJV0rCKta1N8EmMQIdNzlImZGvFZDDaj_2ng&oe=6931256C;İlimiz esnaflarında sevgili Cenk DURTAŞ kardeşimin DOĞU BEREKETİ yöresel gıda mağazasını ziyaret ettim.  Başarılı ve ilimizin yüz akı ticareti bizleri memnun etti.;
https://www.instagram.com/p/DQtVFEzinS8/;Photo;5049;90;0;2025-11-06 11:27:01;https://scontent-sjc6-1.cdninstagram.com/v/t51.82787-15/573309708_18536454448054169_3803885511176565704_n.jpg?stp=dst-jpg_e35_tt6&_nc_cat=109&ig_cache_key=Mzc1OTc1Mzk3MTY1ODAyODIyMA%3D%3D.3-ccb7-5&ccb=7-5&_nc_sid=58cdad&efg=eyJ2ZW5jb2RlX3RhZyI6InhwaWRzLjEwMjR4MTI3MS5zZHIuQzMifQ%3D%3D&_nc_ohc=vQfS48wtGmIQ7kNvwEcKNJP&_nc_oc=AdmjwmwwG-1imsPfm1D7BBnRLL6Nj90zW1UxDgjPCU3fPK3d6VGj6LC9PY8DpIsoMps&_nc_ad=z-m&_nc_cid=0&_nc_zt=23&_nc_ht=scontent-sjc6-1.cdninstagram.com&_nc_gid=F4W2XROpE9qqa_ScPqxkMw&oh=00_AfjNfcU1t9uYsaisCk0x4mGYWxEnJFsCl0OffJSAg5rSaQ&oe=693124A3;Bu fotoğrafın neredeyse yaklaşık 10 senesi vardır.  Cumhurbaşkanı adayımız sn. EKREM İMAMOĞLU, nun anne ve babasıyla.  HASAN amcamıza selam sevgilerimi gönderiyorum,sabır diliyorum.  Üzüntümüz  çok.;
https://www.instagram.com/p/DQtAgFKikyl/;Photo;68;2;0;2025-11-06 08:27:12;https://scontent-sjc3-1.cdninstagram.com/v/t51.82787-15/572679422_18536440537054169_7116070634103983968_n.jpg?stp=dst-jpg_e35_tt6&_nc_cat=100&ig_cache_key=Mzc1OTY2MzQ2ODQ5MzAzMjYxMw%3D%3D.3-ccb7-5&ccb=7-5&_nc_sid=58cdad&efg=eyJ2ZW5jb2RlX3RhZyI6InhwaWRzLjk2MHg5NjAuc2RyLkMzIn0%3D&_nc_ohc=0hF3DgLwOEsQ7kNvwGWX3vl&_nc_oc=AdnM8fYjAdKBT5WyZ_5LFaUgEZKommhh12b4zCcvmFoD2qb0GfeLeZ1Yt9YZkVgrghg&_nc_ad=z-m&_nc_cid=0&_nc_zt=23&_nc_ht=scontent-sjc3-1.cdninstagram.com&_nc_gid=F4W2XROpE9qqa_ScPqxkMw&oh=00_AfgbjbK2B_mvU2Ztf7RoG3XFgVrnXN41VRiYOY1g5GW0YQ&oe=69310894;#umudunşehriardahan GÜNAYDIN.;
https://www.instagram.com/p/DQrTMW4CsBl/;Reels;233;1;7599;2025-11-05 16:34:04;https://scontent-sjc6-1.cdninstagram.com/v/t51.71878-15/574466992_687005774460184_8102503831341348659_n.jpg?stp=dst-jpg_e15_tt6&_nc_cat=111&ig_cache_key=Mzc1OTE4MjcyNjA1MDc5MTUyNQ%3D%3D.3-ccb7-5&ccb=7-5&_nc_sid=58cdad&efg=eyJ2ZW5jb2RlX3RhZyI6InhwaWRzLjY0MHgxMTM2LnNkci5DMyJ9&_nc_ohc=aP7EbTuxgJUQ7kNvwF8sN8J&_nc_oc=AdnaHeLMtf-OE1oiIDu3LDhXf5qYXu5saLZf-q3PdTbtsFDEYk8WFoDKpDMoQ27XJsY&_nc_ad=z-m&_nc_cid=0&_nc_zt=23&_nc_ht=scontent-sjc6-1.cdninstagram.com&_nc_gid=F4W2XROpE9qqa_ScPqxkMw&oh=00_AfgXfuWrrx7c-eRjonlUjb-eybVmduHZA-G7aQpr-LCeTg&oe=693103E9;Belediye çalışanlarımızdan Engin Yılmaz’ın abisi ÖMER YILMAZ’ın Atatürk MAHALLESİ’NDE yapmış olduğumuz TAZİYE EVİ’mizde verilen HAYIR YEMEĞİNE katıldık. Allah kabul etsin. Merhuma Allah’tan rahmet, YILMAZ ailesine sabır ve baş sağlığı diliyorum.;
https://www.instagram.com/p/DQqbTclCqfD/;Photo;537;31;0;2025-11-05 08:23:41;https://scontent-sjc6-1.cdninstagram.com/v/t51.82787-15/571992079_18536235472054169_435638286078856549_n.jpg?stp=dst-jpg_e35_tt6&_nc_cat=104&ig_cache_key=Mzc1ODkzNjkyMjYwNjE4NDM4Nw%3D%3D.3-ccb7-5&ccb=7-5&_nc_sid=58cdad&efg=eyJ2ZW5jb2RlX3RhZyI6InhwaWRzLjk1OXgxMDk4LnNkci5DMyJ9&_nc_ohc=54h8kNXbsrwQ7kNvwEB0x_6&_nc_oc=AdmFLpus8lXCrLNnTaaD3joy5mVZCv0Tq4IalqzmGktEFNto2BnjXatpJB0odV3SgKI&_nc_ad=z-m&_nc_cid=0&_nc_zt=23&_nc_ht=scontent-sjc6-1.cdninstagram.com&_nc_gid=F4W2XROpE9qqa_ScPqxkMw&oh=00_AfgRU7iNRzF4iG-xmHv_vJCzfNd-oBZ3pV7e7QFtilRAvQ&oe=6931323E;#umudunşehriardahan Günümüz aydın olsun.  Başbakanım BÜLENT ECEVİT , ölüm yıldönümünde, Saygı Özlem Rahmet Ve büyük bir minnet ile anıyorum, ruhun şadolsun.;
https://www.instagram.com/p/DQomPfOCpaC/;Carousel;497;3;0;2025-11-04 15:20:47;https://scontent-sjc3-1.cdninstagram.com/v/t51.82787-15/572735329_18536117269054169_4195339276296287720_n.jpg?stp=dst-jpg_e35_tt6&_nc_cat=110&ig_cache_key=Mzc1ODQyMjA1OTY2MDI0MTY1OQ%3D%3D.3-ccb7-5&ccb=7-5&_nc_sid=58cdad&efg=eyJ2ZW5jb2RlX3RhZyI6InhwaWRzLjE0NDB4OTU5LnNkci5DMyJ9&_nc_ohc=1kplBnkRqiUQ7kNvwEDHhSv&_nc_oc=AdlmGklA3QyGe2fQXzt_tNNUN3zcRrGr2ar7UqKao3e-ORUJDiRH2aXuT_I5Yui8fL8&_nc_ad=z-m&_nc_cid=0&_nc_zt=23&_nc_ht=scontent-sjc3-1.cdninstagram.com&_nc_gid=F4W2XROpE9qqa_ScPqxkMw&oh=00_AfiC9ni2J-HEJu1dxLFiksuhtQm8pQBCV3D_yAveThRIUw&oe=6931275C;İlimiz Esnaflarından sevgili kardeşim LEVENT PEHLİVAN’ın “ATABEK KÖFTE DÜNYASI” adlı işyerini ziyaret ettik.   Kendisine hayırlı işler, bol kazançlar diliyorum.;
https://www.instagram.com/p/DQocHk_CpYN/;Carousel;361;4;0;2025-11-04 13:52:19;https://scontent-sjc6-1.cdninstagram.com/v/t51.82787-15/572489486_18536107471054169_232349646499400047_n.jpg?stp=dst-jpg_e35_tt6&_nc_cat=107&ig_cache_key=Mzc1ODM3NzUzMzAzODAyMDAyNA%3D%3D.3-ccb7-5&ccb=7-5&_nc_sid=58cdad&efg=eyJ2ZW5jb2RlX3RhZyI6InhwaWRzLjcyMHg5NTUuc2RyLkMzIn0%3D&_nc_ohc=yFBLkaTYTrQQ7kNvwHws9zB&_nc_oc=Adn2axzNAitGWmsZdTEj7wB7an505e8W9vUFKFb8S0gnE_vUjAFiane4RDzaKWH8vM4&_nc_ad=z-m&_nc_cid=0&_nc_zt=23&_nc_ht=scontent-sjc6-1.cdninstagram.com&_nc_gid=F4W2XROpE9qqa_ScPqxkMw&oh=00_AfiHeOZA8JdOdMb7mN-vjoRz3mGYqbIiqwL0qLk2Y6Mrmw&oe=693109EF;İlimizin en eski esnaflarından SELİM DEDE ve kardeşlerini ziyaret ettik, hayırlı işler ve bereketli kazançlar dilerim.;
https://www.instagram.com/p/DQn3URmCsR3/;Photo;191;3;0;2025-11-04 08:30:45;https://scontent-sjc3-1.cdninstagram.com/v/t51.82787-15/572800860_18536081620054169_7732461592802285361_n.jpg?stp=dst-jpg_e35_tt6&_nc_cat=103&ig_cache_key=Mzc1ODIxNTY5OTkwMzQ2NDU2Nw%3D%3D.3-ccb7-5&ccb=7-5&_nc_sid=58cdad&efg=eyJ2ZW5jb2RlX3RhZyI6InhwaWRzLjE0NDB4MTQ0MC5zZHIuQzMifQ%3D%3D&_nc_ohc=yz7tSzyZuDgQ7kNvwG-D-A2&_nc_oc=Adn3vIP038n1Hi-pXMRAZQD4OVXfmJywoHSK4wvK2N6daxGQymlLMPUdNdMI25tTmEQ&_nc_ad=z-m&_nc_cid=0&_nc_zt=23&_nc_ht=scontent-sjc3-1.cdninstagram.com&_nc_gid=F4W2XROpE9qqa_ScPqxkMw&oh=00_AfhjIcEkHhX49Qx9Y7Q0r0gE5MyhvZ68CcqqDM7twTd-SQ&oe=69310911;#umudunşehriardahan Günümüz aydın, işlerimiz rast gitsin CAN ARDAHAN ‘ım.;
https://www.instagram.com/p/DQm0IegjFuG/;Photo;158;8;0;2025-11-03 22:43:41;https://scontent-atl3-2.cdninstagram.com/v/t39.30808-6/574564484_25057546380552968_5794320591141876395_n.jpg?stp=dst-jpg_e35_tt6&_nc_cat=101&ig_cache_key=Mzc1NzkyMDIyMDAxOTk3Mjk5OA%3D%3D.3-ccb7-5&ccb=7-5&_nc_sid=58cdad&efg=eyJ2ZW5jb2RlX3RhZyI6InhwaWRzLjY0MHgzMzkuc2RyLkMzIn0%3D&_nc_ohc=Q0X4UpMnzfgQ7kNvwEXpfEr&_nc_oc=AdkMlgzU7HS0Duzb9UOEJKKIwfjuHI_HH4UL5lCvreDj1I58X6nylDGoAnoWsvDxJQnwQAzizKnaORAv11CaccCI&_nc_ad=z-m&_nc_cid=0&_nc_zt=23&_nc_ht=scontent-atl3-2.cdninstagram.com&_nc_gid=pjHm3Bx4Zpbu2wcIOk8JvQ&oh=00_AfhkMJCgbwTh9w6LozCXXEjnSwCBE1IlXxbHfqx3Cx9lwg&oe=693124AE;Tiyatro ve Sinemamızın kıymetli isimlerinden Ahmet Gülhan'ın hayatını kaybettiği haberini üzüntüyle öğrenmiş bulundum.  Allah rahmet eylesin, ailesine ve sevenlerine baş sağlığı diliyorum.;
https://www.instagram.com/p/DQmEUXFijhP/;Carousel;366;2;0;2025-11-03 15:45:52;https://scontent-atl3-2.cdninstagram.com/v/t51.82787-15/573351473_18535955401054169_4709309056524546470_n.jpg?stp=dst-jpg_e35_tt6&_nc_cat=105&ig_cache_key=Mzc1NzcwOTkxMzIzMDA3ODk4OQ%3D%3D.3-ccb7-5&ccb=7-5&_nc_sid=58cdad&efg=eyJ2ZW5jb2RlX3RhZyI6InhwaWRzLjE0NDB4OTU5LnNkci5DMyJ9&_nc_ohc=Wjde_jBGze4Q7kNvwEsg0h3&_nc_oc=Adm9A09QXGQ_aGpl3CloK_kf2zAxnIMtvSJU2iX8fbRnBYDnjCWDJMLdTDx9HqyCPLKAKBmfBk2uRPZh5OUb2o4z&_nc_ad=z-m&_nc_cid=0&_nc_zt=23&_nc_ht=scontent-atl3-2.cdninstagram.com&_nc_gid=pjHm3Bx4Zpbu2wcIOk8JvQ&oh=00_AfjH9r4cG2i1-xFHkUrJkGUa2bdaPZAn4IPZpseZJqYMoQ&oe=69310CEE;TC Ardahan Belediyemizin KASIM ayı olağan meclis toplantısı 1. Oturumunu tamamladık.  Aldığımız kararların Serhat ARDAHAN ve hemşehrilerimize hayırlı uğurlu olmasını dilerim.;
https://www.instagram.com/p/DQlSRn9ijDp/;Photo;757;6;0;2025-11-03 08:28:36;https://scontent-atl3-2.cdninstagram.com/v/t51.82787-15/572628570_18535913752054169_6645823027773685588_n.jpg?stp=dst-jpg_e35_tt6&_nc_cat=104&ig_cache_key=Mzc1NzQ4OTg0MDA4NzI0OTEyOQ%3D%3D.3-ccb7-5&ccb=7-5&_nc_sid=58cdad&efg=eyJ2ZW5jb2RlX3RhZyI6InhwaWRzLjE0NDB4OTYwLnNkci5DMyJ9&_nc_ohc=eFrP2cZTsT0Q7kNvwH74a7Q&_nc_oc=AdkqNy6stAgmTr3yFIoeYLmDDJwokLsdLIaSyr3E1KKdfio4KZVAx6ShjEnskqdRSnsutEpJR6_mHVnZY2kubDob&_nc_ad=z-m&_nc_cid=0&_nc_zt=23&_nc_ht=scontent-atl3-2.cdninstagram.com&_nc_gid=pjHm3Bx4Zpbu2wcIOk8JvQ&oh=00_AfgP9Y_COP6j0zDjnhYSx5sJ9TIRJbchYM3uiq7et8K9bw&oe=693120DA;Günaydın değerli hemşehrilerim iyi bir gün ve hafta diliyorum.  Bugün ESENYURT un seçilmiş belediye başkanı Prf Dr Sn AHMET ÖZER’in duruşması var.  Başkanımızın Özgürlüğüne kavuşmasını ve yargılanacaksada tutuksuz yargılanmasını diliyor ve bekliyoruz.;
https://www.instagram.com/p/DQjzD2cCjxq/;Reels;285;12;8979;2025-11-02 18:37:14;https://scontent-atl3-2.cdninstagram.com/v/t51.71878-15/573911103_1106188098253298_539819390929214374_n.jpg?stp=dst-jpg_e15_tt6&_nc_cat=102&ig_cache_key=Mzc1NzA3MTA3OTE0MDExMzUxNA%3D%3D.3-ccb7-5&ccb=7-5&_nc_sid=58cdad&efg=eyJ2ZW5jb2RlX3RhZyI6InhwaWRzLjY0MHgzNjIuc2RyLkMzIn0%3D&_nc_ohc=-9s8kp7SPwEQ7kNvwFzKDz5&_nc_oc=AdlA9eif0TQw95DvnGM1o9JnEap5GYGLw5dXNdgje5s9twJ3q6z4XyL4ImgTSuo7T_Ga504Ceikp_Fu7Vi5tmKOC&_nc_ad=z-m&_nc_cid=0&_nc_zt=23&_nc_ht=scontent-atl3-2.cdninstagram.com&_nc_gid=pjHm3Bx4Zpbu2wcIOk8JvQ&oh=00_AfgmAZPlchWmTs2eq1f_xQ-Qvx85v0HFNM8nA4l7dp02TA&oe=693125D1;;
https://www.instagram.com/p/DQjSFG3iopE/;Reels;290;7;10681;2025-11-02 13:49:19;https://scontent-atl3-2.cdninstagram.com/v/t51.71878-15/572938933_1868608047385702_477454965905387317_n.jpg?stp=dst-jpg_e15_tt6&_nc_cat=104&ig_cache_key=Mzc1NjkyNjAyOTk2NTk4NjM3Mg%3D%3D.3-ccb7-5&ccb=7-5&_nc_sid=58cdad&efg=eyJ2ZW5jb2RlX3RhZyI6InhwaWRzLjY0MHgzNjIuc2RyLkMzIn0%3D&_nc_ohc=qZ36IcfsRR4Q7kNvwGl6-4w&_nc_oc=AdnpkaVCnWPjBsIY-oq6Lx0enywdSU5Nr7bskEM_pXtspcH3wtcyRRd2Pi3A4paGkYFr6r18oXgs5uTBr6qR5I2t&_nc_ad=z-m&_nc_cid=0&_nc_zt=23&_nc_ht=scontent-atl3-2.cdninstagram.com&_nc_gid=pjHm3Bx4Zpbu2wcIOk8JvQ&oh=00_AfgdxJG-rvbU3RPCXLDsNxIOKlpz5VdzYR5op-z5G-B5uw&oe=693100E7;NEREDEN — NEREYE Başka bir Ardahan mümkün.  Bizi izlemeye devam edin.  BAŞLIYORUZ.;
https://www.instagram.com/p/DQi22LBColj/;Photo;232;11;0;2025-11-02 09:50:26;https://scontent-atl3-2.cdninstagram.com/v/t51.82787-15/572143356_18535750369054169_8394154562837268377_n.jpg?stp=dst-jpg_e35_tt6&_nc_cat=105&ig_cache_key=Mzc1NjgwNjI1NjM3MjM4NjE0Nw%3D%3D.3-ccb7-5&ccb=7-5&_nc_sid=58cdad&efg=eyJ2ZW5jb2RlX3RhZyI6InhwaWRzLjk2MHgxMTgwLnNkci5DMyJ9&_nc_ohc=GYUCp_XzhSoQ7kNvwEDcxtl&_nc_oc=AdkDyvHZLIuk8tcxVgRvxVuQeNRr0FBXc6GXd5Nw7bMRAQi93WXeWkr-cR4ps4uRon96rdmjXf3untdOuGtFc3Tw&_nc_ad=z-m&_nc_cid=0&_nc_zt=23&_nc_ht=scontent-atl3-2.cdninstagram.com&_nc_gid=pjHm3Bx4Zpbu2wcIOk8JvQ&oh=00_AfjGr3pFXd75hfixP_WHNNLQPcvhXH1GnW_rGoWHYtr6Cg&oe=69311AD0;#umudunşehriardahan Günaydın.  GMK ATATÜRK Asalet…;
https://www.instagram.com/p/DQhfMdnjB6N/;Photo;286;22;0;2025-11-01 21:04:32;https://scontent-atl3-3.cdninstagram.com/v/t39.30808-6/574274782_25039542395686700_9158460998286388826_n.jpg?stp=dst-jpg_e35_tt6&_nc_cat=110&ig_cache_key=Mzc1NjQyMDc2MDA4MTI3NjU1Nw%3D%3D.3-ccb7-5&ccb=7-5&_nc_sid=58cdad&efg=eyJ2ZW5jb2RlX3RhZyI6InhwaWRzLjE2Mzh4MjA0OC5zZHIuQzMifQ%3D%3D&_nc_ohc=Ud6ya3wnZWUQ7kNvwHxjXL8&_nc_oc=Adn1SaesSGPfv_DX2Twz3ejoRqmMJQPMo8B-1OU1uFAkWyf0AbRdk2JRhfrGSCTWt9moABggzOvlvoytBAF9HEmL&_nc_ad=z-m&_nc_cid=0&_nc_zt=23&_nc_ht=scontent-atl3-3.cdninstagram.com&_nc_gid=pjHm3Bx4Zpbu2wcIOk8JvQ&oh=00_AfgKc0a_FnNYuTHUmfgKmg02JuOB0BVKQ8PwKKIY0FbIZg&oe=6931253D;Ardahan Damızlık Sığır Yetiştiricileri Birliği Başkanlığına Seçilen ÖZGÜR SARIKAYA kardeşimizi tebrik ediyor, Ardahan’ımız için hayırlı olmasını diliyorum.;
https://www.instagram.com/p/DQhIi63DJFg/;Photo;209;17;0;2025-11-01 17:46:37;https://scontent-atl3-2.cdninstagram.com/v/t39.30808-6/573870119_25038182249156048_224518265133006195_n.jpg?stp=dst-jpg_e35_tt6&_nc_cat=104&ig_cache_key=Mzc1NjMyMTE0ODIzODU5ODQ5Ng%3D%3D.3-ccb7-5&ccb=7-5&_nc_sid=58cdad&efg=eyJ2ZW5jb2RlX3RhZyI6InhwaWRzLjcyMHg1MjQuc2RyLkMzIn0%3D&_nc_ohc=AmBHWkxCRuEQ7kNvwFx9IOJ&_nc_oc=AdmEaKGXbGKZqe_cbcQBLSGKC9_-IMb96Q7RwOqwRXm9g44O12nmnZQ98YooPMqzrqB_qpw2L6JPsgrjzk1ekgw4&_nc_ad=z-m&_nc_cid=0&_nc_zt=23&_nc_ht=scontent-atl3-2.cdninstagram.com&_nc_gid=pjHm3Bx4Zpbu2wcIOk8JvQ&oh=00_AfhqHYROOMnhPKzyu3sAcCDElar1VR0FI-lN8d7HxAe8sA&oe=6931073F;Yeşilçam'ın unutulmaz isimlerinden Engin Çağlar'ın vefatını üzüntüyle öğrendim. Usta oyuncuya Allah'tan rahmet, ailesine, sevenlerine ve sinema camiasına baş sağlığı diliyorum.;
https://www.instagram.com/p/DQgwN2vDNtF/;Video;172;3;1066;2025-11-01 14:14:03;https://scontent-atl3-3.cdninstagram.com/v/t15.5256-10/569927296_840290555148663_6821327278154297123_n.jpg?stp=dst-jpg_e15_tt6&_nc_cat=107&ig_cache_key=Mzc1NjIxNDE0NzU4NDE1NDQzNw%3D%3D.3-ccb7-5&ccb=7-5&_nc_sid=58cdad&efg=eyJ2ZW5jb2RlX3RhZyI6InhwaWRzLjQ4MHg4NDguc2RyLkMzIn0%3D&_nc_ohc=Jv8wZqoQpZIQ7kNvwGNfbvm&_nc_oc=AdkCTfiQ8tvO9Olq0LXX-VNCaxgZU4O1RabAJPRVeopqRNABAKyIbrB6Sep_sfAhOleg7Z8GZvLWonxTgOekeCCG&_nc_ad=z-m&_nc_cid=0&_nc_zt=23&_nc_ht=scontent-atl3-3.cdninstagram.com&_nc_gid=pjHm3Bx4Zpbu2wcIOk8JvQ&oh=00_AfiRxm275EYnm5MEznoHrbvT7rb0rVmMcgmP2kAj8G-4cw&oe=693122AA;TC ARDAHAN BELEDİYESİ, NURİ VATAN KÜLTÜR MERKEZİ.  10 branşta 300 ün üzerinde kursiyerimizin devam ettiği Kültür merkezimizden, Bateri kursiyerimizin performansı.  Tüm öğrencilerimize başarılar diliyorum.;
https://www.instagram.com/p/DQgeUpyDBer/;Photo;167;1;0;2025-11-01 11:37:40;https://scontent-atl3-3.cdninstagram.com/v/t39.30808-6/574576934_25035725796068360_812763026946693293_n.jpg?stp=dst-jpg_e35_tt6&_nc_cat=107&ig_cache_key=Mzc1NjEzNTQ0OTg3NDkyOTU3OQ%3D%3D.3-ccb7-5&ccb=7-5&_nc_sid=58cdad&efg=eyJ2ZW5jb2RlX3RhZyI6InhwaWRzLjE2Mzh4MjA0OC5zZHIuQzMifQ%3D%3D&_nc_ohc=VHEiXmMYy2MQ7kNvwHVnG6l&_nc_oc=AdnYbrVlj4cvNPjno9acSkQLt05mojJ08WuhUTIDBUjnniZ4BOUl1N-e1zYyeoUT2u5uAl3IH7C5D-v3fo0SDCa7&_nc_ad=z-m&_nc_cid=0&_nc_zt=23&_nc_ht=scontent-atl3-3.cdninstagram.com&_nc_gid=pjHm3Bx4Zpbu2wcIOk8JvQ&oh=00_Afg8eOO5iXWKqqSqLTVopAhpfBXe7scjHVlcKg81t2QT4w&oe=69311358;"""Bizim güzel ve ahenkli zengin dilimiz yeni Türk harfleriyle kendini gösterecektir!"" Gazi Mustafa Kemal Atatürk   Türk Harf Devrimi Haftası kutlu olsun!";
https://www.instagram.com/p/DQgJk2jDJzl/;Carousel;236;4;0;2025-11-01 08:36:22;https://scontent-atl3-3.cdninstagram.com/v/t39.30808-6/575206074_25034100482897558_4775163829375428190_n.jpg?stp=c64.0.831.606a_cp6_dst-jpg_e35_tt6&_nc_cat=108&ig_cache_key=Mzc1NjA0NDE4NzYyNDgyMTQ4Nw%3D%3D.3-ccb7-5&ccb=7-5&_nc_sid=58cdad&efg=eyJ2ZW5jb2RlX3RhZyI6InhwaWRzLjk2MHg2MDYuc2RyLkMzIn0%3D&_nc_ohc=3r6FfVT-XnoQ7kNvwEIhtUq&_nc_oc=AdnS-hVXc4VRNwZqNSkNVNNhphycuTdoBlz_UEtbKtnOSa-_DWYR4Th7tDmU_xrYNT77e7ZidXYxe48z3W5zaig6&_nc_ad=z-m&_nc_cid=0&_nc_zt=23&_nc_ht=scontent-atl3-3.cdninstagram.com&_nc_gid=pjHm3Bx4Zpbu2wcIOk8JvQ&oh=00_AfiwrgPJtC9KNgdi2yp4m4c--99BRZZQXVyC0OMrQPthSQ&oe=69312EBB;#umudunşehriardahan Günaydın.  AZ ZAMANDA ÇOK İŞLER BAŞARDIK.  Aklı hür, irfanı hür, vicdanı hür, Nesiller yetiştirmek bütün çabamız.  Biz M.K.ATATÜRK’ün gösterdiği hedefte yürüyor ve mücadelemizi veriyoruz.  Yarınlarda Özgür Bağımsız ve çağın gerisinde kalmamış  bir TÜRKİYE için çok daha çok çalışacağız.  Belediye tarihinin ilk kültür merkezi “””NURİ VATAN KÜLTÜR MERKEZİ””” kurslarımızda , sanatın her alanında çocuklarımızı eğitiyor, öz güveni yüksek bireyler olarak geleceğe hazırlanmalarına katkı koymaya çalışıyoruz.  İyi haftasonları.;
https://www.instagram.com/p/DQeot2FCrt1/;Photo;185;11;0;2025-10-31 18:30:00;https://scontent-atl3-3.cdninstagram.com/v/t51.82787-15/572148828_18535459234054169_3989396319035602809_n.jpg?stp=dst-jpg_e35_tt6&_nc_cat=109&ig_cache_key=Mzc1NTYxODIxMTU3NzExNzU1Nw%3D%3D.3-ccb7-5&ccb=7-5&_nc_sid=58cdad&efg=eyJ2ZW5jb2RlX3RhZyI6InhwaWRzLjk2MHgxMjAwLnNkci5DMyJ9&_nc_ohc=xkC-9-ZpnPcQ7kNvwE7RyWR&_nc_oc=Adn45TOzEv0bBRTgju6uX6kgOjVIaiqnlRlce8qGDCUPCzHjRTvYaFli7liWndFnX0e0fyd4iyguu-MP9tCLTIvJ&_nc_ad=z-m&_nc_cid=0&_nc_zt=23&_nc_ht=scontent-atl3-3.cdninstagram.com&_nc_gid=pjHm3Bx4Zpbu2wcIOk8JvQ&oh=00_AfjFhxZvoqfam2zJuuuIlnIcGw03W5BzfpbhfNzanfPFKA&oe=693116D4;Bu akşam Saat 20:30 da Adıyaman ve Artvin belediye başkanlarımızla ÇINAR BEBEĞE güç vermek için canlı yayında olacağız, birlikte olalım.;
https://www.instagram.com/p/DQeSIZWiieD/;Reels;3;8;12888;2025-10-31 16:19:11;https://scontent-cdg4-3.cdninstagram.com/v/t51.71878-15/568538461_25661345453451704_4402054678053187583_n.jpg?stp=dst-jpg_e15_tt6&_nc_cat=111&ig_cache_key=Mzc1NTUxODg4MTA4ODI4NDU0Nw%3D%3D.3-ccb7-5&ccb=7-5&_nc_sid=58cdad&efg=eyJ2ZW5jb2RlX3RhZyI6InhwaWRzLjY0MHgxMTM2LnNkci5DMyJ9&_nc_ohc=Wzo1sQqSzXgQ7kNvwEEVaeZ&_nc_oc=Adm3MqH8bfUtULDJeFUiwkNPmgDKGCt5d8ViWCr3HTHBqz-_abbO5QQmrat9bJO-maLIkyii_d2WTR-cOgBKYCFe&_nc_ad=z-m&_nc_cid=0&_nc_zt=23&_nc_ht=scontent-cdg4-3.cdninstagram.com&_nc_gid=w2tP-098F8BptZv_rsvl3A&oh=00_AfgemcXk5I7r_NB-IlfsgxxqesXfN_7yoS5vrgXxMXEMqg&oe=693123C1;İnönü Mahallesi Sadrettin Ünal Taziye ve Semt Evimiz Bahçesinde Ağaçlandırma Yaptık.;
