﻿PostLink;PostTürü;BeğeniSayısı;YorumSayısı;Görüntülenme Sayısı;Tarih;DisplayPhoto;Caption;Takipçi
https://www.instagram.com/p/DRnPKeeiBAF/;Carousel;157;2;0;2025-11-28 23:11:17;https://scontent-iad3-1.cdninstagram.com/v/t51.82787-15/586832819_18432444589107838_3227242196217767598_n.jpg?stp=dst-jpg_e35_tt6&_nc_cat=108&ig_cache_key=Mzc3NjA1MzQ4Mjk3Mzg0MTcxNA%3D%3D.3-ccb7-5&ccb=7-5&_nc_sid=58cdad&efg=eyJ2ZW5jb2RlX3RhZyI6InhwaWRzLjE0NDB4OTYwLnNkci5DMyJ9&_nc_ohc=ommWn0qtN_8Q7kNvwHePvuh&_nc_oc=AdmWbBzlVcSBmrsEWr81nXMQyX40V3E09u3zbUYcnJPrpDeliZkrTfJFLLFVKzUhnczggUth3f48Z459gT-ftiAF&_nc_ad=z-m&_nc_cid=0&_nc_zt=23&_nc_ht=scontent-iad3-1.cdninstagram.com&_nc_gid=T7JBGao9q0_-E4JbjUKCRg&oh=00_Afjsjd5Zv5ZxLNKul7ADtsnIRVEyjAqdL2VNxC4csYT0XA&oe=6931057B;"Samsun’da düzenlenen AK Parti Yerel Yönetimler Başkanlığı Bölge Toplantısı’nda, Yerel Yönetimler Başkan Yardımcımız Sayın Recep Altepe’nin moderasyonunda, Gaziantep Büyükşehir Belediye Başkanımız Sayın Fatma Şahin ve Balıkesir Milletvekilimiz Sayın İsmail Ok ile birlikte belediyeciliği konuştuk, görüşlerimizi paylaştık.  Toplantıda Düzce örneğine dikkat çektim; yerel yönetimlerin hizmet kapasitesi, donanımı ve nitelikli projelerinin öneminden bahsettim.  Toplantımıza katılan Amasya, Bartın, Çankırı, Çorum, Karabük, Kastamonu, Kırıkkale, Samsun, Sinop, Zonguldak’ın il, ilçe ve belde belediye başkanlarına teşekkür ediyorum.  Yerel Yönetimler Başkanımız Sayın Mustafa Demir Bey’e şükranlarımı sunuyorum.";45912
https://www.instagram.com/p/DRm6eNTCHkK/;Carousel;204;2;0;2025-11-28 20:10:28;https://scontent-iad3-1.cdninstagram.com/v/t51.82787-15/587398351_18432429046107838_3594418542340001647_n.jpg?stp=dst-jpg_e35_tt6&_nc_cat=109&ig_cache_key=Mzc3NTk2MjQ4NTIxNjU2OTYxMg%3D%3D.3-ccb7-5&ccb=7-5&_nc_sid=58cdad&efg=eyJ2ZW5jb2RlX3RhZyI6InhwaWRzLjEwNjV4NzEwLnNkci5DMyJ9&_nc_ohc=S8pCZv4PmesQ7kNvwHwrG2I&_nc_oc=Adn-rHK-9DDvV6ni9qWRZg5pWm_JLGTb4fjMpZ6lmylmbTg3vyC8U2bZBucwqS0tCFbcMUdcU7NkYsFd5vNopBMR&_nc_ad=z-m&_nc_cid=0&_nc_zt=23&_nc_ht=scontent-iad3-1.cdninstagram.com&_nc_gid=T7JBGao9q0_-E4JbjUKCRg&oh=00_AfjRktKZLSYyY7nBtpHN4cHBVdT5NZ_8hbDvs0S_FF0n9w&oe=693113ED;Yerel Yönetimler Başkanımız Sayın Mustafa Demir’in nezaretinde Yerel Yönetimler Bölge Toplantısı için Samsun’dayız.  Samsun Büyükşehir Belediye Başkanımız Sayın Halit Doğan, AK Parti Samsun İl Başkanımız Sayın Mehmet Köse ve dava arkadaşlarımız ile birlikte toplantı öncesi istişaremizi gerçekleştirdik.;
https://www.instagram.com/p/DRl-kjzDUU0/;Photo;92;3;0;2025-11-28 11:27:03;https://scontent-iad3-2.cdninstagram.com/v/t51.82787-15/587631409_18432375268107838_1805218184470930432_n.jpg?stp=dst-jpg_e35_tt6&_nc_cat=100&ig_cache_key=Mzc3NTY5OTA1Mzg0MjM1MTQxMg%3D%3D.3-ccb7-5&ccb=7-5&_nc_sid=58cdad&efg=eyJ2ZW5jb2RlX3RhZyI6InhwaWRzLjE0NDB4MTkyMC5zZHIuQzMifQ%3D%3D&_nc_ohc=SGoi8K4cZGIQ7kNvwE9jHdF&_nc_oc=AdkZhyd8pjOLud_2ywXrgeq-O-C7IyFNO_1-gz-MvkouN94PobbWwd0dVao8PzU_2BGbSb5KBNJrif66NSzgYD47&_nc_ad=z-m&_nc_cid=0&_nc_zt=23&_nc_ht=scontent-iad3-2.cdninstagram.com&_nc_gid=T7JBGao9q0_-E4JbjUKCRg&oh=00_AfgHHKvhAgu2-Hlekh_NM6FxakvzfxgS40MXTEOgZAjbqQ&oe=69311CAE;Bugünü ihya eden kullardan olabilmek, hayırlara erişmek için dualarda buluşalım.  #HayırlıCumalar;
https://www.instagram.com/p/DRkfSg6jdfg/;Reels;3204;309;216518;2025-11-27 21:35:01;https://scontent-iad3-1.cdninstagram.com/v/t51.82787-15/588468292_18432312205107838_8309950092974739476_n.jpg?stp=dst-jpg_e15_tt6&_nc_cat=102&ig_cache_key=Mzc3NTI3OTk5OTM3Nzg1NjQ4MDE4NDMyMzEyMjAyMTA3ODM4.3-ccb7-5&ccb=7-5&_nc_sid=58cdad&efg=eyJ2ZW5jb2RlX3RhZyI6InhwaWRzLjQ4MHg4NTQuc2RyLkMzIn0%3D&_nc_ohc=sEwKtITjzfAQ7kNvwE-NCLE&_nc_oc=Adnbd-mA7Z5t_ViVFk3CjPnOl7qMCOUREthxsD297bWVdwrDgjtmTTnIN8UQqB1CeTlFqNhsIRiJb7SgiezwLj_F&_nc_ad=z-m&_nc_cid=0&_nc_zt=23&_nc_ht=scontent-iad3-1.cdninstagram.com&_nc_gid=T7JBGao9q0_-E4JbjUKCRg&oh=00_AfiY9UW4kd59AINb-i-AFnWYdurZ8v7yDCSYCmjYMZ_a-Q&oe=69311591;Anlayana…;
https://www.instagram.com/p/DRkeYXYjXSk/;Reels;200;5;15675;2025-11-27 21:29:06;https://scontent-iad3-1.cdninstagram.com/v/t51.71878-15/586715874_1173853304225998_2629103679563981397_n.jpg?stp=dst-jpg_e15_tt6&_nc_cat=102&ig_cache_key=Mzc3NTI3NjAwMzQxNDA3ODYyOA%3D%3D.3-ccb7-5&ccb=7-5&_nc_sid=58cdad&efg=eyJ2ZW5jb2RlX3RhZyI6InhwaWRzLjY0MHgzNjAuc2RyLkMzIn0%3D&_nc_ohc=iyJ8Rkpcc_YQ7kNvwH5ahGp&_nc_oc=AdluCB5X9a_Jmait3UbwpHPdUqlRIzJpa_N6W1RN_H3zz0qqGMRr6IuugeWK3-NYR-hQY5GpYPQZPbrcPrn_BH3D&_nc_ad=z-m&_nc_cid=0&_nc_zt=23&_nc_ht=scontent-iad3-1.cdninstagram.com&_nc_gid=T7JBGao9q0_-E4JbjUKCRg&oh=00_Afgp_9RCzUyODtLj-oNfDkPB3bDc5YGPFDfN17g5HYA1bQ&oe=69310CBD;“Şehirlerin gelişmişlik seviyesi, eğitimli ve nitelikli demografik yapı ile yükselir”  ▶️ AKİT TV | Gün Başlıyor;
https://www.instagram.com/p/DRka2tBjf9G/;Reels;171;3;9106;2025-11-27 20:57:56;https://scontent-iad3-1.cdninstagram.com/v/t51.71878-15/591147199_2061842081293260_2961873728625169381_n.jpg?stp=dst-jpg_e15_tt6&_nc_cat=110&ig_cache_key=Mzc3NTI2MDQ5NjA0ODgxNTk0Mg%3D%3D.3-ccb7-5&ccb=7-5&_nc_sid=58cdad&efg=eyJ2ZW5jb2RlX3RhZyI6InhwaWRzLjY0MHgzNjAuc2RyLkMzIn0%3D&_nc_ohc=5JqmRRNi2EwQ7kNvwFnk3DD&_nc_oc=Adm6sgsVafV6waYGqs7IjraKDCtJQdFsVJ6BKZYX3RuFIYw437-TnPOB0H6LpyRk-F9ABGbigTc3j7N0yf1PesJz&_nc_ad=z-m&_nc_cid=0&_nc_zt=23&_nc_ht=scontent-iad3-1.cdninstagram.com&_nc_gid=T7JBGao9q0_-E4JbjUKCRg&oh=00_AfgyqqAdBfxK4VaCH_1Up6kvC453fJNtyMOLUI2tNc8bgw&oe=69310330;“Düzce tarihinin en büyük İçme Suyu Alt Yapı Yatırımı’nı biz yapacağız. Kuraklığın en büyük sorunlardan biri olduğu bu dönemde yaptığımız yatırım sayesinde şehrimiz önümüzdeki 50 yıl sorun yaşamayacak.”  ▶️ AKİT TV | Gün Başlıyor;
https://www.instagram.com/p/DRkCoLziOZP/;Reels;133;2;8023;2025-11-27 17:24:51;https://scontent-iad3-2.cdninstagram.com/v/t51.71878-15/588082075_917765528082179_2577419172388714845_n.jpg?stp=dst-jpg_e15_tt6&_nc_cat=106&ig_cache_key=Mzc3NTE1Mzk0NTE5MTE3OTg1NQ%3D%3D.3-ccb7-5&ccb=7-5&_nc_sid=58cdad&efg=eyJ2ZW5jb2RlX3RhZyI6InhwaWRzLjY0MHgzNjAuc2RyLkMzIn0%3D&_nc_ohc=3O_SAZ4c6JUQ7kNvwHbdBlm&_nc_oc=AdkSYwomM5SiPCDS75xX1u24Yq6fnpIqc_32C9Qdq7qudSA0klQK9xnR4DyCBdQlDmzaQZC36Y2G-hPKklIQlCLH&_nc_ad=z-m&_nc_cid=0&_nc_zt=23&_nc_ht=scontent-iad3-2.cdninstagram.com&_nc_gid=T7JBGao9q0_-E4JbjUKCRg&oh=00_AfjAgXsjUwaC67rw_B2sS1_ZpcK_S9QHeD_s4Lkj4hfO2A&oe=693107A3;"“Türkiye’de afetlere dirençli kaç şehir var diye sorsalar; Düzce listenin en başında gelir.”  ▶️ AKİT TV | Gün Başlıyor";
https://www.instagram.com/p/DRiHBafju9q/;Reels;160;2;13663;2025-11-26 23:25:17;https://scontent-iad3-2.cdninstagram.com/v/t51.71878-15/587746176_703607319469444_2650242766465437941_n.jpg?stp=dst-jpg_e15_tt6&_nc_cat=111&ig_cache_key=Mzc3NDYxMDMyMTE4MTY5OTk0Ng%3D%3D.3-ccb7-5&ccb=7-5&_nc_sid=58cdad&efg=eyJ2ZW5jb2RlX3RhZyI6InhwaWRzLjY0MHgzNjAuc2RyLkMzIn0%3D&_nc_ohc=a86Sy1zMRu0Q7kNvwHGHdHx&_nc_oc=Adm5jnyA-OltVltRAdUwTqIrsqJH2Fr2lsJv9J5SbPMdmXwgtzDB6qDhM090Iy4FNk8udzETYBP5niMAamudbmT2&_nc_ad=z-m&_nc_cid=0&_nc_zt=23&_nc_ht=scontent-iad3-2.cdninstagram.com&_nc_gid=T7JBGao9q0_-E4JbjUKCRg&oh=00_Afi_ie4v5vRybrR-Ai_r6AaZbL_NCTH4iXlIE-ofkRiRwA&oe=69311B6B;"“Evimiz temiz, Şehrimiz temiz; Düzce bizim evimiz”  Vatandaşlarımızı çevre temizliği konusunda bilinçlendirmek ve daha duyarlı hale getirmek amacıyla Düzce Belediyemiz tarafından başlatılan “Temiz Şehir Düzce” kampanyası çerçevesinde, öğrencilerimizin farkındalığı artırmak için TOKİ Mehmet Akif Ersoy İlkokulunda düzenlenen etkinliğe Belediye Başkanımız @dr_farukozlu ile birlikte katıldık.  Öğrencilerimize şehrimizin temiz tutulmasında gösterdikleri duyarlılık için çevre kahramanı rozetlerini takarak, bir elçi gibi görev yapmaları gerektiğini belirttik.  #TemizŞehirDüzce #kalptenkalbedüzce❤️";
https://www.instagram.com/p/DRiFw2ICO5s/;Carousel;262;5;0;2025-11-26 23:12:56;https://scontent-iad3-2.cdninstagram.com/v/t51.82787-15/587353451_18432201133107838_6336556704683694653_n.jpg?stp=dst-jpg_e35_tt6&_nc_cat=100&ig_cache_key=Mzc3NDYwNDc2NDI1Njk4MjgyNg%3D%3D.3-ccb7-5&ccb=7-5&_nc_sid=58cdad&efg=eyJ2ZW5jb2RlX3RhZyI6InhwaWRzLjE0NDB4OTYwLnNkci5DMyJ9&_nc_ohc=2bP2hlE5C2UQ7kNvwGUgeZs&_nc_oc=Adkq5GdpuWX9pBn5zUB0gEjd2JavNUjQu-XQIuZjtASHZXiL31PvvSrT3eIGzzpRZ7owWfng_CFdvrrsY26lMmfe&_nc_ad=z-m&_nc_cid=0&_nc_zt=23&_nc_ht=scontent-iad3-2.cdninstagram.com&_nc_gid=T7JBGao9q0_-E4JbjUKCRg&oh=00_Afg7OI0DY8A6beuHPyLFCtx4mXYjWZ_gZhZE5z-Y9GQtWA&oe=69311080;Eczacıbaşı Holding Yönetim Kurulu Başkanı, iş insanı Sn. Bülent Eczacıbaşı beyin şeref konuğu ve konuşmacı olarak katıldıkları toplantımızda ülkemizin yetiştirdiği çok değerli iş insanları, akademisyenler, ekonomi yazarları ile bu akşam bir araya geldik.  İş dünyasında 50 yılı aşkın deneyimi ve entelektüel birikimini bizimle paylaşan Sayın Bülent Eczacıbaşı ile çok değerli katılımcılara ayrı ayrı teşekkür ediyor, şükranlarımı sunuyorum.;
https://www.instagram.com/p/DRhr616iPhA/;Photo;79;0;0;2025-11-26 19:27:06;https://scontent-iad3-1.cdninstagram.com/v/t51.82787-15/588620038_18432181594107838_8844408414038101984_n.jpg?stp=dst-jpg_e35_tt6&_nc_cat=109&ig_cache_key=Mzc3NDQ5MTEyMjMzMzE4NjExMg%3D%3D.3-ccb7-5&ccb=7-5&_nc_sid=58cdad&efg=eyJ2ZW5jb2RlX3RhZyI6InhwaWRzLjE0NDB4MTQ0MC5zZHIuQzMifQ%3D%3D&_nc_ohc=RyiEYshfCWkQ7kNvwEEorcP&_nc_oc=Adlj0O54SUBryBCLPqv5Yey-L5SI_9HSt3I3jbVKOknVh6C9E_j8E-1mmpfkHbD7TsKL22dc5DZaSglWLQ9TPNNh&_nc_ad=z-m&_nc_cid=0&_nc_zt=23&_nc_ht=scontent-iad3-1.cdninstagram.com&_nc_gid=T7JBGao9q0_-E4JbjUKCRg&oh=00_AfhTRGGKTFGZVufDTsZD5GcmPDQJZyRi5MmdWSzmOWnEHw&oe=69310839;27 Kasım Perşembe Günü saat 09.30’da Akit TV ekranlarında Murat Şahin’in sunumu ile Gün Başlıyor programının canlı yayın konuğu olacağım.  Düzce’miz için bugüne kadar yaptıklarımızı ve hazırladığımız projeleri anlatacağım programı izlemeniz dileğiyle...;
https://www.instagram.com/p/DRhRjV2CE_k/;Carousel;207;0;0;2025-11-26 15:36:42;https://scontent-cdg4-2.cdninstagram.com/v/t51.82787-15/584331030_18432158452107838_6422190998716630280_n.jpg?stp=dst-jpg_e35_tt6&_nc_cat=103&ig_cache_key=Mzc3NDM3NTEzNjQwNTc2MjgwNg%3D%3D.3-ccb7-5&ccb=7-5&_nc_sid=58cdad&efg=eyJ2ZW5jb2RlX3RhZyI6InhwaWRzLjEwNjV4NzEwLnNkci5DMyJ9&_nc_ohc=8aim9LmrP3oQ7kNvwFxp0cO&_nc_oc=AdljLNU8q3VCr3nkGMMnPikVeaPDWAohvjZYZZoN9ksm630fu261NeROY57iEXQQlE64Mayw5v6Tws_frU0PgAiL&_nc_ad=z-m&_nc_cid=0&_nc_zt=23&_nc_ht=scontent-cdg4-2.cdninstagram.com&_nc_gid=esTrM_ZmA7CGFjvy992dqA&oh=00_AfiutTxd4XHtla9pvgcHOdjf5PyZrRcfbC0h7msySYI5cA&oe=693115C2;Temiz Şehir Düzce için sahada, çocuklarımızla birlikteyiz. Şehrimizi en güzel haliyle gelecek nesillere bırakmak için kararlıyız.  📍TOKİ Mehmet Akif Ersoy İlkokulu;
https://www.instagram.com/p/DRgtr4hiEul/;Carousel;160;1;0;2025-11-26 10:23:18;https://scontent-cdg4-3.cdninstagram.com/v/t51.82787-15/586669084_18432132043107838_666679590018135949_n.jpg?stp=dst-jpg_e35_tt6&_nc_cat=110&ig_cache_key=Mzc3NDIxNzM5OTI1MjI5NTk5Mw%3D%3D.3-ccb7-5&ccb=7-5&_nc_sid=58cdad&efg=eyJ2ZW5jb2RlX3RhZyI6InhwaWRzLjE0NDB4OTYwLnNkci5DMyJ9&_nc_ohc=KYW2UEHlO9QQ7kNvwHPLNLq&_nc_oc=AdmDYaGksoAh0KTwMx6tf-x41VCnq8r401rHsyT_JCbZHw1P7jd9V22Trquy0W-tHXRjNsZTtf2N7M7eIT5eHJdL&_nc_ad=z-m&_nc_cid=0&_nc_zt=23&_nc_ht=scontent-cdg4-3.cdninstagram.com&_nc_gid=esTrM_ZmA7CGFjvy992dqA&oh=00_AfjRxtnyWC-4T7D6d0xuNLX8g7QGRH32N9ZR6BA9kN4HnA&oe=69310E1B;Düzce’mizin gelişmesine katkı sunmak amacıyla kıymetli fikir ve önerilerini bizimle paylaşan, hasbihal etmekten memnuniyet duyduğum birbirinden değerli hemşehrilerime teşekkür ediyor, çalışmalarında başarılar diliyorum.  📌Düzce 1. OSB ve TSO yetkilileri ile DOSKİM İstişare Toplantısı 📌Eski Belediye Başkan Yardımcılarımızdan Sayın Bayram Bayraktar 📌 İstanbul Düzceliler Derneği Başkan Yardımcıları Sayın Murat Albayrakoğlu, Sayın İsmail Erdoğan, Sayın Fazile Özkurt, Karadeniz Konfederasyon Kurucu Başkanı Sayın Nevzat Duyar, Sakarya Federasyon Başkanı Sayın Yaşar Saka, Karaelmas Kalkınma Derneği Başkanı Sayın Metin Kara, İstanbul Balıkesir Bürokrat ve İş Adamları Derneği Yön. Kur. Ü. Sayın Yeşim Satırlı 📌North Hill Yapı Yönetim Kurulu Başkanı Sayın Murat Akkurt ve ekibi 📌Düzce Kalkınma Vakfı Başkanı Sayın Ahmet Mutlu ve yönetim kurulu üyeleri;
https://www.instagram.com/p/DRfg9i9iJbP/;Photo;72;0;0;2025-11-25 23:12:52;https://scontent-cdg4-1.cdninstagram.com/v/t51.82787-15/586688454_18432083788107838_5858036706344567459_n.jpg?stp=dst-jpg_e35_tt6&_nc_cat=104&ig_cache_key=Mzc3Mzg3OTk3OTY3NTc4NDkxMQ%3D%3D.3-ccb7-5&ccb=7-5&_nc_sid=58cdad&efg=eyJ2ZW5jb2RlX3RhZyI6InhwaWRzLjEzNTB4MTY4OC5zZHIuQzMifQ%3D%3D&_nc_ohc=QrjJTg28p4AQ7kNvwEG75zp&_nc_oc=AdlJ8gOvwQvxRMnbTVvg_NepXQrQdcCUNQhOD_DpY-ayrAql3nbrBqRBV2jJFN5K_a4mtpwEUXLFtf5DQ3rc85vP&_nc_ad=z-m&_nc_cid=0&_nc_zt=23&_nc_ht=scontent-cdg4-1.cdninstagram.com&_nc_gid=esTrM_ZmA7CGFjvy992dqA&oh=00_AfiIb7xdmdZncMWagWRzUMB55wM4w_PoZS8vrGg8gSla8Q&oe=6931190A;Gerek şehrimizde gerekse ülkemizde her kadın özgürce, korkmadan ve güven içinde yaşamayı hak ediyor.  Şiddet, hiçbir şekilde kabul edilemez. Bizler, var gücümüzle ‘Kadına Şiddete Hayır’ diyoruz.;
https://www.instagram.com/p/DRe3Gh5iPDq/;Reels;320;6;11753;2025-11-25 17:08:04;https://scontent-cdg4-1.cdninstagram.com/v/t51.71878-15/584954170_25795072580076284_5318624065021949249_n.jpg?stp=dst-jpg_e15_tt6&_nc_cat=105&ig_cache_key=Mzc3MzY5NTg3OTA1Njc4MTU0Ng%3D%3D.3-ccb7-5&ccb=7-5&_nc_sid=58cdad&efg=eyJ2ZW5jb2RlX3RhZyI6InhwaWRzLjY0MHgxMTM2LnNkci5DMyJ9&_nc_ohc=kTJ0nMhStL4Q7kNvwGGHKRB&_nc_oc=AdnWtRQNRGHIvQw2ecO9T66IB-dLdHWuRa1q3W6z48r2AuDGQe4w5cn2U9s86-G-dMofOXbonFcUIrW2aWusUS7V&_nc_ad=z-m&_nc_cid=0&_nc_zt=23&_nc_ht=scontent-cdg4-1.cdninstagram.com&_nc_gid=esTrM_ZmA7CGFjvy992dqA&oh=00_Afg-UZNv47YtbS8MB42rT5IRm7NhHKRHeKOqvOfTermh8A&oe=6931024B;Dün akşamki Öğretmenler Günü davetimize katılan, eğitim camiamızın değerli mensuplarına çok teşekkür ediyorum.  📍Erguvan Sosyal Tesisleri;
https://www.instagram.com/p/DRdGVX9iAKG/;Carousel;220;0;0;2025-11-25 00:41:43;https://scontent-cdg4-1.cdninstagram.com/v/t51.82787-15/584403037_18431972116107838_8507414907399611940_n.jpg?stp=dst-jpg_e35_tt6&_nc_cat=102&ig_cache_key=Mzc3MzE5OTg5ODAyMDE4NTQ4OQ%3D%3D.3-ccb7-5&ccb=7-5&_nc_sid=58cdad&efg=eyJ2ZW5jb2RlX3RhZyI6InhwaWRzLjE0NDB4OTYwLnNkci5DMyJ9&_nc_ohc=JQ5U4JNPIMAQ7kNvwHCd9eY&_nc_oc=AdkOxO7VDOyLgbrBTyaCdl0SOLQTtVmyyx0N6LdQCnpdktv9DaFWmSUP9AaiJTa0sa2COh6wdDlXsgynLEHisdSJ&_nc_ad=z-m&_nc_cid=0&_nc_zt=23&_nc_ht=scontent-cdg4-1.cdninstagram.com&_nc_gid=esTrM_ZmA7CGFjvy992dqA&oh=00_AfjIUwfUxyZTz2fBJwOdVMGTEo5KGQJsTlXEL-g3BumXrg&oe=69313298;"Yaşamını aydınlık bir geleceğe vakfeden, bilgisini, birikimini en değerli varlıklarımıza; çocuklarımıza aktarmak için emek veren eğitim neferlerimizi ağırlamaktan şeref duyduk.  24 Kasım Öğretmenler Günü’nüzü kalben tebrik ediyor, tüm eğitimcilerimize üstün başarılar diliyorum.  #İşinÖzüEğitim";
https://www.instagram.com/p/DRc0Q04iKK_/;Carousel;207;0;0;2025-11-24 22:03:49;https://scontent-cdg4-3.cdninstagram.com/v/t51.82787-15/587092496_18431961097107838_5282590004684455468_n.jpg?stp=dst-jpg_e35_tt6&_nc_cat=111&ig_cache_key=Mzc3MzEyMDQyMTI3Nzc4MjQxMQ%3D%3D.3-ccb7-5&ccb=7-5&_nc_sid=58cdad&efg=eyJ2ZW5jb2RlX3RhZyI6InhwaWRzLjE0NDB4OTYwLnNkci5DMyJ9&_nc_ohc=F8PUX3_p5jUQ7kNvwGbNhzK&_nc_oc=AdlHXy2kafUWAfU9-U-kXn5RIwNR86xKKD_yEjB-YFtdc82nNEFWeoOJ3p4k6yJe1H3Swt3k7kEpcXJHDJ9Xg5s8&_nc_ad=z-m&_nc_cid=0&_nc_zt=23&_nc_ht=scontent-cdg4-3.cdninstagram.com&_nc_gid=esTrM_ZmA7CGFjvy992dqA&oh=00_Afhvn_Fk26NYb4wgI40MbcJe74OSuGUUwaVYK3wsrAwyEQ&oe=69310D11;Şehrimizin gelişimindeki en büyük dinamiklerden biri olan yerel basınımızın birbirinden değerli mensuplarına misafir olmaktan büyük bir onur ve mutluluk duydum. Kendilerine teşekkür ediyor, çalışmalarında üstün başarılar diliyorum.  📌Düzce Damla Gazetesi İmtiyaz Sahibi Sayın Asu Beşer Karpuz 📌Düzce TV Genel Yayın Yönetmeni Sayın Timur Erdem 📌Burası Düzce Gazetesi İmtiyaz Sahibi Sayın Fatih Melih Maradit ile Yazı İşleri Müdürü Sayın Kemal Yalçın Can;
https://www.instagram.com/p/DRcSrCfiEXj/;Carousel;340;0;0;2025-11-24 17:10:18;https://scontent-cdg4-1.cdninstagram.com/v/t51.82787-15/587223852_18431929738107838_842340629388472699_n.jpg?stp=dst-jpg_e35_tt6&_nc_cat=102&ig_cache_key=Mzc3Mjk3MjY5NTgyNzI5NDA1Ng%3D%3D.3-ccb7-5&ccb=7-5&_nc_sid=58cdad&efg=eyJ2ZW5jb2RlX3RhZyI6InhwaWRzLjE0NDB4OTYwLnNkci5DMyJ9&_nc_ohc=AHhWKKl3C38Q7kNvwEGnqZE&_nc_oc=AdmZuWNgCkhUfKXyNVm5Wl1n-n-kU58odgUaYo8yhoyC1da7g5u1yOybUxizUnu5mayEEupJSl9O6Pd5nBQ3zkt1&_nc_ad=z-m&_nc_cid=0&_nc_zt=23&_nc_ht=scontent-cdg4-1.cdninstagram.com&_nc_gid=esTrM_ZmA7CGFjvy992dqA&oh=00_AfgnMeimocx3yRcDgUVWQ2sONm6fZIQOUQFVt68eZ8H3zw&oe=69310E9C;Yukarı Yahyalar Mahallesi Muhtarı, değerli hemşehrim Sayın Ayşe Yıldırımoğlu hanımefendi ve komşularına nazik ev sahiplikleri için teşekkür ediyorum.;
https://www.instagram.com/p/DRb1x4uCFLz/;Reels;283;11;11442;2025-11-24 12:58:36;https://scontent-cdg4-2.cdninstagram.com/v/t51.71878-15/587125459_1651403935839422_5136762513139256363_n.jpg?stp=dst-jpg_e15_tt6&_nc_cat=101&ig_cache_key=Mzc3Mjg0NTYzNzQ3NDIxMDU0Nw%3D%3D.3-ccb7-5&ccb=7-5&_nc_sid=58cdad&efg=eyJ2ZW5jb2RlX3RhZyI6InhwaWRzLjY0MHgxMTM2LnNkci5DMyJ9&_nc_ohc=t7j9akcKDjgQ7kNvwESYkuK&_nc_oc=AdnFN4AI7IZRWyQ-WODYzpJ1Klhbhe-qYL1tPlIGI8Rb5mASsc9y3q_4gkhz7UqOceCFt9uIsB0up4ZXFJfeDcgv&_nc_ad=z-m&_nc_cid=0&_nc_zt=23&_nc_ht=scontent-cdg4-2.cdninstagram.com&_nc_gid=esTrM_ZmA7CGFjvy992dqA&oh=00_Afj-t8S3vyeIfQdhReS5QRfqOGMiBMvqo-ARfscIfuoh8g&oe=6931008E;Düzce Belediyesi çalışıyor, üretiyor, Düzce’miz gelişiyor.  Biz bu şehri yeniden inşa etmeye kararlıyız.  #İşinÖzüÇokÇalışmak;
https://www.instagram.com/p/DRbrSqyiPZP/;Photo;85;0;0;2025-11-24 11:26:11;https://scontent-cdg4-3.cdninstagram.com/v/t51.82787-15/586662085_18431898418107838_1507080180129887879_n.jpg?stp=dst-jpg_e35_tt6&_nc_cat=111&ig_cache_key=Mzc3Mjc5OTUxMTc0ODQ3NDQ0Nw%3D%3D.3-ccb7-5&ccb=7-5&_nc_sid=58cdad&efg=eyJ2ZW5jb2RlX3RhZyI6InhwaWRzLjEzNDd4MTY3OS5zZHIuQzMifQ%3D%3D&_nc_ohc=JUoW1EIaQ7MQ7kNvwHzI5qc&_nc_oc=AdmE0LJe3U576P6FiAUrJ48mJaZDJTu3Eu8wYsPO_qzYWJMnIJ1RbYvnSItWlgBJk005uacrwbQp2NrEa_MxbKtm&_nc_ad=z-m&_nc_cid=0&_nc_zt=23&_nc_ht=scontent-cdg4-3.cdninstagram.com&_nc_gid=esTrM_ZmA7CGFjvy992dqA&oh=00_Afhi5UevQvR2yliH8-5Vyj1g_RsC6g3Yzii-ksC7-H9HEQ&oe=69310BF2;Bilgiyi öğreten, sevgiyle şekillendiren, insanlığın geleceğine en büyük katkıyı sunan birbirinden kıymetli öğretmenler…  Ülkemizin geleceğine ışık tutan tüm eğitimcilerimizin 24 Kasım Öğretmenler Günü’nü tebrik ederim.  #24kasımöğretmenlergünü;
https://www.instagram.com/p/DRaCo17CLA7/;Carousel;277;2;0;2025-11-23 20:11:42;https://scontent-cdg4-3.cdninstagram.com/v/t51.82787-15/583886859_18431825020107838_2659482305950655621_n.jpg?stp=dst-jpg_e35_tt6&_nc_cat=106&ig_cache_key=Mzc3MjMzOTIxODgxOTg1OTEzNA%3D%3D.3-ccb7-5&ccb=7-5&_nc_sid=58cdad&efg=eyJ2ZW5jb2RlX3RhZyI6InhwaWRzLjEwNjV4NzEwLnNkci5DMyJ9&_nc_ohc=W_2r1QcHBGcQ7kNvwHI7f8Q&_nc_oc=AdlQUU8npwBS18rb7NIX-S74AIkSRmaC38r6MP1Am6K5w44ffE6dqH1SJLNe1s6PGJhY9BYX8_CpFBwTYkf9xLrX&_nc_ad=z-m&_nc_cid=0&_nc_zt=23&_nc_ht=scontent-cdg4-3.cdninstagram.com&_nc_gid=esTrM_ZmA7CGFjvy992dqA&oh=00_Afg5Cy-AaPYce6XFskNDmssUlwNE-DXEh7y5f6flPhh3Ag&oe=69310ACF;"İnşa etmek bilgiden, ihya etmek tecrübeden, samimiyet ise gönülden gelir.  Yepyeni bir Düzce hedefiyle çıktığımız bu yolda; şehrimize farklı bir vizyon kazandırmak, sağlam bir geleceğe erişmek için planlı kentleşmeye yönelik adımlarla yürüyoruz.  📍23 Nisan Parkı Çocuk Kütüphanesi 📍Tuhafiyeciler Pazaryeri 📍Melen Su Park | Kokoreççiler Çarşısı 📍Beltaş Sanayi Sitesi 2. ve 3. Etap Projesi";
https://www.instagram.com/p/DRXsWj4iFsR/;Reels;130;6;8387;2025-11-22 22:22:06;https://scontent-cdg4-2.cdninstagram.com/v/t51.71878-15/584398089_1182329043243884_8995759264045085478_n.jpg?stp=dst-jpg_e15_tt6&_nc_cat=109&ig_cache_key=Mzc3MTY3ODI3NzM1MDQ4MDY1Nw%3D%3D.3-ccb7-5&ccb=7-5&_nc_sid=58cdad&efg=eyJ2ZW5jb2RlX3RhZyI6InhwaWRzLjY0MHgzNTYuc2RyLkMzIn0%3D&_nc_ohc=TsGIQ2kjEAEQ7kNvwFyeDUF&_nc_oc=AdlI0dO572lerR1SCjx-vnna6EgHvqnmYbpgF9LPnmiWULtP_oxiBBjaxVQIfm-0oOBQcJBQnfPGJeWbCp5BhvCg&_nc_ad=z-m&_nc_cid=0&_nc_zt=23&_nc_ht=scontent-cdg4-2.cdninstagram.com&_nc_gid=esTrM_ZmA7CGFjvy992dqA&oh=00_AfjQrt49hRhwGQslQ_SoZEpWILb4QiZheKyW-T4EVKav_g&oe=69312C93;Olumsuz etkilerini bugün de yaşadığımız Covid salgını, 6 Şubat depremi ve EYT uygulamasına ilişkin görüşlerimi paylaştım.;
https://www.instagram.com/p/DRXRvlPiPFL/;Reels;90;0;5189;2025-11-22 18:27:45;https://scontent-cdg4-2.cdninstagram.com/v/t51.71878-15/587240627_750576548053299_90879366271423634_n.jpg?stp=dst-jpg_e15_tt6&_nc_cat=100&ig_cache_key=Mzc3MTU2MTI0OTU0MTI1NTQ5OQ%3D%3D.3-ccb7-5&ccb=7-5&_nc_sid=58cdad&efg=eyJ2ZW5jb2RlX3RhZyI6InhwaWRzLjY0MHgzNTYuc2RyLkMzIn0%3D&_nc_ohc=sFPOiO8Y8MQQ7kNvwEkYVq5&_nc_oc=Adm58Rl2aaIbQQd8wbF8QXFJ04tXNYEMNvOC0brS-oL4Y8AWF_RShcnDrAl6K7U_XuWRwdHl9xC9hDD8GZmmVOjn&_nc_ad=z-m&_nc_cid=0&_nc_zt=23&_nc_ht=scontent-cdg4-2.cdninstagram.com&_nc_gid=esTrM_ZmA7CGFjvy992dqA&oh=00_Afhg3vVzxnnrFNvK9bRDJitMFPIYtBwc3BRlvdLqu1ACEw&oe=69311E47;Son 23 yılda AK Parti Türkiye’nin temel problemlerini çözdü.;
https://www.instagram.com/p/DRXDdfYiM6Z/;Reels;122;1;6276;2025-11-22 16:25:17;https://scontent.cdninstagram.com/v/t51.71878-15/584156222_2616144968756384_91440625129613978_n.jpg?stp=dst-jpg_e15_tt6&_nc_cat=110&ig_cache_key=Mzc3MTQ5ODQzMzY0ODA1MzkxMw%3D%3D.3-ccb7-5&ccb=7-5&_nc_sid=58cdad&efg=eyJ2ZW5jb2RlX3RhZyI6InhwaWRzLjY0MHgzNTYuc2RyLkMzIn0%3D&_nc_ohc=LqSPydF8mFUQ7kNvwEJlrHz&_nc_oc=AdkhBO5mImAo86-ncnKQDRn-LD2LIT39RKNSD_G8PsKIkdSHdAn_f31J2fZBQhsdsGnnPUJvIJ7kYmoBv-1911VG&_nc_ad=z-m&_nc_cid=0&_nc_zt=23&_nc_ht=scontent.cdninstagram.com&_nc_gid=GxmDS7vEh0YhWBnqOziSQg&oh=00_AfiNheXeNhhYzcBJ9H67OYd4iZR-SJpb_mhuPlAFAWsGOw&oe=69310B57;Belediyecilik bizim uzmanlık alanımız. Bizim en iyilerimizi belediye başkanı yapmamız lazım.;
https://www.instagram.com/p/DRW4AJkiAf3/;Reels;125;0;6810;2025-11-22 14:42:46;https://scontent.cdninstagram.com/v/t51.71878-15/584403736_727280283140648_6732816083612517855_n.jpg?stp=dst-jpg_e15_tt6&_nc_cat=104&ig_cache_key=Mzc3MTQ0ODAzODg1MDU2MjAzOQ%3D%3D.3-ccb7-5&ccb=7-5&_nc_sid=58cdad&efg=eyJ2ZW5jb2RlX3RhZyI6InhwaWRzLjY0MHgzNTYuc2RyLkMzIn0%3D&_nc_ohc=T69TyJXLW5IQ7kNvwFaKojp&_nc_oc=AdkLPWKMOt1vNsEtGS4S6vs9_wriPDWxo6ln6B0p7wg4ebGQFBAKg3VJh_kWSzGztD56HtCGKy0MEJR7h_JohuUk&_nc_ad=z-m&_nc_cid=0&_nc_zt=23&_nc_ht=scontent.cdninstagram.com&_nc_gid=GxmDS7vEh0YhWBnqOziSQg&oh=00_AfgodmLj2FseLHIA1a0xuT7XfPKvkdTQm5ng68poSMsnDg&oe=693107E5;Gençler için yeni bir hikaye yazacağız.;
https://www.instagram.com/p/DRVVGRSiNV9/;Carousel;171;3;0;2025-11-22 00:16:48;https://scontent.cdninstagram.com/v/t51.82787-15/586687856_18431588848107838_138637315854043785_n.jpg?stp=dst-jpg_e35_tt6&_nc_cat=109&ig_cache_key=Mzc3MTAxMzAyOTQ0NjU1NTkwOA%3D%3D.3-ccb7-5&ccb=7-5&_nc_sid=58cdad&efg=eyJ2ZW5jb2RlX3RhZyI6InhwaWRzLjE0NDB4OTYwLnNkci5DMyJ9&_nc_ohc=-0yKkN-ue1cQ7kNvwGByQh6&_nc_oc=AdnzlGj3-apNGrcD_NBFL-udpvMmdV2IRL_v1oD0W8sC96bXbPyQPEbTb_0nAOn2e7RmRZW5MF_RuxK9FpPkKWo6&_nc_ad=z-m&_nc_cid=0&_nc_zt=23&_nc_ht=scontent.cdninstagram.com&_nc_gid=GxmDS7vEh0YhWBnqOziSQg&oh=00_AfiCfwJHP6yDSW579Sm8VXCdE8rb-HR3x_byvbG0e6d1wg&oe=69311192;Trabzon’da düzenlenen AK Parti Yerel Yönetimler Başkanlığı Bölge Toplantısı’nda, Yerel Yönetimler Başkan Yardımcımız Sayın Recep Altepe’nin moderasyonunda, Gaziantep Büyükşehir Belediye Başkanımız Sayın Fatma Şahin ve önceki dönem Ulaştırma ve Altyapı Bakanımız Sayın Adil Karaismailoğlu ile birlikte belediyeciliği konuştuk, görüşlerimizi paylaştık.  Toplantıda, “Yerel yönetimler ile ilgili olarak Türkiye’nin yeni bir hikâyeye ihtiyacı olduğunu” düşündüğümü ifade ettim.  Toplantıya katılan Rize, Giresun, Gümüşhane, Tokat, Kırşehir, Yozgat, Sivas, Tunceli, Erzincan, Bayburt, Artvin, Ardahan ve Kars’ın il, ilçe ve belde belediye başkanlarına teşekkür ediyorum.  Yerel Yönetimler Başkanımız Sayın Mustafa Demir Bey’e şükranlarımı sunuyorum.;
https://www.instagram.com/p/DRScgGgiArI/;Reels;563;11;24232;2025-11-20 21:25:56;https://scontent.cdninstagram.com/v/t51.71878-15/584295371_1376647934179329_2947095323926043968_n.jpg?stp=dst-jpg_e15_tt6&_nc_cat=101&ig_cache_key=Mzc3MDIwMTE4OTM3NjMzMDQ0MA%3D%3D.3-ccb7-5&ccb=7-5&_nc_sid=58cdad&efg=eyJ2ZW5jb2RlX3RhZyI6InhwaWRzLjY0MHgxMTM2LnNkci5DMyJ9&_nc_ohc=RjuJ5oAM-NoQ7kNvwENFS51&_nc_oc=Adkb83IY9sVpxnP78CkaPEBo2_9Ft-5Y-ZgT2_Gsk_QWxc9ad0WPZugywok34wzjjCYqR2994cmvhGEAuC2GI4Gi&_nc_ad=z-m&_nc_cid=0&_nc_zt=23&_nc_ht=scontent.cdninstagram.com&_nc_gid=GxmDS7vEh0YhWBnqOziSQg&oh=00_AfjRTCVQGf6tdlVywjsgS0koTC9h4CXiXhYZZax9mTp6oA&oe=69312989;"Çok kıymetli Başbakanım Sayın Binali Yıldırım ve konuklarımız ile Düzce’mizin en güzel yeri; Konuralp Antik Tiyatro’da tarihi bir yolculuk yaptık.  Biz burada 50 yılda yapılacak kazıları 5 yılda tamamladık.  #SevdamızDüzce #KonuralpAntikTiyatro";
https://www.instagram.com/p/DRSACMLiPfU/;Carousel;418;1;0;2025-11-20 17:15:01;https://scontent.cdninstagram.com/v/t51.82787-15/586714997_18431431189107838_4089556324411680645_n.jpg?stp=dst-jpg_e35_tt6&_nc_cat=106&ig_cache_key=Mzc3MDA3NTk2NDY1NTU1MjQyNw%3D%3D.3-ccb7-5&ccb=7-5&_nc_sid=58cdad&efg=eyJ2ZW5jb2RlX3RhZyI6InhwaWRzLjE0NDB4OTYwLnNkci5DMyJ9&_nc_ohc=o3i4480R2XcQ7kNvwHf12hR&_nc_oc=Adkf-t-M_1hDCif1BTNjPLy71QKnRNDjWNq12rVeyRoz_E3FrKC2IJ4tJsiH3WUh_6huwbZ7vADNd4IJoFTVekoY&_nc_ad=z-m&_nc_cid=0&_nc_zt=23&_nc_ht=scontent.cdninstagram.com&_nc_gid=GxmDS7vEh0YhWBnqOziSQg&oh=00_Afg9PTmqtHgzafx22ftdwukqIELmKBC3eRpw_sS2zMp8WA&oe=69311D7E;Birlikte çalışmaktan büyük bir onur duyduğum Başbakanım Sayın Binali Yıldırım, 26. TBMM Başkanımız Sayın İsmet Yılmaz ile 65. Hükümet Ulaştırma, Denizcilik ve Haberleşme Bakanımız Sayın Ahmet Arslan’ı Düzce’mizde ağırlamaktan şeref duydum.  Şehrimize gösterdikleri teveccüh, büyük ilgi ve değerli önerileri için ayrı ayrı şükranlarımı sunuyor, tüm hemşehrilerim adına kendilerine saygılarımı ifade etmek istiyorum.  Vefalı ve asil insanların şehri Düzce’mize hoş geldiniz, sefalar getirdiniz.;
https://www.instagram.com/p/DRRtqUdiHnD/;Reels;145;1;9951;2025-11-20 14:36:17;https://scontent.cdninstagram.com/v/t51.71878-15/583174662_891415963564143_6969298243109721598_n.jpg?stp=dst-jpg_e15_tt6&_nc_cat=103&ig_cache_key=Mzc2OTk5NTE4MzM2NzE1ODIxMQ%3D%3D.3-ccb7-5&ccb=7-5&_nc_sid=58cdad&efg=eyJ2ZW5jb2RlX3RhZyI6InhwaWRzLjY0MHgxMTM2LnNkci5DMyJ9&_nc_ohc=AKhvK20ypy4Q7kNvwGOJ13p&_nc_oc=AdkzAfheH3xOc1NZCV74qh8BrSelEh90M6iDWwFqEPJViCcGidtjDZ2y97S6jCLLPVjMXLRnd3k7qUqvwmadG8sb&_nc_ad=z-m&_nc_cid=0&_nc_zt=23&_nc_ht=scontent.cdninstagram.com&_nc_gid=GxmDS7vEh0YhWBnqOziSQg&oh=00_AfhZOnwJ_XCLVPrT69HZvyGKyvI08JoAoV8_XfG9v41Bmw&oe=69311161;“Bilgiyi sevin, öğrenmekten hiç vazgeçmeyin!”  📍Düzce Bilim Merkezi | Bilim Şenliği Etkinlikleri;
https://www.instagram.com/p/DRRQfN2COZ-/;Photo;103;0;0;2025-11-20 10:19:33;https://scontent.cdninstagram.com/v/t51.82787-15/583893283_18431396290107838_4128775053824862175_n.jpg?stp=dst-jpg_e35_tt6&_nc_cat=107&ig_cache_key=Mzc2OTg2Njg3Njk5ODk2ODk1OA%3D%3D.3-ccb7-5&ccb=7-5&_nc_sid=58cdad&efg=eyJ2ZW5jb2RlX3RhZyI6InhwaWRzLjE0NDB4OTYwLnNkci5DMyJ9&_nc_ohc=tVS_Wn0eaF0Q7kNvwFhN9Sb&_nc_oc=Adkha8a81Ck-MAds-QF2jPpCrFzakxyiSmVzjYuUzbZSMBYXTMn6rh083baTiFuLEy0WY0ZojYTpOIBo3jVgOXUV&_nc_ad=z-m&_nc_cid=0&_nc_zt=23&_nc_ht=scontent.cdninstagram.com&_nc_gid=GxmDS7vEh0YhWBnqOziSQg&oh=00_AfgT4XJ8u5_pQwujO2eO2pTeMju1S-TFDaqF-8JPgnrdsQ&oe=6931121B;Cumhurbaşkanlığı İletişim Başkanlığı İstanbul Bölge Müdürü Sayın Murat Arslan’ın nazik ziyaretinden memnuniyet duydum.  Kendisine teşekkür ediyor, çalışmalarında başarılar diliyorum.;
https://www.instagram.com/p/DRRMpJxiKtI/;Carousel;151;0;0;2025-11-20 09:45:58;https://scontent.cdninstagram.com/v/t51.82787-15/583766986_18431394349107838_6261549540052573691_n.jpg?stp=dst-jpg_e35_tt6&_nc_cat=109&ig_cache_key=Mzc2OTg0OTk0OTQ0MjM0MjUxNQ%3D%3D.3-ccb7-5&ccb=7-5&_nc_sid=58cdad&efg=eyJ2ZW5jb2RlX3RhZyI6InhwaWRzLjEwNjV4NzEwLnNkci5DMyJ9&_nc_ohc=kvJVV30-zXgQ7kNvwH2woen&_nc_oc=Adllznx62V9Qe5iGb-U1lpkRluhalqnafanW1T4nIQ0vmJCrNGnLekVqW6hMSS4_xkPQKiBDCTMFl_oraCF9PvlH&_nc_ad=z-m&_nc_cid=0&_nc_zt=23&_nc_ht=scontent.cdninstagram.com&_nc_gid=GxmDS7vEh0YhWBnqOziSQg&oh=00_AfjdsVrCZBpVAc61IVrjmDNDro6mhpxLaG0oyvRbmJfHCg&oe=693133A7;Düzce İçme Suyu Temin Projemizin danışmanlık hizmeti sözleşmesini imzaladık.  Alter Uluslararası Mühendislik ve Müşavirlik Şirketi Sahibi Sayın Dide Özdikmen ve ekibine, çalışma arkadaşlarıma teşekkür ediyor, çalışmalarında başarılar diliyorum.;
https://www.instagram.com/p/DRPxkjWiFbH/;Reels;290;19;12982;2025-11-19 20:31:32;https://scontent.cdninstagram.com/v/t51.71878-15/582482581_726674780450971_1385783315832318665_n.jpg?stp=dst-jpg_e15_tt6&_nc_cat=110&ig_cache_key=Mzc2OTQ0OTQyOTI3MTU5ODc5MQ%3D%3D.3-ccb7-5&ccb=7-5&_nc_sid=58cdad&efg=eyJ2ZW5jb2RlX3RhZyI6InhwaWRzLjY0MHgxMTM2LnNkci5DMyJ9&_nc_ohc=8Ub7g0OVgaMQ7kNvwFGRCZ1&_nc_oc=Adl67hBl331ga2JXyb-8Q5xqd1CR8csrfpwxL5dIHsUyssiR9wICTeI9MIBnlZ1jC6pn73h2o51KMbP-o0WUptSs&_nc_ad=z-m&_nc_cid=0&_nc_zt=23&_nc_ht=scontent.cdninstagram.com&_nc_gid=GxmDS7vEh0YhWBnqOziSQg&oh=00_AfjNRzMdpgCKAKyx5l85h62hnz0D9nTAUsUYYo7xDLRvWQ&oe=69312622;Biz bu şehirde her gün ya bir temel atıyoruz ya da bir açılış yapıyoruz.  19 Mayıs Spor Kampüsü’müz sporcularımıza, gençlerimize, çocuklarımıza ve Düzce’mize şimdiden hayırlı olsun.  #İşinÖzüÇokÇalışmak;
https://www.instagram.com/p/DROm6F6CNca/;Reels;1011;75;57357;2025-11-19 09:38:52;https://scontent.cdninstagram.com/v/t51.71878-15/582005568_1868176790755788_5284111814766679261_n.jpg?stp=dst-jpg_e15_tt6&_nc_cat=109&ig_cache_key=Mzc2OTEyMTA1NTk5NTEyMzQ4Mg%3D%3D.3-ccb7-5&ccb=7-5&_nc_sid=58cdad&efg=eyJ2ZW5jb2RlX3RhZyI6InhwaWRzLjY0MHgzNjAuc2RyLkMzIn0%3D&_nc_ohc=661J5-3KNqAQ7kNvwF4Y7r5&_nc_oc=AdnsrVHpM6l24lOIWuaTBSukR4D0hQC16gWdU_gtteP0kjfQDXv1tR_NwfxFaKRqXKim7B5NePCmPaV7a0wPzNpR&_nc_ad=z-m&_nc_cid=0&_nc_zt=23&_nc_ht=scontent.cdninstagram.com&_nc_gid=GxmDS7vEh0YhWBnqOziSQg&oh=00_AfjPMRCm1mCGYxEDaeoHvzJzbiVGf9lsHWpzEr__4dW7Tg&oe=693127E6;Düzce Üniversitesi hattı üzerinde artık Düzce Ulaşım A.Ş. araçları hizmet verecek.  20 TL olan bilet ücreti 9 TL 60 Kr. ve bu güzergahta 12 Metre ile 8,5 Metre büyük otobüsler çalışacak.  Öğrenci dostu Düzce’mize, hemşehrilerimize hayırlı, uğurlu olsun.;
https://www.instagram.com/p/DRNVlMbCLZZ/;Carousel;250;2;0;2025-11-18 21:47:06;https://scontent.cdninstagram.com/v/t51.82787-15/581595052_18431225455107838_5364535974146209778_n.jpg?stp=dst-jpg_e35_tt6&_nc_cat=101&ig_cache_key=Mzc2ODc2MzM1NTY2NjkwNjMzMQ%3D%3D.3-ccb7-5&ccb=7-5&_nc_sid=58cdad&efg=eyJ2ZW5jb2RlX3RhZyI6InhwaWRzLjEwNjV4NzEwLnNkci5DMyJ9&_nc_ohc=E3BcZHExsaQQ7kNvwEimwjK&_nc_oc=Adn-VKdge4DyPKPWRk1XIfOIMBCydMoHeYiXPmaJI5YnZCB00ke2g1srJjzuThe5BTSTX1Eo5MlbGFKRYJy54YwD&_nc_ad=z-m&_nc_cid=0&_nc_zt=23&_nc_ht=scontent.cdninstagram.com&_nc_gid=GxmDS7vEh0YhWBnqOziSQg&oh=00_AfjKUzP1nPB9sa1xti5hnVQM9Oq7chcTp0CLE_2wDGR2EQ&oe=69312CCD;Bugün bir araya gelerek hasbihal etmekten memnuniyet duyduğum birbirinden değerli hemşehrilerime teşekkür ediyor, çalışmalarında başarılar diliyorum.  📌Düzce İl Müftüsü Sayın Osman Aydın ve Merkez Büyük Camii İmam Hatibi Selman Özban 📌Delta Toprak A.Ş. Genel Müdürü Sayın Mustafa Girgin 📌 Köroğlu Haber Ajansı İmtiyaz Sahibi Sayın Ahmet İshak Gülen, Özgür Bolu Haber Ajansı İmtiyaz Sahibi Sayın Bülent Velioğlu, Boluda Bolu Haber Ajansı Editörü Sayın Melih Mermer 📌Düzce Bilim Merkezi-Bilim Şenliği Açılışı;
https://www.instagram.com/p/DRMpxe_CLCK/;Carousel;176;2;0;2025-11-18 15:24:18;https://scontent.cdninstagram.com/v/t51.82787-15/582106064_18431188048107838_7038104695616519379_n.jpg?stp=dst-jpg_e35_tt6&_nc_cat=110&ig_cache_key=Mzc2ODU3MDY4NjA2Nzk5NjY1OA%3D%3D.3-ccb7-5&ccb=7-5&_nc_sid=58cdad&efg=eyJ2ZW5jb2RlX3RhZyI6InhwaWRzLjEwNjV4NzEwLnNkci5DMyJ9&_nc_ohc=MWs__Y1QJrsQ7kNvwFQBir7&_nc_oc=AdnOcSTYSoPnmRuTQX2oJSmtiMXubD8kwY-v21dmP5r3TrVUG5NSS4tKZomhKb13BdUo1Fk2mQsYxwbtNpg4_TNQ&_nc_ad=z-m&_nc_cid=0&_nc_zt=23&_nc_ht=scontent.cdninstagram.com&_nc_gid=GxmDS7vEh0YhWBnqOziSQg&oh=00_Afg8Bek6gHe07xmEoS_kaxhQph89fx4LUvIS2ECZnXfG6g&oe=69311846;Düzce’mizin altyapı ihtiyaçlarını kurumlar arası iş birliği ile çözüme kavuşturmayı sürdürüyoruz.  İSKİ Genel Müdür Yardımcısı Sayın Mahmut Kahraman, Atık Su İnşaat Daire Başkanı Sayın Mehmet Kadri Feyat ile ekibine, ziyaretleri ve değerli önerileri için teşekkür ediyor, çalışmalarında başarılar diliyorum.;
https://www.instagram.com/p/DRMiktDCBoz/;Carousel;157;0;0;2025-11-18 14:21:23;https://scontent.cdninstagram.com/v/t51.82787-15/582677302_18431181070107838_1260465769054771978_n.jpg?stp=dst-jpg_e35_tt6&_nc_cat=108&ig_cache_key=Mzc2ODUzOTAyNjQ3OTkxNTM3Ng%3D%3D.3-ccb7-5&ccb=7-5&_nc_sid=58cdad&efg=eyJ2ZW5jb2RlX3RhZyI6InhwaWRzLjE0NDB4OTYwLnNkci5DMyJ9&_nc_ohc=SAvex-RCUbEQ7kNvwF3mxTu&_nc_oc=AdmJzWEeg6sWfIyEBqX9Wt6xLg0Bic0OAwOTqYSyjqz6ty_7S7y7vLd9sN4pW0ywl08&_nc_ad=z-m&_nc_cid=0&_nc_zt=23&_nc_ht=scontent.cdninstagram.com&_nc_gid=3LMQ77atLf8fCL3idYkHEA&oh=00_AfiLrmQ2ZfUhUi7Yy_H4fFDEtdgRc_-xzSyV45yVGK3zeA&oe=6931117C;Yeni Dünya Vakfı Genel Başkanı Sayın Mahmut Göksu ve heyeti, değerli hemşehrilerimin ziyaretlerinden memnuniyet duydum.  Sayın Göksu nezdinde insanlığa fayda sağlayacak hizmetlerde bulunan misafirlerimize teşekkür ediyor, çalışmalarında başarılar diliyorum.;
https://www.instagram.com/p/DRKPfG2iBBb/;Carousel;240;0;0;2025-11-17 16:56:07;https://scontent.cdninstagram.com/v/t51.82787-15/582208129_18431080006107838_7801975894459620852_n.jpg?stp=dst-jpg_e35_tt6&_nc_cat=108&ig_cache_key=Mzc2Nzg5MjEyODc2NTA1OTYwMg%3D%3D.3-ccb7-5&ccb=7-5&_nc_sid=58cdad&efg=eyJ2ZW5jb2RlX3RhZyI6InhwaWRzLjE0NDB4OTYwLnNkci5DMyJ9&_nc_ohc=z3AbbT11jbMQ7kNvwFp1V82&_nc_oc=AdmdkpKqzFh3IJqQygc6GgQvHdEvdLy0os4zeNFVoVx4UOoicXnJcT1DwAx8lUBfA74&_nc_ad=z-m&_nc_cid=0&_nc_zt=23&_nc_ht=scontent.cdninstagram.com&_nc_gid=3LMQ77atLf8fCL3idYkHEA&oh=00_AfgpjqwEsIdTVMvoRm-4VG2NdY3yrzenf4ouGtu0ngzh2Q&oe=69311392;Belediye Meclis Üyemiz Sayın Özlem Kapoğlu’nun ev sahipliğinde Düzce’mizde kamp yapan Kuraş Büyükler Milli Takım sporcuları ve teknik heyeti ile buluştuk.  Sporun ve sporcunun kenti Düzce’de hazırlıklarına devam eden gençlerimizi, antrenörlerini ve teknik ekibi kutluyor, başarılarının artarak devam etmesini diliyorum.;
https://www.instagram.com/p/DRJ-intiOG1/;Carousel;284;0;0;2025-11-17 14:28:03;https://scontent.cdninstagram.com/v/t51.82787-15/582483264_18431062264107838_6103636842113422440_n.jpg?stp=dst-jpg_e35_tt6&_nc_cat=110&ig_cache_key=Mzc2NzgxNzU5MzYzNDE2NDkzMQ%3D%3D.3-ccb7-5&ccb=7-5&_nc_sid=58cdad&efg=eyJ2ZW5jb2RlX3RhZyI6InhwaWRzLjEwNjV4NzEwLnNkci5DMyJ9&_nc_ohc=u4tJxG50a3MQ7kNvwEyCDdJ&_nc_oc=Adn6LNxszFnlQqbMmlhg0J1ncCx0yOynPqGtr9vvY-pKghrNvRpzADV7wVGKZoLuOLg&_nc_ad=z-m&_nc_cid=0&_nc_zt=23&_nc_ht=scontent.cdninstagram.com&_nc_gid=3LMQ77atLf8fCL3idYkHEA&oh=00_Afj0JPfcpCM3NO6N9IdOqbrFb6TsNCZYFaCgPKJ7x1l_jQ&oe=6931200B;Doğduğum ve büyüdüğüm memleketim, Çilimli’de inşa edilecek olan Merkez Camii’nin temel atma töreninde kıymetli hemşehrilerimiz ile bir araya geldik.  Bu hayırlı eserin şehrimize, Çilimli’ye hayır ve bereket getirmesini diliyor, emeği geçenlere en kalbi şükranlarımı sunuyorum.;
https://www.instagram.com/p/DRICieJCJqH/;Carousel;240;0;0;2025-11-16 20:24:30;https://scontent.cdninstagram.com/v/t51.82787-15/583535969_18430984420107838_5664121133135112175_n.jpg?stp=dst-jpg_e35_tt6&_nc_cat=104&ig_cache_key=Mzc2NzI3MjIzNjAzNDYxMjIyNA%3D%3D.3-ccb7-5&ccb=7-5&_nc_sid=58cdad&efg=eyJ2ZW5jb2RlX3RhZyI6InhwaWRzLjE0NDB4OTYwLnNkci5DMyJ9&_nc_ohc=yKdyaio9WEUQ7kNvwFsX1DY&_nc_oc=AdlHS76W_0sMN48k1ogLHzTwtUJ-bfscv7wG3Vn1S2Dy-QID29VacohpMNKUT8C8xMk&_nc_ad=z-m&_nc_cid=0&_nc_zt=23&_nc_ht=scontent.cdninstagram.com&_nc_gid=3LMQ77atLf8fCL3idYkHEA&oh=00_AfiR8laZa5PLBryXwsoS68WGxjutumXCj64NasDfWcm20w&oe=69312E3A;Düzce Cam Yönetim Kurulu Başkanı, değerli dostum Sayın Kasım Aktaş’ın muhterem validesi Makbule Aktaş’ı son yolculuğuna uğurladık.  Merhume büyüğümüze Allah’tan rahmet, Aktaş ailesi, yakınları ve sevenlerine başsağlığı, sabırlar diliyorum. Mekanı cennet olsun.;
https://www.instagram.com/p/DRHewyeCBiI/;Carousel;245;1;0;2025-11-16 15:11:53;https://scontent.cdninstagram.com/v/t51.82787-15/582268817_18430948633107838_7408972923694118573_n.jpg?stp=dst-jpg_e35_tt6&_nc_cat=107&ig_cache_key=Mzc2NzExNDg4Nzc2ODYwNjE2MQ%3D%3D.3-ccb7-5&ccb=7-5&_nc_sid=58cdad&efg=eyJ2ZW5jb2RlX3RhZyI6InhwaWRzLjE0NDB4OTYwLnNkci5DMyJ9&_nc_ohc=ZgXxxHQ5ILQQ7kNvwEvbRKG&_nc_oc=Adnl4h4GDJ5PPNL1HEh-PzN8S7e1IJFyN_W_9mxdpMri2IAD8AsgIMNMzrvpkCTXjn0&_nc_ad=z-m&_nc_cid=0&_nc_zt=23&_nc_ht=scontent.cdninstagram.com&_nc_gid=3LMQ77atLf8fCL3idYkHEA&oh=00_Afh5DSZTrHAIbOrpa621ditDU1_Af5QcQjpV6_qPF_0NEQ&oe=69310EA9;Değerli hemşehrimiz Sayın Yasemin Karslıoğlu’nun ev sahipliğinde Düzce’mizin tarihini konu alan ve çekimleri ilimizde yapılması planlanan uzun metraj film çalışması ekibiyle bir araya geldik.  Değerli akademisyen misafirlerimize ve ev sahibi Yasemin hanıma teşekkür ediyor, başarılar diliyorum.;
https://www.instagram.com/p/DRHHqQPCO1e/;Reels;716;13;29379;2025-11-16 11:52:00;https://scontent.cdninstagram.com/v/t51.71878-15/582541657_811606664986456_2328265619313972917_n.jpg?stp=dst-jpg_e15_tt6&_nc_cat=102&ig_cache_key=Mzc2NzAxMzMwMzI5NDQyMjM2Ng%3D%3D.3-ccb7-5&ccb=7-5&_nc_sid=58cdad&efg=eyJ2ZW5jb2RlX3RhZyI6InhwaWRzLjY0MHgxMTM2LnNkci5DMyJ9&_nc_ohc=mqhFNPNIpuMQ7kNvwENr0eF&_nc_oc=Adk-6uQqa1RiXncqRAL3IF68rQeP5ADKFHOX5Yp-Yi8N3bQTBh_HCqhlYVZPQIH6JtI&_nc_ad=z-m&_nc_cid=0&_nc_zt=23&_nc_ht=scontent.cdninstagram.com&_nc_gid=3LMQ77atLf8fCL3idYkHEA&oh=00_AfjutetQxnwluQqc2Wk9LCw8JfWD7PkGFMnK64U0ISFZPA&oe=69310C66;Binlerce yıl önce Roma’lıların medeniyet inşa ettiği Konuralp’e bugün biz sahip çıkıyoruz.  Bu muhteşem güzelliği tarih mirasına kazandırmanın gururunu yaşıyoruz.  #SevdamızDüzce #KonuralpAntikKenti;
https://www.instagram.com/p/DRFvZPmCH-g/;Photo;125;0;0;2025-11-15 22:58:44;https://scontent.cdninstagram.com/v/t51.82787-15/581086636_18430868062107838_2558676769871321314_n.jpg?stp=dst-jpg_e35_tt6&_nc_cat=102&ig_cache_key=Mzc2NjYyNTEwNjI4MjQ0Njc1Mg%3D%3D.3-ccb7-5&ccb=7-5&_nc_sid=58cdad&efg=eyJ2ZW5jb2RlX3RhZyI6InhwaWRzLjEzNDd4MTY3OS5zZHIuQzMifQ%3D%3D&_nc_ohc=cV-NMlJvfYgQ7kNvwGGVwFc&_nc_oc=AdkEwEYQuXu06_jlXBz4TOBcdQHiK1IUW1KlH7BaCElvRHiWGQbfj2Fs4wP07W5-Nwo&_nc_ad=z-m&_nc_cid=0&_nc_zt=23&_nc_ht=scontent.cdninstagram.com&_nc_gid=3LMQ77atLf8fCL3idYkHEA&oh=00_AfhlqMUC2USCeqEkXIzaZ7FiKuuClCw8MSc6t85xB8jK8g&oe=69310ECF;Dünya Kupası Avrupa Elemeleri’nde Bulgaristan’ı 2-0 mağlup eden A Milli Futbol Takımı’mızı, teknik ekibi ve yöneticilerini kutluyorum.  Tebrikler #BizimÇocuklar;
https://www.instagram.com/p/DRFn9nRiHrb/;Photo;214;0;0;2025-11-15 21:53:48;https://scontent.cdninstagram.com/v/t51.82787-15/584030590_18430862626107838_437049165328015353_n.jpg?stp=dst-jpg_e35_tt6&_nc_cat=110&ig_cache_key=Mzc2NjU5MjQyMTIzNzM5MDA0Mw%3D%3D.3-ccb7-5&ccb=7-5&_nc_sid=58cdad&efg=eyJ2ZW5jb2RlX3RhZyI6InhwaWRzLjE0NDB4MTA4MC5zZHIuQzMifQ%3D%3D&_nc_ohc=ekxWk8DMWgYQ7kNvwHwwXkz&_nc_oc=Adl31EHDdz57K2u_krhGCcGNWyREOLTY-Wmb4uw5rlAR_YmZiA0S6blibLu7_mTO7lw&_nc_ad=z-m&_nc_cid=0&_nc_zt=23&_nc_ht=scontent.cdninstagram.com&_nc_gid=3LMQ77atLf8fCL3idYkHEA&oh=00_AfgWMCzKC0WMcOVzIfmkTwi3pCGLpn1VkPOtixONRRRMDA&oe=6930FFD4;Iğdır Üniversitesi ile iş birliği halinde yürüttüğümüz proje kapsamında gönüllü hanım kardeşlerimiz ile bir araya geldik.  Şehrimizde böyle farkındalık amaçlı bir girişime destek veren Iğdır Üniversitesi Öğretim Üyesi Prof. Dr. Gökhan Çalışkan, değerli çalışma arkadaşlarıma ve gönüllülere çok teşekkür ediyorum.;
https://www.instagram.com/p/DRE9p9PCLNH/;Photo;201;3;0;2025-11-15 15:44:07;https://scontent.cdninstagram.com/v/t51.82787-15/580515652_18430823560107838_3162431410435723769_n.jpg?stp=dst-jpg_e35_tt6&_nc_cat=104&ig_cache_key=Mzc2NjQwNjM1MjQ3NDc4MDQ4Nw%3D%3D.3-ccb7-5&ccb=7-5&_nc_sid=58cdad&efg=eyJ2ZW5jb2RlX3RhZyI6InhwaWRzLjE0NDB4OTU5LnNkci5DMyJ9&_nc_ohc=pOU6FfiidMAQ7kNvwGUomwj&_nc_oc=AdkUE4ByCtiT7q02rOjVoVikhki3mBKX2Bp3UZ9WpXEzHtHhokrrSiXRhsRFcbXpjK8&_nc_ad=z-m&_nc_cid=0&_nc_zt=23&_nc_ht=scontent.cdninstagram.com&_nc_gid=3LMQ77atLf8fCL3idYkHEA&oh=00_AfjuvnzCyzX_nF-8ev1K4NrL704iZ0jWAuRaEiufO8TdkA&oe=69310534;Kıymetli çalışma arkadaşımız Sayın Mustafa Denizli’nin Düzce Üniversitesi’ne öğretim görevlisi olarak atanmasından memnuniyet duydum.  Bugüne kadar kurumumuza yaptığı katkılar için kendisine teşekkür ediyor, yeni görevinde başarılar diliyorum.;
https://www.instagram.com/p/DRDBGSJCM97/;Reels;244;3;10340;2025-11-14 21:37:17;https://scontent.cdninstagram.com/v/t51.71878-15/565339875_815805208034742_8705783034109214894_n.jpg?stp=dst-jpg_e15_tt6&_nc_cat=105&ig_cache_key=Mzc2NTg1ODU0MzI1NDE2MzMyMw%3D%3D.3-ccb7-5&ccb=7-5&_nc_sid=58cdad&efg=eyJ2ZW5jb2RlX3RhZyI6InhwaWRzLjY0MHgxMTM2LnNkci5DMyJ9&_nc_ohc=HsN8Nq9cw_EQ7kNvwFNiho4&_nc_oc=Adl2lc0rkEbhz1UC9sFbHhoF5H7CGgbpt5Iidk7x4EfMOdDPtM1ref_vVKlzDbIDRUk&_nc_ad=z-m&_nc_cid=0&_nc_zt=23&_nc_ht=scontent.cdninstagram.com&_nc_gid=3LMQ77atLf8fCL3idYkHEA&oh=00_Afjzl7O_uLCO1eegSfx5MS0PSjXjgX0wTeRoACu6slq4Tw&oe=69312975;Dünya mirasının en güzel örneklerinden biri olan, Hellenistik, Roma, Bizans ve Osmanlı medeniyetlerini bir arada görebileceğiniz antik tiyatro, Düzce’de bulunmaktadır. Bu eşsiz güzelliği ziyaret edin ve Düzce’ye gelerek bu mutluluğu yaşayın.  One of the most beautiful examples of world heritage, where you can see the civilizations of Hellenistic, Roman, Byzantine, and Ottoman all together, is the ancient theater in Düzce. Visit this unique beauty and experience happiness by coming to Düzce.  #Tarih #History #Antik #Ancient #Tiyatro #Theatre #Düzce #KonuralpAntikTiyatro;
https://www.instagram.com/p/DRB0E_8iIGH/;Photo;86;1;0;2025-11-14 10:22:42;https://scontent.cdninstagram.com/v/t51.82787-15/582445730_18430679026107838_1247773466217911112_n.jpg?stp=dst-jpg_e35_tt6&_nc_cat=100&ig_cache_key=Mzc2NTUxOTgwNTQxNjI0MzU5MQ%3D%3D.3-ccb7-5&ccb=7-5&_nc_sid=58cdad&efg=eyJ2ZW5jb2RlX3RhZyI6InhwaWRzLjE0NDB4MTcxOC5zZHIuQzMifQ%3D%3D&_nc_ohc=IMZWEgGEM7UQ7kNvwFv0pqa&_nc_oc=AdkVkpMxEAkvORwBns_PR84CuwobLLsY0O4YJw6WuzV5JUz1azHv79hEGWGop7mgkhw&_nc_ad=z-m&_nc_cid=0&_nc_zt=23&_nc_ht=scontent.cdninstagram.com&_nc_gid=3LMQ77atLf8fCL3idYkHEA&oh=00_Afji3P_W8okQiPN5g2ZBX1vLSIpvbvSavApY9avTa9sCvg&oe=693103AD;Rahmet ve bereketin oluk oluk dünyaya ihsan edildiği bu mübarek günde tüm dualarımız kabul olsun inşallah.  #HayırlıCumalar;
https://www.instagram.com/p/DRBpz7QiIlD/;Carousel;264;0;0;2025-11-14 08:52:59;https://scontent.cdninstagram.com/v/t51.82787-15/581005561_18430672834107838_1874843150463907788_n.jpg?stp=dst-jpg_e35_tt6&_nc_cat=102&ig_cache_key=Mzc2NTQ3NDYzMjM3NjMxNjcxMA%3D%3D.3-ccb7-5&ccb=7-5&_nc_sid=58cdad&efg=eyJ2ZW5jb2RlX3RhZyI6InhwaWRzLjE0NDB4OTYwLnNkci5DMyJ9&_nc_ohc=knrO9Hmf_coQ7kNvwEOLMmY&_nc_oc=AdnSfYRANKikcIVzR4hyplNkL4F5C1NCmOJm5jIT_6Q58XjbvS3MxhiDsVuKkztV9Ww&_nc_ad=z-m&_nc_cid=0&_nc_zt=23&_nc_ht=scontent.cdninstagram.com&_nc_gid=3LMQ77atLf8fCL3idYkHEA&oh=00_AfiaX33Q69gUN2IHmhlYTwuXjwz3fe9NnJXiqI0pvd9gyw&oe=6931222F;Eski AK Parti Düzce Kadın Kolları Başkanımız Sayın Sebahat Uçar’ın kızı Şeyma ve Bilal’in dünya saadetlerine şahitlik ettik.  Gençlere bir ömür mutluluk diliyor, Uçar ve Keleş ailelerine tebriklerimi iletiyorum. Hayırlı, uğurlu olsun.;
https://www.instagram.com/p/DRAOy-CiOK6/;Carousel;202;1;0;2025-11-13 19:37:41;https://scontent.cdninstagram.com/v/t51.82787-15/580941574_18430613113107838_5515532315949103208_n.jpg?stp=dst-jpg_e35_tt6&_nc_cat=107&ig_cache_key=Mzc2NTA3NDM0NDM3NzEwNzM1Nw%3D%3D.3-ccb7-5&ccb=7-5&_nc_sid=58cdad&efg=eyJ2ZW5jb2RlX3RhZyI6InhwaWRzLjE0NDB4OTYwLnNkci5DMyJ9&_nc_ohc=FM6T7__5ixYQ7kNvwFv6jPB&_nc_oc=Admxj0sFXiUshv8bQpJEa5Rv9BLn45GNFuw0dYlb-V607d1JeVMkrD4rD8eTaFAPmKE&_nc_ad=z-m&_nc_cid=0&_nc_zt=23&_nc_ht=scontent.cdninstagram.com&_nc_gid=gMqcWpY0qiko3oN2MMpEQA&oh=00_Afh0e782A-bhBE-vRG-rAHfIAuKCAzFXW95suYaOWL_s0Q&oe=69310FC1;Bugün bir araya gelerek hasbihal etmekten memnuniyet duyduğum birbirinden değerli hemşehrilerime teşekkür ediyor, çalışmalarında başarılar diliyorum.  📌Düzce’mizin değerli eşraflarından Sayın Önder Tonyalı 📌Düzce İdare Mahkemesi Başkanı Sayın Ahmet Akif Demir 📌Düzce Vali Yardımcılığı’na atanan Sayın Mustafa Kılıç;
https://www.instagram.com/p/DQ_jZXvDTHZ/;Carousel;260;1;0;2025-11-13 13:18:27;https://scontent.cdninstagram.com/v/t51.82787-15/582527015_18430574962107838_752816461788470146_n.jpg?stp=dst-jpg_e35_tt6&_nc_cat=108&ig_cache_key=Mzc2NDg4MzQ4MTk2MTUyMDUwOQ%3D%3D.3-ccb7-5&ccb=7-5&_nc_sid=58cdad&efg=eyJ2ZW5jb2RlX3RhZyI6InhwaWRzLjE0NDB4OTYwLnNkci5DMyJ9&_nc_ohc=XIYUvDDLllsQ7kNvwEMg-ay&_nc_oc=AdmOQZ4iR7c4rzGxnKRLRdH1tNhEoLbAfZq6Ptk8ukFcnpEjk8-JPWcScgs2qubyXCU&_nc_ad=z-m&_nc_cid=0&_nc_zt=23&_nc_ht=scontent.cdninstagram.com&_nc_gid=gMqcWpY0qiko3oN2MMpEQA&oh=00_AfiSyP0POsuTSocazPIxDEMP_ZA7Tmh0V8eazLV9jX4UQA&oe=6931049A;Düzce Cumhuriyet Başsavcısı Sayın Yasin Emre’yi ziyaret ederek sohbet ettik.  Kendisine teşekkür ediyor, çalışmalarında üstün başarılar diliyorum.;
https://www.instagram.com/p/DQ9z5utjWrQ/;Photo;130;3;0;2025-11-12 21:04:12;https://scontent.cdninstagram.com/v/t51.82787-15/582498795_18430387519107838_8693519693794967148_n.jpg?stp=dst-jpg_e35_tt6&_nc_cat=107&ig_cache_key=Mzc2NDM5MzEzMTA5MDIwOTQ4OA%3D%3D.3-ccb7-5&ccb=7-5&_nc_sid=58cdad&efg=eyJ2ZW5jb2RlX3RhZyI6InhwaWRzLjExNTN4MTUzOC5zZHIuQzMifQ%3D%3D&_nc_ohc=EwZhVCd_mi4Q7kNvwGJHjrC&_nc_oc=AdnSr_-D87MpIDeMbJxybwrGZuOu3lI2UwsHtXAkJB81zGI14EccpP_D_Rq6o1k3B4E&_nc_ad=z-m&_nc_cid=0&_nc_zt=23&_nc_ht=scontent.cdninstagram.com&_nc_gid=gMqcWpY0qiko3oN2MMpEQA&oh=00_AfggyZe_Wz5_PdjDG8cfgb5bsKs90VTzBC2w-GA_E1176Q&oe=693126CD;Türk Sanat Müziğinin kıymetli ismi, altın sesi Muazzez Abacı’ya Allah’tan rahmet, ailesine, sevenlerine, sanat camiasına başsağlığı diliyorum.;
https://www.instagram.com/p/DQ9SoTjCDkY/;Reels;177;2;14858;2025-11-12 16:14:21;https://scontent.cdninstagram.com/v/t51.71878-15/580702161_1352069472431128_5850501724208894433_n.jpg?stp=dst-jpg_e15_tt6&_nc_cat=106&ig_cache_key=Mzc2NDI0Njc5ODE1NjcwODEyMA%3D%3D.3-ccb7-5&ccb=7-5&_nc_sid=58cdad&efg=eyJ2ZW5jb2RlX3RhZyI6InhwaWRzLjY0MHgxMTM2LnNkci5DMyJ9&_nc_ohc=SfemM_EEqpcQ7kNvwGbeIy6&_nc_oc=AdmR8DTlVm6WdBZQPPYsO1zwvTntgZFZ8yxTLDdgpF6TN3NASEtqzTVFATgp1FqKGpY&_nc_ad=z-m&_nc_cid=0&_nc_zt=23&_nc_ht=scontent.cdninstagram.com&_nc_gid=gMqcWpY0qiko3oN2MMpEQA&oh=00_AfgjsBy3xzwP-gW7Mk0LnVwCS07Aj9kylYBaoy4q7L8BQQ&oe=69310C18;"Afet bilincinin artırılmasına yönelik atılacak her adıma desteğimiz daima sürecek.  Düzce; afetlere karşı bilinçli, dirençli ve örnek bir kenttir.  #BilinçliToplumDirençliŞehir";
https://www.instagram.com/p/DQ9IQ0cCEj9/;Carousel;137;0;0;2025-11-12 14:42:52;https://scontent.cdninstagram.com/v/t51.82787-15/576554365_18430179592107838_4063247261344533542_n.jpg?stp=dst-jpg_e35_tt6&_nc_cat=109&ig_cache_key=Mzc2NDIwMTE4NzUxNjYzNzY2OQ%3D%3D.3-ccb7-5&ccb=7-5&_nc_sid=58cdad&efg=eyJ2ZW5jb2RlX3RhZyI6InhwaWRzLjEwMDB4NjY2LnNkci5DMyJ9&_nc_ohc=m_YRZUPn0RUQ7kNvwGW6eOl&_nc_oc=AdmoIRebGa6bRcH3y9GPEGglpHCwdUx16TnWAt-LX7JS92_cOiVQYtGwvfyhbbCwVi8&_nc_ad=z-m&_nc_cid=0&_nc_zt=23&_nc_ht=scontent.cdninstagram.com&_nc_gid=gMqcWpY0qiko3oN2MMpEQA&oh=00_AfgJNClU2SOFz4FlTnUw7FSdTsQyUyMtNRG6irwYPK9NpQ&oe=69311672;Genel Başkan Yardımcımız, Yerel Yönetimler Başkanımız ve İstanbul Milletvekilimiz Sayın Mustafa Demir başkanlığında belediye başkanları olarak bir araya geldik.  Hizmet siyasetinin neferi olmaktan gurur duyduğumuz AK Parti’mizin çatısı altında milletimiz için çalışmaya devam edeceğiz.;
https://www.instagram.com/p/DQ8utuSiM5x/;Carousel;342;2;0;2025-11-12 10:59:38;https://scontent.cdninstagram.com/v/t51.82787-15/581548573_18430101565107838_8022901581894089361_n.jpg?stp=dst-jpg_e35_tt6&_nc_cat=101&ig_cache_key=Mzc2NDA4ODgxMzg4MzI3Njg4MA%3D%3D.3-ccb7-5&ccb=7-5&_nc_sid=58cdad&efg=eyJ2ZW5jb2RlX3RhZyI6InhwaWRzLjEwNjV4NzEwLnNkci5DMyJ9&_nc_ohc=BSPdCse4gV0Q7kNvwETs2JW&_nc_oc=AdmOyCjur9k_jyD4meYF9ojecqCOg8hXMw4cA_dvvToM6MMHB0i3XoKLoWnLr6xZz6U&_nc_ad=z-m&_nc_cid=0&_nc_zt=23&_nc_ht=scontent.cdninstagram.com&_nc_gid=gMqcWpY0qiko3oN2MMpEQA&oh=00_AfgsAm3wEm7TRDFxi0V8553hy_697rHkBk1etiWHTeLDUg&oe=693104DD;Konuralp Hypium Otel ev sahipliğinde belediye meclisimizin çok kıymetli üyelerini ağırladık.  Şehrimizin inşa ve ihyası için canla, başla çalışmaya devam edeceğiz.;
https://www.instagram.com/p/DQ7hTByiPU4/;Reels;420;5;20137;2025-11-11 23:46:41;https://scontent.cdninstagram.com/v/t51.71878-15/581775047_24950796214547393_1503280248710746082_n.jpg?stp=dst-jpg_e15_tt6&_nc_cat=104&ig_cache_key=Mzc2Mzc0ODM1NjcyNDY4NDA4OA%3D%3D.3-ccb7-5&ccb=7-5&_nc_sid=58cdad&efg=eyJ2ZW5jb2RlX3RhZyI6InhwaWRzLjY0MHgzNjAuc2RyLkMzIn0%3D&_nc_ohc=wVZQvtFEAwwQ7kNvwHCW1WJ&_nc_oc=AdmpV80xBYWciYQm8Tvz_yk_X9e5YK4VUlcKTvNjZmWWdVcYelm2sF_-_vDMDeiATpc&_nc_ad=z-m&_nc_cid=0&_nc_zt=23&_nc_ht=scontent.cdninstagram.com&_nc_gid=gMqcWpY0qiko3oN2MMpEQA&oh=00_AficqN-qALSZF7Ywz47VovGlGMsFElY6TbW5LWlOZqV5fQ&oe=69311C2C;O gün neler yaşandı, nasıl bir acının içinden yepyeni bir Düzce inşa oldu?  12 Kasım 1999 Düzce Depremi’ni dönemin basın emekçisi kardeşlerimizden dinleyelim. #12Kasım1999  ▶️ 2. Bölüm;
https://www.instagram.com/p/DQ7TRAtCP-E/;Reels;958;16;45737;2025-11-11 21:44:12;https://scontent.cdninstagram.com/v/t51.71878-15/579885134_830449239707309_5928028821813946374_n.jpg?stp=dst-jpg_e15_tt6&_nc_cat=111&ig_cache_key=Mzc2MzY4NjY0NTQ2ODU2MTI4NA%3D%3D.3-ccb7-5&ccb=7-5&_nc_sid=58cdad&efg=eyJ2ZW5jb2RlX3RhZyI6InhwaWRzLjY0MHgzNjAuc2RyLkMzIn0%3D&_nc_ohc=wHB8bq_1mkoQ7kNvwEdMUeD&_nc_oc=AdkWrC0aOhsKiGDOqAa8KbF_zNA1IBdUZTxtRKl7vkjyqeC511iY5JSqgleaCosPzpE&_nc_ad=z-m&_nc_cid=0&_nc_zt=23&_nc_ht=scontent.cdninstagram.com&_nc_gid=gMqcWpY0qiko3oN2MMpEQA&oh=00_AfhcZlTchvKNc64mPHjRZpyABHey7ZveBI3JKfJtCPllqg&oe=693106D0;12 Kasım 1999 Düzce Deprem’ini, en yakın tanıklarından, Düzce’mizin emektar basın temsilcilerinden dinleyelim. Kaybettiklerimize rahmet olsun, Allah Düzce’mizi, ülkemizi ve aziz milletimizi korusun, bir daha yaşatmasın. #12Kasım1999  ▶️1. Bölüm;
https://www.instagram.com/p/DQ7KqolCCC6/;Carousel;298;1;0;2025-11-11 20:25:24;https://scontent.cdninstagram.com/v/t51.82787-15/576093438_18429904663107838_711072101740907734_n.jpg?stp=dst-jpg_e35_tt6&_nc_cat=110&ig_cache_key=Mzc2MzY0ODgwMzUyNjY5NjIyOQ%3D%3D.3-ccb7-5&ccb=7-5&_nc_sid=58cdad&efg=eyJ2ZW5jb2RlX3RhZyI6InhwaWRzLjE0NDB4OTYwLnNkci5DMyJ9&_nc_ohc=n3xGBcLK1vAQ7kNvwEUtgg6&_nc_oc=AdnYbHNIWp42zucIsP2NxZ8C9kaZMDn-WM-QMiKt1R3yl-Olg5Ws6ZipqkRv695ztUg&_nc_ad=z-m&_nc_cid=0&_nc_zt=23&_nc_ht=scontent.cdninstagram.com&_nc_gid=gMqcWpY0qiko3oN2MMpEQA&oh=00_AfjiiHJD6uF6V7Def88qBxydEAaAn7J2f8wCL_9SW6Fd3w&oe=693121E6;Bugün katıldığımız programlar ve görüşmeler ile Düzce’mize çok yönlü katkı sağlayacak önemli çalışmalar yaptık. Değerli konuklarımıza teşekkür ediyor, çalışmalarında başarılar diliyorum.  📌Pekintaş Yönetim Kurulu Başkanı Sayın Özhan Olcay ile Konuralp Antik Kenti ziyaretimiz ve Pekintaş P-Tech Solar Cell Technology şantiyesi 📌Afetlerde Gönüllülük ve Liderlik Sempozyumu 📌Konuralp Antik Tiyatro Restorasyon Projesi Değerlendirme Toplantısı;
https://www.instagram.com/p/DQ6-cS8COM7/;Photo;125;0;0;2025-11-11 18:38:35;https://scontent.cdninstagram.com/v/t51.82787-15/580698594_18429893680107838_3966464782828470470_n.jpg?stp=dst-jpg_e35_tt6&_nc_cat=105&ig_cache_key=Mzc2MzU5NTA2MTk4NTA3NjAyNw%3D%3D.3-ccb7-5&ccb=7-5&_nc_sid=58cdad&efg=eyJ2ZW5jb2RlX3RhZyI6InhwaWRzLjEzMjB4ODAxLnNkci5DMyJ9&_nc_ohc=xDxSUbANckAQ7kNvwFkQR62&_nc_oc=AdnN-o2nnlI64p02Yz502EXQUKwhi3jttdlT21BPQ7gO0VPNomrPIJG4qxkG5LopMI8&_nc_ad=z-m&_nc_cid=0&_nc_zt=23&_nc_ht=scontent.cdninstagram.com&_nc_gid=gMqcWpY0qiko3oN2MMpEQA&oh=00_AfgCDF563u6NNtWTXuw1EmZHotKX7KYU2T_FD_JzeN9R_w&oe=69311B96;Türk Silahlı Kuvvetleri’mize ait kargo uçağının Azerbaycan’dan yurda dönüşü sırasında Gürcistan’a düştüğü haberini üzüntü ile öğrendim.  Kaza sonucu şehadete yürüyen askerlerimize Allah’tan rahmet, aziz milletimize başsağlığı, sabırlar diliyorum.;
https://www.instagram.com/p/DQ4-C5GiNby/;Reels;232;4;13486;2025-11-10 23:57:11;https://scontent.cdninstagram.com/v/t51.71878-15/579991082_818765757451210_5565678947482740365_n.jpg?stp=dst-jpg_e15_tt6&_nc_cat=108&ig_cache_key=Mzc2MzAzMDM2NjMwMzYwNjUxNA%3D%3D.3-ccb7-5&ccb=7-5&_nc_sid=58cdad&efg=eyJ2ZW5jb2RlX3RhZyI6InhwaWRzLjY0MHgxMTM2LnNkci5DMyJ9&_nc_ohc=GXCYC1J4XykQ7kNvwEYAz4r&_nc_oc=AdnQeNK_GbGuxQ7TP-g2Y2n-MC-nh1X-ihEtIhrAeLy_048WtqZ6PjGZYTvymG53g9U&_nc_ad=z-m&_nc_cid=0&_nc_zt=23&_nc_ht=scontent.cdninstagram.com&_nc_gid=gMqcWpY0qiko3oN2MMpEQA&oh=00_AfhKJ7Kykzdsol4U72TeV-YBauceSPlITNe2vHpEhkauTA&oe=69313090;"Yaklaşık 5 yıldır sürdürdüğümüz kazılar sonucunda Konuralp Antik Tiyatrosunu gün ışığına çıkardık.   Çabalarımız karşılık bulmaya başladı. Sadece yakın çevremizden değil, ülkemizin her yerinden vatandaşlarımız Konuralp’e büyük ilgi göstermeye başladı.   Konuralp Antik Kentinde bu hafta sonu yani Cumartesi ve Pazar günü 12 bin ziyaretçiyi ağırladık.  Konuralp Antik Kenti ve Tiyatrosunu ziyaret eden 12 bin vatandaşımıza teşekkür ediyorum.  Yürekten inanıyorum ki; büyük emek ve gayretimizin sonucunda Konuralp Batı Karadeniz’in en önemli destinasyon merkezi olacak. Şimdiden hayırlı olsun. #Antik #Tiyatro #Düzce";
https://www.instagram.com/p/DQ4xBk8iNzV/;Carousel;210;0;0;2025-11-10 22:02:51;https://scontent.cdninstagram.com/v/t51.82787-15/580635005_18429658546107838_864592208346157610_n.jpg?stp=dst-jpg_e35_tt6&_nc_cat=104&ig_cache_key=Mzc2Mjk3MzA4MjQ4NzY2NjIzMg%3D%3D.3-ccb7-5&ccb=7-5&_nc_sid=58cdad&efg=eyJ2ZW5jb2RlX3RhZyI6InhwaWRzLjE0NDB4OTYwLnNkci5DMyJ9&_nc_ohc=74REmpHGirMQ7kNvwG1Zrrq&_nc_oc=AdntzYwB0CxgeofvQfyxWD2thygla61GWbGtG8ut911XdcOv1v-OK0AC3J1oeS7ebXQ&_nc_ad=z-m&_nc_cid=0&_nc_zt=23&_nc_ht=scontent.cdninstagram.com&_nc_gid=gMqcWpY0qiko3oN2MMpEQA&oh=00_AfiK2xRt7VX-YbgCzW8EoCwEnaBDsNlO1PRmCujkCeut_A&oe=69310A26;Bugün bir araya gelerek hasbihal etmekten memnuniyet duyduğum birbirinden değerli misafirlerimize teşekkür ediyor, çalışmalarında başarılar diliyorum.  📌Düzce TSO Meclis Başkanı, değerli dostum Sayın Tanju Acar 📌Gürcistan Ankara Büyükelçisi Sayın Archil Kalandia 📌Anadolu Ajansı Düzce Temsilcisi Sayın Ömer Ürer ile 12 Kasım Düzce Depremi röportajı 📌DÜ Rektörü Sayın Prof. Dr. Nedim Sözbir 📌Değerli Kardeşim Yiğit Efe Yıldız 📌DHA Düzce Ofisi ile 12 Kasım Düzce Depremi röportajı;
https://www.instagram.com/p/DQ3e__3iGtW/;Reels;226;4;9283;2025-11-10 10:08:20;https://scontent-ham3-1.cdninstagram.com/v/t51.71878-15/579682636_25868868279383139_1896037982108204886_n.jpg?stp=dst-jpg_e15_tt6&_nc_cat=100&ig_cache_key=Mzc2MjYxMjM1Mjk5MTEyODQwNg%3D%3D.3-ccb7-5&ccb=7-5&_nc_sid=58cdad&efg=eyJ2ZW5jb2RlX3RhZyI6InhwaWRzLjY0MHgzNjAuc2RyLkMzIn0%3D&_nc_ohc=EFkPp0xCjhoQ7kNvwERI8EF&_nc_oc=AdnliAnqAfdGtC0kYmcoSNIXiA4LuPpfSXAV3Lq9fH62-ZCgwn9Xo0hqae4CGKaLGW3XJy6xz1n6iS4ij9NE_nOS&_nc_ad=z-m&_nc_cid=0&_nc_zt=23&_nc_ht=scontent-ham3-1.cdninstagram.com&_nc_gid=MDAJA9K6jwjSAEEuvh4awg&oh=00_AfjR4PESiuD-r2GgKydBDxZJ-Tv5Lk0wxQuhNFL0xrLZyg&oe=69312A28;Sevgi, saygı ve minnetle…🖤  #10Kasım #GaziMustafaKemalAtatürk;
https://www.instagram.com/p/DQ3WCB7iPha/;Photo;161;0;0;2025-11-10 08:47:45;https://scontent-ham3-1.cdninstagram.com/v/t51.82787-15/580811933_18429552898107838_6402720624866570209_n.jpg?stp=dst-jpg_e35_tt6&_nc_cat=110&ig_cache_key=Mzc2MjU3MjkxMDIyNjExMDU1NA%3D%3D.3-ccb7-5&ccb=7-5&_nc_sid=58cdad&efg=eyJ2ZW5jb2RlX3RhZyI6InhwaWRzLjEzNDd4MTY3OS5zZHIuQzMifQ%3D%3D&_nc_ohc=jB4fQmPUMcsQ7kNvwEFel1x&_nc_oc=AdkbpmUN-h-KrTi74xHgynBffdYD4tSbrOCAd3NRTaXwO4N-qaGiJs8K62s_I56aWNXw-nbQOH4pQUrRTO6E0_4p&_nc_ad=z-m&_nc_cid=0&_nc_zt=23&_nc_ht=scontent-ham3-1.cdninstagram.com&_nc_gid=MDAJA9K6jwjSAEEuvh4awg&oh=00_AfglTgW_vupXaQL2z6ABRFYVBWPgN_JLGWoH_fV5QyLhvg&oe=693111C3;Cumhuriyet’imizin bânisi, Kurtuluş Savaşı’mızın Başkomutanı Gazi Mustafa Kemal Atatürk’ü vefatının 87. yıl dönümünde saygı, rahmet ve minnetle anıyorum. Şahsı nezdinde tüm şehit ve gazilerimize şükranlarımı sunuyorum.  #10KASIM;
https://www.instagram.com/p/DQzXjvuiLWX/;Reels;237;1;13428;2025-11-08 19:44:39;https://scontent-ham3-1.cdninstagram.com/v/t51.71878-15/579973796_1182036050535393_4655681157539937747_n.jpg?stp=dst-jpg_e15_tt6&_nc_cat=103&ig_cache_key=Mzc2MTQ1MzcyNTI4MjUxNDMyNw%3D%3D.3-ccb7-5&ccb=7-5&_nc_sid=58cdad&efg=eyJ2ZW5jb2RlX3RhZyI6InhwaWRzLjY0MHgzNjAuc2RyLkMzIn0%3D&_nc_ohc=Knb3Pf5Eq6QQ7kNvwEn6ldZ&_nc_oc=AdnLk5Zh7dmXn5hl8j70XxGEY4Pxd1qpMFH-j4H3Z9U9jC5DcqXPaQGxMSOHxmpgJD-0n2yeMGAdOH55r5TaXYrZ&_nc_ad=z-m&_nc_cid=0&_nc_zt=23&_nc_ht=scontent-ham3-1.cdninstagram.com&_nc_gid=MDAJA9K6jwjSAEEuvh4awg&oh=00_Afgha2nUFVGS_aHwDnLQEVLaauRtD1hD_oxY2ZC7vd3_bA&oe=69310FCE;Bizim kanun dışı hiçbir işimiz olamaz. Söz konusu yapı, Roman Koordinasyon ve Aile Danışma Merkezi’dir ve Düzce Valiliği sorumluluğundadır. Bu yapının hayata geçmesine büyük emek veren Eski İçişleri Bakanımız Sayın Süleyman Soylu’ya bir kez daha teşekkür ediyorum.;
https://www.instagram.com/p/DQzAUnfiEAo/;Reels;283;11;9616;2025-11-08 16:22:27;https://scontent-ham3-1.cdninstagram.com/v/t51.71878-15/575309569_1351500909893342_10037074106460987_n.jpg?stp=dst-jpg_e15_tt6&_nc_cat=101&ig_cache_key=Mzc2MTM1MTUzMDU3ODk4NTAwMA%3D%3D.3-ccb7-5&ccb=7-5&_nc_sid=58cdad&efg=eyJ2ZW5jb2RlX3RhZyI6InhwaWRzLjY0MHgzNjAuc2RyLkMzIn0%3D&_nc_ohc=z0Hi116FW8EQ7kNvwHrCUhI&_nc_oc=AdmVzmL3pT0YODVYw5lOaaXxm2vJNlxaUtS5-cZYst5DddZkOhAp_XbN6ZuFmzd3gYAARawkYeZtoCQATPx-uElE&_nc_ad=z-m&_nc_cid=0&_nc_zt=23&_nc_ht=scontent-ham3-1.cdninstagram.com&_nc_gid=MDAJA9K6jwjSAEEuvh4awg&oh=00_AfhxpiUmUxZ-3pB8Y6kQzDxGQIx4qBszGKrKldkZVadIJg&oe=69311BD7;Düzce için 100 Proje yapacağımı söylemiştim. Görev süremizin sonunda inşallah bu 100 projenin 100’ünü de yapmış olacağız.  #SevdamızDüzce #İşinÖzüÇokÇalışmak;
https://www.instagram.com/p/DQyvVtAiNQr/;Reels;398;5;18913;2025-11-08 13:54:02;https://scontent-ham3-1.cdninstagram.com/v/t51.71878-15/571806927_684203854435495_5098927587298012043_n.jpg?stp=dst-jpg_e15_tt6&_nc_cat=110&ig_cache_key=Mzc2MTI3NjgzODQzMDE2ODEwNw%3D%3D.3-ccb7-5&ccb=7-5&_nc_sid=58cdad&efg=eyJ2ZW5jb2RlX3RhZyI6InhwaWRzLjY0MHgzNjAuc2RyLkMzIn0%3D&_nc_ohc=F94uQxwjSV0Q7kNvwH86Guy&_nc_oc=AdnZXXH10Q6m28_C2h5tAv-HPDGO16uWMcRbSOXM1ZWNomfCtzx4LXuFjUd2-btPBIkO0XPKwWwayF0IjTjGN4QD&_nc_ad=z-m&_nc_cid=0&_nc_zt=23&_nc_ht=scontent-ham3-1.cdninstagram.com&_nc_gid=MDAJA9K6jwjSAEEuvh4awg&oh=00_Afj5ZOK52b1K2AaOsOv2UFNtlpKFHa1nHSc6Fm-49dh1Vw&oe=693127C5;Düzce’mizin insanı asildir, bayrağımıza sevgisi ve hassasiyeti bakidir🇹🇷;
https://www.instagram.com/p/DQyi6T5iFgX/;Reels;225;2;10131;2025-11-08 12:07:07;https://scontent-ham3-1.cdninstagram.com/v/t51.71878-15/575422911_1318441786253190_2035616832260693024_n.jpg?stp=dst-jpg_e15_tt6&_nc_cat=104&ig_cache_key=Mzc2MTIyMjE3OTQ4NTE0NTExMQ%3D%3D.3-ccb7-5&ccb=7-5&_nc_sid=58cdad&efg=eyJ2ZW5jb2RlX3RhZyI6InhwaWRzLjY0MHgzNjAuc2RyLkMzIn0%3D&_nc_ohc=N6MCevgueh0Q7kNvwE832ED&_nc_oc=AdnCiUTnen53aGxximyAwfBfd0I-rJOqq3yLHZekQhC31jbGSjQkosrkOHGl9xENWtZKvBLyey4YlWzigx8SzIKG&_nc_ad=z-m&_nc_cid=0&_nc_zt=23&_nc_ht=scontent-ham3-1.cdninstagram.com&_nc_gid=MDAJA9K6jwjSAEEuvh4awg&oh=00_Afhkvra5BtzFBsCinkm5015SWnVR2vA6nt7oZGNUjLs_EA&oe=69312C6E;Türkiye’nin tarihsel kalbi Düzce’de atıyor. #KonuralpAntikKentTiyatrosu;
https://www.instagram.com/p/DQxTmttCERT/;Carousel;210;1;0;2025-11-08 00:31:06;https://scontent-ham3-1.cdninstagram.com/v/t51.82787-15/573830792_18428889091107838_5910267832610552353_n.jpg?stp=dst-jpg_e35_tt6&_nc_cat=104&ig_cache_key=Mzc2MDg3MzM2MjM5MDc4NDEyMA%3D%3D.3-ccb7-5&ccb=7-5&_nc_sid=58cdad&efg=eyJ2ZW5jb2RlX3RhZyI6InhwaWRzLjE0NDB4OTYwLnNkci5DMyJ9&_nc_ohc=1VRSDrTBWXMQ7kNvwFB4s5Z&_nc_oc=AdnvRPmdWO-Y83zmk7rwOl7xxswIIAsZ2hbPO9y_aalrKhtlesxgth3XNgg6dxOMYMo3Danjx43os-r6e8MBROPw&_nc_ad=z-m&_nc_cid=0&_nc_zt=23&_nc_ht=scontent-ham3-1.cdninstagram.com&_nc_gid=MDAJA9K6jwjSAEEuvh4awg&oh=00_AfjlYuwPA1ITtcqKQcdZ_W7WgB17CDJ3OT0ckTMeUMf6AA&oe=69313393;Oyak Genel Müdürü, değerli kardeşim Sn. Prof. Dr. Murat Yalçıntaş beyin şeref konuğu ve konuşmacı olarak katıldığı ülkemizin yetiştirdiği çok değerli iş insanları, akademisyenler ile bu akşam bir araya geldik.  Sn. Murat Yalçıntaş ve değerli katılımcılara ayrı ayrı teşekkür ediyor, şükranlarımı sunuyorum;
https://www.instagram.com/p/DQwqbi5CIQX/;Photo;119;0;0;2025-11-07 18:31:18;https://scontent-ham3-1.cdninstagram.com/v/t51.82787-15/573531598_18428840377107838_3132802464314657034_n.jpg?stp=dst-jpg_e35_tt6&_nc_cat=102&ig_cache_key=Mzc2MDY5MjI5OTY5Nzc4MzgzMQ%3D%3D.3-ccb7-5&ccb=7-5&_nc_sid=58cdad&efg=eyJ2ZW5jb2RlX3RhZyI6InhwaWRzLjE0NDB4MTc5NS5zZHIuQzMifQ%3D%3D&_nc_ohc=I_5lH6H1WLUQ7kNvwEt_Djp&_nc_oc=AdlbaWNFbeD0vskYyUZE-EJd1FHggz_r2US9UHsDT3gqv6gfvnqK7rE-lG02W7XcQr5PaltB0OqNBF2usRbskDVK&_nc_ad=z-m&_nc_cid=0&_nc_zt=23&_nc_ht=scontent-ham3-1.cdninstagram.com&_nc_gid=MDAJA9K6jwjSAEEuvh4awg&oh=00_AfgsLta9sqPJgwo_MsMzkbOazObC2JodUngWGwtT9s1Hzg&oe=6931301D;8 Kasım Cumartesi Saat: 9.15’te Beyaz Tv’de yayınlanan “Uyan Türkiyem” adlı programın canlı yayın konuğu olacağım. İzleminiz dileğiyle, her birinizi en içten duygularımla selamlıyorum.;
https://www.instagram.com/p/DQv8dbZCOz-/;Photo;92;1;0;2025-11-07 11:49:37;https://scontent-ham3-1.cdninstagram.com/v/t51.82787-15/574694765_18428762776107838_9188461046637793866_n.jpg?stp=dst-jpg_e35_tt6&_nc_cat=101&ig_cache_key=Mzc2MDQ5MDExODk0NDE4OTY5NA%3D%3D.3-ccb7-5&ccb=7-5&_nc_sid=58cdad&efg=eyJ2ZW5jb2RlX3RhZyI6InhwaWRzLjE0NDB4MTY4MC5zZHIuQzMifQ%3D%3D&_nc_ohc=JHOVSjt6-2AQ7kNvwEJIeCN&_nc_oc=AdkgnWZtAMkhKFrO9LVuCmMLzLdrgIES_vKh-ixBb8p2moAovsj70k3vA8bkrzAfeBJo7R1QeGc8bqXyv9gdtFVX&_nc_ad=z-m&_nc_cid=0&_nc_zt=23&_nc_ht=scontent-ham3-1.cdninstagram.com&_nc_gid=MDAJA9K6jwjSAEEuvh4awg&oh=00_AfhodbajeiU3cbnokEG6Nr_47jEpWHoKihkZlnZ4gC42Kg&oe=69311324;Rahmet, bereket, huzur hanelerimizden ayrılmasın. Rabb’imiz dualarımızı kabul buyursun.  #HayırlıCumalar;
https://www.instagram.com/p/DQvs8q-CJlM/;Carousel;173;0;0;2025-11-07 09:34:04;https://scontent-ham3-1.cdninstagram.com/v/t51.82787-15/573264048_18428753008107838_5840843517089664340_n.jpg?stp=dst-jpg_e35_tt6&_nc_cat=108&ig_cache_key=Mzc2MDQyMTg3OTI5NTc3ODc3OA%3D%3D.3-ccb7-5&ccb=7-5&_nc_sid=58cdad&efg=eyJ2ZW5jb2RlX3RhZyI6InhwaWRzLjE0NDB4OTYwLnNkci5DMyJ9&_nc_ohc=Nkj1UvroKbUQ7kNvwGINoP9&_nc_oc=AdmMSGm7iHLzoFm9vwK90SlZHWPWjB-7BRGNqJWG7_l3109Z9HsuGqHFprcg3P8vfWcCRqSUqF-YXd15AbmfH3qt&_nc_ad=z-m&_nc_cid=0&_nc_zt=23&_nc_ht=scontent-ham3-1.cdninstagram.com&_nc_gid=MDAJA9K6jwjSAEEuvh4awg&oh=00_Afj0AZtr-NZSfFwDDJ8ihFwkcGwYoeI1x23VMCiKifh-2w&oe=69313590;Trabzon SHIPYARD Tersanesi Genel Müdürü Sayın Hasan Çebin ve İdari İşler Amiri Sayın Seyfettin Çakır’ı ziyaretimizde sektör ve lojistik merkezleri üzerine sohbet ettik.  Kendilerine teşekkür ediyor, başarılarının daim olmasını diliyorum.;
https://www.instagram.com/p/DQuUrM1iHFl/;Carousel;230;1;0;2025-11-06 20:42:44;https://scontent-ham3-1.cdninstagram.com/v/t51.82787-15/573967984_18428660701107838_2979077033269959579_n.jpg?stp=dst-jpg_e35_tt6&_nc_cat=108&ig_cache_key=Mzc2MDAzMzY1NDU3NjMwNjM3Ng%3D%3D.3-ccb7-5&ccb=7-5&_nc_sid=58cdad&efg=eyJ2ZW5jb2RlX3RhZyI6InhwaWRzLjE0NDB4OTYwLnNkci5DMyJ9&_nc_ohc=zP6OWeOmtEMQ7kNvwF980-4&_nc_oc=AdkB98ciqDdnqa-ao9G1W3kF5oUy-GjdjWw2AOtfeFLAjjO5kpyoEJOHdnXQ8TQkIxYyKRZ4duVNmS9g-5GeFQKN&_nc_ad=z-m&_nc_cid=0&_nc_zt=23&_nc_ht=scontent-ham3-1.cdninstagram.com&_nc_gid=MDAJA9K6jwjSAEEuvh4awg&oh=00_AfgLW4qE-w3GTt2JXj9YgUG0GmorvUql64kKttk4Sgr-dw&oe=693101B7;Geçmiş dönemde Düzce’mizde de görev yapmış, Trabzon Cumhuriyet Başsavcısı Sayın Sedat Çelik’e misafir olduk.  Kendisine nazik ev sahipliği için teşekkür ediyor, çalışmalarında başarılar diliyorum.;
https://www.instagram.com/p/DQuKGwRCH2C/;Photo;424;5;0;2025-11-06 19:10:22;https://scontent-ham3-1.cdninstagram.com/v/t51.82787-15/572882322_18428629333107838_4045874732954941468_n.jpg?stp=dst-jpg_e35_tt6&_nc_cat=108&ig_cache_key=Mzc1OTk4NzE4MzUwODI5MDk0Ng%3D%3D.3-ccb7-5&ccb=7-5&_nc_sid=58cdad&efg=eyJ2ZW5jb2RlX3RhZyI6InhwaWRzLjEyMDF4OTgwLnNkci5DMyJ9&_nc_ohc=GhK4qp0ydr0Q7kNvwEK8PRC&_nc_oc=AdmBDKzgJxpScUC1oixr2FFkdrcyMnrLKhvYi3i1NTJ0YkpK8IaCuHu0dk4t8xq4IOiJNW04EpxWzeg5Csftq_mm&_nc_ad=z-m&_nc_cid=0&_nc_zt=23&_nc_ht=scontent-ham3-1.cdninstagram.com&_nc_gid=MDAJA9K6jwjSAEEuvh4awg&oh=00_Afh7wLu1ZbXimkTo4Db0nfFhqw4yxRNEXsvyM6Q2soiSNw&oe=693131CD;🇹🇷  📍30 Nisan 1993 Burdur 58. Er Eğitim Tugayı;
https://www.instagram.com/p/DQt5iJNiCBQ/;Carousel;158;0;0;2025-11-06 16:45:34;https://scontent-fra5-2.cdninstagram.com/v/t51.82787-15/574673088_18428612893107838_5686879382606087306_n.jpg?stp=dst-jpg_e35_tt6&_nc_cat=107&ig_cache_key=Mzc1OTkxNDI4MDY2NjI2OTE4MA%3D%3D.3-ccb7-5&ccb=7-5&_nc_sid=58cdad&efg=eyJ2ZW5jb2RlX3RhZyI6InhwaWRzLjE0NDB4OTYwLnNkci5DMyJ9&_nc_ohc=RgXQE3S-wy4Q7kNvwEaJffc&_nc_oc=Admxi1Bpca4LbY2QaSiq1kAcb4Duk_G8bWVQws2QDLvDhMQmqVIU-rIwfqFYzUYcKII&_nc_ad=z-m&_nc_cid=0&_nc_zt=23&_nc_ht=scontent-fra5-2.cdninstagram.com&_nc_gid=MphvcHZmgLAJv323kEKOlg&oh=00_AfgMBA6C17hXB0V1NOU8fEr7vNrfyZKWUoEvVnGe_l8Qnw&oe=69312A9C;AK Parti Trabzon İl Başkanlığı’nda dava arkadaşlarımız ile bir araya geldik.  Millete hizmet yolunda emek veren tüm kardeşlerimi takdir ve tebrik ediyor, çalışmalarında başarılar diliyorum.;
https://www.instagram.com/p/DQt1NVRCGNy/;Carousel;157;0;0;2025-11-06 16:07:46;https://scontent-fra5-2.cdninstagram.com/v/t51.82787-15/574190486_18428608267107838_8461455268659971012_n.jpg?stp=dst-jpg_e35_tt6&_nc_cat=107&ig_cache_key=Mzc1OTg5NTI1MzU0MTcyMjgxOA%3D%3D.3-ccb7-5&ccb=7-5&_nc_sid=58cdad&efg=eyJ2ZW5jb2RlX3RhZyI6InhwaWRzLjE0NDB4OTYwLnNkci5DMyJ9&_nc_ohc=BoN0-fxTG2kQ7kNvwGEnEfB&_nc_oc=AdnaHvUsmMTSfYRvb9-mYlk_pb7MC93EjPQTg8yTtgZvdGqRGJr-7aiiqyVq5CkPDk0&_nc_ad=z-m&_nc_cid=0&_nc_zt=23&_nc_ht=scontent-fra5-2.cdninstagram.com&_nc_gid=MphvcHZmgLAJv323kEKOlg&oh=00_AfhSXzjVjohg3Fc9k742XN84n_jjGOHrapK6Pkhhv6VCpA&oe=6931055A;Trabzon Büyükşehir Belediye Başkanımız Sayın Av. Ahmet Metin Genç beyefendinin konuğu olduk.   Yerel yönetimler ve belediye hizmetleri konularında fikir teatisinde bulunduk, kendisinin hoşsohbetinden, nazik ev sahipliğinden mutluluk duyduk.  Değerli başkanımıza teşekkür ediyor, çalışmalarında üstün başarılar diliyorum.;
https://www.instagram.com/p/DQtmF-XiPDC/;Carousel;145;0;0;2025-11-06 13:55:41;https://scontent-fra5-1.cdninstagram.com/v/t51.82787-15/573590460_18428594923107838_8313163574462185065_n.jpg?stp=dst-jpg_e35_tt6&_nc_cat=100&ig_cache_key=Mzc1OTgyODc3NjMxNDc3MjQxOQ%3D%3D.3-ccb7-5&ccb=7-5&_nc_sid=58cdad&efg=eyJ2ZW5jb2RlX3RhZyI6InhwaWRzLjEwNzF4NzE3LnNkci5DMyJ9&_nc_ohc=vaW1pOKO0HAQ7kNvwE0pTCJ&_nc_oc=AdnjmkCjZkPYeF-r8b93m7nUAwYgHtD5YLWWNy3rk0pEa0EY7KnuOXIOpfr2gbtcdIQ&_nc_ad=z-m&_nc_cid=0&_nc_zt=23&_nc_ht=scontent-fra5-1.cdninstagram.com&_nc_gid=MphvcHZmgLAJv323kEKOlg&oh=00_AfhVqyzGAWO82Lf6HfbVrpXJHd5lk25_LU9_rVD4ETT2iQ&oe=693116FF;Düzce TSO ve Trabzon TSO arasında imzalanan “Kardeş Şehir Protokolü”ne şahitlik etmekten onur duydum.  Düzce’mize ve Trabzon’a büyük katkı sağlayacak iş birliği projeleri, ortak çalışmaların şimdiden hayırlı, uğurlu olmasını diliyorum. Sayın Erdoğan Bıyık ve Sayın Erkut Çelebi nezdinde her iki kurum ve üyelerini tebrik ediyorum.;
https://www.instagram.com/p/DQtVtKyiGfQ/;Carousel;359;7;0;2025-11-06 11:32:30;https://scontent-fra5-1.cdninstagram.com/v/t51.82787-15/574108662_18428549938107838_8788389873016661930_n.jpg?stp=dst-jpg_e35_tt6&_nc_cat=110&ig_cache_key=Mzc1OTc1NjY5OTYyNDgxNDg1MA%3D%3D.3-ccb7-5&ccb=7-5&_nc_sid=58cdad&efg=eyJ2ZW5jb2RlX3RhZyI6InhwaWRzLjE0NDB4OTYwLnNkci5DMyJ9&_nc_ohc=bNQLbDpkwvkQ7kNvwFEGtMk&_nc_oc=Adl53FVfbCMJczCucNFGCntErSw265LTCnKXQrJJIzPjFwziM3P932Hd349KXzSjkhU&_nc_ad=z-m&_nc_cid=0&_nc_zt=23&_nc_ht=scontent-fra5-1.cdninstagram.com&_nc_gid=MphvcHZmgLAJv323kEKOlg&oh=00_AfjNjjBtQP6FI2mw9SWgDXpKeHAdl_MFUKjSiLqBALha2g&oe=69310EF8;Bugün Karadeniz’in inci şehirlerinden Trabzon’dayız.  Trabzon Valisi, hemşehrimiz Sayın Aziz Yıldırım’a misafir olduk. Hoşsohbet eşliğinde Düzce’mizin selamını ilettik, Trabzon’da olmaktan duyduğumuz memnuniyeti paylaştık.  Değerli valimize teşekkür ediyor, çalışmalarında başarılar diliyorum.  @nurullahcelebi @erdogan.biyik;
https://www.instagram.com/p/DQtPj0kiDp2/;Reels;269;18;19323;2025-11-06 10:39:16;https://scontent-fra5-1.cdninstagram.com/v/t51.71878-15/574764592_1640324920276210_4148272889937681827_n.jpg?stp=dst-jpg_e15_tt6&_nc_cat=100&ig_cache_key=Mzc1OTcyOTY5NjI1MTA2Njk5OA%3D%3D.3-ccb7-5&ccb=7-5&_nc_sid=58cdad&efg=eyJ2ZW5jb2RlX3RhZyI6InhwaWRzLjY0MHgxMTM2LnNkci5DMyJ9&_nc_ohc=47z4xUzq2pQQ7kNvwEYXmAb&_nc_oc=AdmB3zGdh7z9bhFxZ5OHw8ZKNgQCvqMVe2BrfIHsdhq-pvFfyqjJcrsQowpe30yAuEU&_nc_ad=z-m&_nc_cid=0&_nc_zt=23&_nc_ht=scontent-fra5-1.cdninstagram.com&_nc_gid=MphvcHZmgLAJv323kEKOlg&oh=00_AfgM6VI5_RHkC-TJ5wCEkKYFj_x1jS2PxlT9oB1obMOlbA&oe=69312EF4;"Benim ve çok kıymetli dava arkadaşlarım için tek hedef; Düzce’mize yeni bir vizyon kazandırmak, şehrimizi kalkındırmaktır.  📍AK Parti Düzce İl Başkanlığı   #İşinÖzüÇokÇalışmak #SevdamızDüzce";
https://www.instagram.com/p/DQr9JHCiGK-/;Reels;312;1;13815;2025-11-05 22:40:23;https://scontent-fra3-1.cdninstagram.com/v/t51.71878-15/572911242_1170157998405831_4812789434334904152_n.jpg?stp=dst-jpg_e15_tt6&_nc_cat=103&ig_cache_key=Mzc1OTM2NzIyMDg0MTk2NDIyMg%3D%3D.3-ccb7-5&ccb=7-5&_nc_sid=58cdad&efg=eyJ2ZW5jb2RlX3RhZyI6InhwaWRzLjY0MHgxMTM2LnNkci5DMyJ9&_nc_ohc=0cAm__ffUKcQ7kNvwFAIAY5&_nc_oc=AdlHdb9Qr2HGB0eQu_DgX38DNpjLckHw80zPWig-FRizU_iOQyLvLaXGMJ4pvQSBvF4&_nc_ad=z-m&_nc_cid=0&_nc_zt=23&_nc_ht=scontent-fra3-1.cdninstagram.com&_nc_gid=MphvcHZmgLAJv323kEKOlg&oh=00_AfjTi0rxA4-iACkorKWsKcX-sj7noLXsp1_Wf7Nu9O86sw&oe=693118AD;"Sevgiyle işlenen yavrularımız; ümidimiz, büyüyen yarınlarımızdır❤️  📍Düzce İl Müftülüğü | Kültür Mahallesi Kur’an Kursu  #İşinÖzüSevgi #SevdamızDüzce";
https://www.instagram.com/p/DQrxAlDiPvl/;Carousel;173;0;0;2025-11-05 20:52:35;https://scontent-fra3-2.cdninstagram.com/v/t51.82787-15/575296510_18428407360107838_3365092193137819182_n.jpg?stp=dst-jpg_e35_tt6&_nc_cat=111&ig_cache_key=Mzc1OTMxMzgyNjczMTMxMzY0Mw%3D%3D.3-ccb7-5&ccb=7-5&_nc_sid=58cdad&efg=eyJ2ZW5jb2RlX3RhZyI6InhwaWRzLjEwNjV4NzEwLnNkci5DMyJ9&_nc_ohc=1e6nKqQV-IYQ7kNvwHEYss-&_nc_oc=AdkFVRhL2i4b1eI0y9ADWFcgjYBylDPhCN8TwvAd-mr6hkMCiJTbcpH5IZBP5txcuw8&_nc_ad=z-m&_nc_cid=0&_nc_zt=23&_nc_ht=scontent-fra3-2.cdninstagram.com&_nc_gid=MphvcHZmgLAJv323kEKOlg&oh=00_AfhZxGAbbgtrSgUvvXUVR7L07bGC9hG8HBAbG06dbAbI-g&oe=693118EC;Bugün bir araya gelerek hasbihal etmekten memnuniyet duyduğum birbirinden değerli hemşehrilerime teşekkür ediyor, çalışmalarında başarılar diliyorum.  📌İHA Düzce Ofisi ile 12 Kasım Düzce Depremi röportajı 📌Kültür Mahallesi Kur’an Kursu öğretmen ve öğrencileri 📌Beyaz Elmas Pişmaniye Sahibi Ertuğrul Yılmaz ve personeli 📌Ashab-ı Suffe İlim Derneği Erkek Kursu;
https://www.instagram.com/p/DQra6NSCIb7/;Reels;127;1;6719;2025-11-05 17:39:50;https://scontent-fra3-1.cdninstagram.com/v/t51.71878-15/573809371_3737315133068478_5345707127154062304_n.jpg?stp=dst-jpg_e15_tt6&_nc_cat=108&ig_cache_key=Mzc1OTIxNjY2MzE3MDk0MjcxNQ%3D%3D.3-ccb7-5&ccb=7-5&_nc_sid=58cdad&efg=eyJ2ZW5jb2RlX3RhZyI6InhwaWRzLjY0MHgzNjAuc2RyLkMzIn0%3D&_nc_ohc=WC2L3OX1YZ4Q7kNvwHMnA7E&_nc_oc=Adlm5MyjPnkziFK05Ni4jlEcGGUdVkS8dXVhyNxDWz5p_jdPcrCMQamWJjBDcud_BtI&_nc_ad=z-m&_nc_cid=0&_nc_zt=23&_nc_ht=scontent-fra3-1.cdninstagram.com&_nc_gid=MphvcHZmgLAJv323kEKOlg&oh=00_AfgEuG5sieu_G2lPggMy8yIwVgfelFLDJc5ZJVVmhNa9DQ&oe=69311BAB;Düzce tarihinin en büyük içme suyu yatırımını başlattık.  Şehrimizin geleceğini, bugünden inşa ediyoruz.  #İşinÖzüÇokÇalışmak #SevdamızDüzce;
https://www.instagram.com/p/DQrBbEoiKSl/;Reels;190;1;5138;2025-11-05 13:57:22;https://scontent-fra3-2.cdninstagram.com/v/t51.71878-15/572867075_4269471266606606_4990245712596656890_n.jpg?stp=dst-jpg_e15_tt6&_nc_cat=111&ig_cache_key=Mzc1OTEwNDU3MjQxODIwNDgzNw%3D%3D.3-ccb7-5&ccb=7-5&_nc_sid=58cdad&efg=eyJ2ZW5jb2RlX3RhZyI6InhwaWRzLjY0MHgxMTM2LnNkci5DMyJ9&_nc_ohc=Hc8zZuzRs4YQ7kNvwEVheJx&_nc_oc=AdnGaA4MHj5ED4tYbCUIYEZGiUbujf612-RDx2CHlgQOxGmFUcN4o7VlIOP4nqVA3W0&_nc_ad=z-m&_nc_cid=0&_nc_zt=23&_nc_ht=scontent-fra3-2.cdninstagram.com&_nc_gid=MphvcHZmgLAJv323kEKOlg&oh=00_AfjldVwvNSIdR4-ZuL65VoIu8mfiO6Ltb1VvRJbpd_JLQA&oe=69311723;En güzel günde, en özel çocuklarımızla bizi bir araya getiren değerli hemşehrim Sayın Ergün Demir ve kıymetli eşi Sayın Nazire Demir hanımefendiye çok teşekkür ediyorum  📍Hypium Otel | Konuralp;
https://www.instagram.com/p/DQqreRCiMt1/;Reels;258;0;19082;2025-11-05 10:46:35;https://scontent-fra5-1.cdninstagram.com/v/t51.71878-15/573190021_804235372398376_8386367535867376217_n.jpg?stp=dst-jpg_e15_tt6&_nc_cat=110&ig_cache_key=Mzc1OTAwODAzNDg3NDUxMDE5Nw%3D%3D.3-ccb7-5&ccb=7-5&_nc_sid=58cdad&efg=eyJ2ZW5jb2RlX3RhZyI6InhwaWRzLjY0MHgxMTM2LnNkci5DMyJ9&_nc_ohc=heO38rbgUewQ7kNvwEBdSU2&_nc_oc=AdkI3e7jI5KEV9LIKFeCW7VJt0BZ3g6LJujFg-ib37NiX8RNAw-8ie_x2_Ye1OVF9lQ&_nc_ad=z-m&_nc_cid=0&_nc_zt=23&_nc_ht=scontent-fra5-1.cdninstagram.com&_nc_gid=MphvcHZmgLAJv323kEKOlg&oh=00_AfivDI2hq-NkivKVQQBm6Jxm7V9yP4tIpXyXd-MJRBJPdQ&oe=6931288D;Düzce Belediyesi Belka A.Ş. Gündüz Bakımevi’mizde yavrularımıza misafir olduk.  Gözlerindeki ışık, yüzlerindeki gülümseme daim olsun❤️  #İşinÖzüSevgi #SevdamızDüzce;
https://www.instagram.com/p/DQpYvVPiKRH/;Carousel;156;0;0;2025-11-04 22:42:02;https://scontent-fra3-1.cdninstagram.com/v/t51.82787-15/571863832_18428138545107838_1475898653761647402_n.jpg?stp=dst-jpg_e35_tt6&_nc_cat=108&ig_cache_key=Mzc1ODY0NDE1MzczNjAyNzk1MA%3D%3D.3-ccb7-5&ccb=7-5&_nc_sid=58cdad&efg=eyJ2ZW5jb2RlX3RhZyI6InhwaWRzLjE0NDB4OTYwLnNkci5DMyJ9&_nc_ohc=pxDYFr854NYQ7kNvwHH6Ljj&_nc_oc=AdkCia6diCYgOu0WjPCOTEXpAXHvUMRR_iRs3DpRNwxaQTA7ab58mA6thU013XU3IrU&_nc_ad=z-m&_nc_cid=0&_nc_zt=23&_nc_ht=scontent-fra3-1.cdninstagram.com&_nc_gid=MphvcHZmgLAJv323kEKOlg&oh=00_Afg-uUOtlTP-rN4rHbg_h-m9ljKqzbLs4DxHGlyK9n0QjA&oe=693111D5;Değerli kardeşim, dava arkadaşım Ramazan Topal ile birlikte iş insanı Sn. Hızır Ekşi’yi ziyaret ettik. Hoş sohbetleri ve misafirperverliği için Sn. Ekşi’ye teşekkür ediyorum.;
https://www.instagram.com/p/DQpU7pwCM5C/;Carousel;209;0;0;2025-11-04 22:08:46;https://scontent-fra5-2.cdninstagram.com/v/t51.82787-15/571751667_18428135665107838_562169287080244694_n.jpg?stp=dst-jpg_e35_tt6&_nc_cat=106&ig_cache_key=Mzc1ODYyNzQwNDgzMTU1MjExOA%3D%3D.3-ccb7-5&ccb=7-5&_nc_sid=58cdad&efg=eyJ2ZW5jb2RlX3RhZyI6InhwaWRzLjE0NDB4OTYwLnNkci5DMyJ9&_nc_ohc=uHcW7D1qjRoQ7kNvwFQq_6R&_nc_oc=AdnH5pEbDeHsaGFGMBsaDix2iBOhn4ua-gX-uFY-IpHPmSMXRQgWRDoFnxF6I9uiN4c&_nc_ad=z-m&_nc_cid=0&_nc_zt=23&_nc_ht=scontent-fra5-2.cdninstagram.com&_nc_gid=MphvcHZmgLAJv323kEKOlg&oh=00_Afhh0kVHostEN936qCX_9xlC1vqB5ApLYDUpFA9tBweOtQ&oe=69312A5E;Geçtiğimiz günlerde bir araya gelerek hasbihal etmekten memnuniyet duyduğum birbirinden değerli hemşehrilerime teşekkür ediyor, çalışmalarında başarılar diliyorum.  📌MES Makine Sahibi Sayın Nahit Düzyol, eşi Serpil Düzyol ve Arif Ak  📌DÜ Öğretim Üyesi Doç. Dr. Hicran Hamza Çelikyay ve Tübitak Yurtiçi Araştırmacısı Dr. Kübra Yüksel  📌İkmal Albay Abdulvahap Bozkurt  📌Özel Düzce Renkli Eller Anaokulu Öğretmen ve Öğrencileri  📌Güler Uçar hanımefendi ve eşi  📌Düzce Orman Ürünleri Sanayi (DORÜS) Esnafları;
https://www.instagram.com/p/DQpGhfeCK8m/;Reels;250;3;7641;2025-11-04 20:04:40;https://scontent-hou1-1.cdninstagram.com/v/t51.71878-15/571975192_1358969871740837_3960957141965127292_n.jpg?stp=dst-jpg_e15_tt6&_nc_cat=106&ig_cache_key=Mzc1ODU2NDA1MzgyOTA3MDYzMA%3D%3D.3-ccb7-5&ccb=7-5&_nc_sid=58cdad&efg=eyJ2ZW5jb2RlX3RhZyI6InhwaWRzLjY0MHgxMTM2LnNkci5DMyJ9&_nc_ohc=6MF3dIANEPMQ7kNvwHe7vjs&_nc_oc=AdkCksgCBkp22A_YdsR-qNZXbTWN6Kh3yKwLybcEGo6vc6yD34vLt-PbbVeRkmhcXHSBzTUMuacUU_1xwi96-p1P&_nc_ad=z-m&_nc_cid=0&_nc_zt=23&_nc_ht=scontent-hou1-1.cdninstagram.com&_nc_gid=W6yfQZkhhkv_4bRxkwr1Lw&oh=00_AfiGDK8GuzD2bOzGg9CP6Xm02_3tC-SwemtiGaKRqQy6UA&oe=69310587;İş dünyamızın kıymetli temsilcileri MÜSİAD Düzce üyeleri ile Düzce’miz için neler yaptığımızı ve gelecek planlarımızı istişare ettik.  📍Mutfak Sanatları Merkezi  #SevdamızDüzce;
https://www.instagram.com/p/DQozhAEiPYJ/;Reels;2313;47;92311;2025-11-04 17:17:20;https://scontent-hou1-1.cdninstagram.com/v/t51.71878-15/573186555_3788984021403112_884150541757820661_n.jpg?stp=dst-jpg_e15_tt6&_nc_cat=108&ig_cache_key=Mzc1ODQ4MDQ1NzIzMTU2MjI0OQ%3D%3D.3-ccb7-5&ccb=7-5&_nc_sid=58cdad&efg=eyJ2ZW5jb2RlX3RhZyI6InhwaWRzLjY0MHgxMTM2LnNkci5DMyJ9&_nc_ohc=W47zFOhLEAoQ7kNvwHlsuMj&_nc_oc=AdnhKT-VmpyY3_bbMpfKaOn_HkOAaCE53p1e8ZzzTwyWQdweWnoj9yyfzjS-gWfloeqoNQ07vGBX5809UUQycFEi&_nc_ad=z-m&_nc_cid=0&_nc_zt=23&_nc_ht=scontent-hou1-1.cdninstagram.com&_nc_gid=W6yfQZkhhkv_4bRxkwr1Lw&oh=00_AfjKcMeccGd-4wTP_vv9SXF8v3IgWWgiIboJjdhGd64f-A&oe=693133C2;Temiz Şehir Düzce’ye destek çığ gibi büyüyor💚  Evlatlarımıza tertemiz bir gelecek bırakmak için sahadayız, durmadan çalışmaya devam edeceğiz.  📍23 Nisan İlkokulu | Bahçeşehir  #İşinÖzüTemizlik #SevdamızDüzce;
https://www.instagram.com/p/DQou126CJzo/;Reels;286;2;25773;2025-11-04 16:36:26;https://scontent-hou1-1.cdninstagram.com/v/t51.71878-15/572913836_1370312818028453_8396054299685810673_n.jpg?stp=dst-jpg_e15_tt6&_nc_cat=100&ig_cache_key=Mzc1ODQ1OTkwMDI2ODE1ODE4NA%3D%3D.3-ccb7-5&ccb=7-5&_nc_sid=58cdad&efg=eyJ2ZW5jb2RlX3RhZyI6InhwaWRzLjY0MHgxMTM2LnNkci5DMyJ9&_nc_ohc=FoUavsvE3ukQ7kNvwEpzCzo&_nc_oc=AdkP2aLEY4nvGyQzax9x5QWdKCxsk3YCNwYXpdsjRWjZe9F8Iyx4WJaNlZo8EVci7Fz6x-CAo53-FduyrFBKzNdT&_nc_ad=z-m&_nc_cid=0&_nc_zt=23&_nc_ht=scontent-hou1-1.cdninstagram.com&_nc_gid=W6yfQZkhhkv_4bRxkwr1Lw&oh=00_AfjODwcvvkmeIAWcAbNa1je3_glAVBQ3mnRCiWbA1TY52g&oe=6931136E;Bilimle gelişen, araştırarak yarınlarını inşa eden bir nesil için buradayız. Bu merkezi her bir çocuğumuz, gencimiz için inşa ettik.  📍Düzce Bilim Merkezi  #SevdamızDüzce #İşinÖzüBilim;
https://www.instagram.com/p/DQogyzACMfq/;Reels;601;14;39047;2025-11-04 14:33:45;https://scontent-hou1-1.cdninstagram.com/v/t51.71878-15/573562837_1842595049681724_6189882430326962863_n.jpg?stp=dst-jpg_e15_tt6&_nc_cat=100&ig_cache_key=Mzc1ODM5ODExNzI2NDI3OTUzMA%3D%3D.3-ccb7-5&ccb=7-5&_nc_sid=58cdad&efg=eyJ2ZW5jb2RlX3RhZyI6InhwaWRzLjY0MHgxMTM2LnNkci5DMyJ9&_nc_ohc=JFta6SrcAWIQ7kNvwGidAoP&_nc_oc=AdkhXWX8_vyht1MkIAM5yWENp49-GWD5MRZPr1Bk8y6abG2jhGQfA_M7tgfG8FOpfS0iXVu8mflwDd9M8Om6JC6n&_nc_ad=z-m&_nc_cid=0&_nc_zt=23&_nc_ht=scontent-hou1-1.cdninstagram.com&_nc_gid=W6yfQZkhhkv_4bRxkwr1Lw&oh=00_AfgX0mgJZby42v3MNSpOlFpbtBBg2K62Cvq38gpFeksmtg&oe=69310FCE;“Bu meclis, Düzce tarihinin en büyük alt yapı yatırımını gerçekleştirecek. Amacımız yepyeni bir şehir inşa etmektir.”  📍Düzce Belediyesi Meclis Salonu | Konuralp  #İşinÖzüÇokÇalışmak;
https://www.instagram.com/p/DQoMsfjiMGs/;Photo;75;0;0;2025-11-04 11:37:33;https://scontent-hou1-1.cdninstagram.com/v/t51.82787-15/572429316_18428075431107838_1426180958031395994_n.jpg?stp=dst-jpg_e35_tt6&_nc_cat=103&ig_cache_key=Mzc1ODMwOTcyMzEzNzk1MDEyNA%3D%3D.3-ccb7-5&ccb=7-5&_nc_sid=58cdad&efg=eyJ2ZW5jb2RlX3RhZyI6InhwaWRzLjEzNDd4MTY3OS5zZHIuQzMifQ%3D%3D&_nc_ohc=Pn5eQ6ZHKkoQ7kNvwHWq-7S&_nc_oc=AdkXtPZUCGQhdVvpIf-gqRRxyU9AB2cdJ0ZlBqVVQfCEVowkA0sRdJgks3Y9ePP98uM4gp0tkyODxvtbU2lEP9R9&_nc_ad=z-m&_nc_cid=0&_nc_zt=23&_nc_ht=scontent-hou1-1.cdninstagram.com&_nc_gid=W6yfQZkhhkv_4bRxkwr1Lw&oh=00_AfgV9gd5jZ44sye3le__aJSAypF8RNTV6BSgUOwVi4tDbA&oe=69310FBB;Zor zamanlarda yanımızda olan, umut ve dayanışmayı büyüten Türk Kızılay’ı tüm dünyada iyiliğin sembolüdür.  Kızılay Haftası Kutlu Olsun♥️  #KızılayHaftası #İyilikKanımızda;
https://www.instagram.com/p/DQoK9z0iGn0/;Photo;158;0;0;2025-11-04 11:22:27;https://scontent-hou1-1.cdninstagram.com/v/t51.82787-15/573021937_18428074462107838_8931842294663201929_n.jpg?stp=dst-jpg_e35_tt6&_nc_cat=101&ig_cache_key=Mzc1ODMwMjExNzAzNjA1OTEyNA%3D%3D.3-ccb7-5&ccb=7-5&_nc_sid=58cdad&efg=eyJ2ZW5jb2RlX3RhZyI6InhwaWRzLjE0NDB4MTA4MC5zZHIuQzMifQ%3D%3D&_nc_ohc=Z3aPG_-65QIQ7kNvwE_6wJM&_nc_oc=Adl_1HZvfTDAxcLgm6B7Dv3fM9VkTmuI6KOmJlfhoYkMTWlwixWVAI_Go-DsrIfPK3meBWcq5FzeLb7guUHQOdzB&_nc_ad=z-m&_nc_cid=0&_nc_zt=23&_nc_ht=scontent-hou1-1.cdninstagram.com&_nc_gid=W6yfQZkhhkv_4bRxkwr1Lw&oh=00_AfgtfOdo9FEPiOeHB_Sz-4JYEw-h_bdQbN7Tyl6EiFZocg&oe=69311318;Milliyet Gazetesi Ankara Temsilcisi Sayın Didem Özel Tümer hanımefendi ile bir araya geldik, gündemi konuştuk.  Bu güzel buluşma ve sohbet için kendisine teşekkür ediyor, çalışmalarında başarılar diliyorum.;
https://www.instagram.com/p/DQn-FjfCOQ_/;Carousel;201;4;0;2025-11-04 09:29:54;https://scontent-hou1-1.cdninstagram.com/v/t51.82787-15/574290496_18428065894107838_8184148990460763205_n.jpg?stp=dst-jpg_e35_tt6&_nc_cat=107&ig_cache_key=Mzc1ODI0NTQ1NDc0MDQ3MDE3MA%3D%3D.3-ccb7-5&ccb=7-5&_nc_sid=58cdad&efg=eyJ2ZW5jb2RlX3RhZyI6InhwaWRzLjE0NDB4OTYwLnNkci5DMyJ9&_nc_ohc=J0QmX5ijonEQ7kNvwGZcbpM&_nc_oc=AdlJsQt_e2N8bzVY13T4moA1zAaoKHsHmX7QpMcrhnGXKt4VOjdb_SESbNpapFpvMadTgx9iMJPhjLSV9KAfpm1o&_nc_ad=z-m&_nc_cid=0&_nc_zt=23&_nc_ht=scontent-hou1-1.cdninstagram.com&_nc_gid=W6yfQZkhhkv_4bRxkwr1Lw&oh=00_Afj7TkpaSMwpDLAeRUen7OO04FSnqBH-TtHL_y_gQtEfjw&oe=693113D4;Dün akşam, çok değerli hemşehrilerim Sn. Ayhan Yılmaz, Sn. Umut Dinç, Sn. Sinan Ak ve Sn. Sabriye Ak’ın hizmet siyasetini tercih ederek AK Parti’mize katılımlarına şahitlik ettik.  Bu güzel organizasyon için Mahalle Başkanımız Sn. Turgay Malkoçoğlu’na, ev sahipliği yapan kıymetli kardeşim Sn. Talip Ak’a ve dava arkadaşlarıma gönülden teşekkür ediyorum.  📍 Aziziye Mahallesi;
https://www.instagram.com/p/DQnI9JzCD_7/;Carousel;170;7;0;2025-11-04 01:45:38;https://scontent-hou1-1.cdninstagram.com/v/t51.82787-15/573441488_18428033230107838_1598655078456233475_n.jpg?stp=dst-jpg_e35_tt6&_nc_cat=107&ig_cache_key=Mzc1ODAxMTc4MTYzNDA3MTYyMQ%3D%3D.3-ccb7-5&ccb=7-5&_nc_sid=58cdad&efg=eyJ2ZW5jb2RlX3RhZyI6InhwaWRzLjE0NDB4OTYwLnNkci5DMyJ9&_nc_ohc=Jpd5kDz5MukQ7kNvwG1M1B-&_nc_oc=AdkuLyooGdqxCq2idWrHBEg5JJCWfMOo80uxbf5foAHtOxfyAcHQG34i3eHoLFau1e04656OuR0v44hOb8SeRszm&_nc_ad=z-m&_nc_cid=0&_nc_zt=23&_nc_ht=scontent-hou1-1.cdninstagram.com&_nc_gid=W6yfQZkhhkv_4bRxkwr1Lw&oh=00_Afg71HY0Xy07lgcufMktndjkPxFEjeq7EwLPuKHIrOcIGg&oe=69310235;Belediye Meclisimizin çok değerli üyelerine Kasım ayı birinci oturum toplantısında hitap ettim.  Her zaman olduğu gibi çalışmalarımızın detaylarını anlattık, desteklerinin öneminden bahsettik.  Biz, Düzce’miz için en iyisi ne ise onu yapmak için çalışırız.  #SevdamızDüzce;
https://www.instagram.com/p/DQmtwm9iDBT/;Carousel;179;0;0;2025-11-03 21:48:00;https://scontent-hou1-1.cdninstagram.com/v/t51.82787-15/572727891_18428014630107838_7945116208905640139_n.jpg?stp=dst-jpg_e35_tt6&_nc_cat=111&ig_cache_key=Mzc1Nzg5MjE3NzY5MTcyNDk3OA%3D%3D.3-ccb7-5&ccb=7-5&_nc_sid=58cdad&efg=eyJ2ZW5jb2RlX3RhZyI6InhwaWRzLjE0NDB4OTYwLnNkci5DMyJ9&_nc_ohc=iSFRrq7xxOIQ7kNvwEsgGmI&_nc_oc=Admv7VkThjgnkNkMpWdmMJVzZlCrSehFDmH3V-__oYPK4zk4rGKr1cWZBtCPhEj7kjwlZNyQ9_fLJ6Qc-lSEu2BF&_nc_ad=z-m&_nc_cid=0&_nc_zt=23&_nc_ht=scontent-hou1-1.cdninstagram.com&_nc_gid=W6yfQZkhhkv_4bRxkwr1Lw&oh=00_AfjpK2cJBx6TqlEtMexEEDrLQei84e6Q2P2NaGzdQErb0A&oe=69312FF2;Türkiye Barolar Birliği Başkanı Sayın Av. Erinç Sağkan ve heyetinin nazik ziyaretinden memnuniyet duydum.  İşbirliği çalışmalarımızı değerlendirdiğimiz toplantı ve Düzce’mize ilgileri için teşekkür ediyor, çalışmalarında başarılar diliyorum.;
https://www.instagram.com/p/DQl83o-iA7Z/;Photo;133;0;0;2025-11-03 14:40:47;https://scontent-hou1-1.cdninstagram.com/v/t51.82787-15/571948277_18427970371107838_3366390229098201867_n.jpg?stp=dst-jpg_e35_tt6&_nc_cat=111&ig_cache_key=Mzc1NzY3NzE3MDQ3MTIxMDcxMw%3D%3D.3-ccb7-5&ccb=7-5&_nc_sid=58cdad&efg=eyJ2ZW5jb2RlX3RhZyI6InhwaWRzLjE0NDB4OTU5LnNkci5DMyJ9&_nc_ohc=mRJ7GMrP1YUQ7kNvwHHCV9o&_nc_oc=AdmTicH63qD81TmHFN-0RrZzEJemRUR1WDQ7O2P6Fs6myW9vHaRFfYVsF68K1BVt_bloWpID0iOVfLaF3eUmuQu5&_nc_ad=z-m&_nc_cid=0&_nc_zt=23&_nc_ht=scontent-hou1-1.cdninstagram.com&_nc_gid=W6yfQZkhhkv_4bRxkwr1Lw&oh=00_AfgfBml8Zx_jugWQQMaOobC2OQaUltGdjPGxtPGma7t1Ag&oe=693117E8;Enerji Piyasası Düzenleme Kurumu Başkanı Sayın Mustafa Yılmaz’ı Ankara’da ziyaret ettim.  Güncel konular ve Düzce’mizde işbirliği girişimlerimizi konuştuk. Değerli fikirleri ve misafirperverliği için kendisine teşekkür ediyor, çalışmalarında üstün başarılar diliyorum.;
https://www.instagram.com/p/DQlbkioCHAv/;Photo;318;29;0;2025-11-03 09:49:49;https://scontent-hou1-1.cdninstagram.com/v/t51.82787-15/572791930_18427948678107838_6369779823653448649_n.jpg?stp=dst-jpg_e35_tt6&_nc_cat=100&ig_cache_key=Mzc1NzUzMDcyMjQ0NjM3MjkxMQ%3D%3D.3-ccb7-5&ccb=7-5&_nc_sid=58cdad&efg=eyJ2ZW5jb2RlX3RhZyI6InhwaWRzLjU1NHg1NTQuc2RyLkMzIn0%3D&_nc_ohc=nehDl2ty5d4Q7kNvwFowGJX&_nc_oc=AdmlIKKoirthGagdIQ_q0MorwOcHfrKBF2LZDaq4S2Pju867pB-Sg-rzdPdBqH3afB9oPH-EPF7cj-890DT9Q5kI&_nc_ad=z-m&_nc_cid=0&_nc_zt=23&_nc_ht=scontent-hou1-1.cdninstagram.com&_nc_gid=W6yfQZkhhkv_4bRxkwr1Lw&oh=00_Afjaec5YcjwHGjD6bV7dznjJenquGQJ908RDFQmdwRwksw&oe=69310898;"3 Kasım 2002, Türkiye’nin büyük bir dönüşüme girdiği, umutların yeşerdiği tarih…  AK Parti’miz; kalıcı istikrar, kararlı kalkınma ve dünyada söz sahibi Türkiye inşasının 23. yılında aynı inançla, azimle, hizmet aşkıyla yoluna devam ediyor.  3 Kasım bir tarih değil, aziz milletimizin yeniden şahlanışının ifadesidir, kutlu olsun.  #3Kasım2002 #MilletinZaferi #AKParti";
https://www.instagram.com/p/DQhcZZ-iLww/;Reels;366;8;32721;2025-11-01 20:41:14;https://scontent-hou1-1.cdninstagram.com/v/t51.71878-15/573049590_1184383773880877_4672565082532636091_n.jpg?stp=dst-jpg_e15_tt6&_nc_cat=103&ig_cache_key=Mzc1NjQwODQ1NTM4NTYyNzY5Ng%3D%3D.3-ccb7-5&ccb=7-5&_nc_sid=58cdad&efg=eyJ2ZW5jb2RlX3RhZyI6InhwaWRzLjY0MHgxMTM2LnNkci5DMyJ9&_nc_ohc=L5hZIQZQjjgQ7kNvwGlMzXC&_nc_oc=AdnRH5mltreCUpVBXMRWysPJq1iwG6VBQyeqsoKJTRL8pjAjNtrP3RZ9jtmCCPfH6ShKf6G-6WjevFZ24XDj3knb&_nc_ad=z-m&_nc_cid=0&_nc_zt=23&_nc_ht=scontent-hou1-1.cdninstagram.com&_nc_gid=W6yfQZkhhkv_4bRxkwr1Lw&oh=00_AfhcJzMzzng5IbTkewBhjbiaxy9_SXHrONxsA2RpLHd3jA&oe=69310304;29 Ekim Cumhuriyet Bayramı Yüzme Şenliği’mizde Düzce Belediyesi Spor Akademisi’nin 7-13 Yaş sporcularına destek verdik.  Evlatlarımızın spora teşvikinde önemli bir misyon üstlenen faaliyetlerimiz daima sürecek. Yavrularımıza başarılar diliyor, ailelerini tebrik ediyorum.  #SporŞehriDüzce;
https://www.instagram.com/p/DQhSIBjiDYT/;Carousel;158;0;0;2025-11-01 19:10:19;https://scontent.cdninstagram.com/v/t51.82787-15/572121367_18427753714107838_8824100315445335231_n.jpg?stp=dst-jpg_e35_tt6&_nc_cat=111&ig_cache_key=Mzc1NjM2MzI2NjU1ODMwMDE3Ng%3D%3D.3-ccb7-5&ccb=7-5&_nc_sid=58cdad&efg=eyJ2ZW5jb2RlX3RhZyI6InhwaWRzLjE0NDB4OTYwLnNkci5DMyJ9&_nc_ohc=i625OALZYg4Q7kNvwHb9NGj&_nc_oc=Adm_9L919LN1KWzOZToaCoT2hAihNjSmJdimMqUSr9ZvtyxIwq5U8zzc9Se9vzeHopY0ueoTZJwBzZzzKnuy18VI&_nc_ad=z-m&_nc_cid=0&_nc_zt=23&_nc_ht=scontent.cdninstagram.com&_nc_gid=-9PqWr57578Fp14eK4d2Lw&oh=00_Afj5_IWO9UW6upSiCLkm3bvS9SRePo6THytKfYWM-IsTMg&oe=6931111A;Çalışma arkadaşımız Sayın Özcan Ceylan ve ailesine, babaları Şükrü Ceylan’ın vefatı dolayısıyla taziye ziyaretinde bulundum.  Merhuma Allah’tan rahmet, ailesi ve yakınlarına başsağlığı, sabırlar diliyorum. Mekanı cennet olsun.;
https://www.instagram.com/p/DQhH1KViHAe/;Carousel;216;0;0;2025-11-01 17:40:22;https://scontent.cdninstagram.com/v/t51.82787-15/573397504_18427741459107838_6490839260528250741_n.jpg?stp=dst-jpg_e35_tt6&_nc_cat=101&ig_cache_key=Mzc1NjMxNzk4NDg2MDcwNTI3MQ%3D%3D.3-ccb7-5&ccb=7-5&_nc_sid=58cdad&efg=eyJ2ZW5jb2RlX3RhZyI6InhwaWRzLjE0NDB4OTYwLnNkci5DMyJ9&_nc_ohc=_xv-8nfgXwMQ7kNvwGc3AQU&_nc_oc=AdmprtNZm3EqYNbcK0ThuBhKjJqgS94pnDLfs2n0asdBaP3ggBRReQxmFEt1h4_qCIvYcCn6KM519k07s572O_M3&_nc_ad=z-m&_nc_cid=0&_nc_zt=23&_nc_ht=scontent.cdninstagram.com&_nc_gid=-9PqWr57578Fp14eK4d2Lw&oh=00_Afh26FYg05RNzcdBZSvBHzg5qLD2oFSiB0FI51eIoKqPfA&oe=69311F50;Düzce DENEYAP Atölye’lerinde eğitim alarak yeteneklerini geliştiren gençlerimizin mezuniyet heyecanına ortak olduk.  Bu programda emeği geçen tüm kurumlarımıza teşekkür ediyor, geleceğini bilimle inşa eden gençlerimizi takdir, tebrik ediyorum.  Başarılarınız daim olsun.;
https://www.instagram.com/p/DQg4QIeiG_H/;Carousel;348;1;0;2025-11-01 15:24:14;https://scontent.cdninstagram.com/v/t51.82787-15/572490225_18427726510107838_456421201832394537_n.jpg?stp=dst-jpg_e35_tt6&_nc_cat=107&ig_cache_key=Mzc1NjI0OTQ1OTE3NzYxMTI4MA%3D%3D.3-ccb7-5&ccb=7-5&_nc_sid=58cdad&efg=eyJ2ZW5jb2RlX3RhZyI6InhwaWRzLjE0NDB4OTYwLnNkci5DMyJ9&_nc_ohc=6bpNmBXugyAQ7kNvwEVqQhD&_nc_oc=AdlZBr_otAK506s_dl0xrQuoRWWNWqE0yesrVInimc_XfWykZPrKScX0nie__nPS_zZwCMwhzP4WgYzFB3XI-mYd&_nc_ad=z-m&_nc_cid=0&_nc_zt=23&_nc_ht=scontent.cdninstagram.com&_nc_gid=-9PqWr57578Fp14eK4d2Lw&oh=00_AfiaU9hxlhla1c_wwYJ7iFc4j8haEJwOtM1XgV364mX3Cw&oe=69312D01;MHP Düzce İl Başkanı, değerli kardeşim Sayın İlhami Caboğlu’nun kızı Sayın Feriha Caboğlu’nun yeni iş yerinin açılışına katıldık.  Şehrimize bir kazanım olan bu yeni girişimin kendisi ve ailesine hayırlar getirmesini diliyorum. Bol, bereketli kazançları olsun.;
https://www.instagram.com/p/DQfMYd1iMfG/;Carousel;292;1;0;2025-10-31 23:41:39;https://scontent.cdninstagram.com/v/t51.82787-15/572417611_18427642933107838_5904977448592698699_n.jpg?stp=dst-jpg_e35_tt6&_nc_cat=102&ig_cache_key=Mzc1NTc3NTA1MjA5NzI5MDg3MQ%3D%3D.3-ccb7-5&ccb=7-5&_nc_sid=58cdad&efg=eyJ2ZW5jb2RlX3RhZyI6InhwaWRzLjE0NDB4OTYwLnNkci5DMyJ9&_nc_ohc=oDJAqjWIIUkQ7kNvwGE7RYd&_nc_oc=AdnOTz-ysN99UMfmAzwQxYl_VqPEN3dWYzNVzvkN_SnoHQHUbDpenPsGWW39_gxb9l3O_AjQNRt2d5DxM0becvKo&_nc_ad=z-m&_nc_cid=0&_nc_zt=23&_nc_ht=scontent.cdninstagram.com&_nc_gid=-9PqWr57578Fp14eK4d2Lw&oh=00_AfggZx4jTueppOqKTuB-Gp7bOp8_RVQPEHXih8RrLumW-g&oe=69310BA6;Belediye Meclis Grubumuz ile birlikte Meclis Üyemiz, çalışma arkadaşımız, değerli kardeşim Sayın Burak Coşkun’un şehrimize kazandırdığı yeni işyerini ziyaret ettik.  Mobilya üzerine kurduğu yeni girişiminin kendisine ve şehrimize hayırlar getirmesini temenni ediyor, bereketli kazançlar diliyorum.;
https://www.instagram.com/p/DQe_tPECMLK/;Photo;203;0;0;2025-10-31 21:50:54;https://scontent.cdninstagram.com/v/t51.82787-15/572438110_18427634896107838_6471438282814628021_n.jpg?stp=dst-jpg_e35_tt6&_nc_cat=108&ig_cache_key=Mzc1NTcxOTMyNDc1NDAzNTQwMg%3D%3D.3-ccb7-5&ccb=7-5&_nc_sid=58cdad&efg=eyJ2ZW5jb2RlX3RhZyI6InhwaWRzLjE0NDB4OTYwLnNkci5DMyJ9&_nc_ohc=3wI0XtQch7cQ7kNvwGUCWsA&_nc_oc=AdlRItMHWpaMIH5OmnVBv1rIGgvbfCPP2kXYvhHr5dmoqMBokUsc5-RxLUSu4FvqDYc-oQKZxNZv59f8xJ1ZYyMa&_nc_ad=z-m&_nc_cid=0&_nc_zt=23&_nc_ht=scontent.cdninstagram.com&_nc_gid=-9PqWr57578Fp14eK4d2Lw&oh=00_Afjsf8g8JecAoUolaJ3sJg7Ps5LOKh5rmHAdwvnyaFaudg&oe=69311F58;AK Parti Kadın Kolları Yönetim Kurulu Üyeleri Sn. Fatma Nurten Batur ve Sn. Emine Sarıkaya hanımefendilerin nazik ziyaretlerinden memnuniyet duydum. Kendilerine teşekkür ediyor, çalışmalarında kolaylıklar diliyorum.;
https://www.instagram.com/p/DQeuSJViIeD/;Carousel;156;0;0;2025-10-31 19:18:39;https://scontent.cdninstagram.com/v/t51.82787-15/572094497_18427620832107838_1306681423529171364_n.jpg?stp=dst-jpg_e35_tt6&_nc_cat=106&ig_cache_key=Mzc1NTY0MjY4Mzk1NjcwNTEwMg%3D%3D.3-ccb7-5&ccb=7-5&_nc_sid=58cdad&efg=eyJ2ZW5jb2RlX3RhZyI6InhwaWRzLjE0NDB4OTYwLnNkci5DMyJ9&_nc_ohc=uA4WY6izdBkQ7kNvwEN0VdB&_nc_oc=Adn0S62T2zJ_p_ZRzSGmaNrmQleoXkMHHIlFvsIMIzvR4YOGNkJ_rx1LyPhYfDLdgEVhYhWxUbdSKodMnPtWzg0h&_nc_ad=z-m&_nc_cid=0&_nc_zt=23&_nc_ht=scontent.cdninstagram.com&_nc_gid=-9PqWr57578Fp14eK4d2Lw&oh=00_AfgqVMESaOlG2M2ebsfo2SdSL4bbf8R1rMPn_ZjVBauG-A&oe=69312CC0;Düzce TSO heyeti ile geçtiğimiz günlerde yaptığımız meslek grupları toplantısında aldığımız kararları hızla uyguluyoruz.  TSO Başkan Yardımcısı Sayın İbrahim Canpolat nezdinde görüşmemize katılan Düzce Elektrikçiler Odası Başkanı Sayın Serhat Geçtim’e, şehrimizin ihya ve inşasına katkı veren tüm müteahhitlerimize teşekkür ediyorum.;
https://www.instagram.com/p/DQearV4iFfu/;Reels;461;14;25720;2025-10-31 16:29:39;https://scontent.cdninstagram.com/v/t51.71878-15/572815092_1407527518045332_6036310895862935485_n.jpg?stp=dst-jpg_e15_tt6&_nc_cat=109&ig_cache_key=Mzc1NTU1NjQ2NjkxNzM5ODUxMA%3D%3D.3-ccb7-5&ccb=7-5&_nc_sid=58cdad&efg=eyJ2ZW5jb2RlX3RhZyI6InhwaWRzLjY0MHgxMTM2LnNkci5DMyJ9&_nc_ohc=94z6AxvABW8Q7kNvwEES-dM&_nc_oc=Admf7khcUorQgckSYFU4A1l64UB8Ywj-ZsBEVLtzH0wzRajXzhzQN_16J5GIXXty23FDqCo9Nch87Hh8Hyu8lhca&_nc_ad=z-m&_nc_cid=0&_nc_zt=23&_nc_ht=scontent.cdninstagram.com&_nc_gid=-9PqWr57578Fp14eK4d2Lw&oh=00_AfhM0yZQgtpbpLWEQUMXHtOI01VwtJja0Dd5UrO1Iv9uqw&oe=693107E1;Düzce Belediyesi Kent Konseyi Kadın Meclisi - Ritim Grubu  Bir gün değil, her gün… #SevdamızDüzce;
https://www.instagram.com/p/DQeMlGkiARn/;Carousel;265;1;0;2025-10-31 14:24:08;https://scontent.cdninstagram.com/v/t51.82787-15/573532530_18427587610107838_2605352471495216243_n.jpg?stp=dst-jpg_e35_tt6&_nc_cat=107&ig_cache_key=Mzc1NTQ5NDQ0MDM1ODY1NjI4OA%3D%3D.3-ccb7-5&ccb=7-5&_nc_sid=58cdad&efg=eyJ2ZW5jb2RlX3RhZyI6InhwaWRzLjE0NDB4MTEyNC5zZHIuQzMifQ%3D%3D&_nc_ohc=33LqQUWCWpkQ7kNvwHrLaFA&_nc_oc=Adl8vwl8dkGILeC54EfF9oTyQg8Ql8jQ6sEoZahsqlFtNT-_1CzHZ5EdGDVf7_sF22M6AxctJAT-q--M-vxDf1Nw&_nc_ad=z-m&_nc_cid=0&_nc_zt=23&_nc_ht=scontent.cdninstagram.com&_nc_gid=-9PqWr57578Fp14eK4d2Lw&oh=00_AfjgZihkxzeJZ8P8MFuahkU5hG9m4IyWAT-AvMEquvUUoA&oe=69311FC7;Cuma gününün bereketini Şıralık Camii’nde hemşehrilerimiz ile paylaştık, birlikte duamızı ettik.  Rabb’imiz güzel ülkemizi, aziz milletimizi huzurdan, bereketten ve hayırlı işlerden ayırmasın.  #SevdamızDüzce;
https://www.instagram.com/p/DQdyAliCDDm/;Reels;328;1;26471;2025-10-31 10:32:46;https://scontent.cdninstagram.com/v/t51.71878-15/572214360_1505041630822775_5780930546242442968_n.jpg?stp=dst-jpg_e15_tt6&_nc_cat=111&ig_cache_key=Mzc1NTM3NzYwNjkyMTgyNjUzNA%3D%3D.3-ccb7-5&ccb=7-5&_nc_sid=58cdad&efg=eyJ2ZW5jb2RlX3RhZyI6InhwaWRzLjY0MHgxMTM2LnNkci5DMyJ9&_nc_ohc=jp8cLw23h0cQ7kNvwHVLFru&_nc_oc=AdmnI3jGWjZPjusFDiV5m5HFpDFx-p1CC73lgI3dYSIQIpiStVjJyovFWFx_2jXEjAb8Jft1RTxKhJGGs1Jj6tew&_nc_ad=z-m&_nc_cid=0&_nc_zt=23&_nc_ht=scontent.cdninstagram.com&_nc_gid=-9PqWr57578Fp14eK4d2Lw&oh=00_Afhm52AkcuTT1lB5dQZIIA-lCGobqMeGSog2UVPsmeqC3A&oe=69312357;TVF 1. Lig’de mücadele eden Konuralp Beyleri’ne inancımız ve desteğimiz tam❤️  Spor Şehri Düzce’mizin genç yeteneklerini takdir ve tebrik ediyor, başarılarının devamını diliyorum.  #SporŞehriDüzce #SevdamızDüzce;
https://www.instagram.com/p/DQdrkxIiIQ3/;Photo;100;3;0;2025-10-31 09:35:44;https://scontent.cdninstagram.com/v/t51.82787-15/572011773_18427564810107838_3919404543830443530_n.jpg?stp=dst-jpg_e35_tt6&_nc_cat=110&ig_cache_key=Mzc1NTM0OTMwNjk1NDUxNTUxMQ%3D%3D.3-ccb7-5&ccb=7-5&_nc_sid=58cdad&efg=eyJ2ZW5jb2RlX3RhZyI6InhwaWRzLjE0NDB4MTcyNS5zZHIuQzIifQ%3D%3D&_nc_ohc=kDV3bQOWEuEQ7kNvwESvSo1&_nc_oc=AdnQf0cL_ouyfP02sdWhIG79jfnTpS2DLq1BRKRYj4gqORvgClRxhq2VV2mNLmf_Vx9xGPlCSz4yiwNZ7xbYL84u&_nc_ad=z-m&_nc_cid=0&_nc_zt=23&_nc_ht=scontent.cdninstagram.com&_nc_gid=-9PqWr57578Fp14eK4d2Lw&oh=00_AfgWhaoHb-XPUBCoCV9m3r-06KfFusTJ7kLm8KH9n0U5tQ&oe=69312D03;Yüce Allah’ın rahmeti ve bereketi hepimizin üzerine olsun.  #HayırlıCumalar;
