﻿PostLink;PostTürü;BeğeniSayısı;YorumSayısı;Görüntülenme Sayısı;Tarih;DisplayPhoto;Caption;Takipçi
https://www.instagram.com/p/DRpVO2HDCUm/;Photo;231;4;0;2025-11-29 18:42:47;https://scontent.cdninstagram.com/v/t51.82787-15/589820435_18402001315192639_2387333790699778611_n.jpg?stp=dst-jpg_e35_tt6&_nc_cat=100&ig_cache_key=Mzc3NjY0MzE0MTY3NjU3Mzk5MA%3D%3D.3-ccb7-5&ccb=7-5&_nc_sid=58cdad&efg=eyJ2ZW5jb2RlX3RhZyI6InhwaWRzLjE0NDB4OTU5LnNkci5DMyJ9&_nc_ohc=32za_MN2oZoQ7kNvwHNJAXc&_nc_oc=Adk1HBISfiFzifEgi3wVmL6uLhM5atk9D8vfYlshWTn-W3DkUXBA-qf1jeV0XUATcAA&_nc_ad=z-m&_nc_cid=0&_nc_zt=23&_nc_ht=scontent.cdninstagram.com&_nc_gid=UIX9zzsPe9qBii1zsgh6fg&oh=00_AfjN5AzdiynVsHfKQDZfvRxF4XpzpG4dwNa1x72rUJm1qw&oe=693115B7;"Partimizin 39. Olağan Kurultayı’nda tüm delegelerimizin desteğini alarak yeniden Genel Başkan seçilen Özgür Özel’i yürekten tebrik ediyorum.  Yenilenen örgüt yapısı, güçlenen kadroları ve kapsayıcı siyaset anlayışıyla partimiz; kimseyi dışarıda bırakmadan, dayanışmayı büyüterek kararlılıkla iktidar yolunda ilerliyor. İnanıyoruz, birlikte başaracağız.";81535
https://www.instagram.com/p/DRou21ADIdB/;Carousel;682;5;0;2025-11-29 13:07:27;https://scontent.cdninstagram.com/v/t51.82787-15/588553933_18401971306192639_1400242350222803123_n.jpg?stp=dst-jpg_e35_tt6&_nc_cat=107&ig_cache_key=Mzc3NjQ3NDM1NTczNjUxMjY1MQ%3D%3D.3-ccb7-5&ccb=7-5&_nc_sid=58cdad&efg=eyJ2ZW5jb2RlX3RhZyI6InhwaWRzLjc5OXg1MzIuc2RyLkMzIn0%3D&_nc_ohc=uNL55FIbZBsQ7kNvwF4-03f&_nc_oc=AdlAazDxv22qelntI0G2s-TltKj5TVP39Yq9hJAVUZUVWRRuag7R9dNIynCzD0p74lc&_nc_ad=z-m&_nc_cid=0&_nc_zt=23&_nc_ht=scontent.cdninstagram.com&_nc_gid=UIX9zzsPe9qBii1zsgh6fg&oh=00_AfhTwVl6XH5NOilAexPEHECV4K8Ibq67Hhna4fLm7MSKpw&oe=69310BEB;Genel Başkanımız Sayın Özgür Özel’in liderliğinde iktidara yürüyoruz.   Ülkemizin ve milletimizin umudu CHP’mizin 39. Olağan Kurultayı ile birlikte daha güçlü bir Türkiye için durmadan, yılmadan mücadele etmeye devam edeceğiz.  📍39. Olağan Kurultay;
https://www.instagram.com/p/DRnStxbjJDK/;Photo;458;4;0;2025-11-28 23:42:19;https://scontent.cdninstagram.com/v/t51.82787-15/587606278_18401916376192639_7459515810546993354_n.jpg?stp=dst-jpg_e35_tt6&_nc_cat=105&ig_cache_key=Mzc3NjA2OTEyMjg2MjY0OTU0Ng%3D%3D.3-ccb7-5&ccb=7-5&_nc_sid=58cdad&efg=eyJ2ZW5jb2RlX3RhZyI6InhwaWRzLjE0NDB4OTMwLnNkci5DMyJ9&_nc_ohc=LofoZxFqY1QQ7kNvwH8G4mp&_nc_oc=AdleEQBR1AySF9txoIYBko6u0vsxchmS6-SZp1fUAIXO-fKue1vbuz5qLT-s2whxlWc&_nc_ad=z-m&_nc_cid=0&_nc_zt=23&_nc_ht=scontent.cdninstagram.com&_nc_gid=UIX9zzsPe9qBii1zsgh6fg&oh=00_AfiWIRYEgOPd41LfRZj9cCeDpjjgkAYmlsx5egnmDJuVxQ&oe=69312074;Bu akşam Giresun Milletvekilimiz Elvan Işık Gezmiş ve İl Başkanımız Gökhan Şenyürek ile birlikte Ankara Şebinkarahisar Vakfı’nın misafiri olduk. Nazik ev sahiplikleri için Vakıf Başkanı Zafer Gürçay’a ve tüm yönetim kuruluna teşekkür ederiz.;
https://www.instagram.com/p/DRm-bWxDBJp/;Photo;185;2;0;2025-11-28 20:45:02;https://scontent.cdninstagram.com/v/t51.82787-15/588210893_18401904460192639_4872748125708311389_n.jpg?stp=dst-jpg_e35_tt6&_nc_cat=100&ig_cache_key=Mzc3NTk3OTg5NjM1MTQ5NDc2MQ%3D%3D.3-ccb7-5&ccb=7-5&_nc_sid=58cdad&efg=eyJ2ZW5jb2RlX3RhZyI6InhwaWRzLjE0NDB4MTgwMi5zZHIuQzMifQ%3D%3D&_nc_ohc=0y_Owhn2NqoQ7kNvwGiQrEh&_nc_oc=Adnhn9Sacmh13v6WSxMEbdalmUVhxFLo118DXuv2L7MAyLWq8K9-zdnDoAk5oFaD26s&_nc_ad=z-m&_nc_cid=0&_nc_zt=23&_nc_ht=scontent.cdninstagram.com&_nc_gid=UIX9zzsPe9qBii1zsgh6fg&oh=00_Afj6OLl8AtyWWUTnWp03rcQIvLjIxv0kLV7bohcYLUBA_g&oe=69312534;Kıymetli Hemşehrilerimiz, Kültür ve Fuar Merkezimizde devam eden 5. Giresun Kitap Fuarı kapsamında, 26. Genelkurmay Başkanımız Sn. İlker Başbuğ, 29 Kasım Cumartesi günü 13.00’te söyleşi, 14.00’te imza etkinliği ile bizlerle olacak. Tüm hemşehrilerimizi bu değerli buluşmaya davet ediyorum.;
https://www.instagram.com/p/DRmgamFjJuE/;Carousel;2782;24;0;2025-11-28 16:22:47;https://scontent.cdninstagram.com/v/t51.82787-15/588987257_18401877562192639_2327550921990088422_n.jpg?stp=dst-jpg_e35_tt6&_nc_cat=106&ig_cache_key=Mzc3NTg0Nzg5MjQ1MjY1OTY3MA%3D%3D.3-ccb7-5&ccb=7-5&_nc_sid=58cdad&efg=eyJ2ZW5jb2RlX3RhZyI6InhwaWRzLjgwMHg2NDAuc2RyLkMzIn0%3D&_nc_ohc=u7uq4ACQt8oQ7kNvwE2sJHN&_nc_oc=Adl09u3T_qwGqVIQqf2I4I7sRvbXijUfkbd9bCUU9gHy9ThiGCi3cL2uCtdcRq0r8-g&_nc_ad=z-m&_nc_cid=0&_nc_zt=23&_nc_ht=scontent.cdninstagram.com&_nc_gid=UIX9zzsPe9qBii1zsgh6fg&oh=00_AfgDlRxFpmK3UaIqBfegHS2lcAAvgDMqX5yZ_KMrztoeqw&oe=693105C2;Ankara’da Anıtkabir’i ziyaret ederek Atamızın huzuruna çıktık. Cumhuriyetimizin kurucusu, Ulu Önder Gazi Mustafa Kemal Atatürk’ü saygı, minnet ve özlemle andık.   O’nun bizlere gösterdiği aydınlık yolda, ilkelerinden ödün vermeden, kararlılıkla ve yorulmadan yürümeye devam edeceğiz.;
https://www.instagram.com/p/DRjPId4DNY_/;Carousel;1423;29;0;2025-11-27 09:54:02;https://scontent.cdninstagram.com/v/t51.82787-15/590410008_18401739913192639_6545713252988149663_n.jpg?stp=dst-jpg_e35_tt6&_nc_cat=100&ig_cache_key=Mzc3NDkyNzQ1NjU5MjIzNzU2Mg%3D%3D.3-ccb7-5&ccb=7-5&_nc_sid=58cdad&efg=eyJ2ZW5jb2RlX3RhZyI6InhwaWRzLjE2MDB4MTA2Ni5zZHIuQzMifQ%3D%3D&_nc_ohc=GAUKprjprvAQ7kNvwGSMMkh&_nc_oc=Adk0Ok20399XB00uIWtMMITvOTdK-LU-JqiMeJr2z-haYZgApqgrCNhNK1fc9xmJMPQ&_nc_ad=z-m&_nc_cid=0&_nc_zt=23&_nc_ht=scontent.cdninstagram.com&_nc_gid=UIX9zzsPe9qBii1zsgh6fg&oh=00_AfimbFQybGyRvmcr8ygay8F20XJSWKdvXnWbBbct218heQ&oe=69312CEB;"Söz verdik, hayata geçiriyoruz. “Bizim Evimiz Projesi” artık hayal olmaktan çıktı, gençlerimizin sıcak bir yuvasına dönüşüyor. Artık iç dekorasyon ve peyzajda son dokunuşlardayız.  🎓 Üniversiteli kardeşlerimiz için; 🍵 Sıcak çorba, çay 🛋️ Sıcacık bir ortam hazırlıyoruz.  Giresun Belediyesi olarak gençlerimizin yanında olmaya devam ediyoruz, devam edeceğiz. Çok yakında “Bizim Evimiz” kapılarını açıyor… 🥣";
https://www.instagram.com/p/DRjLVoejFPq/;Carousel;630;6;0;2025-11-27 09:20:53;https://scontent.cdninstagram.com/v/t51.82787-15/588594422_18401737960192639_8112885154154184909_n.jpg?stp=dst-jpg_e35_tt6&_nc_cat=100&ig_cache_key=Mzc3NDkxMDc2MDg1NDc1ODk0NQ%3D%3D.3-ccb7-5&ccb=7-5&_nc_sid=58cdad&efg=eyJ2ZW5jb2RlX3RhZyI6InhwaWRzLjEwNjV4NzEwLnNkci5DMyJ9&_nc_ohc=lg4fB2HJF08Q7kNvwE1y-eR&_nc_oc=AdkfGuwrxXRebXagNvcc-mT4hawkU0A-awGfjB_VyQDjJyKDi-7Ftzlt88aYIwNFuK4&_nc_ad=z-m&_nc_cid=0&_nc_zt=23&_nc_ht=scontent.cdninstagram.com&_nc_gid=UIX9zzsPe9qBii1zsgh6fg&oh=00_AfgX3a4E9RVvx0WTaGG1SX-HkUMD_pUVrswOhy0jgP54oQ&oe=69311424;Tarihi Kazancılar Yokuşu’nda bir süre önce duyurduğumuz yenileme çalışmalarına başladık. Modern kaldırım taşlarıyla tarihi dokuyu koruyarak bölgeyi estetik bir görünüme kavuşturuyoruz. Çalışmalarımızı en kısa zamanda tamamlayıp sizlerin kullanımına sunacağız.;
https://www.instagram.com/p/DRjJR3uDFpT/;Carousel;516;4;0;2025-11-27 09:02:54;https://scontent.cdninstagram.com/v/t51.82787-15/590402509_18401736751192639_5551580007720958934_n.jpg?stp=dst-jpg_e35_tt6&_nc_cat=107&ig_cache_key=Mzc3NDkwMTcwOTU2MzU1NjQ3OQ%3D%3D.3-ccb7-5&ccb=7-5&_nc_sid=58cdad&efg=eyJ2ZW5jb2RlX3RhZyI6InhwaWRzLjE2MDB4MTA2Ni5zZHIuQzMifQ%3D%3D&_nc_ohc=uSiR1T7cA28Q7kNvwEVSlPK&_nc_oc=AdlgSBXEtX3Z5GhUiDnB61OgysPpbSjIBzaBrcDBgT1kWRkan30lgu2gfHdGVVS4DUk&_nc_ad=z-m&_nc_cid=0&_nc_zt=23&_nc_ht=scontent.cdninstagram.com&_nc_gid=UIX9zzsPe9qBii1zsgh6fg&oh=00_AfhiQaVh7ipuMAUVw4Y8KO_8V9D4umjc-cFvQ65MGdtKhw&oe=6930FFB5;Şehrimizin her köşesinde alt ve üstyapı çalışmalarımız tüm hızıyla devam ediyor. Erikliman Mahallesi 201 ve 69 Nolu Sokak’ta taş duvar yapımı ve yol genişletme çalışmalarını sürdürüyoruz. Nerede ihtiyaç varsa, ekiplerimizi orada görmeniz mümkün. Çünkü tek gayemiz, insanımıza hizmet. Bunun için çalışıyor, üretiyor, emek veriyoruz. 🚧;
https://www.instagram.com/p/DRhpJlUDPez/;Carousel;990;9;0;2025-11-26 19:02:54;https://scontent.cdninstagram.com/v/t51.82787-15/587617002_18401680816192639_7015959179982084497_n.jpg?stp=dst-jpg_e35_tt6&_nc_cat=100&ig_cache_key=Mzc3NDQ3ODkyMzQ4NTQ3NTAxMw%3D%3D.3-ccb7-5&ccb=7-5&_nc_sid=58cdad&efg=eyJ2ZW5jb2RlX3RhZyI6InhwaWRzLjE0NDB4OTYwLnNkci5DMyJ9&_nc_ohc=Y7DaAM06YRUQ7kNvwEwYYvp&_nc_oc=AdlUmhFp_j2U1yKqehAai9c_fFapgylTq08j8LRVzagieqN3rK_Hz2e8OhN_283ps8A&_nc_ad=z-m&_nc_cid=0&_nc_zt=23&_nc_ht=scontent.cdninstagram.com&_nc_gid=UIX9zzsPe9qBii1zsgh6fg&oh=00_Afhlmh2RHWjy_9d68Jc1gGDM65b2manc0HSR84oGR_7lEg&oe=6930F918;Bugün de Kitap Fuarımızda gençlerimizle bir araya gelmenin mutluluğunu yaşadım. Fuar alanındaki enerji, merak ve okuma heyecanı bana her defasında büyük bir umut veriyor. Gençlerimizin kitapla kurduğu bağ, şehrimizin kültür yolculuğunun en değerli parçası.  Her bir gencimizin gözündeki ışık, Giresun’un yarınlarına duyduğum güveni güçlendiriyor. Bu güzel atmosferi yaşayan, emeği geçen ve fuarımıza ilgi gösteren tüm hemşehrilerime teşekkür ediyorum.  Kitabın birleştirici gücünü birlikte çoğaltmak için herkesi fuarımıza davet ediyorum.;
https://www.instagram.com/p/DRhYf9IjCM1/;Carousel;613;3;0;2025-11-26 16:37:25;https://scontent.cdninstagram.com/v/t51.82787-15/588044011_18401666842192639_4322814986438995154_n.jpg?stp=dst-jpg_e35_tt6&_nc_cat=103&ig_cache_key=Mzc3NDQwNTY5OTYwMzAzNTQzMg%3D%3D.3-ccb7-5&ccb=7-5&_nc_sid=58cdad&efg=eyJ2ZW5jb2RlX3RhZyI6InhwaWRzLjEwNjV4NzEwLnNkci5DMyJ9&_nc_ohc=Hq_Sgb47xJ4Q7kNvwHbd63w&_nc_oc=AdmV-BMuwFkk6UHJuXHsIp_A2RfAgrUUbUPRsZsALiBzu75A5y4wgQ0NgjYQmESZ064&_nc_ad=z-m&_nc_cid=0&_nc_zt=23&_nc_ht=scontent.cdninstagram.com&_nc_gid=UIX9zzsPe9qBii1zsgh6fg&oh=00_AfjdsZa3dvUO7a8lskM18Qn2-q3PSMBnReidwZGrhjPPwg&oe=6930FA23;Bugün tarihi Millet Bahçemizde hemşehrilerimizle keyifli sohbetler ettik. Şehrimizi birlikte yönetmek için tüm görüş ve talepleri dikkatle not alıyoruz. İlgi ve samimiyetleri için herkese teşekkür ederim.;
https://www.instagram.com/p/DRhBQUijCo7/;Carousel;418;3;0;2025-11-26 13:14:18;https://scontent.cdninstagram.com/v/t51.82787-15/590401203_18401650096192639_5506348479293959362_n.jpg?stp=dst-jpg_e35_tt6&_nc_cat=104&ig_cache_key=Mzc3NDMwMzQ2OTU1ODMwNjgxOQ%3D%3D.3-ccb7-5&ccb=7-5&_nc_sid=58cdad&efg=eyJ2ZW5jb2RlX3RhZyI6InhwaWRzLjE2MDB4MTA2Ni5zZHIuQzMifQ%3D%3D&_nc_ohc=AhO-qlg9Bd8Q7kNvwGX5Bqb&_nc_oc=Adn7X2gB0Ut6Gg8xU71WuIGstK299gpv-uudWZruFqq3PEB8rs3_87OA4LbqhYiAVd4&_nc_ad=z-m&_nc_cid=0&_nc_zt=23&_nc_ht=scontent.cdninstagram.com&_nc_gid=UIX9zzsPe9qBii1zsgh6fg&oh=00_Afgky-D3_jv764SpVH0l_GqNiGEVE3QhPbnSoUhqFYB_9Q&oe=6931259F;"Şehrimizin dijital dönüşümünde yeni dönem başlatıyoruz. Bugün E-Ruhsat belediyecilik hizmetlerini daha hızlı, şeffaf ve modern hale getirecek E-Ruhsat Sistemini resmen hizmete sunduk.  Böylelikle tüm ruhsat başvuruları artık tamamen online yapılacak. Evrak yükleme, başvuru takibi ve tüm süreç belediyeye gelmeden tamamlanacak. Süreç 30–45 günden 5–15 güne düşecek. Sistem; e-imza, tahsilat, harita doğrulama, elektronik arşiv ve gerçek zamanlı raporlama gibi tüm dijital altyapılarla entegre çalışacak.  Bu değerli projede emeği geçen tüm ekip arkadaşlarıma teşekkür ediyor, şehrimize hayırlı olmasını diliyorum.";
https://www.instagram.com/p/DRe1Wi2AsRb/;Reels;728;7;38373;2025-11-25 16:52:57;https://scontent.cdninstagram.com/v/t51.82787-15/587273978_18401564155192639_6908408418668364353_n.jpg?stp=dst-jpg_e15_tt6&_nc_cat=111&ig_cache_key=Mzc3MzY4ODE4MzQ5MDAwNDA1OTE4NDAxNTY0MTUyMTkyNjM5.3-ccb7-5&ccb=7-5&_nc_sid=58cdad&efg=eyJ2ZW5jb2RlX3RhZyI6InhwaWRzLjcyMHgxMjgwLnNkci5DMyJ9&_nc_ohc=fq8iO--DL6EQ7kNvwHIGz6B&_nc_oc=AdnmIjvC6qOikE5K6oEpe43trpYqBDi71xlJzZNWm97Ta-_ygGddcYEL8Vf5qPVYyWA&_nc_ad=z-m&_nc_cid=0&_nc_zt=23&_nc_ht=scontent.cdninstagram.com&_nc_gid=UIX9zzsPe9qBii1zsgh6fg&oh=00_AfgB26DPNmLllGzRRHx98Xjl4EbfWvW_rT_gDObtH3Cj5A&oe=6930FDFF;Şehrimizin her köşesi değerli, her köşe hizmeti hak ediyor. Biz de gelen taleplere göre en hızlı, en doğru dokunuşu yapmak için tüm gücümüzle sahadayız. Her noktaya yetişiyor, şehrimizi birlikte daha güzel hale getiriyoruz. 💚;
https://www.instagram.com/p/DRegqh9jXFo/;Carousel;200;1;0;2025-11-25 13:51:02;https://scontent-lax3-2.cdninstagram.com/v/t51.82787-15/590411227_18401549665192639_137560460797701098_n.jpg?stp=dst-jpg_e35_tt6&_nc_cat=103&ig_cache_key=Mzc3MzU5NzE4ODI0OTk0NzkwMw%3D%3D.3-ccb7-5&ccb=7-5&_nc_sid=58cdad&efg=eyJ2ZW5jb2RlX3RhZyI6InhwaWRzLjE2MDB4MTA2Ni5zZHIuQzMifQ%3D%3D&_nc_ohc=CYOFzPygwysQ7kNvwF-zeZY&_nc_oc=AdkpND-7FPoNCYEGdY4rfq3fS1uSWs39H64NaKAHb9ax36q85VPpzKQjBHjcRDozHeEhik55nS00jE5uPQxSB5oC&_nc_ad=z-m&_nc_cid=0&_nc_zt=23&_nc_ht=scontent-lax3-2.cdninstagram.com&_nc_gid=bkA2NdMxFaqgH-xVzPkPNg&oh=00_AfhFgcogHuQvN8bf4xTNn00yT7ygu8XxrJN-Dv0qvjvCPw&oe=6931223D;DOKA’nın 172. Yönetim Kurulu Toplantısını bugün Ordu’da gerçekleştirdik. Görüşülen konuların ilimize ve bölgemize değer katmasını diliyorum.;
https://www.instagram.com/p/DRcvA3yjRv4/;Carousel;543;2;0;2025-11-24 21:17:56;https://scontent-lax3-1.cdninstagram.com/v/t51.82787-15/587300205_18401487226192639_5419907912933839095_n.jpg?stp=dst-jpg_e35_tt6&_nc_cat=102&ig_cache_key=Mzc3MzA5NzM0MjY0ODgyODM4OA%3D%3D.3-ccb7-5&ccb=7-5&_nc_sid=58cdad&efg=eyJ2ZW5jb2RlX3RhZyI6InhwaWRzLjE0NDB4OTYwLnNkci5DMyJ9&_nc_ohc=5zc5lR7Ng38Q7kNvwF34fm_&_nc_oc=AdmGTKhvrFRe6VooB3S63VPYmv4hbn0OIWkfIdJBXiZwBR7TUEtx4CbZ75fwnPGve0ZXkzKW8_9w7s-4hi1xzq2g&_nc_ad=z-m&_nc_cid=0&_nc_zt=23&_nc_ht=scontent-lax3-1.cdninstagram.com&_nc_gid=bkA2NdMxFaqgH-xVzPkPNg&oh=00_AfiUUNUnvj2KS_11jttPAjjgGwXy8uVGKFRQsbbfErqRtA&oe=6931121E;Bugün 24 Kasım Öğretmenler Günü vesilesiyle Doğa Koleji öğretmenleriyle bir araya geldik.  Değerli ev sahipliği ve daveti için Giresun Doğa Koleji Yönetim Kurulu Başkanı Aykut Gezmiş’e gönülden teşekkür ediyorum. Hayatımıza emekleriyle değer katan tüm öğretmenlerimizin bu anlamlı gününü bir kez daha kutluyorum.;
https://www.instagram.com/p/DRcleWGDX5r/;Carousel;394;3;0;2025-11-24 19:54:35;https://scontent-lax7-1.cdninstagram.com/v/t51.82787-15/587960849_18401479681192639_6616558460371995316_n.jpg?stp=dst-jpg_e35_tt6&_nc_cat=101&ig_cache_key=Mzc3MzA1NTM4NDIxNTY4NDY0OQ%3D%3D.3-ccb7-5&ccb=7-5&_nc_sid=58cdad&efg=eyJ2ZW5jb2RlX3RhZyI6InhwaWRzLjE0NDB4OTYwLnNkci5DMyJ9&_nc_ohc=ylvtfpe3TRcQ7kNvwHXBq9p&_nc_oc=AdlcNRHo7y24q52IdPRbH7SG0raf2uvGis8nRwN4G_V1Wqj7_pdPhvMUBhPz9TbofiSzJVJnyO71sdsP7-iVxErT&_nc_ad=z-m&_nc_cid=0&_nc_zt=23&_nc_ht=scontent-lax7-1.cdninstagram.com&_nc_gid=bkA2NdMxFaqgH-xVzPkPNg&oh=00_AfhQVjUDQRRbK7W-sSdEs1BNIPxkQfgy9copLVKK7N94XQ&oe=69311D7A;Kitap Fuarımızın dördüncü gününde de aynı coşku, aynı heyecan vardı. 😍  İmza kuyrukları, söyleşiler ve dopdolu etkinliklerle devam eden fuarımız 30 Kasım’a kadar açık. Bu güzel ilgi ve destek için tüm hemşehrilerimize yürekten teşekkür ediyorum.   📍 Kültür ve Fuar Merkezi;
https://www.instagram.com/p/DRcjhpkjdGT/;Carousel;690;8;0;2025-11-24 19:37:33;https://scontent-lax3-2.cdninstagram.com/v/t51.82787-15/588236179_18401478019192639_3327611564285466089_n.jpg?stp=dst-jpg_e35_tt6&_nc_cat=103&ig_cache_key=Mzc3MzA0NjgyNDc0MDE0NjQ3OQ%3D%3D.3-ccb7-5&ccb=7-5&_nc_sid=58cdad&efg=eyJ2ZW5jb2RlX3RhZyI6InhwaWRzLjEwNjV4NzEwLnNkci5DMyJ9&_nc_ohc=NEk3RMrCWIYQ7kNvwHzzPVQ&_nc_oc=Adk2ilO0LPOkXvHt3mjwmOHr7Xa8AdI7lrRPhpyfOkYKCEJTV_I3JBCchjWORynZkaclEDVzEFY3hNwea-LafyVQ&_nc_ad=z-m&_nc_cid=0&_nc_zt=23&_nc_ht=scontent-lax3-2.cdninstagram.com&_nc_gid=bkA2NdMxFaqgH-xVzPkPNg&oh=00_Afhm0bVrdnl_kPPellwPj0-1Y02HQklxTEIdD52fw4dlvg&oe=69310102;Her kapıda ayrı bir samimiyet, her buluşmada ayrı bir sohbet. 🫶❤️  📍Sokakbaşı;
https://www.instagram.com/p/DRcGxyUDITN/;Carousel;562;2;0;2025-11-24 15:26:21;https://scontent-lax3-2.cdninstagram.com/v/t51.82787-15/589103942_18401451334192639_7907972726363430482_n.jpg?stp=dst-jpg_e35_tt6&_nc_cat=106&ig_cache_key=Mzc3MjkyMDM4MzI2ODUxNzY5OQ%3D%3D.3-ccb7-5&ccb=7-5&_nc_sid=58cdad&efg=eyJ2ZW5jb2RlX3RhZyI6InhwaWRzLjEwNjV4NzEwLnNkci5DMyJ9&_nc_ohc=bKwoBLU_y68Q7kNvwENyO2P&_nc_oc=Adkhv3N7xV3C6mXfgd1No50gbBXioZEol1mCjRhkdCfeZGl-GPUumJb1Cr_lPTTC8F-d2dPDnKkbK1kmPByN7M1x&_nc_ad=z-m&_nc_cid=0&_nc_zt=23&_nc_ht=scontent-lax3-2.cdninstagram.com&_nc_gid=bkA2NdMxFaqgH-xVzPkPNg&oh=00_Afis1GCkGOeR1stuvkS7UEsaL8pvzFE88lS1pS8HJKWstQ&oe=693106FB;Bugün kent genelindeki altyapı düzenlemeleri, yol bakım-onarım çalışmaları ve çevre düzenlemelerini yerinde inceledik, emek veren tüm arkadaşlarımıza kolaylıklar diledik.  Teyyaredüzü Mahallesi Tarım Sokak’ta yağmur suyu hattı ve kanalizasyon çalışmalarını, Şehit Tuğgeneral Bahtiyar Aydın Caddesi’nde yürütülen su ve kanalizasyon çalışmalarını, Küçük Sanayi Sitesi’nde devam eden 1500 metrelik içme suyu şebeke hattı çalışmalarını ve Çıtlakkale Mahallesi Sönmez Caddesi 134 Nolu Sokak’ta yapılan yağmur suyu hattı ile çevre düzenlemesi çalışmalarını yerinde değerlendirdik.  Her şey güzel memleketimiz ve insanımız için.;
https://www.instagram.com/p/DRbkDHKjDz1/;Carousel;538;3;0;2025-11-24 10:22:53;https://scontent-lax3-2.cdninstagram.com/v/t51.82787-15/588316215_18401427964192639_8730763345428815360_n.jpg?stp=dst-jpg_e35_tt6&_nc_cat=106&ig_cache_key=Mzc3Mjc2NzY0NjU3MjY2ODU1OQ%3D%3D.3-ccb7-5&ccb=7-5&_nc_sid=58cdad&efg=eyJ2ZW5jb2RlX3RhZyI6InhwaWRzLjE0NDB4OTYwLnNkci5DMyJ9&_nc_ohc=huKDFiHfy8kQ7kNvwFYCgH0&_nc_oc=Adl8gUtvkwTzYJpNc3Ycq2TzKTnbbqAM2rzd1cihA5udIsZefcEGbMIKrtx4XWJNR-6rNkzxGstfBGF136D-5dpj&_nc_ad=z-m&_nc_cid=0&_nc_zt=23&_nc_ht=scontent-lax3-2.cdninstagram.com&_nc_gid=bkA2NdMxFaqgH-xVzPkPNg&oh=00_Afi50KIanPcgK1i7BnAOu5gNC8OSh8aAOXyOgQf_rC4vcA&oe=6931303C;24 Kasım Öğretmenler Günü kapsamında Valilik önünde düzenlenen çelenk sunma törenine katıldık.  Emekleriyle yarınlarımızı inşa eden tüm öğretmenlerimizin bu anlamlı gününü yürekten kutluyorum.;
https://www.instagram.com/p/DRbW2trDKnh/;Photo;512;4;0;2025-11-24 08:27:36;https://scontent-lax3-1.cdninstagram.com/v/t51.82787-15/589464936_18401421082192639_5628317453809657350_n.jpg?stp=dst-jpg_e35_tt6&_nc_cat=110&ig_cache_key=Mzc3MjcwOTYyOTc2ODU0MjY4OQ%3D%3D.3-ccb7-5&ccb=7-5&_nc_sid=58cdad&efg=eyJ2ZW5jb2RlX3RhZyI6InhwaWRzLjE0NDB4MTgwMC5zZHIuQzMifQ%3D%3D&_nc_ohc=oWZRLCYcC9AQ7kNvwGt0NjV&_nc_oc=AdlJfbxIbWNDt5GGJB80i0R_jEPsj7nnXbeivxnB8GumbN69Wv5YcicYB8a0veC-gx24XFX0aonoV_eGZODUMQrc&_nc_ad=z-m&_nc_cid=0&_nc_zt=23&_nc_ht=scontent-lax3-1.cdninstagram.com&_nc_gid=bkA2NdMxFaqgH-xVzPkPNg&oh=00_AfgCHCNb0Yf-Hber8A4VK0I8kxLdqCujMuXqGPbTpQjmrw&oe=69312561;Geleceğimizi aydınlatan, bilgiyle, sabırla ve büyük bir emekle nesiller yetiştiren tüm öğretmenlerimizin 24 Kasım Öğretmenler Günü kutlu olsun.  Bu ülkenin dört bir yanında görevini fedakârlıkla yapan değerli öğretmenlerimize minnettarız.  Ayrıca, öğrencileri için, ülkesi için görevi başında şehit düşen tüm öğretmenlerimizi rahmetle, saygıyla ve minnetle anıyorum. 💐🇹🇷;
https://www.instagram.com/p/DRZ1wopjHJu/;Reels;16179;460;257719;2025-11-23 18:20:17;https://scontent-lax3-1.cdninstagram.com/v/t51.71878-15/584393773_878036371418280_5672517250795451748_n.jpg?stp=dst-jpg_e15_tt6&_nc_cat=104&ig_cache_key=Mzc3MjI4MjYwMTU0NjIxNjA0Ng%3D%3D.3-ccb7-5&ccb=7-5&_nc_sid=58cdad&efg=eyJ2ZW5jb2RlX3RhZyI6InhwaWRzLjY0MHgxMTM2LnNkci5DMyJ9&_nc_ohc=go8gKcWa5TkQ7kNvwGT6fZJ&_nc_oc=AdlLZv0ABaEjBTU_HonfZsWOXxUHNXNPepSlQYrv_pJr1gL9Wxvms9DAwT27Vyq1gpZfp1-sV-pYV3qUcJdBT-QO&_nc_ad=z-m&_nc_cid=0&_nc_zt=23&_nc_ht=scontent-lax3-1.cdninstagram.com&_nc_gid=bkA2NdMxFaqgH-xVzPkPNg&oh=00_Afi3xuLOFEzWJSdqBHmWvgoxspb-cUUUn7cjI1r47Z0VNg&oe=69310E82;Alperen Şengün gururumuzdur, bu şehrin çocuğudur. Her zaman yanındayız.❤️  @alperen.sengun;
https://www.instagram.com/p/DRZwe0qDHUP/;Carousel;4157;37;0;2025-11-23 17:33:03;https://scontent-lax3-2.cdninstagram.com/v/t51.82787-15/587408548_18401353687192639_9036442492562689735_n.jpg?stp=dst-jpg_e35_tt6&_nc_cat=111&ig_cache_key=Mzc3MjI1OTM3MjM4MzM0NzY0Ng%3D%3D.3-ccb7-5&ccb=7-5&_nc_sid=58cdad&efg=eyJ2ZW5jb2RlX3RhZyI6InhwaWRzLjkwMHg1MDYuc2RyLkMzIn0%3D&_nc_ohc=hefp6XvmfScQ7kNvwF4j_jH&_nc_oc=AdkepsgOoBCpicnaS86Y0Bb7UTnA_2g60GWcsVqICjA0z3W7Ffa4RP5yJwU1fHBplXHN1MoLUXamJO071b4QnJ_N&_nc_ad=z-m&_nc_cid=0&_nc_zt=23&_nc_ht=scontent-lax3-2.cdninstagram.com&_nc_gid=bkA2NdMxFaqgH-xVzPkPNg&oh=00_Afg2KvzEFPfaGkOOy_pah5WdhOz7ZLCzPx0N5mJwekbLKQ&oe=69310408;Belli bir kesim tarafından algı oluşturularak hedef haline getirilmek istenen şehrimizin ve ülkemizin gururu Giresunlu Alperen Şengün’e destek olmak için, Milletvekilimiz Elvan Işık Gezmiş ve Alperen’in babası Kemal Şengün ile birlikte şehrimizin önemli turizm noktalarından biri olan Giresun Adamızda pankartımızı açtık.  Biz, her zaman Giresun’un değerlerinin yanındayız. Alperen, bu şehrin gururu ve iftihar kaynağıdır. 💚🤍  @alperen.sengun;
https://www.instagram.com/p/DRXzoQkDO0V/;Carousel;706;3;0;2025-11-22 23:22:04;https://scontent-lax7-1.cdninstagram.com/v/t51.82787-15/587804997_18401271556192639_2471396843583571627_n.jpg?stp=dst-jpg_e35_tt6&_nc_cat=101&ig_cache_key=Mzc3MTcxMDI3MjI1NjY0MjY4OQ%3D%3D.3-ccb7-5&ccb=7-5&_nc_sid=58cdad&efg=eyJ2ZW5jb2RlX3RhZyI6InhwaWRzLjE0NDB4OTYxLnNkci5DMyJ9&_nc_ohc=U1ApTVIgj68Q7kNvwEVK232&_nc_oc=AdleAnJBz3qqD5VLEzi2Y5Qgl_EnIMEiz0TOS9GKgrScPOUghas-YuzScoaoMstar_0VKUmE3fZQOZMf_ULgm1Je&_nc_ad=z-m&_nc_cid=0&_nc_zt=23&_nc_ht=scontent-lax7-1.cdninstagram.com&_nc_gid=bkA2NdMxFaqgH-xVzPkPNg&oh=00_AfhPy6kM1moSge9qU9ZPbByJGX8x1OU6wkGU_Jlt2bW00w&oe=69312E24;Bu akşam Cumhuriyet Halk Partimizin Yağlıdere İlçe Başkanı Alper Aydın ile Nurgül Küpüç kardeşlerimizin nişan törenine katıldık.   Gençlerimizi ve değerli ailelerini kutluyor, evlilik yolunda mutluluklar diliyorum.;
https://www.instagram.com/p/DRXbwoyjE0R/;Carousel;931;5;0;2025-11-22 19:53:30;https://scontent-lax3-1.cdninstagram.com/v/t51.82787-15/589145605_18401253289192639_5381193233570488917_n.jpg?stp=dst-jpg_e35_tt6&_nc_cat=108&ig_cache_key=Mzc3MTYwNTI4NTQ5NzI2NzU5NQ%3D%3D.3-ccb7-5&ccb=7-5&_nc_sid=58cdad&efg=eyJ2ZW5jb2RlX3RhZyI6InhwaWRzLjEzNjV4OTEwLnNkci5DMyJ9&_nc_ohc=U5DFb5oNFlAQ7kNvwGNGUma&_nc_oc=AdnSh0Zd7lAbpJ1nkdiJnSZ2QE6h4z0wSp3f16xNjW6vjvS0c3BuBS8PcG68ktN-7tAe-AoejoreN7Bie0Im-SOF&_nc_ad=z-m&_nc_cid=0&_nc_zt=23&_nc_ht=scontent-lax3-1.cdninstagram.com&_nc_gid=bkA2NdMxFaqgH-xVzPkPNg&oh=00_AfjblfdzLpj8Rzxj7u-8pbNmbDmoEFnT6lEU7jIS9nbUnQ&oe=6930FD37;30 Kasım’a kadar devam edecek 5. Giresun Kitap Fuarımıza ilgi her geçen gün artıyor. Bugün de Giresun Milletvekilimiz Elvan Işık Gezmiş ile birlikte söyleşi ve imza programlarımıza katıldık. Tüm hemşehrilerimizi Kitap Fuarımıza davet ediyorum.;
https://www.instagram.com/p/DRUzY7Ijhhg/;Reels;815;14;38861;2025-11-21 19:30:21;https://scontent-lax3-2.cdninstagram.com/v/t51.82787-15/587957413_18401144563192639_176864806236449180_n.jpg?stp=dst-jpg_e15_tt6&_nc_cat=103&ig_cache_key=Mzc3MDg2NDgwMTE0OTc1MzQ0MA%3D%3D.3-ccb7-5&ccb=7-5&_nc_sid=58cdad&efg=eyJ2ZW5jb2RlX3RhZyI6InhwaWRzLjEwODB4MTkyMC5zZHIuQzMifQ%3D%3D&_nc_ohc=Z_UfWlf6u6MQ7kNvwF9ShVh&_nc_oc=AdkIwaRVRjPIkzAJU3SQLRfu8qYDW8GvkHjs0ThRIIa8GpaUXwxHb2ZrLXUY1Fga98awbiBgdW20FoPLCnWPN8fa&_nc_ad=z-m&_nc_cid=0&_nc_zt=23&_nc_ht=scontent-lax3-2.cdninstagram.com&_nc_gid=bkA2NdMxFaqgH-xVzPkPNg&oh=00_AfgSzoedaG3okY1CeJBjDiUc-6GI9zZ6aZtcKadGHfFeEA&oe=693105BA;Giresun’umuza yakışır bir kitap fuarı için büyük bir özenle çalıştık ve bugün fuarımızı kitapseverlerle buluşturmanın heyecanını yaşıyoruz. Tüm hemşehrilerimizi 5. Giresun Kitap Fuarına davet ediyoruz.   📍Kültür ve Fuar Merkezi;
https://www.instagram.com/p/DRUyum_DH1o/;Carousel;391;2;0;2025-11-21 19:16:29;https://scontent-dus1-1.cdninstagram.com/v/t51.82787-15/583112367_18401143321192639_8987119092939545268_n.jpg?stp=dst-jpg_e35_tt6&_nc_cat=109&ig_cache_key=Mzc3MDg2MTg4MTc3MTQ3OTY1Mg%3D%3D.3-ccb7-5&ccb=7-5&_nc_sid=58cdad&efg=eyJ2ZW5jb2RlX3RhZyI6InhwaWRzLjIxNjB4MTQ0MC5zZHIuQzMifQ%3D%3D&_nc_ohc=TN4d4gfLL_sQ7kNvwFV1z0I&_nc_oc=AdnOkJ5S5mlO1dwvQG3Tb888xGkm0mX-FoD9smBGFLrv-pG8pPLCvpfE5VNjpYstKFs&_nc_ad=z-m&_nc_cid=0&_nc_zt=23&_nc_ht=scontent-dus1-1.cdninstagram.com&_nc_gid=OHI6R9DwhOhYbwyMC_1TOQ&oh=00_AfiR9J2tKRlG6rgXGYM6eRxgQRt-_eXdptA4kEBiCm1dUQ&oe=6930FAAF;Giresun Kitap Fuarımızın ilk gününde değerli yazarlarımız Mustafa Bakırcı, İsmail Cem Feridunoğlu ve Remzi Mamaşoğlu'nun söyleşi programını takip ettik. Şehrimizin kültürel hayatına özveriyle katkı sunan misafirlerimize teşekkür ediyorum. 📚  📍 Kültür ve Fuar Merkezi  #GiresunKitapFuarı #Giresun #KültürSanat #Söyleşi #KitapFuarı;
https://www.instagram.com/p/DRUgV2IDGCA/;Carousel;597;5;0;2025-11-21 16:35:48;https://scontent-dus1-1.cdninstagram.com/v/t51.82787-15/587502726_18401127895192639_2981660129278708789_n.jpg?stp=dst-jpg_e35_tt6&_nc_cat=103&ig_cache_key=Mzc3MDc4MTAwNDEyMzEzMDk3NQ%3D%3D.3-ccb7-5&ccb=7-5&_nc_sid=58cdad&efg=eyJ2ZW5jb2RlX3RhZyI6InhwaWRzLjEwNjl4NzE0LnNkci5DMyJ9&_nc_ohc=3XrUP1chj18Q7kNvwFfAh0D&_nc_oc=AdkyV6-GhSLFylB8_ZknY3j9ljacETMU-mk6M5OhgSoLA4fgChV_eFEwhkuaMtaasl0&_nc_ad=z-m&_nc_cid=0&_nc_zt=23&_nc_ht=scontent-dus1-1.cdninstagram.com&_nc_gid=OHI6R9DwhOhYbwyMC_1TOQ&oh=00_AfhSOYvtal-1tB2CDhPOjvuq11Qn1MvkOPS39485m2igwQ&oe=693125F3;2️⃣ Karadeniz Bölgesi’nin en kapsamlı kitap fuarlarından biri olan fuarımıza “Bir Kitap Bin Hayal” diyerek tüm hemşehrilerimizi davet ediyorum.  #GiresunKitapFuarı #BirKitapBinHayal #GiresunBelediyesi #KitapKokusu;
https://www.instagram.com/p/DRUgJyzDI7w/;Carousel;602;1;0;2025-11-21 16:34:10;https://scontent-dus1-1.cdninstagram.com/v/t51.82787-15/584402139_18401127520192639_4163855134546120571_n.jpg?stp=dst-jpg_e35_tt6&_nc_cat=106&ig_cache_key=Mzc3MDc4MDE4MDE2ODg0MjQzMQ%3D%3D.3-ccb7-5&ccb=7-5&_nc_sid=58cdad&efg=eyJ2ZW5jb2RlX3RhZyI6InhwaWRzLjEwNjV4NzEwLnNkci5DMyJ9&_nc_ohc=3peyHyoPiyQQ7kNvwGEDx46&_nc_oc=AdnbhSQ9e1wwRsDFYNQgiq2m_nZ-uHXTc68ngVjEEUQwOUCTMJkRmXAqrAEQxL4eGz8&_nc_ad=z-m&_nc_cid=0&_nc_zt=23&_nc_ht=scontent-dus1-1.cdninstagram.com&_nc_gid=OHI6R9DwhOhYbwyMC_1TOQ&oh=00_AfgwAb859nMjVWN9UGm4LUyb5DGIKrgW54C9zveJjmOxrw&oe=69311337;1️⃣ Bugün 5. Giresun Kitap Fuarımızı coşkulu bir törenle açmanın mutluluğunu yaşıyoruz. 60 yazar ve 150 yayınevinin katılımıyla gerçekleşecek bu büyük kültür buluşması, 30 Kasım’a kadar Kültür ve Fuar Merkezimizde kitapseverlerle buluşacak.   #GiresunKitapFuarı #BirKitapBinHayal #GiresunBelediyesi #KitapKokusu;
https://www.instagram.com/p/DRT0FtSjPjC/;Reels;2095;89;92372;2025-11-21 10:11:40;https://scontent-dus1-1.cdninstagram.com/v/t51.71878-15/583258204_768617412864515_2305166614430952082_n.jpg?stp=dst-jpg_e15_tt6&_nc_cat=111&ig_cache_key=Mzc3MDU4NjQwMzY4NDgwODg5OA%3D%3D.3-ccb7-5&ccb=7-5&_nc_sid=58cdad&efg=eyJ2ZW5jb2RlX3RhZyI6InhwaWRzLjY0MHgxMTM2LnNkci5DMyJ9&_nc_ohc=IUmE3-bN6uIQ7kNvwHqdtv3&_nc_oc=AdmA6lWmLp_Myv-2l2YAUHf1in9-ka3Juz2X3JsQ0IKUarVaK9siiZajtZ5dRrZMAcg&_nc_ad=z-m&_nc_cid=0&_nc_zt=23&_nc_ht=scontent-dus1-1.cdninstagram.com&_nc_gid=OHI6R9DwhOhYbwyMC_1TOQ&oh=00_AfildS7w3wAZPmJJ0kaMaESa2-iT7T_qvmIV5ZlmdRd_7A&oe=69311EA7;Biz ne yapıyorsak şehrimiz için yapıyor, harcadığımız kuruşun hesabını yapıyoruz. Durmadan, yorulmadan, bıkmadan, usanmadan, inatla şehrimizin insanı için çalışmaya, hizmet etmeye devam edeceğiz.;
https://www.instagram.com/p/DRSQG87jEqg/;Carousel;1100;13;0;2025-11-20 19:35:29;https://scontent-dus1-1.cdninstagram.com/v/t51.82787-15/584541337_18401044639192639_2434115433790477190_n.jpg?stp=dst-jpg_e35_tt6&_nc_cat=105&ig_cache_key=Mzc3MDE0NjY2OTM1NTM5OTc1OQ%3D%3D.3-ccb7-5&ccb=7-5&_nc_sid=58cdad&efg=eyJ2ZW5jb2RlX3RhZyI6InhwaWRzLjE0NDB4OTYwLnNkci5DMyJ9&_nc_ohc=c66oK6_diKwQ7kNvwEHqitA&_nc_oc=AdlYUr9k5l9V4KzzwAp9nu94OvoldemAfDTs6VcKn9iccJcYb9k3p0ni9ZBKgvHmDrI&_nc_ad=z-m&_nc_cid=0&_nc_zt=23&_nc_ht=scontent-dus1-1.cdninstagram.com&_nc_gid=OHI6R9DwhOhYbwyMC_1TOQ&oh=00_Afj-5NTM9W0KeU0TSiulVqcSLfbbjgeHkE6cF1_Viahamw&oe=6931047F;Büyük bir heyecan ve titiz bir emekle hazırladığımız 5. Giresun Kitap Fuarı için artık geri sayımın son saatlerindeyiz.  Karadeniz Bölgesi’nin en kapsamlı kitap fuarı için tüm hazırlıklarımızı tamamlıyoruz.  Giresun’umuzun kültür ve edebiyat yolculuğuna değer katacak bu büyük buluşmaya sizleri de davet ediyorum.  📍Kültür ve Fuar Merkezi;
https://www.instagram.com/p/DRSGFfBjEwV/;Photo;205;2;0;2025-11-20 18:07:54;https://scontent-dus1-1.cdninstagram.com/v/t51.82787-15/587025486_18401036134192639_8892208823498851083_n.jpg?stp=dst-jpg_e35_tt6&_nc_cat=107&ig_cache_key=Mzc3MDEwMjYwMzI1MDk0NTA0NQ%3D%3D.3-ccb7-5&ccb=7-5&_nc_sid=58cdad&efg=eyJ2ZW5jb2RlX3RhZyI6InhwaWRzLjE0NDB4MTgwMS5zZHIuQzMifQ%3D%3D&_nc_ohc=fZw-ZvG5rx4Q7kNvwH9u_WC&_nc_oc=Adn_VqtohIigbNtXrw9j7gfg6PicxoayGvtLidATINEqWFW5rqyRib4-GaE4nzF--Lw&_nc_ad=z-m&_nc_cid=0&_nc_zt=23&_nc_ht=scontent-dus1-1.cdninstagram.com&_nc_gid=OHI6R9DwhOhYbwyMC_1TOQ&oh=00_AfgvwOfcahedBZ54HMPxqZn_Y5k_wNJXFQeMgIMgjjVpRg&oe=693114D1;Şehrimizin kültür hayatına değer katmak, okuma sevgisini büyütmek ve hemşehrilerimizi yazarlarla buluşturmak için bu yıl 5’incisini düzenlediğimiz Giresun Kitap Fuarının açılışına tüm kitap dostlarını davet ediyorum.  Kitapların ışığında buluşmak dileğiyle…  📍 Kültür ve Fuar Merkezi 📅 21 Kasım 2025 ⏰ 14.00;
https://www.instagram.com/p/DRSDPmLjD8Q/;Carousel;445;4;0;2025-11-20 17:43:04;https://scontent-dus1-1.cdninstagram.com/v/t51.82787-15/583781073_18401033035192639_3174942311668492061_n.jpg?stp=dst-jpg_e35_tt6&_nc_cat=101&ig_cache_key=Mzc3MDA5MDA5MzA4NDk2ODEzMA%3D%3D.3-ccb7-5&ccb=7-5&_nc_sid=58cdad&efg=eyJ2ZW5jb2RlX3RhZyI6InhwaWRzLjE0NDB4OTYwLnNkci5DMyJ9&_nc_ohc=E-hgKIAvpR0Q7kNvwEsAYbn&_nc_oc=Adk7GCHNiQT-Q-zyJ7CDnBUhQOml7l6Hs9qBY5n4hZm0nf0_yxfKaR7ct3TtY80jEGQ&_nc_ad=z-m&_nc_cid=0&_nc_zt=23&_nc_ht=scontent-dus1-1.cdninstagram.com&_nc_gid=OHI6R9DwhOhYbwyMC_1TOQ&oh=00_AfjwJcLUYFnnm94ag4q0JoAsViJNmtK7nj1WoVmy-pOKFQ&oe=6931039B;"2026 yılı Belediye bütçemizi 2 Milyar 650 Milyon TL olarak belirledik. Bütçenin hazırlanmasında emeği geçen herkese teşekkür ediyorum.  Biz her fikre açığız; yeter ki Giresun’umuza bir çivi daha çakalım. Bu bütçenin şehrimize yatırım ve hizmet olarak döneceğine tüm kalbimle inanıyorum. Her mahalleye, her sokağa, her köşeye hizmet götürmek için çalışmaya devam.";
https://www.instagram.com/p/DRRhR8zjNJz/;Reels;983;17;53299;2025-11-20 12:50:04;https://scontent-dus1-1.cdninstagram.com/v/t51.71878-15/582615179_1408300540966508_1308919290673601044_n.jpg?stp=dst-jpg_e15_tt6&_nc_cat=108&ig_cache_key=Mzc2OTk0MDczMjE0MTE2MzEyMw%3D%3D.3-ccb7-5&ccb=7-5&_nc_sid=58cdad&efg=eyJ2ZW5jb2RlX3RhZyI6InhwaWRzLjY0MHgxMTM2LnNkci5DMyJ9&_nc_ohc=df2TSluVY8gQ7kNvwHKmigU&_nc_oc=Adm06doDrXSH_eSkSrlP3pEQLbmLMZVElHrQIyok2NhdCLF9UFbeK1n269Lso2QYkeo&_nc_ad=z-m&_nc_cid=0&_nc_zt=23&_nc_ht=scontent-dus1-1.cdninstagram.com&_nc_gid=OHI6R9DwhOhYbwyMC_1TOQ&oh=00_AfiuNwu-X6U55iRsMCM8UPL77EV4JQiS6v1KQ55miMiFvg&oe=69312A5A;Kayadibi Mahallemizden Fadime Teyzemiz bana videolu mesaj göndermiş. Belediyemizin hizmetleri de bütçesi de hemşehrilerimizin. Biz de bu doğrultuda her mahallemize, her sokağımıza hizmet götürüyoruz. Eli öpülesi analarımızın hayır dualarını almak için yapılan hizmetlerin en büyüğü budur. Her zaman yanınızdayız, her hizmetimiz sizler için. ❤️;
https://www.instagram.com/p/DRRT2D8jPEQ/;Carousel;345;3;0;2025-11-20 10:48:53;https://scontent-dus1-1.cdninstagram.com/v/t51.82787-15/583326209_18401000743192639_3611282938942514374_n.jpg?stp=dst-jpg_e35_tt6&_nc_cat=102&ig_cache_key=Mzc2OTg4MTYyNjI2MDgyNjk2OQ%3D%3D.3-ccb7-5&ccb=7-5&_nc_sid=58cdad&efg=eyJ2ZW5jb2RlX3RhZyI6InhwaWRzLjEwNjV4NzEwLnNkci5DMyJ9&_nc_ohc=eUSz9LqSsScQ7kNvwHO5evN&_nc_oc=AdmDorOEEUrFlu5nZZJsC_0nAsI9c3eFrqWb557XH8LS5xjPbM4ECmY90jKmdDDcuVk&_nc_ad=z-m&_nc_cid=0&_nc_zt=23&_nc_ht=scontent-dus1-1.cdninstagram.com&_nc_gid=OHI6R9DwhOhYbwyMC_1TOQ&oh=00_AfiDcc360eYjjIOBH_OE0Txv2sgSBl_R4qeCc5WcvlvMQg&oe=69311954;"Partimizin Genel Merkez Yerel Yönetimler ve Dirençli Kentler Birimi’nde görevli Aydın Milletvekili Evrim Karakoz ile Bilecik Milletvekili Yaşar Tüzün’ü belediyemizde ağırladık. Belediyemizin çalışmaları ve kurum yapımız hakkında kapsamlı bir brifing sunduk, değerli görüş ve önerilerini dinledik.  Genel Başkanımız Özgür Özel’in öncülüğünde; halkçı ve sosyal belediyecilik anlayışımızla ortak akıl ve istişare içinde şehrimize hizmet etmeye devam edeceğiz.  Nazik ziyaretleri için teşekkür ediyor, çalışmalarında başarılar diliyorum.";
https://www.instagram.com/p/DRPOqgPjM7Q/;Carousel;1059;6;0;2025-11-19 15:25:08;https://scontent-dus1-1.cdninstagram.com/v/t51.82787-15/583646605_18400918909192639_8855145795806355119_n.jpg?stp=dst-jpg_e35_tt6&_nc_cat=100&ig_cache_key=Mzc2OTI5NTg5MDMyMzEwNTcxNA%3D%3D.3-ccb7-5&ccb=7-5&_nc_sid=58cdad&efg=eyJ2ZW5jb2RlX3RhZyI6InhwaWRzLjE0NDB4OTU5LnNkci5DMyJ9&_nc_ohc=sCv2YU9i6lQQ7kNvwHin16R&_nc_oc=Adl8-KXNHtbqBg3te6mZzIwa7z64XfsTxu9i3gLHfL7CxrVaZdrggCCne6p_2UqZfaw&_nc_ad=z-m&_nc_cid=0&_nc_zt=23&_nc_ht=scontent-dus1-1.cdninstagram.com&_nc_gid=OHI6R9DwhOhYbwyMC_1TOQ&oh=00_AfhW-hXsiAlPS-Njtf0SkzEOjd5PmJBnMKGVHTYdRR9nqA&oe=693104DB;Kentimizin simgesi haline gelen Kazancılar Yokuşunda, tarihi dokuyu koruyarak kaldırım yenileme çalışmalarına kısa bir süre içerisinde başlıyoruz. Bugün değerli ekip arkadaşlarımızla birlikte proje alanını inceleyerek yapılacak çalışmalar hakkında değerlendirmelerde bulunduk.   800 m²’lik alanda, modern görünümlü taşlarla yaya yolunu yenileyerek bölgeye daha estetik ve konforlu bir görünüm kazandıracağız. Yeni haliyle Kazancılar Yokuşu, şehrimize çok daha yakışacak. Görüşlerini bizimle paylaşan tüm Kazancılar Yokuşu esnafımıza teşekkür ediyor, bol kazançlar diliyorum.;
https://www.instagram.com/p/DRO_R85jHJC/;Carousel;329;1;0;2025-11-19 13:10:43;https://scontent-dus1-1.cdninstagram.com/v/t51.82787-15/584752009_18400908409192639_689844487423644567_n.jpg?stp=dst-jpg_e35_tt6&_nc_cat=104&ig_cache_key=Mzc2OTIyODIzNjY3NzcyMTQ2OQ%3D%3D.3-ccb7-5&ccb=7-5&_nc_sid=58cdad&efg=eyJ2ZW5jb2RlX3RhZyI6InhwaWRzLjY0MHg0MjYuc2RyLkMzIn0%3D&_nc_ohc=ZSoiSDZPPiwQ7kNvwG-ixW9&_nc_oc=AdnKACJwiXe4njCFvA79_pDfoMTyXrTV-YBGVfuPFrUP87HKf7HIJTbqolHt40mcwRc&_nc_ad=z-m&_nc_cid=0&_nc_zt=23&_nc_ht=scontent-dus1-1.cdninstagram.com&_nc_gid=OHI6R9DwhOhYbwyMC_1TOQ&oh=00_Afgya1_qjpTu81HrQ3XsxEvuLNRL1FZK5e2ocyGNp0DT2A&oe=69312E37;Partimizin Yerel Yönetimler ve Dirençli Kentlerden Sorumlu Genel Başkan Yardımcıları Aydın Milletvekili Evrim Karakoz ve Bilecik Milletvekili Yaşar Tüzün’ün katılımıyla, parti binamızda değerli basın mensuplarımız ile bir araya geldik.   Şehrimizin sorunları, ihtiyaçları ve önümüzdeki dönem yapılacak çalışmalar üzerine değerlendirmelerde bulunuldu, görüş ve öneriler paylaşıldı.  Şehrimiz adına verimli bir görüşme oldu. Giresun için ortak akılla çalışmaya devam edeceğiz.;
https://www.instagram.com/p/DRNKCFsjAW0/;Photo;1437;8;0;2025-11-18 20:06:11;https://scontent-dus1-1.cdninstagram.com/v/t51.82787-15/584164863_18400840138192639_8989292406808652705_n.jpg?stp=dst-jpg_e35_tt6&_nc_cat=110&ig_cache_key=Mzc2ODcxMjU4NzE5OTEyMDgyMA%3D%3D.3-ccb7-5&ccb=7-5&_nc_sid=58cdad&efg=eyJ2ZW5jb2RlX3RhZyI6InhwaWRzLjE0NDB4MTkyMC5zZHIuQzMifQ%3D%3D&_nc_ohc=9hmOpy61pN0Q7kNvwGPeHEK&_nc_oc=Adm5Ytr9l_ogwkERO8gyMeWY8IjNEWOzqOEgXniiFNE0mKeLqKxS9jQl6JuaERuX70c&_nc_ad=z-m&_nc_cid=0&_nc_zt=23&_nc_ht=scontent-dus1-1.cdninstagram.com&_nc_gid=OHI6R9DwhOhYbwyMC_1TOQ&oh=00_AfiK56I6rGTSuioiM_e1Zj2YAxplNhC0FYhFPiGbXgugpw&oe=69312CEA;Bugün Türkiye Büyük Millet Meclisi’nde güzel bir karşılaşma sonucu Yağlıdere Belediye Başkanı Yaşar İbaş ile birlikte Giresun Milletvekilimiz Elvan Işık Gezmiş’i ziyaret ettik. Kıymetli Vekilimize, ev sahipliği ve ilgisi için teşekkür ediyor, çalışmalarında başarılar diliyorum.  Şehrimiz için birlikte güzel hizmetlere imza atmaya devam edeceğiz.;
https://www.instagram.com/p/DRNG7-eDDiI/;Carousel;736;3;0;2025-11-18 19:39:08;https://scontent-iad3-1.cdninstagram.com/v/t51.82787-15/582065691_18400838020192639_2314513204578619154_n.jpg?stp=dst-jpg_e35_tt6&_nc_cat=107&ig_cache_key=Mzc2ODY5ODk2MjA3ODA4OTg2NQ%3D%3D.3-ccb7-5&ccb=7-5&_nc_sid=58cdad&efg=eyJ2ZW5jb2RlX3RhZyI6InhwaWRzLjg1NXg1NzEuc2RyLkMzIn0%3D&_nc_ohc=SkxUPYu01M0Q7kNvwEdIM13&_nc_oc=Adk6N5Ht5f_3KsjjRhzjGk3UV9vQOH1s3bmYUhm3oIP2fUiadalLTBo08fRO7e3DQZWW4OEEuT79PG9RgrWHx8lO&_nc_ad=z-m&_nc_cid=0&_nc_zt=23&_nc_ht=scontent-iad3-1.cdninstagram.com&_nc_gid=Rhrpo6iFcTNCSSjCgfuESQ&oh=00_AfguZJ97wjPC_cwMPzppE-RK3svm2SA7oO0RvX7rh47_Ow&oe=693109AC;İl Belediye Başkanları olarak Genel Başkanımız Sn. Özgür Özel ile bir araya geldik.  Şehirlerimizde bugüne kadar hayata geçirdiğimiz çalışmalar ile önümüzdeki süreçte projelerimizi değerli Genel Başkanımıza arz ederek öneri ve talimatlarını aldık.  Nazik ev sahipliği için Sayın Genel Başkanımıza teşekkür ediyorum.  Halkçı ve Sosyal Belediyecilik anlayışımızla ülkemizin dört bir yanında çalışmaya devam edeceğiz.;
https://www.instagram.com/p/DRMykehDEHh/;Carousel;802;5;0;2025-11-18 16:41:10;https://scontent-iad3-1.cdninstagram.com/v/t51.82787-15/582213722_18400822072192639_547962029871708164_n.jpg?stp=dst-jpg_e35_tt6&_nc_cat=110&ig_cache_key=Mzc2ODYwOTM5MDM0MjIzNjA0Ng%3D%3D.3-ccb7-5&ccb=7-5&_nc_sid=58cdad&efg=eyJ2ZW5jb2RlX3RhZyI6InhwaWRzLjEyMDB4ODAwLnNkci5DMyJ9&_nc_ohc=usW-alkVRb0Q7kNvwEl9bgk&_nc_oc=AdlYXtsaN-fQVQ2BSIKQCF8_3fnFVinBenrkSjcZDYFiFp1GQFUoOa8Y6grwF1adqd66k3G_7Ot4uAvAyMPVsqQW&_nc_ad=z-m&_nc_cid=0&_nc_zt=23&_nc_ht=scontent-iad3-1.cdninstagram.com&_nc_gid=Rhrpo6iFcTNCSSjCgfuESQ&oh=00_AfgIugnKUTCpTDZsDceeDuZs42tde6dmVlrvRkFFIVoYOQ&oe=693112E0;Bugün Cumhuriyet Halk Partimizin Haftalık Grup Toplantısı’na Giresun Milletvekilimiz Sn. Elvan Işık Gezmiş ile birlikte katıldım. Değerli Genel Başkanımız Sn. Özgür Özel’i Türkiye Büyük Millet Meclisi’nden dinledik. Halkın sesi, adalet talebi ve eşitlik mücadelesinin en güçlü şekilde yükseldiği bu kürsüden verilen mesajlar hepimize umut oldu. Giresun’umuzdan Genel Başkanımıza kararlılıkla destek vermeye devam edeceğiz.;
https://www.instagram.com/p/DRMluncDEZc/;Photo;428;7;0;2025-11-18 14:48:57;https://scontent-iad3-1.cdninstagram.com/v/t51.82787-15/581863404_18400812007192639_688442113130133217_n.jpg?stp=dst-jpg_e35_tt6&_nc_cat=101&ig_cache_key=Mzc2ODU1MjkxOTM2NTYwMDg2MA%3D%3D.3-ccb7-5&ccb=7-5&_nc_sid=58cdad&efg=eyJ2ZW5jb2RlX3RhZyI6InhwaWRzLjE0NDB4MTgwMC5zZHIuQzMifQ%3D%3D&_nc_ohc=ZuNbecIHZ3EQ7kNvwHYiWFJ&_nc_oc=AdmJZzTVz9ZCY0h2iTtGCkH330VQKckCdvuzVGtf0qxXUmw4sI4G_dDyfzHdEZvxYJnfUVMFpoCtAfx3XH3mcI-T&_nc_ad=z-m&_nc_cid=0&_nc_zt=23&_nc_ht=scontent-iad3-1.cdninstagram.com&_nc_gid=Rhrpo6iFcTNCSSjCgfuESQ&oh=00_AfiG2yTvSLxsS_fkylM6scxHkMC6vKIG4u44YTqZq1buMw&oe=69312C4B;Giresun’umuzun değerleri, Giresunlu yazarlarımız da 5. Giresun Kitap Fuarımızda olacak. Tüm hemşehrilerimizi 21-30 Kasım tarihlerinde düzenleyeceğimiz Kitap Fuarımıza bekliyoruz. 😍  #GiresunKitapFuarı #BirKitapBinHayal #GiresunBelediyesi #KitapKokusu;
https://www.instagram.com/p/DREwYUJjMtl/;Carousel;654;5;0;2025-11-15 13:48:06;https://scontent-iad3-1.cdninstagram.com/v/t51.82787-15/583446585_18400492540192639_7480475692091379662_n.jpg?stp=dst-jpg_e35_tt6&_nc_cat=104&ig_cache_key=Mzc2NjM0Nzk2MTIxMTg2NzcxOA%3D%3D.3-ccb7-5&ccb=7-5&_nc_sid=58cdad&efg=eyJ2ZW5jb2RlX3RhZyI6InhwaWRzLjE0NDB4OTU5LnNkci5DMyJ9&_nc_ohc=EOyUranbYBQQ7kNvwHsFWyO&_nc_oc=AdlFxkfgiRCwI7Um2EDw9ZrRdpYbFB8Kd---BTFkV_1hdpwS-TfE7SL_oVJ9SdKwmGR5BWKKi40z0Kra3BG-jgjZ&_nc_ad=z-m&_nc_cid=0&_nc_zt=23&_nc_ht=scontent-iad3-1.cdninstagram.com&_nc_gid=Rhrpo6iFcTNCSSjCgfuESQ&oh=00_AfiQzMs5vz8wPpavYJwkxTcXyVr4AWClp2wHXQcOjcMGoA&oe=69310004;Bugün 29 Ekim Kadınları Derneği Giresun Şubesi’nin düzenleyeceği söyleşi programı için şehrimizde misafir ettiğimiz Cumhuriyet Halk Partisi Trabzon Milletvekilimiz Sibel Suiçmez’i, 24. Dönem Eskişehir Milletvekilimiz Prof. Dr. Süheyl Batum’u ve 29 Ekim Kadınları Derneği Giresun Şubesi’ni Belediyemizde ağırladık. Ziyaretleri için kendilerine çok teşekkür ediyorum.;
https://www.instagram.com/p/DREnd8bjIxN/;Photo;1260;33;0;2025-11-15 12:30:14;https://scontent-iad3-1.cdninstagram.com/v/t51.82787-15/584379985_18400486924192639_6530145144481066939_n.jpg?stp=dst-jpg_e35_tt6&_nc_cat=110&ig_cache_key=Mzc2NjMwODc2OTk1NDA0MDkwOQ%3D%3D.3-ccb7-5&ccb=7-5&_nc_sid=58cdad&efg=eyJ2ZW5jb2RlX3RhZyI6InhwaWRzLjE0NDB4MTgwMi5zZHIuQzMifQ%3D%3D&_nc_ohc=e6weTvGAfoUQ7kNvwEu45Hr&_nc_oc=AdlUMm9BY1NVx_mf_FSqg8v1FGA0y936oApK_xbwT6gzJbNRmDOje77golE5J4Et3ytf7vARcIYCYXnRADloo8Wm&_nc_ad=z-m&_nc_cid=0&_nc_zt=23&_nc_ht=scontent-iad3-1.cdninstagram.com&_nc_gid=Rhrpo6iFcTNCSSjCgfuESQ&oh=00_Afh2wDHU-DrHOqNDXAHDeD-mj3pUw8-XLJlYi4HI_56WZQ&oe=693101EE;Geri sayımına başladığımız 5. Giresun Kitap Fuarımıza katılacak değerli yazarlarımız netleşti. Tüm kitapseverleri 21-30 Kasım tarihlerinde Kültür ve Fuar Merkezimize bekliyoruz 😍📚  #GiresunKitapFuarı #BirKitapBinHayal #GiresunBelediyesi #KitapKokusu;
https://www.instagram.com/p/DRChge3jDhT/;Carousel;935;15;0;2025-11-14 16:59:40;https://scontent-iad3-1.cdninstagram.com/v/t51.82787-15/582828509_18400397941192639_3058521529931868726_n.jpg?stp=dst-jpg_e35_tt6&_nc_cat=110&ig_cache_key=Mzc2NTcxOTYwMDQ5MTkzOTYxMg%3D%3D.3-ccb7-5&ccb=7-5&_nc_sid=58cdad&efg=eyJ2ZW5jb2RlX3RhZyI6InhwaWRzLjE2MDB4MTA2Ni5zZHIuQzMifQ%3D%3D&_nc_ohc=Iu_hHqQAwkAQ7kNvwEwUZmt&_nc_oc=Admc48oz0KNxzcTxu4nHVuXKi19tKvCXXfuzaRhF6Ji9yNiQQ9O-Zd5V5RiR4B4W-ubCw_qgVYKLh016j2dG9XKW&_nc_ad=z-m&_nc_cid=0&_nc_zt=23&_nc_ht=scontent-iad3-1.cdninstagram.com&_nc_gid=Rhrpo6iFcTNCSSjCgfuESQ&oh=00_AfisiaPxCcvMPJoGJEfFpYEevJkF008zV7dI1Kgz7Bc26w&oe=69310662;Bugün Giresunspor Kulüp Başkanımız Emin Eltuğral'ı Belediyemizde ağırladık. Her zaman yeşil beyazlı takımımızın yanındayım. Değerli ziyaretleri için Başkanımıza teşekkür ediyor, Giresunspor'umuza başarılar diliyorum.;
https://www.instagram.com/p/DQ_c-FQjBXW/;Carousel;1350;44;0;2025-11-13 12:22:18;https://scontent-iad3-1.cdninstagram.com/v/t51.82787-15/583058037_18399969400192639_2125278345603176220_n.jpg?stp=dst-jpg_e35_tt6&_nc_cat=104&ig_cache_key=Mzc2NDg1NTIxMDkxODA4NDQ0OA%3D%3D.3-ccb7-5&ccb=7-5&_nc_sid=58cdad&efg=eyJ2ZW5jb2RlX3RhZyI6InhwaWRzLjE0NDB4MTgwMS5zZHIuQzMifQ%3D%3D&_nc_ohc=D_GyDOnddWcQ7kNvwGtH_oV&_nc_oc=AdkTJp1iipeVbFScYxJkBDnzhUzb8Uzcrg1cXVY1GMl87bKY7lJJCpf4mj2XxWsjZgaDXmT7lTsgwAi0qU6M1Srp&_nc_ad=z-m&_nc_cid=0&_nc_zt=23&_nc_ht=scontent-iad3-1.cdninstagram.com&_nc_gid=Rhrpo6iFcTNCSSjCgfuESQ&oh=00_AfhhlbCuEern0qNjk_iaZvSIYNeBLexZcGWA-eoJ1Zqivw&oe=69311E18;21-30 Kasım tarihleri arasında Kültür ve Fuar Merkezimizde gerçekleşecek 5. Giresun Kitap Fuarımızda birbirinden değerli yazarları ağırlamak için sabırsızlanıyoruz. İlker Başbuğ Paşamızın yanı sıra Ayşe Kulin, Sunay Akın, Ahmet Ümit, İnci Aral, Buket Uzuner, Murat Tavlı, Işıl Işık, Hatice Nur Ege, Fuat Sevimay, Emre Gül ve daha birçok yazar bizlerle olacak.   Söyleşiler, imza günleri ve yayınevleriyle dopdolu, rengarenk bir kitap fuarı sizleri bekliyor. Tüm hemşehrilerimizi 21-30 Kasım tarihleri arasında düzenleyeceğimiz 5. Giresun Kitap Fuarı’na bekliyorum. Unutmayın, bir kitap bin hayal.   📅 21–30 Kasım 2025 📍 Belediye Kültür ve Fuar Merkezi 🕙 10.00–20.00  #GiresunKitapFuarı #BirKitapBinHayal #GiresunBelediyesi #KitapKokusu;
https://www.instagram.com/p/DQ9RasEjInh/;Carousel;626;1;0;2025-11-12 16:02:52;https://scontent-iad3-2.cdninstagram.com/v/t51.82787-15/580132520_18399514627192639_9045139519853538205_n.jpg?stp=dst-jpg_e35_tt6&_nc_cat=105&ig_cache_key=Mzc2NDI0MTQ1Nzk1MjMyODU0MQ%3D%3D.3-ccb7-5&ccb=7-5&_nc_sid=58cdad&efg=eyJ2ZW5jb2RlX3RhZyI6InhwaWRzLjE2MDB4MTA2Ni5zZHIuQzMifQ%3D%3D&_nc_ohc=Gl09F6a9umgQ7kNvwEUe5Tr&_nc_oc=AdmeeVEJBAVcVV_YaFz1iXqLGVlkEZ6qvoEbBg0dUQ3xEZc3RccDNGZU3x91BR0W-XkVlLj4-dbh48VCu2ghEWl5&_nc_ad=z-m&_nc_cid=0&_nc_zt=23&_nc_ht=scontent-iad3-2.cdninstagram.com&_nc_gid=Rhrpo6iFcTNCSSjCgfuESQ&oh=00_Afgqqhx06cG--jVe1FA3yPdHIPtk7VytBpC95f5hdFgTRw&oe=6931233B;Bugün Kadın Dayanışma Derneği Başkanı Ayça Kozluca ve Yönetim Kurulu Üyeleri, AKSA Doğalgaz Giresun Bölge Müdürü Hakkı Kahya, 2. Noter Burhan Uykun, AKBANK Giresun Şube Müdürü Mehmet Keleş ve Mümessil Dayanışma Derneği’ni misafir ettik.   Değerli misafirlerimizle şehrimiz üzerine keyifli bir görüş alışverişinde bulunduk. Ziyaretleri için kendilerine teşekkür ederim.;
https://www.instagram.com/p/DQ66PogDN4M/;Photo;294;6;0;2025-11-11 18:01:54;https://scontent-iad3-1.cdninstagram.com/v/t51.82787-15/579630651_18399163543192639_8459258997824153685_n.jpg?stp=dst-jpg_e35_tt6&_nc_cat=104&ig_cache_key=Mzc2MzU3NjU5OTU5ODY1Mjk0MA%3D%3D.3-ccb7-5&ccb=7-5&_nc_sid=58cdad&efg=eyJ2ZW5jb2RlX3RhZyI6InhwaWRzLjExNzB4NzEyLnNkci5DMyJ9&_nc_ohc=RcU2RvD-NRsQ7kNvwHoZepu&_nc_oc=AdlsesX7htrLKF7ZjmjnbCMq8ThO6EEqplQzbNI6mRAWUiYQi1JThwvbpPrcarmaPvJ6OuKEEE1Q6w9sKQ9txWkS&_nc_ad=z-m&_nc_cid=0&_nc_zt=23&_nc_ht=scontent-iad3-1.cdninstagram.com&_nc_gid=Rhrpo6iFcTNCSSjCgfuESQ&oh=00_Afg-SaPXnc_FiAGShnSZoVH5Kk-9J2Vl1d550x7oMXZYnQ&oe=693116A9;;
https://www.instagram.com/p/DQ6yhNujAPr/;Carousel;1621;5;0;2025-11-11 16:54:24;https://scontent-iad3-1.cdninstagram.com/v/t51.82787-15/563001606_18399138898192639_4764510365329818977_n.jpg?stp=dst-jpg_e35_tt6&_nc_cat=108&ig_cache_key=Mzc2MzU0MjYxMTE5ODc0MDkzMw%3D%3D.3-ccb7-5&ccb=7-5&_nc_sid=58cdad&efg=eyJ2ZW5jb2RlX3RhZyI6InhwaWRzLjE2MDB4MTA2Ni5zZHIuQzMifQ%3D%3D&_nc_ohc=STlBmleGQKgQ7kNvwGv1v2x&_nc_oc=AdnP6o9CUpXJ7EE5nAcZtoBATpCi_NXlY2OB8GBDvTq0W6zbTm_1mmff5cIZcVmBNkM60tgB5yaw8YaNg9XhfRYN&_nc_ad=z-m&_nc_cid=0&_nc_zt=23&_nc_ht=scontent-iad3-1.cdninstagram.com&_nc_gid=Rhrpo6iFcTNCSSjCgfuESQ&oh=00_Afjm0VRKIRJlTn3mS6X40Km0CbEEaEsx_d3KU2Ct3Q8AkQ&oe=69311674;Giresun'umuzu da, hemşehrilerimizi de çok seviyorum. Hoş sohbetiniz, ilginiz için teşekkür ederim.  📍Kulakkaya Yaylası;
https://www.instagram.com/p/DQ6YeU0jEo7/;Carousel;663;3;0;2025-11-11 13:06:48;https://scontent-iad3-1.cdninstagram.com/v/t51.82787-15/580694660_18399027415192639_7012989657445113220_n.jpg?stp=dst-jpg_e35_tt6&_nc_cat=104&ig_cache_key=Mzc2MzQyODA1NTMwMjU0NzgyMQ%3D%3D.3-ccb7-5&ccb=7-5&_nc_sid=58cdad&efg=eyJ2ZW5jb2RlX3RhZyI6InhwaWRzLjY0MHg0MjYuc2RyLkMzIn0%3D&_nc_ohc=Rav_T4KDdMcQ7kNvwGWQblD&_nc_oc=AdmEAPY3Jfmhu9SCKliQnHkaUWw0hZG2mPiCeCafLncMbteJ_P84Z8gL2aNRByiKpZr5bf-1WsN2pxvyLhzzu4kW&_nc_ad=z-m&_nc_cid=0&_nc_zt=23&_nc_ht=scontent-iad3-1.cdninstagram.com&_nc_gid=Rhrpo6iFcTNCSSjCgfuESQ&oh=00_AfhiWas8t5KEnRbfxPU3orupp4-qODlaVvMc46RAF7RoBg&oe=69310B65;Bugün 11 Kasım Milli Ağaçlandırma Günü kapsamında Valimiz Sn. Mehmet Fatih Serdengeçti ve il protokolümüzle birlikte doğanın incisi Kulakkaya Yaylası’nda fidan dikimi gerçekleştirdik.   Toprağa dikilen her fidan, geleceğe bırakılan bir umut, çocuklarımıza nefes olacak bir mirastır. Doğanın bize sunduğu güzellikleri yaşatmak ve daha yeşil bir Giresun için hep birlikte çalışmaya devam edeceğiz.   11 Kasım #MilliAğaçlandırmaGünü kutlu olsun. 💚;
https://www.instagram.com/p/DQ4vrZRjCt0/;Carousel;503;3;0;2025-11-10 21:51:05;https://scontent-iad3-1.cdninstagram.com/v/t51.82787-15/580526828_18398805625192639_293456669503503837_n.jpg?stp=dst-jpg_e35_tt6&_nc_cat=110&ig_cache_key=Mzc2Mjk2NzE2MDgwMTc1MDkzMw%3D%3D.3-ccb7-5&ccb=7-5&_nc_sid=58cdad&efg=eyJ2ZW5jb2RlX3RhZyI6InhwaWRzLjEzNjV4OTEwLnNkci5DMyJ9&_nc_ohc=wwX_fe4ioQEQ7kNvwGX67as&_nc_oc=Adk-HreTgu2qgE0tr9V5ckvl5TGpSsh-LDNlab2pwgQ_5oVXQUKSdUqGabXyG27odI5MR7LETk8SMFuUY8uAcsMU&_nc_ad=z-m&_nc_cid=0&_nc_zt=23&_nc_ht=scontent-iad3-1.cdninstagram.com&_nc_gid=Rhrpo6iFcTNCSSjCgfuESQ&oh=00_Afh2zefGfJVcXqSaid9WlbTz6KkNDl-XCgBOmU10ChtRNA&oe=693117A4;Bu akşam sazların tınısında, seslerin duygusunda Atamızın da sevdiği şarkılarla Ulu Önder Gazi Mustafa Kemal Atatürk’ü, aramızdan ayrılışının 87. yılında saygı, sevgi ve minnetle andık.  Yüreğimizde hep aynı gurur, aynı özlem…Bu anlamlı geceye emek veren Belediye Konservatuvarımıza ve salonumuzu dolduran tüm hemşehrilerimize gönülden teşekkür ediyorum.  Ata’mızı sonsuz özlemle bir kez daha anıyorum.  📍 Kültür ve Fuar Merkezi;
https://www.instagram.com/p/DQ4f_c6jJBG/;Photo;647;6;0;2025-11-10 19:34:01;https://scontent-man2-1.cdninstagram.com/v/t51.82787-15/576090016_18398773861192639_6213941627209268711_n.jpg?stp=dst-jpg_e35_tt6&_nc_cat=103&ig_cache_key=Mzc2Mjg5ODE4ODQ4Mzk4OTU3NA%3D%3D.3-ccb7-5&ccb=7-5&_nc_sid=58cdad&efg=eyJ2ZW5jb2RlX3RhZyI6InhwaWRzLjE0NDB4OTU5LnNkci5DMyJ9&_nc_ohc=ClAThl9waJkQ7kNvwEjI4Cy&_nc_oc=AdmVC-SeIA4fazSIb1dfIavPwKwBgib4EAgY1pvmbGEncO33hJzqgp58AKWsAWfQWAA&_nc_ad=z-m&_nc_cid=0&_nc_zt=23&_nc_ht=scontent-man2-1.cdninstagram.com&_nc_gid=eBehLLJMaCVji992fVIIJw&oh=00_AfjJWwS-0wlHXn1wXsRbu_fk3iOvqDpNF2rCZaBnz8t8GA&oe=6931262E;Giresun Sanayi Sitesi İşletme Kooperatifi tarafından, Ulu Önderimiz Gazi Mustafa Kemal Atatürk için düzenlenen Mevlit programına katıldık.  Cumhuriyetimizin kurucusunu bir kez daha özlemle, saygıyla ve minnetle anıyorum.;
https://www.instagram.com/p/DQ4aIhxjDWC/;Carousel;628;12;0;2025-11-10 18:42:50;https://scontent-man2-1.cdninstagram.com/v/t51.82787-15/579421997_18398751562192639_1712762726963206143_n.jpg?stp=dst-jpg_e35_tt6&_nc_cat=109&ig_cache_key=Mzc2Mjg3MjQxMDk3OTQ1MjgwOQ%3D%3D.3-ccb7-5&ccb=7-5&_nc_sid=58cdad&efg=eyJ2ZW5jb2RlX3RhZyI6InhwaWRzLjE0NDB4OTYxLnNkci5DMyJ9&_nc_ohc=VTmAIWqpb_wQ7kNvwEGfzcR&_nc_oc=Adn8vMwy_VP9JsXLG8tfKeGLx6aDJO77di6L1HiZPHa33XiuH9W3wuP8uSXI_dZFd1w&_nc_ad=z-m&_nc_cid=0&_nc_zt=23&_nc_ht=scontent-man2-1.cdninstagram.com&_nc_gid=eBehLLJMaCVji992fVIIJw&oh=00_Afimbk_PqdsAyD2yTVOp7lnFsPnOjVyFh12KmMl1-PoonQ&oe=69312A21;Ülkemizi ve şehrimizi her platformda başarıyla temsil eden Milli Paralimpik Atıcımız, Giresunlu Aysel Özgan’ı Belediyemizde ağırladık.   Değerli sporcumuzu elde ettiği büyük başarılardan dolayı tebrik ediyor, bundan sonraki şampiyonalarda da yürekten başarılar diliyorum.;
https://www.instagram.com/p/DQ3sSLCDIEO/;Carousel;692;4;0;2025-11-10 12:02:11;https://scontent-man2-1.cdninstagram.com/v/t51.82787-15/576504305_18398668891192639_6799595155632685795_n.jpg?stp=dst-jpg_e35_tt6&_nc_cat=108&ig_cache_key=Mzc2MjY3MDc1OTc1NjcxMDc0Mw%3D%3D.3-ccb7-5&ccb=7-5&_nc_sid=58cdad&efg=eyJ2ZW5jb2RlX3RhZyI6InhwaWRzLjEwNjV4NzEwLnNkci5DMyJ9&_nc_ohc=tLLGXcVLDbAQ7kNvwH9im8U&_nc_oc=Adl9hcJxcL3J7GjA0a0JgOYAKfp5I8L2I7E9lSm_VApyaOgcDpqhUJ8HXFgOezhQyeI&_nc_ad=z-m&_nc_cid=0&_nc_zt=23&_nc_ht=scontent-man2-1.cdninstagram.com&_nc_gid=eBehLLJMaCVji992fVIIJw&oh=00_AfgCr0b9_gJzQSLon8bn57PwCX7fT4dinP8rQYpiGjFwHg&oe=69310B76;Cumhuriyetimizin Kurucusu, Ulu Önder Gazi Mustafa Kemal Atatürk’ü Anma Programı ile andık. Öğrencilerimizin sergilediği performans görülmeye değerdi. Bu anlamlı programın hazırlanmasında emeği geçen tüm öğrencilerimizi ve öğretmenlerimizi yürekten kutluyorum. İzindeyiz Atam.  📍Çotanak Konferans Salonu;
https://www.instagram.com/p/DQ3ojWqjLaa/;Photo;335;1;0;2025-11-10 11:29:35;https://scontent-man2-1.cdninstagram.com/v/t51.82787-15/580534351_18398666707192639_3782577624204902168_n.jpg?stp=dst-jpg_e35_tt6&_nc_cat=105&ig_cache_key=Mzc2MjY1NDM2NTA2OTY1MzY1OA%3D%3D.3-ccb7-5&ccb=7-5&_nc_sid=58cdad&efg=eyJ2ZW5jb2RlX3RhZyI6InhwaWRzLjE0NDB4MTgwMC5zZHIuQzMifQ%3D%3D&_nc_ohc=ijYmv860wZ4Q7kNvwF3RyuT&_nc_oc=AdmB-1FCaOCQC342nvHTRP7-6uGhajj4QGnk0IG0xjsOTK4UFxpbXcxt81ut0t0GaEU&_nc_ad=z-m&_nc_cid=0&_nc_zt=23&_nc_ht=scontent-man2-1.cdninstagram.com&_nc_gid=eBehLLJMaCVji992fVIIJw&oh=00_AfjaK00t8rgdf5vAs-0oiu82fDofFOHXqPFV2Nxp1KLa-A&oe=6931168C;Ulu Önder Gazi Mustafa Kemal Atatürk’ü aramızdan ayrılışının 87. yıl dönümünde saygı, sevgi ve özlemle anıyoruz.  🎶 Belediye Konservatuvarı Atatürk’ü Anma Konseri  📍 Kültür ve Fuar Merkezi 📅 10 Kasım Pazartesi 🕗 20.00  Tüm halkımız davetlidir.;
https://www.instagram.com/p/DQ3dYuhjNQq/;Carousel;2461;13;0;2025-11-10 09:52:01;https://scontent-man2-1.cdninstagram.com/v/t51.82787-15/580805822_18398635828192639_8689818258991530293_n.jpg?stp=dst-jpg_e35_tt6&_nc_cat=111&ig_cache_key=Mzc2MjYwNTI0MTQ1NjcxNjA2OQ%3D%3D.3-ccb7-5&ccb=7-5&_nc_sid=58cdad&efg=eyJ2ZW5jb2RlX3RhZyI6InhwaWRzLjE0NDB4OTYwLnNkci5DMyJ9&_nc_ohc=CBPBH5Iu_GcQ7kNvwFpnKeF&_nc_oc=AdkOwDTAZWSVfE167k8Sfi3wjeEpt0pryVjME2czUN0mcQ9_bT4maFXUltrZM6Ij4gY&_nc_ad=z-m&_nc_cid=0&_nc_zt=23&_nc_ht=scontent-man2-1.cdninstagram.com&_nc_gid=eBehLLJMaCVji992fVIIJw&oh=00_AfhlfPc50pmW-TSiyRRX-O6MoIuk6GTPQnGJ27xOKwidgA&oe=693126F3;10 Kasım’da Valilik önünde düzenlenen resmi törene katılarak, Ulu Önderimiz Gazi Mustafa Kemal Atatürk’ü bir kez daha kalbimizin en derininde hissettik. Saygımızla, özlemimizle, minnetimizle… Onun açtığı yolda, gösterdiği hedefe yürümekten asla vazgeçmeyeceğiz.;
https://www.instagram.com/p/DQ2NSlaDKuJ/;Photo;718;11;0;2025-11-09 22:12:07;https://scontent-man2-1.cdninstagram.com/v/t51.82787-15/575597454_18398521210192639_517708451082898568_n.jpg?stp=dst-jpg_e35_tt6&_nc_cat=101&ig_cache_key=Mzc2MjI1Mjk5MDQzNTMzOTE0NQ%3D%3D.3-ccb7-5&ccb=7-5&_nc_sid=58cdad&efg=eyJ2ZW5jb2RlX3RhZyI6InhwaWRzLjE0NDB4MTc5OC5zZHIuQzMifQ%3D%3D&_nc_ohc=b0cNkF7aEYoQ7kNvwHDP8w9&_nc_oc=AdlQtMvozMP04RZIZrFIo4heHmRo-ZgMaasECkVKxKbye0ao6oKRxuIDzBo9c_ZySwE&_nc_ad=z-m&_nc_cid=0&_nc_zt=23&_nc_ht=scontent-man2-1.cdninstagram.com&_nc_gid=eBehLLJMaCVji992fVIIJw&oh=00_AfiEZ2MM5E2VnUWTcw4MA6reUXbRj0maKpmrCP2R45Wnfg&oe=693103EE;Ülkemizin kurucusu Başkomutan Ulu Önder Gazi Mustafa Kemal Atatürk’ü, aramızdan ayrılışının 87. yıl dönümünde saygı, özlem ve minnetle anıyorum.  Bıraktığın değerler, kurduğun Cumhuriyet, açtığın yol bizlere hala ışık olmaya devam ediyor. Kalbimizde, fikrimizde, mücadelemizde sen varsın.  Seni çok seviyoruz. ❤️;
https://www.instagram.com/p/DQ1jvPNDLPT/;Photo;907;65;0;2025-11-09 16:09:02;https://scontent-man2-1.cdninstagram.com/v/t51.82787-15/574759064_18398438830192639_7986971212012267721_n.jpg?stp=dst-jpg_e35_tt6&_nc_cat=102&ig_cache_key=Mzc2MjA3MDI0MTUwNjI3NjMwNw%3D%3D.3-ccb7-5&ccb=7-5&_nc_sid=58cdad&efg=eyJ2ZW5jb2RlX3RhZyI6InhwaWRzLjE0NDB4MTkyMC5zZHIuQzMifQ%3D%3D&_nc_ohc=o_ufCwcASukQ7kNvwGGOnze&_nc_oc=AdlkCByVzgHCG9y4n1F1hS_ToaLg26Yhc9IFZ3L5fyzC6TUOIlL0K4q6fD4dKzQKCjk&_nc_ad=z-m&_nc_cid=0&_nc_zt=23&_nc_ht=scontent-man2-1.cdninstagram.com&_nc_gid=eBehLLJMaCVji992fVIIJw&oh=00_AfgI-YFIXAF4p8GxC7ldSalD7JD24GBKcX6aVhZQdcO6Zw&oe=693124DA;Giresun Milli Eğitim camiasında görev yapmış emekli değerli öğretmenimiz ve büyüğümüz, parti üyemiz Sayın Sadık Yılmaz’ın vefatını derin bir üzüntüyle öğrenmiş bulunmaktayız.  Merhuma Allah’tan rahmet, kederli ailesine ve eğitim camiamıza sabır ve başsağlığı dilerim. Ruhu şâd, mekânı cennet olsun.;
https://www.instagram.com/p/DQ1aiABjOb7/;Carousel;661;5;0;2025-11-09 14:48:35;https://scontent-man2-1.cdninstagram.com/v/t51.82787-15/574216185_18398412544192639_7776466017756961978_n.jpg?stp=dst-jpg_e35_tt6&_nc_cat=108&ig_cache_key=Mzc2MjAyOTczNTE5OTkzNjgyMA%3D%3D.3-ccb7-5&ccb=7-5&_nc_sid=58cdad&efg=eyJ2ZW5jb2RlX3RhZyI6InhwaWRzLjE0NDB4OTYwLnNkci5DMyJ9&_nc_ohc=fp-QXI-ya0MQ7kNvwHRNKfB&_nc_oc=AdmzGbhQZT5q_S5jPVl0ePyvcwsc3KgGnEmvNnyGEl9173lPCom8d0uIeVOtA-Urpcw&_nc_ad=z-m&_nc_cid=0&_nc_zt=23&_nc_ht=scontent-man2-1.cdninstagram.com&_nc_gid=eBehLLJMaCVji992fVIIJw&oh=00_Afj-B2NpzwlYzGkgRQYH-Z_xG-4FwEJ9V93RhZpRnSuH5w&oe=69312BC1;Bugün Şebinkarahisar Devlet Hastanesi arazisinde hayata geçirilen “Ata Tohumu Cevizi Bahçesi” projesinin tanıtım programına katıldık.   TOÇDER ve ŞEBDER iş birliğiyle yürütülen bu anlamlı proje kapsamında 250 adet fidan dikilecek.   Emeği geçen tüm kurumlarımıza ve gönüllülere teşekkür ediyorum. Doğaya, toprağa ve geleceğimize yapılan her katkının yanındayız.;
https://www.instagram.com/p/DQzGZ7IDOFv/;Carousel;1380;11;0;2025-11-08 17:14:14;https://scontent-man2-1.cdninstagram.com/v/t51.82787-15/575988391_18398197441192639_7953234537657053494_n.jpg?stp=dst-jpg_e35_tt6&_nc_cat=106&ig_cache_key=Mzc2MTM3ODI2NTQ1MDQ3Njg0Mw%3D%3D.3-ccb7-5&ccb=7-5&_nc_sid=58cdad&efg=eyJ2ZW5jb2RlX3RhZyI6InhwaWRzLjY0MHg0MjYuc2RyLkMzIn0%3D&_nc_ohc=Yfy62aCtcusQ7kNvwGvq45q&_nc_oc=Adle2QH3ptgz4B0o03EMtF8415PdDqJOpa8F_y_sWUK-tGhtt5cArb7pJhw99s1LZ1c&_nc_ad=z-m&_nc_cid=0&_nc_zt=23&_nc_ht=scontent-man2-1.cdninstagram.com&_nc_gid=eBehLLJMaCVji992fVIIJw&oh=00_AfiIWS1r64lSNwb4G62fjH_W7J08DumdMwsveUzjpo0t6g&oe=693100FE;Cumhuriyet Halk Partisi Genel Başkanımız Sayın Özgür Özel’in katılımıyla bugün Ordu’da tarihi bir miting gerçekleştirdik.  Meydanları dolduran coşkulu kalabalıkla, umudun ve değişimin gücünü bir kez daha hissettik.   Bu büyük buluşmada bir kez daha haykırdık: Kurtuluş yok tek başına, ya hep beraber ya hiçbirimiz!  Birlikte başaracağız, birlikte kazanacağız.;
https://www.instagram.com/p/DQyq9G0DJf0/;Carousel;3550;32;0;2025-11-08 13:14:22;https://scontent-man2-1.cdninstagram.com/v/t51.82787-15/574544688_18398157103192639_9025638245792036897_n.jpg?stp=dst-jpg_e35_tt6&_nc_cat=100&ig_cache_key=Mzc2MTI1NzU0NTQ3OTIyODA2NQ%3D%3D.3-ccb7-5&ccb=7-5&_nc_sid=58cdad&efg=eyJ2ZW5jb2RlX3RhZyI6InhwaWRzLjEzNjV4OTEwLnNkci5DMyJ9&_nc_ohc=x1EjHT60N8EQ7kNvwHqdK_k&_nc_oc=AdnuU80CWw1q2_HmZ5cHmXB2ePoOArsYx8Zd3kq-d9L6q4fb9wPy4NHmghBvSWHUaos&_nc_ad=z-m&_nc_cid=0&_nc_zt=23&_nc_ht=scontent-man2-1.cdninstagram.com&_nc_gid=eBehLLJMaCVji992fVIIJw&oh=00_AfiLmTOU15q2womSXlJC8aye05CSEJt3PDBuDXLAZKPajQ&oe=6930FF55;"Genel Başkanımız Sayın Özgür Özel ile Ordu’da miting öncesi bir aradayız.   Bugün Ordu’da, milli iradeyi yok sayanlara karşı tek yürek, tek ses olacağız.  Unutmayalım; kurtuluş yok tek başına, ya hep beraber ya hiçbirimiz.";
https://www.instagram.com/p/DQym4HcDNu4/;Carousel;711;4;0;2025-11-08 12:38:44;https://scontent-man2-1.cdninstagram.com/v/t51.82787-15/574148467_18398154553192639_861584450406099948_n.jpg?stp=dst-jpg_e35_tt6&_nc_cat=103&ig_cache_key=Mzc2MTIzOTYwODc3MzA4MTIxMA%3D%3D.3-ccb7-5&ccb=7-5&_nc_sid=58cdad&efg=eyJ2ZW5jb2RlX3RhZyI6InhwaWRzLjE0NDB4OTYwLnNkci5DMyJ9&_nc_ohc=pch7Oko7A_oQ7kNvwHqFfN8&_nc_oc=AdnteYukI-lkccRDMPO6FwUydhBfxVfy2r4EdTMuFceRk7Ph-bQUb_LKkEeA5_V5zs0&_nc_ad=z-m&_nc_cid=0&_nc_zt=23&_nc_ht=scontent-man2-1.cdninstagram.com&_nc_gid=eBehLLJMaCVji992fVIIJw&oh=00_Afi24rAybQNUv7tX-_e68yLkZ_ML1mEQ3wLnB2fS8aEczg&oe=69311D4C;Demokrat Parti Genel Başkanı Sayın Gültekin Uysal, bir dizi program için şehrimizi ziyaret ederek belediyemizi de onurlandırdı.  Nazik ziyaretlerinden dolayı kendilerine teşekkür ediyor, çalışmalarında başarılar diliyorum. Fındığın başkenti Giresun’da kendilerini ağırlamaktan memnuniyet duydum.;
https://www.instagram.com/p/DQyTITpjCiF/;Photo;6274;55;0;2025-11-08 09:46:11;https://scontent-man2-1.cdninstagram.com/v/t51.82787-15/576074911_18398142301192639_2940155565480326208_n.jpg?stp=dst-jpg_e35_tt6&_nc_cat=101&ig_cache_key=Mzc2MTE1Mjc3MjU0NTQ1NjI2MQ%3D%3D.3-ccb7-5&ccb=7-5&_nc_sid=58cdad&efg=eyJ2ZW5jb2RlX3RhZyI6InhwaWRzLjE0NDB4MTQ0MC5zZHIuQzMifQ%3D%3D&_nc_ohc=rVEgQNulncoQ7kNvwE5TO1J&_nc_oc=AdlJ6Q8CcWnDQP626WYyczPxSUGCzYQaTJWRclDaN_nKSZWwGt2F-VfFlBBCEJK3HkY&_nc_ad=z-m&_nc_cid=0&_nc_zt=23&_nc_ht=scontent-man2-1.cdninstagram.com&_nc_gid=eBehLLJMaCVji992fVIIJw&oh=00_Afg09lI3Y7qhjqM2TssLtfYJHk3a5MC8YyjoY6NuzsfVQQ&oe=69311118;Cumhuriyet Halk Partisi Genel Başkanımız Sayın Özgür Özel’i, Ordu mitingi için geldiği Ordu-Giresun Havalimanı’nda karşıladık. Genel Başkanımızı bölgemizde misafir etmekten büyük bir onur duyuyoruz.;
https://www.instagram.com/p/DQwsLd7DFAl/;Carousel;815;4;0;2025-11-07 18:46:35;https://scontent-atl3-2.cdninstagram.com/v/t51.82787-15/574205445_18398014507192639_6825442212947780025_n.jpg?stp=dst-jpg_e35_tt6&_nc_cat=104&ig_cache_key=Mzc2MDY5OTk4MDA4OTQ1MDgwOQ%3D%3D.3-ccb7-5&ccb=7-5&_nc_sid=58cdad&efg=eyJ2ZW5jb2RlX3RhZyI6InhwaWRzLjE0NDB4OTYwLnNkci5DMyJ9&_nc_ohc=KFLqkJu-Q8UQ7kNvwExEEjL&_nc_oc=AdnX3drioOP79hSJ65KJLtOrPhPuuWGL3Uc3Ig8QwKCEnezOPA_twvI7CoY7G-y3oBPKno8pPY5ThI5qJMVMz_LD&_nc_ad=z-m&_nc_cid=0&_nc_zt=23&_nc_ht=scontent-atl3-2.cdninstagram.com&_nc_gid=tXmHsVdr9Nc-hslRnlALAQ&oh=00_AfjmLbLhmUlK05CnSn19zrbk4UPXpfS6FEfqmlFeK30lCw&oe=693125CF;"🇹🇷 Bir ömrün izinde; Selanik’ten Anıtkabir’e…  Maya Akademi öğrencileri tarafından hazırlanan resim sergisini gezdik. Minik yüreklerin Atatürk sevgisiyle, emekle ve duyguyla çizdiği eserleri görmek bizleri hem duygulandırdı hem de gururlandırdı.  Cumhuriyetimizin kurucusu Gazi Mustafa Kemal Atatürk’ün izinden yürüyen bu güzel çocuklarımızı ve emeği geçen öğretmenlerimizi yürekten kutluyorum. 👏";
https://www.instagram.com/p/DQwou2MDLKQ/;Carousel;891;1;0;2025-11-07 18:16:28;https://scontent-atl3-2.cdninstagram.com/v/t51.82787-15/579682601_18398010976192639_5064730227674267929_n.jpg?stp=dst-jpg_e35_tt6&_nc_cat=102&ig_cache_key=Mzc2MDY4NDgxODMwOTU5NzQ4Mg%3D%3D.3-ccb7-5&ccb=7-5&_nc_sid=58cdad&efg=eyJ2ZW5jb2RlX3RhZyI6InhwaWRzLjE0NDB4OTYwLnNkci5DMyJ9&_nc_ohc=vnuWQTPcrugQ7kNvwEUtATe&_nc_oc=AdmTcVIrEHVYBxefjO4h_Jbd26LSMB_B4oDZd7-NqgkKfRF7135znRyTU6kFBiQ5zj_b1AY_fP4_4JBlg2p5KsTk&_nc_ad=z-m&_nc_cid=0&_nc_zt=23&_nc_ht=scontent-atl3-2.cdninstagram.com&_nc_gid=tXmHsVdr9Nc-hslRnlALAQ&oh=00_AfiUku_ZOb6CUfCqv6ssTb-k8H-fVxBkJ8mCMCkDTa96TA&oe=6930FD94;"Şehrimizin dört bir yanında su altyapımızı güçlendirmeye devam ediyoruz.  Bugün, Küçükköy Mahallemizdeki mevcut su depomuzda yürüttüğümüz iyileştirme çalışmalarını yerinde inceledik. Ardından, Aydınlar Mahallemize kazandırdığımız yeni su deposunda incelemelerde bulunduk.  Her bir mahallemize kesintisiz, sağlıklı ve güvenli içme suyu ulaştırmak için çalışıyor; geleceğe temiz su mirası bırakmak adına adım adım ilerliyoruz. 💧";
https://www.instagram.com/p/DQwZSvcjAuk/;Carousel;644;0;0;2025-11-07 16:01:33;https://scontent-atl3-1.cdninstagram.com/v/t51.82787-15/573693518_18397998616192639_312050207097085372_n.jpg?stp=dst-jpg_e35_tt6&_nc_cat=106&ig_cache_key=Mzc2MDYxNjkxNzUxMDY2OTcyNA%3D%3D.3-ccb7-5&ccb=7-5&_nc_sid=58cdad&efg=eyJ2ZW5jb2RlX3RhZyI6InhwaWRzLjE0NDB4OTYwLnNkci5DMyJ9&_nc_ohc=SBlfSZcJEqcQ7kNvwGU-HQl&_nc_oc=AdlAkQtsQww56sKv7l2MJnvtRjt0DfMsxdNDWoKrPAS-m6Wo9tAJGCGoMaUj1wSkTSLVDwsxe4VmdKQJFHZV3Xoo&_nc_ad=z-m&_nc_cid=0&_nc_zt=23&_nc_ht=scontent-atl3-1.cdninstagram.com&_nc_gid=tXmHsVdr9Nc-hslRnlALAQ&oh=00_AfiNWKAONy9aMwBp52OpFE6KXX7uEAuJ35KsGbyOpylrDg&oe=69312E1F;Çıtlakkale Mahallesi Sönmez Caddesi’nde yürütülen kanalizasyon ve yağmur suyu hattı ayırma çalışmalarını yerinde inceledik.  Şehrimizin geleceği için altyapıyı güçlendirmeye, yaşam kalitesini artıracak çalışmaları kararlılıkla sürdürmeye devam ediyoruz.   Giresun’un her noktasında daha sağlıklı, daha güvenli bir altyapı için durmadan çalışıyoruz.;
https://www.instagram.com/p/DQvvnXIjJM5/;Carousel;636;3;0;2025-11-07 09:57:22;https://scontent-atl3-2.cdninstagram.com/v/t51.82787-15/574863896_18397941961192639_2833493810649743419_n.jpg?stp=dst-jpg_e35_tt6&_nc_cat=102&ig_cache_key=Mzc2MDQzMzYxMzUxNTc4OTYwNA%3D%3D.3-ccb7-5&ccb=7-5&_nc_sid=58cdad&efg=eyJ2ZW5jb2RlX3RhZyI6InhwaWRzLjE0NDB4OTYwLnNkci5DMyJ9&_nc_ohc=FGHxv4ew5DEQ7kNvwGUF0zx&_nc_oc=AdmH2y75sSABPb7OS8ECh7Kn2sWQPDlaWiJuEyH3Ga7-8IUqHx8vAUrXgYn3tltF0Z82sr7Kk4FhBVOC7Cn49d4U&_nc_ad=z-m&_nc_cid=0&_nc_zt=23&_nc_ht=scontent-atl3-2.cdninstagram.com&_nc_gid=tXmHsVdr9Nc-hslRnlALAQ&oh=00_Afhzvh5p1zZlcsZzhamHOFYp9_6sC7D2Hm7QOUFkxqogfw&oe=69312A14;Teyyaredüzü Mahallesi Güven Sokak’ta yağmur suyu ve kanalizasyon altyapı, Güre Mahallesi Turgay Kara Sokak’ta ise drenaj çalışmalarını yerinde inceledik.  Altyapısı güçlü, sorunları kalıcı şekilde çözülmüş bir Giresun için ekiplerimiz sahada, biz de her zaman yanlarındayız.;
https://www.instagram.com/p/DQuaCE8jL2J/;Carousel;1396;9;0;2025-11-06 21:29:32;https://scontent-atl3-2.cdninstagram.com/v/t51.82787-15/573739743_18397875598192639_3890553749189972001_n.jpg?stp=dst-jpg_e35_tt6&_nc_cat=102&ig_cache_key=Mzc2MDA1NzIxOTUxMDIzODAwMw%3D%3D.3-ccb7-5&ccb=7-5&_nc_sid=58cdad&efg=eyJ2ZW5jb2RlX3RhZyI6InhwaWRzLjE0NDB4OTYwLnNkci5DMyJ9&_nc_ohc=lNx4p_T50cUQ7kNvwHtvSnH&_nc_oc=AdlE5uXuGMGf7mtowaSkALhyt5DEBZSynZVTLzRAj0tjmc8BqYKULVIY6EsdYMJZdsyjHDEabZxYJVPfrQ8c53Wz&_nc_ad=z-m&_nc_cid=0&_nc_zt=23&_nc_ht=scontent-atl3-2.cdninstagram.com&_nc_gid=tXmHsVdr9Nc-hslRnlALAQ&oh=00_AfiQmEgHi9rGIx1Zjv9_4ZBrKkMdrwHs0Fba_IgXsrWXvA&oe=69312CDB;Giresunspor’umuzun bu akşam kendi tesislerinde düzenlemiş olduğu mangal etkinliğinde futbolcularımız, teknik heyetimiz ve yönetim kurulu üyelerimizle bir araya geldik.   Bizim için Giresunspor sadece bir kulüp değil, bu şehrin ortak sevinci, ortak gururudur. 💚🤍 Yeşil-beyaz renklere gönül veren herkes gibi biz de her zaman takımımızın yanındayız. İnancımız tam, desteğimiz sonsuz.   Bu hafta sonu deplasmanda oynanacak Yozgat Belediyesi Bozok Spor karşılaşmasında tüm kalbimizle yanınızdayız. Haydi Giresunspor, bu şehir seninle.  @giresunspor;
https://www.instagram.com/p/DQttwBlDNyk/;Photo;668;42;0;2025-11-06 15:02:36;https://scontent-atl3-2.cdninstagram.com/v/t51.82787-15/573538954_18397817230192639_7318813462508266336_n.jpg?stp=dst-jpg_e35_tt6&_nc_cat=104&ig_cache_key=Mzc1OTg2MjQ3NjI0NzQ1NjkzMg%3D%3D.3-ccb7-5&ccb=7-5&_nc_sid=58cdad&efg=eyJ2ZW5jb2RlX3RhZyI6InhwaWRzLjEzNTB4MTY4Ny5zZHIuQzMifQ%3D%3D&_nc_ohc=i7UUQQiI7f0Q7kNvwEoC7WX&_nc_oc=AdlJhWOGZnDYjZWoy7ss_7Td8YK2Egw_AhV5YnNwhfMoPCHRvu55mi8shC4WnEWVebOMZLZgR6HCLq-J7gHy6xNJ&_nc_ad=z-m&_nc_cid=0&_nc_zt=23&_nc_ht=scontent-atl3-2.cdninstagram.com&_nc_gid=tXmHsVdr9Nc-hslRnlALAQ&oh=00_Afiq1zphNRUcs2z1M301HlY1l5-8u-AQ0jI46h4bdKubBQ&oe=693118E5;"5. Giresun Kitap Fuarı için geri sayım başladı. ⏰📚   Bir kitap, bin hayal… ✨ Bu yıl 5’incisiyle yeniden kitap kokusunun, kelimelerin ve hayallerin buluştuğu o büyülü atmosferde buluşuyoruz. 💫  Bu büyük kültür şöleninde; 🎤Yazar söyleşileri, ✍️İmza günleri, 🎭 Çocuk etkinlikleri sizleri bekliyor  📅 21–30 Kasım 📍 Belediye Kültür ve Fuar Merkezi 🕙 10.00–20.00  Okumayı seven herkesi, kelimelerin kalbinde buluşmaya davet ediyoruz. 🤗  #GiresunKitapFuarı #BirKitapBinHayal #GiresunBelediyesi";
https://www.instagram.com/p/DQtqRlQjIYw/;Reels;525;5;50289;2025-11-06 14:33:38;https://scontent-atl3-2.cdninstagram.com/v/t51.71878-15/574169259_585436514654267_95562110900098178_n.jpg?stp=dst-jpg_e15_tt6&_nc_cat=101&ig_cache_key=Mzc1OTg0NzE5MDExNDg5NTQwOA%3D%3D.3-ccb7-5&ccb=7-5&_nc_sid=58cdad&efg=eyJ2ZW5jb2RlX3RhZyI6InhwaWRzLjY0MHgxMTM2LnNkci5DMyJ9&_nc_ohc=j4o8cntAFVIQ7kNvwE0eM2Q&_nc_oc=AdkSnEMVbQJZ76QEqxv1Zmi1l8IjKZV_5SXsCTLE9nkSjTMYMVndojhP37AyWBFynvwn_Aj3TBthSex_msLKy1rT&_nc_ad=z-m&_nc_cid=0&_nc_zt=23&_nc_ht=scontent-atl3-2.cdninstagram.com&_nc_gid=tXmHsVdr9Nc-hslRnlALAQ&oh=00_Afj7bV4nyffE07RNatXkd7sFYXIfZo7G9MddoTzzx70sUw&oe=693129D5;Yollar yenileniyor, Giresun güzelleşiyor. 💚 Daha konforlu ve güvenli ulaşım için durmadan çalışıyoruz. 🛣️  📍Gaziler Mah. 167 ve 170 Nolu Sokaklar;
https://www.instagram.com/p/DQsA2rADLG1/;Photo;1179;90;0;2025-11-05 23:11:03;https://scontent-atl3-3.cdninstagram.com/v/t51.82787-15/573819150_18397757692192639_5302934164331096847_n.jpg?stp=dst-jpg_e35_tt6&_nc_cat=110&ig_cache_key=Mzc1OTM4MzU0NTk3MDk5NTYzNw%3D%3D.3-ccb7-5&ccb=7-5&_nc_sid=58cdad&efg=eyJ2ZW5jb2RlX3RhZyI6InhwaWRzLjc1N3g3NTcuc2RyLkMzIn0%3D&_nc_ohc=dpBhkewA4kMQ7kNvwEibkl3&_nc_oc=AdlEgY338VNH8QVLXlBnaOa1_OMIBX_z_yH8AUCGEjgh0BCaGNxmCv1Yk57h-UhGWDlkOZW-5zIZ0F6UYapqaKMq&_nc_ad=z-m&_nc_cid=0&_nc_zt=23&_nc_ht=scontent-atl3-3.cdninstagram.com&_nc_gid=tXmHsVdr9Nc-hslRnlALAQ&oh=00_AfhEhN35Mtzh0MJJ7aN3_s7DeQe7kNzJ-r78rAUVEGufkg&oe=69312C9A;Giresun’un sevilen simalarından Zeki Çakır abimizin vefatını derin bir üzüntüyle öğrendim.  Kendisine Allah’tan rahmet, ailesine ve sevenlerine sabır ve başsağlığı diliyorum. Mekanı cennet olsun.;
https://www.instagram.com/p/DQrc0t3jAlb/;Carousel;405;2;0;2025-11-05 17:56:13;https://scontent-atl3-2.cdninstagram.com/v/t51.82787-15/573904674_18397730422192639_6890257635337515175_n.jpg?stp=dst-jpg_e35_tt6&_nc_cat=104&ig_cache_key=Mzc1OTIyNTA2NDIwMjc0NTEwMA%3D%3D.3-ccb7-5&ccb=7-5&_nc_sid=58cdad&efg=eyJ2ZW5jb2RlX3RhZyI6InhwaWRzLjE0NDB4OTU5LnNkci5DMyJ9&_nc_ohc=2Be2o6ONUCsQ7kNvwF0aVjN&_nc_oc=AdlQgueXV6azBp81lwnVJV8bD_EupTKLKbPPAAm-tN_0s8fqSwkEDiDWBzZ71pOAQ1E9odH_wmkvYfNgHzeEIUaD&_nc_ad=z-m&_nc_cid=0&_nc_zt=23&_nc_ht=scontent-atl3-2.cdninstagram.com&_nc_gid=tXmHsVdr9Nc-hslRnlALAQ&oh=00_Afi4itLoqILmv4q4MFIYF2dXVcCTc2mElyEO2DdQSizkDA&oe=6930FFB8;Atatürk Meydanı’nda İl Müftülüğümüz tarafından düzenlenen Filistin Hayır Çarşısı’nı ziyaret ettik.  Emek veren herkese teşekkür ediyor, bu anlamlı organizasyonun hayırlara vesile olmasını diliyorum.  Değerli İl Müftümüz Selçuk Kılıçbay hocamıza da misafirperverliği için teşekkür ediyorum.;
https://www.instagram.com/p/DQrC0lvDOEL/;Carousel;712;8;0;2025-11-05 14:09:00;https://scontent-atl3-2.cdninstagram.com/v/t51.82787-15/573757290_18397707481192639_5225208080955718373_n.jpg?stp=dst-jpg_e35_tt6&_nc_cat=105&ig_cache_key=Mzc1OTExMDcxNTU3MjI2NTAyMQ%3D%3D.3-ccb7-5&ccb=7-5&_nc_sid=58cdad&efg=eyJ2ZW5jb2RlX3RhZyI6InhwaWRzLjEwNjd4NzEyLnNkci5DMyJ9&_nc_ohc=2VXSHOu_DtsQ7kNvwHRgLKK&_nc_oc=AdkOebqvJi14DMbRoIIDFrenj74eqJyds_rMfiB7YP9zP8BT_MGrA391Yx-jG4deWYT40QlyL9DQJBWFz6ILp4gA&_nc_ad=z-m&_nc_cid=0&_nc_zt=23&_nc_ht=scontent-atl3-2.cdninstagram.com&_nc_gid=tXmHsVdr9Nc-hslRnlALAQ&oh=00_AfhVnoiztOFvKt_BWuaUYq_LMvw7_AKUJOKIMjEiQz759w&oe=693124EB;Erikliman Mahallemizde hem içme suyu hem de yol altyapısını güçlendirmeye devam ediyoruz. 💧🚜  Devret Caddesi üzerinde başlattığımız yeni içme suyu şebeke hattı çalışmamızın 1. etabını 1.500 metre olarak tamamlıyoruz. Önümüzdeki günlerde çalışmalarımıza 2. etapla devam edeceğiz.  Yine Erikliman Mahallesi 201 No’lu Sokak’ta, sahil yolundan mahalleye girişte büyük önem taşıyan yolumuzda genişletme çalışmaları sürdürüyoruz.  Tüm bu çalışmalarla mahallelerimizi daha yaşanabilir hale getirmek, altyapı sorunlarını kalıcı şekilde çözmek için sahadayız. 💚;
https://www.instagram.com/p/DQqj0fmDPSj/;Photo;609;20;0;2025-11-05 09:38:06;https://scontent-atl3-2.cdninstagram.com/v/t51.82787-15/573576687_18397686955192639_3763813967797549585_n.jpg?stp=dst-jpg_e35_tt6&_nc_cat=105&ig_cache_key=Mzc1ODk3NDM3Nzk1OTE1ODk0Nw%3D%3D.3-ccb7-5&ccb=7-5&_nc_sid=58cdad&efg=eyJ2ZW5jb2RlX3RhZyI6InhwaWRzLjE0NDB4MTgwMC5zZHIuQzMifQ%3D%3D&_nc_ohc=Z5fADcOGyO8Q7kNvwHY4usy&_nc_oc=Admiuw8yasplxm3uMY1TK4kSviGqFWBJpq98PPEVM9xTdf5y6u_6AfuPzTMB3eozXyoWo2YETSvxDk6HL79LVvqX&_nc_ad=z-m&_nc_cid=0&_nc_zt=23&_nc_ht=scontent-atl3-2.cdninstagram.com&_nc_gid=tXmHsVdr9Nc-hslRnlALAQ&oh=00_AfjyqVi2ZNdNwNZrtrpXtcOZUGCaJDAIZEVX-RDE14tgxQ&oe=6930FAAA;“Biz milliyetçiliği sokak duvarlarına değil, Kıbrıs’ın topraklarına, Ege’nin deniz yataklarına yazmışız. Biz milliyetçiliği batı Anadolu’nun haşhaş tarlasına yazmışız.”  Türk siyasetinin önemli ismi Bülent Ecevit’i vefatının 19. yılında saygı ve özlemle anıyorum.;
https://www.instagram.com/p/DQpZwCSDDVv/;Carousel;400;1;0;2025-11-04 22:50:52;https://scontent-atl3-1.cdninstagram.com/v/t51.82787-15/573597140_18397644730192639_539139723357088116_n.jpg?stp=dst-jpg_e35_tt6&_nc_cat=100&ig_cache_key=Mzc1ODY0ODU5ODgwMDkyMTM2Mw%3D%3D.3-ccb7-5&ccb=7-5&_nc_sid=58cdad&efg=eyJ2ZW5jb2RlX3RhZyI6InhwaWRzLjE0NDB4OTU5LnNkci5DMyJ9&_nc_ohc=aKHcP3nXQOcQ7kNvwFiqhkr&_nc_oc=Adk1Sj2EXiisl3CYrmn47ivge0joixQgUoF0Xc0clssaLstsOOuHL030-uXQswN57iuVYlAeswfchQgeOSPxR4PF&_nc_ad=z-m&_nc_cid=0&_nc_zt=23&_nc_ht=scontent-atl3-1.cdninstagram.com&_nc_gid=tXmHsVdr9Nc-hslRnlALAQ&oh=00_Afjx9p5Esq7teXMFVpW68WxAnYkza5E53UnDpqD6Mx_4dw&oe=693102A8;"Bu akşam, Giresun Deniz Dağcılık Spor Kulübü ve Belediye Şehir Tiyatromuzun iş birliğinde düzenlenen anlamlı organizasyonda bir araya geldik. 🎭  Şehir Tiyatromuzun sahnelediği “Yaşar Ne Yaşar Ne Yaşamaz” adlı oyun, şehrimizin sevilen ve sayılan simalarından; belediyemizde uzun yıllar emek vermiş değerli büyüğümüz Süleyman (Bodimeli) Özyazıcı anısına sahnelendi.  Süleyman abimizi sevgi, saygı ve rahmetle anıyoruz… Güler yüzünü, enerjisini ve Giresun’a kattığı güzel izleri asla unutmayacağız. 💚  Bu anlamlı gecede bizleri yalnız bırakmayan tüm hemşehrilerime, emeği geçen tiyatro ekibimize ve Giresun Deniz Dağcılık Spor Kulübü’ne gönülden teşekkür ediyorum.";
https://www.instagram.com/p/DQosoH-DNY_/;Carousel;797;7;0;2025-11-04 16:16:35;https://scontent.cdninstagram.com/v/t51.82787-15/572241457_18397610980192639_4467017060076804779_n.jpg?stp=dst-jpg_e35_tt6&_nc_cat=105&ig_cache_key=Mzc1ODQ1MDE0MDk4Njk5OTY4NA%3D%3D.3-ccb7-5&ccb=7-5&_nc_sid=58cdad&efg=eyJ2ZW5jb2RlX3RhZyI6InhwaWRzLjE0NDB4OTYxLnNkci5DMyJ9&_nc_ohc=jcU2vuRBiE0Q7kNvwH7XmRD&_nc_oc=Adma1D9Q0CfBEYFsRgP-Sg539ZQuKtfcE4Lmk3a9MpQv7G6BH3zhSegG-Y4OPX_dQbE&_nc_ad=z-m&_nc_cid=0&_nc_zt=23&_nc_ht=scontent.cdninstagram.com&_nc_gid=CCb6w6vL81UBXTBYLTnDjw&oh=00_AfgZ4UG1rXaPoItwWCHkMtSdryD_gaLyPRFaIjSqPr7ZfQ&oe=69310CAE;Şehrimizin yollarını adım adım yeniliyoruz. 🚧  Ekiplerimizle birlikte Giresun’un her mahallesinde asfalt seferberliğimizi sürdürüyoruz. Sonbaharın elverişli hava koşullarını en iyi şekilde değerlendirerek, mahallelerimizde ve ana arterlerde yoğun bir çalışma programı yürütüyoruz.  Son olarak Teyyaredüzü Mahallesi Altınyunus Caddesi’nde 250 metrelik yeni asfalt serimini tamamladık. 150 Nolu Sokak’ta da bozuk zeminleri onarıp düzenleme çalışması gerçekleştirdik.  Hedefimiz, vatandaşlarımızın daha konforlu ve güvenli bir ulaşım sağlaması. Giresun’un yolları, Giresun’a yakışır hale gelene kadar durmadan çalışmaya devam edeceğiz. 💪💚;
https://www.instagram.com/p/DQosNb1jJgJ/;Carousel;710;2;0;2025-11-04 16:12:56;https://scontent.cdninstagram.com/v/t51.82787-15/572916275_18397610656192639_4223990874499425626_n.jpg?stp=dst-jpg_e35_tt6&_nc_cat=101&ig_cache_key=Mzc1ODQ0ODMwOTM5MzIxMjU5OQ%3D%3D.3-ccb7-5&ccb=7-5&_nc_sid=58cdad&efg=eyJ2ZW5jb2RlX3RhZyI6InhwaWRzLjE0NDB4OTYwLnNkci5DMyJ9&_nc_ohc=eKZFgxtBL6sQ7kNvwGKpCcU&_nc_oc=AdkgrpzKn6TrwvAf4lyCCvgnGHwgIf17oM6hH8Ta_mSDIADMpF7JMTP9PUwgHdMdX4g&_nc_ad=z-m&_nc_cid=0&_nc_zt=23&_nc_ht=scontent.cdninstagram.com&_nc_gid=CCb6w6vL81UBXTBYLTnDjw&oh=00_AfgAFl54fYeSLhtLumj2jCTS-Fma8pR1lSdznNJAT6FiUQ&oe=6931222F;Sanayi sitemizdeki emekçi esnaflarımızı ziyaret ettik. Alın teriyle şehrimizin ekonomisine katkı sağlayan tüm kardeşlerime hayırlı kazançlar diliyorum.💚;
https://www.instagram.com/p/DQoZWTAjFu0/;Carousel;922;5;0;2025-11-04 13:28:07;https://scontent.cdninstagram.com/v/t51.82787-15/572235383_18397596700192639_1385139823466994017_n.jpg?stp=dst-jpg_e35_tt6&_nc_cat=105&ig_cache_key=Mzc1ODM2NTM1Njk2NTI4OTMwOQ%3D%3D.3-ccb7-5&ccb=7-5&_nc_sid=58cdad&efg=eyJ2ZW5jb2RlX3RhZyI6InhwaWRzLjE0NDB4OTYwLnNkci5DMyJ9&_nc_ohc=1G2ompCo9KYQ7kNvwEIGw3c&_nc_oc=Adl6qCY3Jt5dn405CAplSl8a_87iXCdKE4cmEJA9bnuWZMvanIp6pfwPWKTxinBsmlE&_nc_ad=z-m&_nc_cid=0&_nc_zt=23&_nc_ht=scontent.cdninstagram.com&_nc_gid=CCb6w6vL81UBXTBYLTnDjw&oh=00_AfiGubw-0kRHztzpWSqueSyXAaCtvj7WpfQ3znCeTA9Ffw&oe=6930F8CF;"Laçin Sokak’ta başlattığımız üst yapı yenileme çalışmalarının 2. etabını yerinde inceledik. Hedefimiz; vatandaşlarımızın daha konforlu, güvenli ve modern bir ulaşım ağına sahip olması.  Ekiplerimiz planlanan program doğrultusunda çalışmalarını titizlikle sürdürüyor. Hizmet, şehrimizin her köşesine ulaşana kadar durmadan çalışmaya devam edeceğiz.";
https://www.instagram.com/p/DQmMjqNDPtm/;Reels;1533;37;76864;2025-11-03 16:58:30;https://scontent.cdninstagram.com/v/t51.71878-15/572902560_840033165050444_726426783878375295_n.jpg?stp=dst-jpg_e15_tt6&_nc_cat=104&ig_cache_key=Mzc1Nzc0NjE2NjE0MzE4NzgxNA%3D%3D.3-ccb7-5&ccb=7-5&_nc_sid=58cdad&efg=eyJ2ZW5jb2RlX3RhZyI6InhwaWRzLjY0MHgxMTM2LnNkci5DMyJ9&_nc_ohc=E2x5epZIgxMQ7kNvwEP5MPZ&_nc_oc=AdnhwfvaiTZyDFpJjNOkGvPCcoHauWIJbtuildLYB6OPcnkyPfnFrZXs3HAZUo3wcV8&_nc_ad=z-m&_nc_cid=0&_nc_zt=23&_nc_ht=scontent.cdninstagram.com&_nc_gid=CCb6w6vL81UBXTBYLTnDjw&oh=00_AfiaxRbDx1jeLeAOJzotxVNFsOoVw211v7Ic14CyVkW3cw&oe=6931271E;Girişimlerimizle şehrimize yeni arama kurtarma ve vidanjör araçlarını kazandırdık. Giresun’umuz güçleniyor, hayırlı olsun. 💚🚛;
https://www.instagram.com/p/DQmG5RbjGsf/;Carousel;771;7;0;2025-11-03 16:08:23;https://scontent.cdninstagram.com/v/t51.82787-15/572912217_18397507555192639_415590961017759509_n.jpg?stp=dst-jpg_e35_tt6&_nc_cat=106&ig_cache_key=Mzc1NzcyMTI0OTYyODU2MTIzNw%3D%3D.3-ccb7-5&ccb=7-5&_nc_sid=58cdad&efg=eyJ2ZW5jb2RlX3RhZyI6InhwaWRzLjY0MHg0MjYuc2RyLkMzIn0%3D&_nc_ohc=QRwSi1gSc1oQ7kNvwFhvItw&_nc_oc=AdnyauwisT_ZeRT8ja5gUHeDtqrqD0qfBCINJGzQR9FKoxXYWYHq_yL_yvbdLBMFuJg&_nc_ad=z-m&_nc_cid=0&_nc_zt=23&_nc_ht=scontent.cdninstagram.com&_nc_gid=CCb6w6vL81UBXTBYLTnDjw&oh=00_AfgwydjVVXXFB6g5Da0dC12-fdWueItVhwxQjsjNGVHOAw&oe=693114C7;Japonya Başkonsolosluğu’ndan ve Türkiye Belediyeler Birliği’nden şehrimize değerli destekler kazandırdık.  Girişimlerimiz ve yoğun çabalarımız sonucunda Japonya Başkonsolosluğu’nun hibe ettiği arama kurtarma aracımız, Giresun’un afetlere karşı hazırlık gücünü artıracak büyük bir kazanım oldu. Aynı şekilde, Türkiye Belediyeler Birliği’nin desteğiyle aldığımız vidanjör aracımız da altyapı ve çevre hizmetlerinde önemli bir adımı temsil ediyor. 🚛  Bu araçlar, şehrimizin geleceğine yaptığımız yatırımların somut göstergesidir. Şehrimiz adına Japonya Başkonsolosluğu’na ve Türkiye Belediyeler Birliği’ne gönülden teşekkür ediyorum. 💚  Siyah plakalar Giresun’a çok yakışıyor.;
https://www.instagram.com/p/DQmCl-pDP9v/;Carousel;501;3;0;2025-11-03 15:30:48;https://scontent.cdninstagram.com/v/t51.82787-15/575301805_18397503715192639_2463599323397335740_n.jpg?stp=dst-jpg_e35_tt6&_nc_cat=111&ig_cache_key=Mzc1NzcwMjMzNDYxNzgwNDE1MA%3D%3D.3-ccb7-5&ccb=7-5&_nc_sid=58cdad&efg=eyJ2ZW5jb2RlX3RhZyI6InhwaWRzLjE0NDB4OTYwLnNkci5DMyJ9&_nc_ohc=IVXa-ifKpb4Q7kNvwHpjf4h&_nc_oc=Adl7MksV5nkyuoYQPnODmv0TbArCZD9r4O3iiGhJk86oSNH6eW8P4LXDDwDScZxsltc&_nc_ad=z-m&_nc_cid=0&_nc_zt=23&_nc_ht=scontent.cdninstagram.com&_nc_gid=CCb6w6vL81UBXTBYLTnDjw&oh=00_AfjbdCZsshVnqxbvEssKCapkhydtTQfDOX_rj2p5mIRXAg&oe=69312BDD;Cumhuriyetimizin değerlerini ve Atatürk’ün fikirlerini yaşatan birbirinden kıymetli eserlerin yer aldığı kitap sergisini gezdik.  Her biri, geçmişimizden geleceğimize uzanan güçlü bir mirasın yansımasıydı. Emeği geçen herkese gönülden teşekkür ediyorum. 🇹🇷📚;
https://www.instagram.com/p/DQmArI2jPWT/;Carousel;1118;6;0;2025-11-03 15:14:02;https://scontent.cdninstagram.com/v/t51.82787-15/572747576_18397502230192639_7193988292693121693_n.jpg?stp=dst-jpg_e35_tt6&_nc_cat=109&ig_cache_key=Mzc1NzY5Mzg4NjEwNjc1ODU2MA%3D%3D.3-ccb7-5&ccb=7-5&_nc_sid=58cdad&efg=eyJ2ZW5jb2RlX3RhZyI6InhwaWRzLjY0MHg0MjYuc2RyLkMzIn0%3D&_nc_ohc=vP3wgXDX8IUQ7kNvwHN40Hl&_nc_oc=AdnpAB9iTw9xXppcgiP9xy52SJ-wuoNiRH-LC0bfB_7Et9gv08GCb8M7PdBE9mfcHAc&_nc_ad=z-m&_nc_cid=0&_nc_zt=23&_nc_ht=scontent.cdninstagram.com&_nc_gid=CCb6w6vL81UBXTBYLTnDjw&oh=00_AfjkNl7yxg9mds7glw5pJ_nP0wSzS4QXpk3lG_w2Vw9rSQ&oe=69310AF7;Sokakbaşı candır. 🫶 Her gidişimde aynı sıcaklık, aynı samimiyet…  Bugün de Sokakbaşı’nda esnafımızla, vatandaşlarımızla bir araya geldik. Güler yüzleriyle bizlere güç veren tüm hemşehrilerime teşekkür ediyorum. 💚;
https://www.instagram.com/p/DQhSvzCDPWP/;Carousel;1383;6;0;2025-11-01 19:15:45;https://scontent.cdninstagram.com/v/t51.82787-15/573447340_18397300243192639_1385126917431107273_n.jpg?stp=dst-jpg_e35_tt6&_nc_cat=106&ig_cache_key=Mzc1NjM2NjAwNTE3MDY1MDIyMw%3D%3D.3-ccb7-5&ccb=7-5&_nc_sid=58cdad&efg=eyJ2ZW5jb2RlX3RhZyI6InhwaWRzLjY0MHg0MjYuc2RyLkMzIn0%3D&_nc_ohc=DXHB9Po0UQMQ7kNvwHBsT2r&_nc_oc=Adks7Dyqtxs0Ut8HaGpwsErz5Yav8C7mWRtU_R9l4Vi1ASbOdeeowMY7V7XgcSxZtlw&_nc_ad=z-m&_nc_cid=0&_nc_zt=23&_nc_ht=scontent.cdninstagram.com&_nc_gid=CCb6w6vL81UBXTBYLTnDjw&oh=00_AfgZd23RvATU-kZdBY_mH5vhvJoio0jSiVN0EJ7O3QlUMg&oe=6930F8BA;Tebrikler bizim çocuklar. 💚🤍 Mücadele, azim ve yürekle alınan güzel bir galibiyet.  Giresunspor 1️⃣ - 0️⃣ Pazarspor En kötü gün bugün ise bugün de Giresunspor. ⚽️;
https://www.instagram.com/p/DQet0CSDEGd/;Photo;709;1;0;2025-10-31 19:14:32;https://scontent.cdninstagram.com/v/t51.82787-15/574428194_18397182085192639_5030858692994072827_n.jpg?stp=dst-jpg_e35_tt6&_nc_cat=103&ig_cache_key=Mzc1NTY0MDYyNzIyOTYzOTA2OQ%3D%3D.3-ccb7-5&ccb=7-5&_nc_sid=58cdad&efg=eyJ2ZW5jb2RlX3RhZyI6InhwaWRzLjE0NDB4OTYwLnNkci5DMyJ9&_nc_ohc=mkEDtp_7CtQQ7kNvwHVqe2M&_nc_oc=AdlcM4BUhqPDyIRHBy1a78xdzXMBygxMQ0D8i0yzGKYNpKM7MaTXEZk175l7XqF2Alo&_nc_ad=z-m&_nc_cid=0&_nc_zt=23&_nc_ht=scontent.cdninstagram.com&_nc_gid=CCb6w6vL81UBXTBYLTnDjw&oh=00_Afjbj0cDJ9Oj4Vgv-Pg6_qlWRZi7JxHzFtEjGrqs8hL9iQ&oe=69311B62;Gözlerindeki ışıltı, yüzlerindeki tebessüm her şeye değer. 😍 Çocuklarımızın mutluluğu, bizim en büyük motivasyonumuz. İyi akşamlar Giresun 💚;
https://www.instagram.com/p/DQepIxxDIxc/;Carousel;1003;4;0;2025-10-31 18:33:41;https://scontent.cdninstagram.com/v/t51.82787-15/573681497_18397176901192639_2259618189369250630_n.jpg?stp=dst-jpg_e35_tt6&_nc_cat=103&ig_cache_key=Mzc1NTYyMDA0NzUyNDczNTEwMw%3D%3D.3-ccb7-5&ccb=7-5&_nc_sid=58cdad&efg=eyJ2ZW5jb2RlX3RhZyI6InhwaWRzLjE0NDB4OTU5LnNkci5DMyJ9&_nc_ohc=SjxagkkgSyoQ7kNvwGETOAx&_nc_oc=Adl59aZtLEcshWhpLLL9N5W7Hbn5LPH2L5twJsN6tbaVGuDiE146Z0BPaGSfOamR7hA&_nc_ad=z-m&_nc_cid=0&_nc_zt=23&_nc_ht=scontent.cdninstagram.com&_nc_gid=CCb6w6vL81UBXTBYLTnDjw&oh=00_AfgwjA5FSGMzfTtXUn8ZX8QIAto5Yv5v_5zr8Ow9kZCo7Q&oe=69311E0F;Gaziler Mahallesi Muhtarımız Nilgün Çobanoğlu’nun daveti üzerine mahalle sakinlerimizle bir araya geldik.   Mahallemizin sorunlarını, taleplerini ve çözüm bekleyen konuları birlikte değerlendirdik, tüm notlarımızı aldık.   Şehrimizin her köşesinde vatandaşlarımızla buluşmaya, dinlemeye ve çözüm üretmeye devam edeceğiz. 💚;
https://www.instagram.com/p/DQeSbuwjHv0/;Carousel;527;5;0;2025-10-31 15:15:17;https://scontent.cdninstagram.com/v/t51.82787-15/572716662_18397158874192639_2900502027053060192_n.jpg?stp=dst-jpg_e35_tt6&_nc_cat=102&ig_cache_key=Mzc1NTUyMDE5NjU3MzE0MTg1NA%3D%3D.3-ccb7-5&ccb=7-5&_nc_sid=58cdad&efg=eyJ2ZW5jb2RlX3RhZyI6InhwaWRzLjY0MHg0MjYuc2RyLkMzIn0%3D&_nc_ohc=Nnfiv-BHIaoQ7kNvwE7NBbp&_nc_oc=AdlArSe0u5rE83Jftr5iXpKK7-aVhdEW4YKq3v4uKM5A6bGuGVjhyUOcC5h68cJtfgo&_nc_ad=z-m&_nc_cid=0&_nc_zt=23&_nc_ht=scontent.cdninstagram.com&_nc_gid=CCb6w6vL81UBXTBYLTnDjw&oh=00_Afjmli-pAds4JI6ocBMCgzq5cMaRSG_FSUJHE1jWpy9v3Q&oe=6930FA9C;Önceki dönem Belediye Başkanlarımızdan merhum Mehmet Larçın’ı, vefatının 23. yıl dönümünde kabri başında rahmet ve minnetle andık. Şehrimize kattığı değerler unutulmayacak. Ruhu şad, mekanı cennet olsun.;
https://www.instagram.com/p/DQeRhesjJSP/;Carousel;498;1;0;2025-10-31 15:07:20;https://scontent.cdninstagram.com/v/t51.82787-15/573153467_18397157536192639_2393172477159249564_n.jpg?stp=dst-jpg_e35_tt6&_nc_cat=105&ig_cache_key=Mzc1NTUxNjE5ODM4NjQ2Mjg3Mg%3D%3D.3-ccb7-5&ccb=7-5&_nc_sid=58cdad&efg=eyJ2ZW5jb2RlX3RhZyI6InhwaWRzLjE0NDB4OTYwLnNkci5DMyJ9&_nc_ohc=yMHgpE7f9HAQ7kNvwECCNKy&_nc_oc=Adm4b8u13B-OsPyABT8dEXnhwxyn9o8Ss2hmtCFqbctFdXnRDVX5o9N1bDH8_ytXT_k&_nc_ad=z-m&_nc_cid=0&_nc_zt=23&_nc_ht=scontent.cdninstagram.com&_nc_gid=CCb6w6vL81UBXTBYLTnDjw&oh=00_Afj4e1gFaGYHi1qreWQLfL8AUcdxlDU6RonSaFrwPM4xTA&oe=693118CE;İBB Başkan Danışmanı Sayın Kemal Aydın ve beraberindeki heyeti belediyemizde ağırladık. Nazik ziyaretleri için teşekkür ediyor, çalışmalarında başarılar diliyorum.  Dayanışma ve iş birliğiyle güzel işler yapmaya devam edeceğiz.;
https://www.instagram.com/p/DQeM3NwDAzB/;Carousel;424;3;0;2025-10-31 14:26:37;https://scontent.cdninstagram.com/v/t51.82787-15/573675457_18397154173192639_3133357822340979977_n.jpg?stp=dst-jpg_e35_tt6&_nc_cat=111&ig_cache_key=Mzc1NTQ5NTcwNTUzNzIxMjEyMw%3D%3D.3-ccb7-5&ccb=7-5&_nc_sid=58cdad&efg=eyJ2ZW5jb2RlX3RhZyI6InhwaWRzLjE0NDB4OTYwLnNkci5DMyJ9&_nc_ohc=2aHsixjp6vUQ7kNvwHa9xt7&_nc_oc=AdkEg-ByQd908Ed-T-IqtkNyWMGjQk86jaz1UgvUxyryaChcU8dxIRYzeMr9weQjUzVD8Kok9k0YO_n3mgO4uEHT&_nc_ad=z-m&_nc_cid=0&_nc_zt=23&_nc_ht=scontent.cdninstagram.com&_nc_gid=XONeK4XUp1kK83YDGO3sCQ&oh=00_Afj7gr8W8KrpoircjR0exEw4zRbJ4LLsEAZK7MAtiOq0Ww&oe=6930F87C;Partimizin Merkez İlçe Başkanlığı görevine seçilen Olcay Küçük ve yönetim kuruluna nazik ziyaretleri için teşekkür ediyorum.  Yeni görevlerinde başarılar diliyor, Giresunumuz için birlikte çalışmaya devam edeceğimizin sözünü veriyorum.  @kucuk_olcay;
https://www.instagram.com/p/DQdzOR2jKh3/;Photo;892;55;0;2025-10-31 10:42:34;https://scontent.cdninstagram.com/v/t51.82787-15/572852671_18397138285192639_7884157672267393236_n.jpg?stp=dst-jpg_e35_tt6&_nc_cat=109&ig_cache_key=Mzc1NTM4Mjk0NTkxMDQwMTE0Mw%3D%3D.3-ccb7-5&ccb=7-5&_nc_sid=58cdad&efg=eyJ2ZW5jb2RlX3RhZyI6InhwaWRzLjE0NDB4MTgwMC5zZHIuQzMifQ%3D%3D&_nc_ohc=QuUnTiacmFAQ7kNvwGXur-N&_nc_oc=AdlA47JWb6UfhwoPKtV799pQbOO7_GEO1wULZlAR9QNZwnIviorHyo2O1WY88jTFAKWVmjzhtc6Iz9iJYsiKGofo&_nc_ad=z-m&_nc_cid=0&_nc_zt=23&_nc_ht=scontent.cdninstagram.com&_nc_gid=XONeK4XUp1kK83YDGO3sCQ&oh=00_Afjs_HUEj6RBzvNYhB6Odjk9Xgph5y4LxOR3OYwK00sjVQ&oe=6930FDB0;Önceki dönem Giresun Belediye Başkanlarımızdan Mehmet Larçın’ı vefatının 23. yıl dönümünde saygı ve rahmetle anıyorum.;
https://www.instagram.com/p/DQcki20jGh0/;Carousel;743;3;0;2025-10-30 23:15:04;https://scontent.cdninstagram.com/v/t51.82787-15/573174593_18397093480192639_2149164708206278564_n.jpg?stp=dst-jpg_e35_tt6&_nc_cat=100&ig_cache_key=Mzc1NTAzNjg5ODU0MTQ4OTczMA%3D%3D.3-ccb7-5&ccb=7-5&_nc_sid=58cdad&efg=eyJ2ZW5jb2RlX3RhZyI6InhwaWRzLjY0MHg0MjYuc2RyLkMzIn0%3D&_nc_ohc=KcS91vLnRzgQ7kNvwFYhLIL&_nc_oc=AdlFDSvjE4gYLuBaCG_coM_my2kgPjThkoNgluf-xeYY2c2y25fVr8HekbmmJ0K1ldeUx9OC-9bjaFAsratd5NqW&_nc_ad=z-m&_nc_cid=0&_nc_zt=23&_nc_ht=scontent.cdninstagram.com&_nc_gid=XONeK4XUp1kK83YDGO3sCQ&oh=00_AfieeV3mE6lwWTHdp12jhAKo6lOYaEzTTf9TIYeYiymSbg&oe=69312802;Cumhuriyet Bayramı coşkusunu Can Akengin Bilgi Yurdu Derneği’nin düzenlediği programda hemşehrilerimizle birlikte yaşadık. 🇹🇷  Hilal Caz Kulübü’nün eşliğinde, değerli sanatçımız Attila Atasoy ve Bilgi Yurdu Genel Sanat Yönetmeni Tan Türker’in sahne aldığı bu güzel gecede emeği geçen herkese teşekkür ediyorum.  Cumhuriyetimizin 102. yılı kutlu olsun.;
