﻿PostLink;PostTürü;BeğeniSayısı;YorumSayısı;Görüntülenme Sayısı;Tarih;DisplayPhoto;Caption;Takipçi
https://www.instagram.com/p/DRpjqSIDDKo/;Reels;286;5;11550;2025-11-29 20:55:09;https://scontent-man2-1.cdninstagram.com/v/t51.71878-15/586842582_738538401940639_3699574020104423767_n.jpg?stp=dst-jpg_e15_tt6&_nc_cat=105&ig_cache_key=Mzc3NjcwNjU5OTgzNTE1MzA2NDgxNzgyNDU1MTE1MzYxNA%3D%3D.3-ccb7-5&ccb=7-5&_nc_sid=58cdad&efg=eyJ2ZW5jb2RlX3RhZyI6InhwaWRzLjY0MHgxMTM2LnNkci5DMyJ9&_nc_ohc=3IXeXJAtZsgQ7kNvwHegm-R&_nc_oc=AdmnBDHFsM-5RSDxWaK0c2Wa1wSSZkPPT4Mxu007vgat3pzoMFyGPlJVRQ9udPuycXw&_nc_ad=z-m&_nc_cid=0&_nc_zt=23&_nc_ht=scontent-man2-1.cdninstagram.com&_nc_gid=ED524z5YcJI6lPqzogGEWg&oh=00_AfiEwIHik7pIXhsotZdI934ODzLCsxyibyItF-UqYP_eOA&oe=6930FFC5;Kalpten kalbe giden yolu görmek ayrı, anlatmak ayrı, o yolda yürüyebilmek apayrı mesele...  Şehrimizin yaşayan değerlerinden Âşık Rıfat Kurtoğlu, konuğumuzdu. Ustaya Allah’tan sağlıklı ve uzun bir ömür diliyorum.  #ÇorumİçinAşkla #Âşık #Aşık;200610
https://www.instagram.com/p/DRo7wvCjMbi/;Reels;1278;25;55832;2025-11-29 15:19:01;https://scontent-man2-1.cdninstagram.com/v/t51.82787-15/588628917_18230230150307214_3776985125222769664_n.jpg?stp=dst-jpg_e15_tt6&_nc_cat=102&ig_cache_key=Mzc3NjUzMTEyMTMzNzg0NTQ3NDE4MjMwMjMwMTQ0MzA3MjE0.3-ccb7-5&ccb=7-5&_nc_sid=58cdad&efg=eyJ2ZW5jb2RlX3RhZyI6InhwaWRzLjU0MHg5NjAuc2RyLkMzIn0%3D&_nc_ohc=gPNaQU1qQb4Q7kNvwEqF0mB&_nc_oc=AdmmHxIKT1mQ3besAzgN9Rj4QQi43XTjT8XX7lK_1tdpxsPaQwQf4cinpflnAU3N7oI&_nc_ad=z-m&_nc_cid=0&_nc_zt=23&_nc_ht=scontent-man2-1.cdninstagram.com&_nc_gid=ED524z5YcJI6lPqzogGEWg&oh=00_AfjdSDeW2zkxOhrspKH1bIqwbk-UNsF13K6v8w7YSqYmpg&oe=6931154F;Çorum diye yazılır, samimiyet diye okunur 🫶🏼❤️🖤  Mutlu bir hafta sonu geçirmeniz dileğiyle 🧿🫶🏼  📍Gülabibey Mahallesi  #ÇorumİçinAşkla;
https://www.instagram.com/p/DRmhuqTjO97/;Reels;2232;39;146929;2025-11-28 16:58:17;https://scontent-man2-1.cdninstagram.com/v/t51.82787-15/589059559_18230142586307214_1824089548637131519_n.jpg?stp=dst-jpg_e15_tt6&_nc_cat=100&ig_cache_key=Mzc3NTg1MzY3OTY1MjY5NTkzMTE4MjMwMTQyNTgwMzA3MjE0.3-ccb7-5&ccb=7-5&_nc_sid=58cdad&efg=eyJ2ZW5jb2RlX3RhZyI6InhwaWRzLjU0MHg5NjAuc2RyLkMzIn0%3D&_nc_ohc=nQ6p63bnZ3kQ7kNvwHCVkiQ&_nc_oc=AdmJyKLtxmut09P1xph81ar2LZKaJDzjCUk8xEbto8uNZnLx62hu9LMG2ZzN7fdajnQ&_nc_ad=z-m&_nc_cid=0&_nc_zt=23&_nc_ht=scontent-man2-1.cdninstagram.com&_nc_gid=ED524z5YcJI6lPqzogGEWg&oh=00_AfjKV5ylcxBrRVchWEO94wkxS6yjNYE6Mxdf8RaXr8pl-g&oe=6930F763;Suyumuz, tertemiz 🧿💧🧐  Dağ, tepe arayıp bulduğumuz ve binbir zorlukla şehrimize getirdiğimiz su, musluklardan da tertemiz aksın diye önemli bir yatırım daha yaptık.  SCADA (Denetim) merkezimizin envanterine kazandırdığımız yeni analiz cihazı ile suyumuzun tüm testlerini artık şehrimizde yapabileceğiz.  Güzeller güzeline bu güzellik de hayırlı olsun 🫶🏼  #ÇorumİçinAşkla #Su;
https://www.instagram.com/p/DRl6XXojNaz/;Reels;1696;24;103209;2025-11-28 11:13:43;https://scontent-man2-1.cdninstagram.com/v/t51.82787-15/589131188_18230118898307214_2128863990913307209_n.jpg?stp=dst-jpg_e15_tt6&_nc_cat=103&ig_cache_key=Mzc3NTY4MDU1NTI0MjAxODQ4MzE4MjMwMTE4ODg5MzA3MjE0.3-ccb7-5&ccb=7-5&_nc_sid=58cdad&efg=eyJ2ZW5jb2RlX3RhZyI6InhwaWRzLjU0MHg5NjAuc2RyLkMyIn0%3D&_nc_ohc=FtumfLDUWuoQ7kNvwEcr8x4&_nc_oc=AdkGr2QsKaaYy1RJxgda3aI3ozoQU3x8gVh2D6AArRh9f6X5Pl0dooXYK8wk8Vx_HXQ&_nc_ad=z-m&_nc_cid=0&_nc_zt=23&_nc_ht=scontent-man2-1.cdninstagram.com&_nc_gid=ED524z5YcJI6lPqzogGEWg&oh=00_AfidKa8brk_025Qhv-LcLWfe2ipwCaMwQkWFb0DF6kU9cQ&oe=69310119;Yine çok güzelleşiyorsun 😉🧿🎨🖌  Çorum Kalesi'nden Ulu Camii'ye uzanan ve seçim öncesi sözünü verdiğimiz projeler arasında yer alan Tarihi Kültür Yolu projemizde cephe sağlıklaştırma uygulamamızda sona yaklaşıyoruz ⌛️  Projemize sundukları büyük destekten dolayı Çevre, Şehircilik ve İklim Değişikliği Bakanımız Sn. Murat Kurum’a bir kez daha şükranlarımı sunuyorum.  #ÇorumİçinAşkla #HayırlıCumalar #HayırlıSabahlar #Çorum;
https://www.instagram.com/p/DRjYmA2jCyg/;Reels;3872;76;202089;2025-11-27 11:24:47;https://scontent-man2-1.cdninstagram.com/v/t51.82787-15/589278533_18230023357307214_7695236338503721140_n.jpg?stp=dst-jpg_e15_tt6&_nc_cat=110&ig_cache_key=Mzc3NDk2OTA3ODAzODE0NjIwODE4MjMwMDIzMzUxMzA3MjE0.3-ccb7-5&ccb=7-5&_nc_sid=58cdad&efg=eyJ2ZW5jb2RlX3RhZyI6InhwaWRzLjU0MHg5NjAuc2RyLkMzIn0%3D&_nc_ohc=T_aubESo74MQ7kNvwFNJvbE&_nc_oc=Adnn4DTJFfIDveBf2kg1mHPJTYbcYIjcG0utyFW9CYbgciIPNDbUsqOV_8QVsYT6K6c&_nc_ad=z-m&_nc_cid=0&_nc_zt=23&_nc_ht=scontent-man2-1.cdninstagram.com&_nc_gid=ED524z5YcJI6lPqzogGEWg&oh=00_AfgTpagnxanNyJ7PqgoQogupHH5OEE3442kpRwWdNEJkDw&oe=69312A7F;Halkın evinde, halkın emrinde 🫶🏼  Halk günümüz, her çarşamba 14.00'te.  Tevazu, samimiyet ve gayret ile #ÇorumİçinAşkla   📍Çorum Belediyesi Yeni Hizmet Binası;
https://www.instagram.com/p/DRhzYy1jGub/;Reels;21968;275;599953;2025-11-26 20:37:00;https://scontent-man2-1.cdninstagram.com/v/t51.82787-15/587552877_18229970698307214_1391658072907533394_n.jpg?stp=dst-jpg_e15_tt6&_nc_cat=107&ig_cache_key=Mzc3NDUyMzk2NjkzODE4MDUwNzE4MjI5OTcwNjk1MzA3MjE0.3-ccb7-5&ccb=7-5&_nc_sid=58cdad&efg=eyJ2ZW5jb2RlX3RhZyI6InhwaWRzLjU0MHg5NjAuc2RyLkMzIn0%3D&_nc_ohc=H5bJPXclA38Q7kNvwEoOAjH&_nc_oc=AdkGQKCjLhHYDzSvVJz6N0h_Rlx_SW3nNSiyr9yJjiPn3YjheIvjRWy0lMrvE0KMnNA&_nc_ad=z-m&_nc_cid=0&_nc_zt=23&_nc_ht=scontent-man2-1.cdninstagram.com&_nc_gid=ED524z5YcJI6lPqzogGEWg&oh=00_Afh49SrdDFJZO0e1Gg2jhLyULSkHep7ROOadG8oS0k7zGQ&oe=6930FBBB;Çorum'da hangi sokaktan kim çıkar, belli olmaz 🫶🏼  Sürprizlerle dolu güzel şehrin güzel sakinlerine selam olsun 🫶🏼❤️🖤  Kardeşimizin yüreğine sağlık💐  📍Gazi Caddesi   #ÇorumİçinAşkla #HayırlıAkşamlar #Çorum;
https://www.instagram.com/p/DRhcwIZjKjL/;Reels;6856;144;209662;2025-11-26 17:31:35;https://scontent-man2-1.cdninstagram.com/v/t51.82787-15/588550215_18229953544307214_6987586129063002663_n.jpg?stp=dst-jpg_e15_tt6&_nc_cat=103&ig_cache_key=Mzc3NDQyNDQxNTU2ODk2Mzc4NzE4MjI5OTUzNTM4MzA3MjE0.3-ccb7-5&ccb=7-5&_nc_sid=58cdad&efg=eyJ2ZW5jb2RlX3RhZyI6InhwaWRzLjU0MHg5NjAuc2RyLkMzIn0%3D&_nc_ohc=11vjXoe_MWEQ7kNvwFZoo1a&_nc_oc=AdnxeK8Uljta8hnsPUejIT3wt9Fyr04qrDoCP_JQKzwX3zlT6D_LsSAvDrK1QOGIdWs&_nc_ad=z-m&_nc_cid=0&_nc_zt=23&_nc_ht=scontent-man2-1.cdninstagram.com&_nc_gid=ED524z5YcJI6lPqzogGEWg&oh=00_Afgd2mGh0ZG7U4bojkyryZ7_aBPc8LyAQrtVdaGLLx9deQ&oe=6931166E;Seviyoruz, hem de nasıl çok 🫶🏼🥰🧿  📍Öğretmen Salim Akaydın Ortaokulu  #ÇorumİçinAşkla;
https://www.instagram.com/p/DRgslvojI1x/;Reels;6704;128;334673;2025-11-26 10:38:14;https://scontent-man2-1.cdninstagram.com/v/t51.82787-15/589048595_18229922773307214_2612935389831478523_n.jpg?stp=dst-jpg_e15_tt6&_nc_cat=109&ig_cache_key=Mzc3NDIxMjU5NTU0OTc2OTA3MzE4MjI5OTIyNzY3MzA3MjE0.3-ccb7-5&ccb=7-5&_nc_sid=58cdad&efg=eyJ2ZW5jb2RlX3RhZyI6InhwaWRzLjU0MHg5NjAuc2RyLkMzIn0%3D&_nc_ohc=M2IQ_mltCGIQ7kNvwGVTzFv&_nc_oc=AdlyC15aBjXcEjwVJlldx7pSFXp09rizQZPpPCCk7-TkXePcGRFDgkoTwHIj4zMME5Q&_nc_ad=z-m&_nc_cid=0&_nc_zt=23&_nc_ht=scontent-man2-1.cdninstagram.com&_nc_gid=ED524z5YcJI6lPqzogGEWg&oh=00_Afi0pk77dBfBIs6qYrl265TfW08zABiDprWcypzpQdfDqw&oe=6930F7B0;Çorum'da aşkın rengi belli ❤️🖤😉  Bahçelievler Mahallesi Şenyurt Sokaklar, A'dan Z'ye yepyeni ve kendi üretimimiz olan kırmızı-siyah karo ve bordürlerle çok şık.  Güzeller güzeline hayırlı olsun 🫶🏼  #ÇorumİçinAşkla #ArcaÇorumFK #HayırlıSabahlar #Çorum;
https://www.instagram.com/p/DRfCxH9jIl6/;Reels;800;8;47219;2025-11-25 19:31:05;https://scontent-man2-1.cdninstagram.com/v/t51.82787-15/587676351_18229866547307214_8707238807747928739_n.jpg?stp=dst-jpg_e15_tt6&_nc_cat=107&ig_cache_key=Mzc3Mzc0NzE4NDY1NTk2MDQ0MjE4MjI5ODY2NTQxMzA3MjE0.3-ccb7-5&ccb=7-5&_nc_sid=58cdad&efg=eyJ2ZW5jb2RlX3RhZyI6InhwaWRzLjU0MHg5NjAuc2RyLkMzIn0%3D&_nc_ohc=fjpu6j8FBJEQ7kNvwEkbi-q&_nc_oc=AdlgBN63TpDYEi_UHhLkeNk9OAySBMPXGCeYCLJvIgEIpEqxudCa-ivXIf80A4i44tA&_nc_ad=z-m&_nc_cid=0&_nc_zt=23&_nc_ht=scontent-man2-1.cdninstagram.com&_nc_gid=ED524z5YcJI6lPqzogGEWg&oh=00_AfjUnfi9BigVUylMSvngH5mLyj0ntqFXVoS0IKZB7UGdOQ&oe=69312787;Ellerinizden öpüyoruz 💐🫶🏼  Eğitim yöneticilerimiz, gençlik ve kadın kültür merkezlerimizde görev yapan mesai arkadaşlarımız ve şehrimizdeki emektar öğretmenlerimiz için düzenlediğimiz Öğretmenler Günü programımızı Sn. Valimiz Ali Çalgan, İl Milli Eğitim Müdürümüz Sn. Cemil Çağlar ve değerli protokol üyelerimizin de katılımlarıyla gerçekleştirdik.  Bir kez daha Başöğretmen Gazi Mustafa Kemal Atatürk, vatan evlatları için şehadete eren kahraman öğretmenlerimiz ve ebediyete irtihal etmiş öğretmenlerimiz başta olmak üzere tüm öğretmenlerimizin gününü gönülden kutluyorum 💐;
https://www.instagram.com/p/DReIj4RjJgT/;Reels;2530;65;114106;2025-11-25 10:31:12;https://scontent-man2-1.cdninstagram.com/v/t51.82787-15/587618255_18229826992307214_4288885883788722928_n.jpg?stp=dst-jpg_e15_tt6&_nc_cat=108&ig_cache_key=Mzc3MzQ5MTE4Nzc2MDc5NzcxNTE4MjI5ODI2OTg5MzA3MjE0.3-ccb7-5&ccb=7-5&_nc_sid=58cdad&efg=eyJ2ZW5jb2RlX3RhZyI6InhwaWRzLjU0MHg5NjAuc2RyLkMzIn0%3D&_nc_ohc=DLP0aD9jGVoQ7kNvwGCD0WN&_nc_oc=AdkKCkE6lBGWDwURtK32pqAuJ7Hf7w21WuTt-aKTIvjKef7Y2b_ZXhtTYVoI_t5UEJk&_nc_ad=z-m&_nc_cid=0&_nc_zt=23&_nc_ht=scontent-man2-1.cdninstagram.com&_nc_gid=ED524z5YcJI6lPqzogGEWg&oh=00_Afj5ze_uKAMU_XoLl8PMwVs1P5d0tChAuh8c4umK6B2yIg&oe=6931155A;Ekip yine eski yerinde, hayırlı olsun 🫶🏼🧿😊  Tadilat nedeniyle bir süredir Melikgazi Kültür Merkezi'nde hizmet veren Çorum Belediyesi Engelli Eğitim Merkezi'mizi tadilat sonrası asıl yerine geri taşıdık. Bu güzel kavuşmaya da güzel bir açılış ve kutlama yakışırdı 😉🫶🏼🥰  Engelli Eğitim Merkezi, yepyeni haliyle kardeşlerimize yeniden hayırlı olsun.  #ÇorumİçinAşkla #HayırlıSabahlar #Çorum;
https://www.instagram.com/p/DRcfrH2CNm5/;Reels;690;7;50671;2025-11-24 19:08:54;https://scontent-man2-1.cdninstagram.com/v/t51.71878-15/587271503_25139268489074348_8175375500255175633_n.jpg?stp=dst-jpg_e15_tt6&_nc_cat=110&ig_cache_key=Mzc3MzAyOTg5MDYzMTcxOTM1Mw%3D%3D.3-ccb7-5&ccb=7-5&_nc_sid=58cdad&efg=eyJ2ZW5jb2RlX3RhZyI6InhwaWRzLjY0MHgxMTM2LnNkci5DMyJ9&_nc_ohc=AbgFRo5NceMQ7kNvwEWX00g&_nc_oc=Adnlek-tazB_pL2TQtDa9TYjuoyn_N2nq5m-Xsa038y7BDATxAfT__FmvMADHgzg-VM&_nc_ad=z-m&_nc_cid=0&_nc_zt=23&_nc_ht=scontent-man2-1.cdninstagram.com&_nc_gid=ED524z5YcJI6lPqzogGEWg&oh=00_Afgkjcpht8ly34bKd2P4EfNVlDi6ymF7GIdcHmGX9IZ3Tw&oe=69312852;25 Kasım Kadına Yönelik Şiddete Karşı Uluslararası Mücadele Günü kapsamında hep birlikte şiddete bir kez daha HAYIR diyoruz. Şiddetle mücadelemiz sadece 25 Kasımla sınırlı değil, sürekli olmalıdır, olmak zorundadır. Yaşama hakkı elinden alınmış tüm kadınlarımızı rahmetle, saygıyla anıyor.  Kamuoyuna saygılarımızla arz ediyoruz. #25kasım #kadınaşiddetehayır;
https://www.instagram.com/p/DRcHtmVDDvY/;Reels;4099;39;126612;2025-11-24 15:49:51;https://scontent-man2-1.cdninstagram.com/v/t51.82787-15/588559027_18229746712307214_3273303078588612499_n.jpg?stp=dst-jpg_e15_tt6&_nc_cat=103&ig_cache_key=Mzc3MjkyNDUwNzY4Njk3NjQ3MjE4MjI5NzQ2NzA2MzA3MjE0.3-ccb7-5&ccb=7-5&_nc_sid=58cdad&efg=eyJ2ZW5jb2RlX3RhZyI6InhwaWRzLjU0MHg5NjAuc2RyLkMzIn0%3D&_nc_ohc=Ai5KAkjHokUQ7kNvwEtRiy3&_nc_oc=AdmbfijvQiSmd6FjFYfdN0YGgSIvbhOPnGuj_edUNCYBDTlOFefLY0P5yuQoqcONbgs&_nc_ad=z-m&_nc_cid=0&_nc_zt=23&_nc_ht=scontent-man2-1.cdninstagram.com&_nc_gid=ED524z5YcJI6lPqzogGEWg&oh=00_AfijcIxyWOsgfNOaX3htV6gprLRRMWJkyzxvuSrUA57Wlg&oe=69312894;"Haklarını ödeyemeyeceğimiz, başta bu güzel ülkenin çocuklarının eğitimi gibi kutsal bir amaç uğruna candan geçen şehit öğretmenlerimiz olmak üzere tüm öğretmenlerimizin gününü gönülden tebrik ediyor, Hakk'a yürüyen öğretmenlerimize Allah’tan rahmet; hayatta olan öğretmenlerimize sağlıklı ve uzun ömürler diliyorum 💐  #ÖğretmenlerGünü";
https://www.instagram.com/p/DRZ6fB1jKoI/;Reels;1587;45;104871;2025-11-23 19:01:01;https://scontent.cdninstagram.com/v/t51.71878-15/586770280_4126816117561799_3823187430235324547_n.jpg?stp=dst-jpg_e15_tt6&_nc_cat=101&ig_cache_key=Mzc3MjMwMzM4MTg3MzA3Njc0NDg1ODA3OTk0MDEwNDEwMg%3D%3D.3-ccb7-5&ccb=7-5&_nc_sid=58cdad&efg=eyJ2ZW5jb2RlX3RhZyI6InhwaWRzLjY0MHgxMTM2LnNkci5DMyJ9&_nc_ohc=Vl-LyiX5-TIQ7kNvwEdQl7F&_nc_oc=AdlIJteOYK5cBOaBz4qSZjcAs9aEt8xtos2AZ8xzXeaZqN-LPAtQYQgNjB6DQbMznDI&_nc_ad=z-m&_nc_cid=0&_nc_zt=23&_nc_ht=scontent.cdninstagram.com&_nc_gid=zgrTC_yjED8DF9r0P7NAuw&oh=00_AfjXM-Jz2k0coPtylfuDUez-Vsujwjhr0SscNYeUfjiAXg&oe=693128C7;Geleceğimizin mimarları, öğretmenler…  Her adımda inanmayı, başarmayı, azmi ve kararlılığı öğreten tüm öğretmenlerimizin #24KasımÖğretmenlerGünü kutlu olsun 🫶;
https://www.instagram.com/p/DRZhfOPDBYQ/;Reels;5295;61;181295;2025-11-23 15:46:49;https://scontent.cdninstagram.com/v/t51.82787-15/587889169_18229647556307214_1718096835946700150_n.jpg?stp=dst-jpg_e15_tt6&_nc_cat=106&ig_cache_key=Mzc3MjE5MzQ0NDAyMjk4MjE2MDE4MjI5NjQ3NTUzMzA3MjE0.3-ccb7-5&ccb=7-5&_nc_sid=58cdad&efg=eyJ2ZW5jb2RlX3RhZyI6InhwaWRzLjU0MHg5NjAuc2RyLkMzIn0%3D&_nc_ohc=oaSpbRcP2KMQ7kNvwFGVfPY&_nc_oc=Adk2hj3kS3MuJma0ZZsworjMcwn8b4qSW8vjy2u9qaWt7_M9A5qMnTah9t0qIneLhnw&_nc_ad=z-m&_nc_cid=0&_nc_zt=23&_nc_ht=scontent.cdninstagram.com&_nc_gid=zgrTC_yjED8DF9r0P7NAuw&oh=00_AfiyIkO-NW3voBHRjgXUI5t6KTMWFd9W-ewIx_452OH2Jw&oe=6931214A;Bir şehir hayal edin, Santa Monica kahvesi ikram eden esnafı olan 😄🙃😉🤭☕️   Musmutlu, bol muhabbetli pazarlar #Çorum 🫶🏼 ❤️🖤  📍Gazi Caddesi  #ÇorumİçinAşkla;
https://www.instagram.com/p/DRXow2SDPl_/;Reels;4091;61;140010;2025-11-22 21:53:17;https://scontent.cdninstagram.com/v/t51.82787-15/588657894_18229578922307214_239524085634865180_n.jpg?stp=dst-jpg_e15_tt6&_nc_cat=105&ig_cache_key=Mzc3MTY2MjQ5MTYyNjMwNTkxOTE4MjI5NTc4OTE2MzA3MjE0.3-ccb7-5&ccb=7-5&_nc_sid=58cdad&efg=eyJ2ZW5jb2RlX3RhZyI6InhwaWRzLjU0MHg5NjAuc2RyLkMzIn0%3D&_nc_ohc=v-l3l6oZp3wQ7kNvwHVKBnW&_nc_oc=AdkWLnXDo_kSRJvtGsMjGcJ2D26R7FD-l3vZDa1STLRxDyg1N6UTlaasXs1qAoKBT-8&_nc_ad=z-m&_nc_cid=0&_nc_zt=23&_nc_ht=scontent.cdninstagram.com&_nc_gid=zgrTC_yjED8DF9r0P7NAuw&oh=00_Afi7p1BucNkN_JSq04kFOJEp8s39Zn_ZjvUdlfqXbJJJUQ&oe=6931034F;Bizi görmek çok kolay, çok şükür hep yan yanayız 😉🫶🏼  #HayırlıGeceler #Çorum ❤️🖤 #ÇorumİçinAşkla;
https://www.instagram.com/p/DRW3eBRjIES/;Reels;2516;47;95635;2025-11-22 15:47:42;https://scontent.cdninstagram.com/v/t51.82787-15/587767939_18229546948307214_1679437706178481887_n.jpg?stp=dst-jpg_e15_tt6&_nc_cat=111&ig_cache_key=Mzc3MTQ0NTY5MzQ3OTk0NDQ2NjE4MjI5NTQ2OTQyMzA3MjE0.3-ccb7-5&ccb=7-5&_nc_sid=58cdad&efg=eyJ2ZW5jb2RlX3RhZyI6InhwaWRzLjU0MHg5NjAuc2RyLkMzIn0%3D&_nc_ohc=9q-_qzubpegQ7kNvwGhAjx2&_nc_oc=AdmpDS9oemzk4V4YjVHUDJJ1nfeSEpO-FYBT3PFZq4p6hXtWbpp_OaezsdhhfnYT-7Q&_nc_ad=z-m&_nc_cid=0&_nc_zt=23&_nc_ht=scontent.cdninstagram.com&_nc_gid=zgrTC_yjED8DF9r0P7NAuw&oh=00_Afiq0BSdmykXFISnMTptgS0Ze3VKdpD0uCnlhobZM35MrA&oe=69312DD5;Kazasız, belasız 😉🐎🧿  Mutlu bir #haftasonu diliyorum ❤️🖤  📍Çorum Belediyesi Binicilik Tesisi / Anatolia Atlı Spor Kulübü  #ÇorumİçinAşkla #At #Binicilik;
https://www.instagram.com/p/DRU-l98DN64/;Photo;1405;13;0;2025-11-21 21:00:09;https://scontent.cdninstagram.com/v/t51.82787-15/587196181_18229479445307214_4281225229535629579_n.webp?_nc_cat=109&ig_cache_key=Mzc3MDkxNDA3NjAyNjAwMzEyOA%3D%3D.3-ccb7-5&ccb=7-5&_nc_sid=58cdad&efg=eyJ2ZW5jb2RlX3RhZyI6InhwaWRzLjE0Mzl4OTU5LnNkci5DMyJ9&_nc_ohc=MroGUNVCphUQ7kNvwE2qqMi&_nc_oc=AdmADBMjCmtw17iW6y8QBe66KXsVMHMZowRSt9FIK29QA3_bedEgfEqzJxpq2lGV3nE&_nc_ad=z-m&_nc_cid=0&_nc_zt=23&_nc_ht=scontent.cdninstagram.com&_nc_gid=zgrTC_yjED8DF9r0P7NAuw&oh=00_AfjKL6n6duaMEmF78KMhtPq-eBL9mSgVD4EPlJtSHhhECA&oe=69311AD0;Şehirlerde yaşanır aşklar, bir de şehirlerle yaşanan aşk var🫶🏼 (HİA) Aşk ola... #Çorum ❤️🌙🖤  #HayırlıGeceler #ÇorumİçinAşkla;
https://www.instagram.com/p/DRUds-VjKY4/;Reels;2177;32;98333;2025-11-21 16:17:11;https://scontent.cdninstagram.com/v/t51.82787-15/587346906_18229456444307214_1979171975224145294_n.jpg?stp=dst-jpg_e15_tt6&_nc_cat=103&ig_cache_key=Mzc3MDc2OTQyMTk1NTI3ODM5MjE4MjI5NDU2NDQxMzA3MjE0.3-ccb7-5&ccb=7-5&_nc_sid=58cdad&efg=eyJ2ZW5jb2RlX3RhZyI6InhwaWRzLjU0MHg5NjAuc2RyLkMzIn0%3D&_nc_ohc=Nr1wlJ7-SvgQ7kNvwFfrXkP&_nc_oc=Adlb43-ehapTyuZO5k8pHYwbDerbDUwytvSmEe3jOrRs9Gc5GCQlQp5lRI1FAyoSinc&_nc_ad=z-m&_nc_cid=0&_nc_zt=23&_nc_ht=scontent.cdninstagram.com&_nc_gid=zgrTC_yjED8DF9r0P7NAuw&oh=00_AfhLvwvvilTLrxM3gbjV6oNh8dSna2LtSGeX6Xxb-t8ULg&oe=6930FB93;Muhabbet bol, samimiyet tek yol burada 😊🧿🫶🏼  #HayırlıCumalar #Çorum ❤️🖤 #ÇorumİçinAşkla;
https://www.instagram.com/p/DRT_xFCjAX6/;Reels;2166;13;137595;2025-11-21 11:51:57;https://scontent.cdninstagram.com/v/t51.82787-15/584132333_18229438939307214_8767530500889967831_n.jpg?stp=dst-jpg_e15_tt6&_nc_cat=111&ig_cache_key=Mzc3MDYzNzc2MjYzNTIzNjg1OA%3D%3D.3-ccb7-5&ccb=7-5&_nc_sid=58cdad&efg=eyJ2ZW5jb2RlX3RhZyI6InhwaWRzLjU0MHg5NjAuc2RyLkMzIn0%3D&_nc_ohc=rZ34RN8S3ukQ7kNvwFFM5fU&_nc_oc=Adk9X6V275XIaXH4QrJ2hOWiATfOfpjcmQ7gjWSNO0n3wWN6xGrUhx9dm-HJdjG57vc&_nc_ad=z-m&_nc_cid=0&_nc_zt=23&_nc_ht=scontent.cdninstagram.com&_nc_gid=zgrTC_yjED8DF9r0P7NAuw&oh=00_AfivlTHCJbkU2vQmT58G5MOcHBNX2w04E0vkSxv9Hzwuaw&oe=6930FAD4;Çorum'u geziyoruk 😉🫶🏼🇹🇷  Kuzey Kıbrıs Türk Cumhuriyeti'ndeki kardeş belediyemiz Beyarmudu'ndan Belediye Başkanımız Bülent Bebek ile beraberindeki kardeşlerimiz, öğretmenlerimiz, yavrularımız şehrimizde konuğumuzdu. Hoş geldiler, safa geldiler 🫶🏼  Magarına Bulli için de ayrıca geleceğiz 😉🥰🫶🏼🍝  #HayırlıSabahlar #KKTC #Beyarmudu #Çorum #MagarınaBulli;
https://www.instagram.com/p/DRSDUmPDOJE/;Reels;1573;13;122260;2025-11-20 17:44:19;https://scontent.cdninstagram.com/v/t51.71878-15/583761374_774280655644371_3421819913644657293_n.jpg?stp=dst-jpg_e15_tt6&_nc_cat=102&ig_cache_key=Mzc3MDA5MDQ0NzY0NjI4NjQwNA%3D%3D.3-ccb7-5&ccb=7-5&_nc_sid=58cdad&efg=eyJ2ZW5jb2RlX3RhZyI6InhwaWRzLjY0MHgxMTM2LnNkci5DMyJ9&_nc_ohc=Ch1cFnuhoxQQ7kNvwFkkkMQ&_nc_oc=Adm3Htc_8FnBXlVZtYdnkYwwG1OitVjL2t7iIf594spwOS0MhZc_0O2GXvsQlGRzcLE&_nc_ad=z-m&_nc_cid=0&_nc_zt=23&_nc_ht=scontent.cdninstagram.com&_nc_gid=zgrTC_yjED8DF9r0P7NAuw&oh=00_AfiJCPTkIAULh-RDgnDFCFrvhTp6_1uTYYmTdzvCy1gFaA&oe=69310E4A;Bizim için çok değerlisiniz ♥️  Şeker Çocuk Şenliği’mizde diyabetle mücadele eden çocuklarımızla birlikte güzel vakit geçirdik.  Atölye etkinlikleri, eğlence ve balon gösterileriyle dolu dolu geçen şenliğimizde çocuklarımıza moral olduk.  #ÇorumİçinAşkla;
https://www.instagram.com/p/DRR7c-SjOF0/;Reels;3292;43;142427;2025-11-20 17:31:30;https://scontent.cdninstagram.com/v/t51.82787-15/584430838_18229365982307214_6288678781142100551_n.jpg?stp=dst-jpg_e15_tt6&_nc_cat=104&ig_cache_key=Mzc3MDA1NTgzODg1ODUzNTI4NDE4MjI5MzY1OTc5MzA3MjE0.3-ccb7-5&ccb=7-5&_nc_sid=58cdad&efg=eyJ2ZW5jb2RlX3RhZyI6InhwaWRzLjU0MHg5NjAuc2RyLkMzIn0%3D&_nc_ohc=THHQ7paSPiEQ7kNvwEgZOSV&_nc_oc=Adnp-R8-KOkWT5pzUXsrHJcYFCFAt3dYM_IS6eZblfTuvWZqLWwLLwTtCgQvNXIDoqs&_nc_ad=z-m&_nc_cid=0&_nc_zt=23&_nc_ht=scontent.cdninstagram.com&_nc_gid=zgrTC_yjED8DF9r0P7NAuw&oh=00_AfjjdMaAn6XHjroyB9FECZzqeZn7co2gq9-8XTqI6Pe_KA&oe=69311F9F;En özel ve güzel devlet üniversitesi 🫶🏼😉🧿  Hitit Üniversitemizin Kuzey Kampüs yerleşkesinde tüm detayların düşünüldüğü çalışmalar aralıksız sürüyor. Kampüs güzel oluyor, hem de çok güzel 💯  #ÇorumİçinAşkla #HititÜniversitesi #Çorum;
https://www.instagram.com/p/DRRmg8ijIeK/;Reels;978;8;93257;2025-11-20 13:32:37;https://scontent.cdninstagram.com/v/t51.71878-15/587791020_1154896006296022_1192356728490222271_n.jpg?stp=dst-jpg_e15_tt6&_nc_cat=110&ig_cache_key=Mzc2OTk2Mzc1Mjg4MDYzNzgzNA%3D%3D.3-ccb7-5&ccb=7-5&_nc_sid=58cdad&efg=eyJ2ZW5jb2RlX3RhZyI6InhwaWRzLjY0MHgxMTM2LnNkci5DMyJ9&_nc_ohc=62kgQuUwIMEQ7kNvwFldz1d&_nc_oc=AdlIT5XWFn1kD7SEa35EdAZVRrnMhzQqmXySg8Ii0UhtMp-LJnBJd5zxtQhJq8SutEY&_nc_ad=z-m&_nc_cid=0&_nc_zt=23&_nc_ht=scontent.cdninstagram.com&_nc_gid=zgrTC_yjED8DF9r0P7NAuw&oh=00_Afg6HWmp4Il8rjV1P2mLlGMAyv_z4Wqi0oAFEOH_KfLAOQ&oe=69312DD3;Çomar Barajı’nda 2. etap yol genişletme çalışmalarına başladık 🚧🚜  ✅ Yaklaşık 2 kilometrelik güzergâhta yol genişliği 7 metreye çıkıyor.  #ÇorumİçinAşkla;
https://www.instagram.com/p/DRRW86tjAA8/;Reels;2310;58;103422;2025-11-20 11:36:52;https://scontent.cdninstagram.com/v/t51.82787-15/583706502_18229343635307214_8097039978995165502_n.jpg?stp=dst-jpg_e15_tt6&_nc_cat=100&ig_cache_key=Mzc2OTg5NTMwNjMxODgzOTg2ODE4MjI5MzQzNjMyMzA3MjE0.3-ccb7-5&ccb=7-5&_nc_sid=58cdad&efg=eyJ2ZW5jb2RlX3RhZyI6InhwaWRzLjU0MHg5NjAuc2RyLkMzIn0%3D&_nc_ohc=x4MmPJqvUigQ7kNvwENojNJ&_nc_oc=AdmUdcqxGBHeGiBRfhhupwU6LxJuWSnL22yke6iWnKDYAJDUBhxjK60FZfOcYQInkJw&_nc_ad=z-m&_nc_cid=0&_nc_zt=23&_nc_ht=scontent.cdninstagram.com&_nc_gid=zgrTC_yjED8DF9r0P7NAuw&oh=00_AfiOM0rhcr_bwcU7Z3RlECb9vsSfQLMDui2-MzQkTJhpvw&oe=693117E2;"İsrafın giremediği yer yapmışız; tebrikler kadınlarımıza 👏🏻👏🏻👏🏻  Kadın Kültür ve Sanat Merkezlerimiz, harıl harıl çalışmaya ve Çorum'un güçlü, azimli kadınlarına hizmet etmeye devam ediyor 🧿 Emek veren tüm çalışma arkadaşlarıma teşekkür ediyor, kursiyerlerimize başarılar diliyorum.   📍Çorum Belediyesi Melikgazi Kültür Merkezi / Bahçelievler Mahallesi  #ÇorumİçinAşkla #KadınKültürMerkezi";
https://www.instagram.com/p/DRP1mrtDlyW/;Photo;1247;3;0;2025-11-19 21:05:24;https://scontent.cdninstagram.com/v/t51.82787-15/565341475_18134807914467467_7830337609030969686_n.jpg?stp=dst-jpg_e35_tt6&_nc_cat=105&ig_cache_key=Mzc2OTQ2NzE2Nzg2NDQxMzMzNA%3D%3D.3-ccb7-5&ccb=7-5&_nc_sid=58cdad&efg=eyJ2ZW5jb2RlX3RhZyI6InhwaWRzLjExMzR4MTA2Ni5zZHIuQzMifQ%3D%3D&_nc_ohc=SCAdVddVNzoQ7kNvwG-oqd_&_nc_oc=AdkHmmeMy_cD-ncTtBLUP91rm2MTv-fkSMpn4DNxrKrP18X2UhSezcKA9JIQTX_4QEo&_nc_ad=z-m&_nc_cid=0&_nc_zt=23&_nc_ht=scontent.cdninstagram.com&_nc_gid=zgrTC_yjED8DF9r0P7NAuw&oh=00_AfiBpKVhpK51VOlgKvd82XK94bFYW6xS7FFpiwtt0sTbKQ&oe=69312358;Şehrin enerjisi, kampüsün heyecanı bu karede buluştu! ⚡️📸  #HititÜniversitesi @hibrahimasgin;
https://www.instagram.com/p/DRPtxg2jLmA/;Reels;3178;103;110988;2025-11-19 20:01:00;https://scontent-lga3-1.cdninstagram.com/v/t51.82787-15/582701145_18229292071307214_5656788491342094160_n.jpg?stp=dst-jpg_e15_tt6&_nc_cat=111&ig_cache_key=Mzc2OTQzMjcyNzc1NDY4NDgwMDE4MjI5MjkyMDY1MzA3MjE0.3-ccb7-5&ccb=7-5&_nc_sid=58cdad&efg=eyJ2ZW5jb2RlX3RhZyI6InhwaWRzLjU0MHg5NjAuc2RyLkMzIn0%3D&_nc_ohc=Yg40zUmXEvsQ7kNvwHbdWxq&_nc_oc=AdlTH0XgxlFEggDOHH9WHPKyEZsWcO3TwdL8C8zuXUp9i1ihCHwrNnbthTH8al5rUpRyXiVZD5h48GTuhNWD64z_&_nc_ad=z-m&_nc_cid=0&_nc_zt=23&_nc_ht=scontent-lga3-1.cdninstagram.com&_nc_gid=RGyoHYuekrUu7avmJgMcKQ&oh=00_AfiFoN_qejS8fbl9FHl2dREVYLHcF-XHVDIKgnEh-SeJBg&oe=69310B8B;Kankalarla büyük buluşma 🥰🫶🏻  Çorum Belediyesi Engelli Eğitim Merkezi'ndeki kardeşlerimle büyük buluşmamızı yine gerçekleştirdik, hasret giderdik. İyi ki varsınız ve kankamsınız 🫶🏻  #ÇorumİçinAşkla #Çorum;
https://www.instagram.com/p/DRO3nbKDN1J/;Reels;2491;43;110973;2025-11-19 12:24:43;https://scontent-lga3-2.cdninstagram.com/v/t51.82787-15/583706423_18229256080307214_2204523534070177134_n.jpg?stp=dst-jpg_e15_tt6&_nc_cat=105&ig_cache_key=Mzc2OTE5NDUzOTkzMzAzMTc1MzE4MjI5MjU2MDc0MzA3MjE0.3-ccb7-5&ccb=7-5&_nc_sid=58cdad&efg=eyJ2ZW5jb2RlX3RhZyI6InhwaWRzLjU0MHg5NjAuc2RyLkMzIn0%3D&_nc_ohc=vX1YfOGKMrsQ7kNvwGEr7XZ&_nc_oc=Adk0WtwbgivfuFRmv1bgGEQKuXWwfeauHLET-aPF9IQvG8Eqd-uV5N-tFeiD0D1QKsaZ9EWwJD-yogG2gIPJfXaL&_nc_ad=z-m&_nc_cid=0&_nc_zt=23&_nc_ht=scontent-lga3-2.cdninstagram.com&_nc_gid=RGyoHYuekrUu7avmJgMcKQ&oh=00_Afjgr95rYxxxhaEzKCIpbio6iH645X34STEKYUFXs2_NIQ&oe=69311DF0;Bir sözümüzü daha yerine getirdik ✅️ Fidan da böyle dikilir bu arada 😉😊🫶🏼  Seçim öncesi sözünü verdiğimiz 41 proje arasında yer alan Şehir Ormanı'nın ilk etabı, güzeller güzeli Çorum'umuza hayırlı olsun ❤️🖤🌲🌳  📍Bahçelievler Mahallesi  #ÇorumİçinAşkla #Ağaç #Orman #Fidan #Çorum;
https://www.instagram.com/p/DRNqzuRDNYc/;Photo;1323;13;0;2025-11-19 00:52:35;https://scontent-lga3-3.cdninstagram.com/v/t51.82787-15/583631090_18229217008307214_5015427323484900517_n.webp?_nc_cat=104&ig_cache_key=Mzc2ODg1NjczNTUwMzkzMDkwOA%3D%3D.3-ccb7-5&ccb=7-5&_nc_sid=58cdad&efg=eyJ2ZW5jb2RlX3RhZyI6InhwaWRzLjE0Mzl4OTU5LnNkci5DMyJ9&_nc_ohc=XuN1aLmHD_kQ7kNvwHV5WJW&_nc_oc=AdmBe8VWKPIcbfOe0o3IHckkusq_ZbHD43QrII-6WtxmIDjsA3yYT8U5QhkfxOGzsUdePpcK3TpWCSxrA3MmmyLN&_nc_ad=z-m&_nc_cid=0&_nc_zt=23&_nc_ht=scontent-lga3-3.cdninstagram.com&_nc_gid=RGyoHYuekrUu7avmJgMcKQ&oh=00_AfjT-vR0AbDGIE7Lq6iEbbDLclagtk7JtKIGzQZeoDpeDA&oe=69310553;Helal olsun #BizimÇocuklar 🇹🇷 Yüreğiniz yeter 🇹🇷  Dünya sıralamasında ilk sırada yer alan İspanya ile deplasmanda kök söktürerek 2-2 berabere kalan A Milli Futbol Takımımıza yürekten tebrikler 👏🏻👏🏻👏🏻  #ESPTUR #FIFAWorldCup;
https://www.instagram.com/p/DRMICB0DDXz/;Reels;3177;48;109657;2025-11-18 10:47:52;https://scontent-lga3-1.cdninstagram.com/v/t51.82787-15/583216478_18229161601307214_4752147211403997012_n.jpg?stp=dst-jpg_e15_tt6&_nc_cat=103&ig_cache_key=Mzc2ODQyMjMxMTk2MDI2MjEzMTE4MjI5MTYxNTk1MzA3MjE0.3-ccb7-5&ccb=7-5&_nc_sid=58cdad&efg=eyJ2ZW5jb2RlX3RhZyI6InhwaWRzLjU0MHg5NjAuc2RyLkMzIn0%3D&_nc_ohc=9p5CAQKPK7IQ7kNvwHeRwGJ&_nc_oc=Adn-iU_sYT6VJQ-rtWSNfaQ4xBWFSqHlLhXyXjXPcParV_uyMNBx2c-gSznqtghx52NLuFRZOWnmkWfB1FafHEnM&_nc_ad=z-m&_nc_cid=0&_nc_zt=23&_nc_ht=scontent-lga3-1.cdninstagram.com&_nc_gid=RGyoHYuekrUu7avmJgMcKQ&oh=00_AfjlFGVCzQH4MSuvVoHlR9_bseHvx8xANWXuFn-NvWPuuQ&oe=69311E89;Burası süper ya 🧿 Özet gibi cümle 😉🫶🏼  Doyulur mu bu şehirde muhabbete, samimiyete 🫶🏼❤️🖤  Her noktasında sizi başka bir güzelliğin karşılayacağı Bedesten'i test ve keşfetmeye devam ediyoruz, sizi de bekliyoruz 😉🫶🏼  #ÇorumİçinAşkla #HayırlıSabahlar #Çorum;
https://www.instagram.com/p/DRKYx8XDBkw/;Reels;7033;340;362563;2025-11-17 18:18:05;https://scontent-lga3-1.cdninstagram.com/v/t51.82787-15/582030358_18229105129307214_1900221733025259140_n.jpg?stp=dst-jpg_e15_tt6&_nc_cat=102&ig_cache_key=Mzc2NzkzMzAyMzQzMDY0NjA2NDE4MjI5MTA1MTI2MzA3MjE0.3-ccb7-5&ccb=7-5&_nc_sid=58cdad&efg=eyJ2ZW5jb2RlX3RhZyI6InhwaWRzLjU0MHg5NjAuc2RyLkMzIn0%3D&_nc_ohc=5BRbBM56QBUQ7kNvwEWDEoV&_nc_oc=AdmP8JTOUyQYvleEZJKlcBWGUvTwo83ik_EsA94z6YTt4oICnftX-mvplbCDed5DMFsDdAIXRLgjY67Vak3KF5SU&_nc_ad=z-m&_nc_cid=0&_nc_zt=23&_nc_ht=scontent-lga3-1.cdninstagram.com&_nc_gid=RGyoHYuekrUu7avmJgMcKQ&oh=00_AfgO7hp3zWMXn6L7FmK4kgk7XxJ0geFHCzqHKc2Iy5XOSg&oe=69310A90;"Hesap ortada; en kıymetlisi en ucuza 💧  Su; musluklardan akarken yokluğunu hiç düşünmediğimiz ama yokluğunda hayata devam edemediğimiz, günlük hayattaki diğer harcamalara kıyasla fiyatı şehrimizde en düşük olan, aslında en kıymetlimiz... Ve biz Çorum'a kesintisiz, en uygun suyu ulaştırmak için sürekli çalışıyoruz ❤️💧🖤  #ÇorumİçinAşkla #Su";
https://www.instagram.com/p/DRDI6VnDjrk/;Reels;12010;220;212088;2025-11-14 22:46:54;https://scontent-lga3-3.cdninstagram.com/v/t51.71878-15/581960333_1212026420832014_1253937964420871523_n.jpg?stp=dst-jpg_e15_tt6&_nc_cat=108&ig_cache_key=Mzc2NTg5MjkwNjcxNzQyODQ1Mg%3D%3D.3-ccb7-5&ccb=7-5&_nc_sid=58cdad&efg=eyJ2ZW5jb2RlX3RhZyI6InhwaWRzLjY0MHgxMTM2LnNkci5DMyJ9&_nc_ohc=rvdwH0T3-cgQ7kNvwF0m93p&_nc_oc=AdlDalSlsDdoGIFrDpjPk46JrN4IqMfg6dIAX7rqlH5v3Xo_jE2yEoc_qWL3SGWphjbvaLFeBRCDhdAm5_R5kpjV&_nc_ad=z-m&_nc_cid=0&_nc_zt=23&_nc_ht=scontent-lga3-3.cdninstagram.com&_nc_gid=RGyoHYuekrUu7avmJgMcKQ&oh=00_Afhs9iP3guh8ap6PZIBupPj2qgxqyzCKzCVjcnCl4P5Ukg&oe=69312B9F;Bugün, gecenin geç saatlerine kadar çoluğundan çocuğuna, gencinden yaşlısına şehidine sahip çıkan binlerce hemşehrimizin vatanperverliğine ve şehit ailelerimizden gönüllere dokunan bir vefa örneğine şahitlik ettik… Bir kez daha “Elhamdülillah, iyi ki bu aziz milletin bir ferdiyiz ve iyi ki Çorumluyuz” dedik. 🇹🇷  Şehitlerimize rahmet, minnet ve dua ile… Aziz ruhları için el-Fatiha.  📍Çorum Şehitliği;
https://www.instagram.com/p/DRCgwRUDLos/;Photo;37497;443;0;2025-11-14 16:53:05;https://scontent-lga3-2.cdninstagram.com/v/t51.82787-15/583310887_18433389382103950_7630018580514149449_n.jpg?stp=dst-jpg_e35_tt6&_nc_cat=109&ig_cache_key=Mzc2NTcxNjI5MzA0ODM4NDA0NA%3D%3D.3-ccb7-5&ccb=7-5&_nc_sid=58cdad&efg=eyJ2ZW5jb2RlX3RhZyI6InhwaWRzLjE0NDB4MTkxOC5zZHIuQzMifQ%3D%3D&_nc_ohc=RZpPyAk6PyQQ7kNvwE_oH2m&_nc_oc=Admqab6eezKwurubnAZsxIRwAek_jYE8z7eeTfvDX_6DZ9ScvCiATiev0ImIPAnM2orDDf2mCGmmjYpflnGpZU5P&_nc_ad=z-m&_nc_cid=0&_nc_zt=23&_nc_ht=scontent-lga3-2.cdninstagram.com&_nc_gid=RGyoHYuekrUu7avmJgMcKQ&oh=00_AfgYw6fSY4n0HYf66Og5RZKajvhBDXt8L0FxaYUDI5EB1Q&oe=693105D1;Vefanın En Güzel Hâli 🇹🇷  Şehidimiz Burak İbbiği’nin kabrinde bugün çok anlamlı bir an yaşandı. Şehitlikte bulunan diğer şehitlerimizin yakınları, çelenklerdeki çiçekleri tek tek çıkararak mezarın üzerini Türk bayrağı şeklinde çiçeklerle kapladı.  Tüm kahraman şehitlerimize Allah’tan rahmet diliyoruz. Mekânları cennet olsun. 🇹🇷;
https://www.instagram.com/p/DRCVDqrjNIa/;Reels;11728;183;294432;2025-11-14 15:16:27;https://scontent-lga3-2.cdninstagram.com/v/t51.71878-15/581446502_1452412452492351_6608606699906523314_n.jpg?stp=dst-jpg_e15_tt6&_nc_cat=109&ig_cache_key=Mzc2NTY2NDg0OTM5ODEyNTA4Mg%3D%3D.3-ccb7-5&ccb=7-5&_nc_sid=58cdad&efg=eyJ2ZW5jb2RlX3RhZyI6InhwaWRzLjY0MHgxMTM2LnNkci5DMyJ9&_nc_ohc=zq2oPQY5uWUQ7kNvwGl8AqF&_nc_oc=AdmRwSMn6vKCbEZbz1SyxoRMr9MpjLSd9fayQ53e384T0gbAc-Ho8shlPfwngfBzfTjO2RVtzOnawH9UCsphXrNW&_nc_ad=z-m&_nc_cid=0&_nc_zt=23&_nc_ht=scontent-lga3-2.cdninstagram.com&_nc_gid=RGyoHYuekrUu7avmJgMcKQ&oh=00_AfiTe2WmoeENllZDtg-T7rF9Px_rAdYx19NouBGtCiv34Q&oe=6930FF90;"“Sana dar gelmeyecek makberi kimler kazsın. Gömelim gel seni tarihe desem, sığmazsın.” 🇹🇷  Şanlı şehidimiz, yiğidimiz Hv. Uçk. Bkm. Asb. Üçvş. Burak İbbiği’yi Çorum Şehitliğimizdeki ebedî istirahatgâhına defnettik.  Vatan sana minnettar; ruhun şâd, mekanın cennet olsun kardeşim.";
https://www.instagram.com/p/DRB975LjBFO/;Reels;13072;112;240440;2025-11-14 12:01:34;https://scontent-lga3-1.cdninstagram.com/v/t51.71878-15/581737748_1376853350697737_1819023999282096988_n.jpg?stp=dst-jpg_e15_tt6&_nc_cat=102&ig_cache_key=Mzc2NTU2MzE2MDE0MTc2Mjg5NA%3D%3D.3-ccb7-5&ccb=7-5&_nc_sid=58cdad&efg=eyJ2ZW5jb2RlX3RhZyI6InhwaWRzLjY0MHgxMTM2LnNkci5DMyJ9&_nc_ohc=7EfKQwm4hToQ7kNvwEUbW2l&_nc_oc=AdllHUUbJ2W2sUYs3dpRNGJDK0EkhncMPnpdzMMKEgiKbWtGa77HV1lFsqJznQivCYWPnD_Llg4U28kjKCAvi-cl&_nc_ad=z-m&_nc_cid=0&_nc_zt=23&_nc_ht=scontent-lga3-1.cdninstagram.com&_nc_gid=RGyoHYuekrUu7avmJgMcKQ&oh=00_AfhOZeKR6Hqc82gM7e2vG0Oug9X0x8TSrkRGdIwc7uV_EA&oe=69310D4F;“Allah yolunda öldürülenler için “ölüler” demeyin. Hayır, onlar diridirler, fakat siz bilemezsiniz.” Bakara/154   Aziz şehitlerimizin mekanları cennet, makamları âlî olsun. #HayırlıCumalar   📍Çorum Şehitliği;
https://www.instagram.com/p/DRB7SMlDFq_/;Carousel;5615;59;0;2025-11-14 11:25:40;https://scontent-lga3-3.cdninstagram.com/v/t51.82787-15/581887383_18228791872307214_4205888162689044103_n.jpg?stp=dst-jpg_e35_tt6&_nc_cat=106&ig_cache_key=Mzc2NTU1MTQ4MTQ3OTgyMjcwMQ%3D%3D.3-ccb7-5&ccb=7-5&_nc_sid=58cdad&efg=eyJ2ZW5jb2RlX3RhZyI6InhwaWRzLjE0NDB4OTYwLnNkci5DMyJ9&_nc_ohc=QkpYwEX5OQIQ7kNvwFXGz7_&_nc_oc=AdnpOIb2_sRFNn5QlzUeByyZwsudmU23WvW1xVTwRbmnpg_XoGFH46rsvrvJVJz9xaWT4QBffsS10eGqmBcTlgiZ&_nc_ad=z-m&_nc_cid=0&_nc_zt=23&_nc_ht=scontent-lga3-3.cdninstagram.com&_nc_gid=RGyoHYuekrUu7avmJgMcKQ&oh=00_AfgTOPezyIgAfkZyWXglZY3epDLwae3-GcmhnMpbLu3g6Q&oe=69312E8B;Ey, bu topraklar için toprağa düşmüş asker! Gökten ecdâd inerek öpse o pak alnı değer… 🇹🇷  Şehitlerimiz Hv. Uçk. Bkm. Asb. Üçvş. Burak İbbiği ve Hv. Uçk. Bkm. Asb. Bçvş. Hamdi Armağan Kaplan’ın mübarek naaşlarını dualarla Merzifon Havaalanı’nda karşıladık.  Şehadetleri kabul, mekanları cennet, makamları âlî olsun.;
https://www.instagram.com/p/DRAjZzjjCsI/;Photo;3797;63;0;2025-11-13 22:37:45;https://scontent-lga3-2.cdninstagram.com/v/t51.82787-15/581378397_18432967411103950_8186467969070132150_n.jpg?stp=dst-jpg_e35_tt6&_nc_cat=109&ig_cache_key=Mzc2NTE2NDk5MzQ1Mzc2MzMzNg%3D%3D.3-ccb7-5&ccb=7-5&_nc_sid=58cdad&efg=eyJ2ZW5jb2RlX3RhZyI6InhwaWRzLjE0NDB4MTgwMC5zZHIuQzMifQ%3D%3D&_nc_ohc=UIn7W-MuS54Q7kNvwH7XPwa&_nc_oc=AdlUAIpfEaLFjXa5rrQfOFdAho5xqaEtlqzRXAEd0ziVbMDPymIpaYizzQ47KP2dSzOpVEALV4qSiDCD5mwhdnah&_nc_ad=z-m&_nc_cid=0&_nc_zt=23&_nc_ht=scontent-lga3-2.cdninstagram.com&_nc_gid=RGyoHYuekrUu7avmJgMcKQ&oh=00_Afijbyg90akK8WTDxcJUYU91QLOu291F3YGVLegfgvbEFQ&oe=6930FE9E;🇹🇷 Şehidimizi Uğurluyoruz 🇹🇷  Gürcistan-Azerbaycan sınırında meydana gelen uçak kazasında şehit olan hemşehrimiz Hv. Uçk. Bkm. Asb. Üçvş. Burak İBBİĞİ’nin cenazesi, 14 Kasım 2025 Cuma günü cuma namazına müteakip Akşemseddin Camii’nde kılınacak cenaze namazının ardından Çorum Şehitliği’nde defnedilecektir.  Şehidimize Allah’tan rahmet, ailesine ve milletimize başsağlığı diliyoruz.;
https://www.instagram.com/p/DQ_z89cDBlU/;Reels;1606;14;135384;2025-11-13 15:45:43;https://scontent-lga3-1.cdninstagram.com/v/t51.71878-15/582593666_1741641043197884_9128651603817996596_n.jpg?stp=dst-jpg_e15_tt6&_nc_cat=102&ig_cache_key=Mzc2NDk1NjMwMzAxNDUwMDY5Mg%3D%3D.3-ccb7-5&ccb=7-5&_nc_sid=58cdad&efg=eyJ2ZW5jb2RlX3RhZyI6InhwaWRzLjY0MHgxMTM2LnNkci5DMyJ9&_nc_ohc=GzBtM18vcl8Q7kNvwGtoDel&_nc_oc=AdlXozaOUvcveZ4XnTMbk73c-iq1AVWTcKcqk4CQ7-2J-ohhmZaggfD7iKCoLtf6EOxjRFvw8WBedrRoGaEPZ2Bi&_nc_ad=z-m&_nc_cid=0&_nc_zt=23&_nc_ht=scontent-lga3-1.cdninstagram.com&_nc_gid=RGyoHYuekrUu7avmJgMcKQ&oh=00_AfhwlmWkYKZpDIiYkccDvUdLPGQGl4d2r9n-qj56jfMc0Q&oe=6931120E;Çorum susuz kalmasın diye dereleri tepeleri aşıyoruz 💦  Şehrimizin su ihtiyacını karşılamak için yeni kuyular açıp yeni kaynaklar bularak çözüm üretiyor, şehrimizi susuz bırakmıyoruz. #ÇorumİçinAşkla  📍Cin Deresi Mevkii ➡️ Bahabey İçme Suyu Arıtma Tesisi;
https://www.instagram.com/p/DQ97iuwjHZ1/;Carousel;5621;62;0;2025-11-12 22:10:58;https://scontent.cdninstagram.com/v/t51.82787-15/582229283_18228657199307214_7529959861699711478_n.jpg?stp=dst-jpg_e35_tt6&_nc_cat=102&ig_cache_key=Mzc2NDQyNjcyMzI3MDg1OTAzMw%3D%3D.3-ccb7-5&ccb=7-5&_nc_sid=58cdad&efg=eyJ2ZW5jb2RlX3RhZyI6InhwaWRzLjE0NDB4MTA4MC5zZHIuQzMifQ%3D%3D&_nc_ohc=e7pdXAFxeMEQ7kNvwH21Wd3&_nc_oc=AdncYtHh9bKQd-vCMROFvRX-wiQ0f1ZazFgtvIhGsH332fmscAUESJrkFOHjyqJt7lc&_nc_ad=z-m&_nc_cid=0&_nc_zt=23&_nc_ht=scontent.cdninstagram.com&_nc_gid=zeY2hbsm4Mj8ehA72l0C5w&oh=00_AfgaIFWr9vezuHlsyqO_e2FI4pcKq70G7WbrgPc7MjyKcA&oe=69311618;Kahraman şehidimiz Hv. Uçk. Bkm. Asb. Üçvş. Burak İbbiği’nin Yaydiğin Köyü’nde yaşayan kederli ailesini ziyaret ederek başsağlığı dileklerimizi ilettik.  Burak İbbiği ve tüm yiğitlerimize Rabb’imden rahmet, kıymetli ailelerine sabır, aziz milletimize başsağlığı diliyorum. 🇹🇷;
https://www.instagram.com/p/DQ7iyMoDGLx/;Photo;3388;54;0;2025-11-11 23:56:09;https://scontent.cdninstagram.com/v/t51.82787-15/580697663_18431466412103950_5372262052986465289_n.jpg?stp=dst-jpg_e35_tt6&_nc_cat=107&ig_cache_key=Mzc2Mzc1NDg5NjcxMDE5ODAwMQ%3D%3D.3-ccb7-5&ccb=7-5&_nc_sid=58cdad&efg=eyJ2ZW5jb2RlX3RhZyI6InhwaWRzLjEzNTB4MTY4Ny5zZHIuQzMifQ%3D%3D&_nc_ohc=wQHTOl4J2EQQ7kNvwEnINe2&_nc_oc=AdmIv09SPT_CbEzb1reg6I0Hsek0kJa6L_p0uzg4JTRvVZagdeFmnPUg4KXohvk9_cs&_nc_ad=z-m&_nc_cid=0&_nc_zt=23&_nc_ht=scontent.cdninstagram.com&_nc_gid=zeY2hbsm4Mj8ehA72l0C5w&oh=00_AfjmS0yi4s0nFZ3ofBvP2EhManoSAdoKdo2WQ1zIiDq8uw&oe=693126DC;🇹🇷 MİLLETİMİZİN BAŞI SAĞ OLSUN  C130 tipi askeri kargo uçağımızın Gürcistan bölgesinde düşmesi sonucu, Çorumlu hemşehrimiz Hava Uçak Bakım Astsubay Üstçavuş Burak İbbiği ve silah arkadaşları şehit olmuştur.  Şehitlerimize Allah’tan rahmet, kederli ailelerine, yakınlarına, Türk Silahlı Kuvvetlerimize ve aziz milletimize başsağlığı diliyoruz.;
https://www.instagram.com/p/DQ6d0etDDIK/;Reels;835;13;118429;2025-11-11 13:55:19;https://scontent.cdninstagram.com/v/t51.71878-15/582079166_1125773266395755_473401619516371884_n.jpg?stp=dst-jpg_e15_tt6&_nc_cat=111&ig_cache_key=Mzc2MzQ1MTU4ODM1MTExMTY5MA%3D%3D.3-ccb7-5&ccb=7-5&_nc_sid=58cdad&efg=eyJ2ZW5jb2RlX3RhZyI6InhwaWRzLjY0MHgxMTM2LnNkci5DMyJ9&_nc_ohc=sjQAOAazwb8Q7kNvwFtz_pE&_nc_oc=Adm_FiYGojXILmRfGm0nZLTVYNrpXAWysrrmQoO-BdB757y3qguERIumfwYk5a3za98&_nc_ad=z-m&_nc_cid=0&_nc_zt=23&_nc_ht=scontent.cdninstagram.com&_nc_gid=zeY2hbsm4Mj8ehA72l0C5w&oh=00_Afirl1TjaHO5SsP6ocsfc-mcRyV_YWdQL93TA2i7kOt-Og&oe=69312468;"41 projemiz arasında yer alan “Karbon Yutak Alanları” çalışmalarının ilk adımını bugün Nadık Kent Ormanı’nda attık.  63.000 m²’lik alanda başlattığımız yeşil dönüşümde, Milli Ağaçlandırma Günü’nün anlamına yakışır şekilde 1️⃣0️⃣1️⃣9️⃣ fidanı toprakla buluşturduk. Projemiz tamamlandığında bu sayı 3 bin fidana ulaşacak.  Şehrimizin nefesini artıracak bu büyük adımda; yürüyüş yolları, spor alanları, piknik noktaları ve üç ayrı etkinlik alanıyla bölgeyi sosyal yaşam merkezine dönüştürüyoruz.  Gelecek nesillere daha yeşil bir Çorum bırakmak için aşkla çalışıyoruz.  📍Nadık Kent Ormanı (Karbon Yutak Alanı)  #ÇorumİçinAşkla #MilliAğaçlandırmaGünü";
https://www.instagram.com/p/DQ4d-PljMsI/;Reels;24480;795;1593328;2025-11-10 19:19:43;https://scontent.cdninstagram.com/v/t51.71878-15/581229057_1348207883717549_2460305134822006203_n.jpg?stp=dst-jpg_e15_tt6&_nc_cat=102&ig_cache_key=Mzc2Mjg4OTMwOTM2MDU0MDQyNA%3D%3D.3-ccb7-5&ccb=7-5&_nc_sid=58cdad&efg=eyJ2ZW5jb2RlX3RhZyI6InhwaWRzLjY0MHgxMTM2LnNkci5DMyJ9&_nc_ohc=Pdd8LUUkdKEQ7kNvwEQwHq6&_nc_oc=AdmwCUDcEZvUHTEmodsnbmZFqmw7a9_T9a8kvkBcg2IHGd7XTEtvcPRQ0_WercXfNP4&_nc_ad=z-m&_nc_cid=0&_nc_zt=23&_nc_ht=scontent.cdninstagram.com&_nc_gid=zeY2hbsm4Mj8ehA72l0C5w&oh=00_AfhacpLZA-TcCAth70JX5FqtHswI0uifdwGIP3WlFcsncQ&oe=693108B5;Şehrin tam merkezinde 2️⃣1️⃣1️⃣ araçlık devasa bir otopark…  İyi ki yaptık. 😉🚘 #ÇorumİçinAşkla   📍Bedesten Katlı Otopark 🅿️;
https://www.instagram.com/p/DQ3oKkdDLr3/;Reels;2338;47;87473;2025-11-10 11:26:59;https://scontent.cdninstagram.com/v/t51.71878-15/580685384_2985199141664252_294837491671128087_n.jpg?stp=dst-jpg_e15_tt6&_nc_cat=104&ig_cache_key=Mzc2MjY1MjY2MTg4ODYyOTQ5NQ%3D%3D.3-ccb7-5&ccb=7-5&_nc_sid=58cdad&efg=eyJ2ZW5jb2RlX3RhZyI6InhwaWRzLjY0MHgxMTM2LnNkci5DMyJ9&_nc_ohc=qn3aZy7_rcsQ7kNvwGrMgNs&_nc_oc=AdkDDoQfRG8Dn9eE7mJrsyope34xyI0bouqHhT_0XgXzEjGDxkZjziKUDxW01iLfpXM&_nc_ad=z-m&_nc_cid=0&_nc_zt=23&_nc_ht=scontent.cdninstagram.com&_nc_gid=zeY2hbsm4Mj8ehA72l0C5w&oh=00_AfjGsX59t0x0Ohk3i09BxwZtFmkSP9SWjDXiWR_BtMXaJg&oe=6931099F;09.05.. #10Kasım193∞;
https://www.instagram.com/p/DQ2XieWDPVP/;Photo;1248;39;0;2025-11-09 23:41:40;https://scontent.cdninstagram.com/v/t51.82787-15/574215581_18228385957307214_7160315836338517024_n.jpg?stp=dst-jpg_e35_tt6&_nc_cat=105&ig_cache_key=Mzc2MjI5ODA2MjgyODc5NTIxNQ%3D%3D.3-ccb7-5&ccb=7-5&_nc_sid=58cdad&efg=eyJ2ZW5jb2RlX3RhZyI6InhwaWRzLjE0NDB4MTkyMC5zZHIuQzMifQ%3D%3D&_nc_ohc=SB45-jqCM6cQ7kNvwHxpdkt&_nc_oc=Admb2k0pao1MkLq3may-CrqFugk_8cRJqO0SaNod60hAInx2QI7-dcxmSfpYsl3PcUk&_nc_ad=z-m&_nc_cid=0&_nc_zt=23&_nc_ht=scontent.cdninstagram.com&_nc_gid=zeY2hbsm4Mj8ehA72l0C5w&oh=00_Afi95dxFw6tjvrzkubl_qaqS35DQ8KcS8s3sbVgRpm2DAA&oe=69311823;Cumhuriyetimizin kurucusu Gazi Mustafa Kemal Atatürk’ü, ebediyete irtihalinin 87. yıl dönümünde rahmet, minnet ve saygıyla anıyorum.  Onun gösterdiği “muasır medeniyet seviyesine ulaşmak ve onu geçmek” hedefine emin adımlarla ilerliyoruz.  #10Kasım;
https://www.instagram.com/p/DQ2Hyn2DJBp/;Carousel;2396;11;0;2025-11-09 21:24:04;https://scontent.cdninstagram.com/v/t51.82787-15/576478945_18228376936307214_7484712024618219663_n.jpg?stp=dst-jpg_e35_tt6&_nc_cat=104&ig_cache_key=Mzc2MjIyODc5Mjk0MTkzMTk3OA%3D%3D.3-ccb7-5&ccb=7-5&_nc_sid=58cdad&efg=eyJ2ZW5jb2RlX3RhZyI6InhwaWRzLjE0NDB4MTA4MC5zZHIuQzMifQ%3D%3D&_nc_ohc=klajLFFR7IUQ7kNvwGpxDUX&_nc_oc=AdkQyTAORkIC_caxei7PtBkDJCCUPgrACigmcXOK33tLRwZxIxb5UYfVoKXs9hS9Xrg&_nc_ad=z-m&_nc_cid=0&_nc_zt=23&_nc_ht=scontent.cdninstagram.com&_nc_gid=zeY2hbsm4Mj8ehA72l0C5w&oh=00_Afj_vHcvdhRx-GrSn2cNEERwkEO7D5Qb0hOEvc_gNw4P9w&oe=6931029C;Iğdır FK karşısında aldığı 3-1’lik galibiyet dolayısıyla #ArcaÇorumFK’mizi yürekten, gönülden tebrik ediyorum. 👏⚽️  Tebrikler, teşekkürler #BizimÇocuklar ❤️🖤  #ÇorumİçinAşkla #ÇFKvIFK;
https://www.instagram.com/p/DQ1h0UUDDGq/;Reels;21061;292;494331;2025-11-09 15:55:42;https://scontent.cdninstagram.com/v/t51.82787-15/575740066_18228347269307214_3676440297923066941_n.jpg?stp=dst-jpg_e15_tt6&_nc_cat=106&ig_cache_key=Mzc2MjA2MTc5NDQ5Njc1NDA5MDE4MjI4MzQ3MjYzMzA3MjE0.3-ccb7-5&ccb=7-5&_nc_sid=58cdad&efg=eyJ2ZW5jb2RlX3RhZyI6InhwaWRzLjcyMHgxMjgwLnNkci5DMyJ9&_nc_ohc=X6UTgZDs5xIQ7kNvwGNMfj-&_nc_oc=AdmwJ9aJ_GVdi-dDbzfOlPyJHwe90ipnjMy90Y44liYy4vy1mz5RCg-MSHdhzteB-lY&_nc_ad=z-m&_nc_cid=0&_nc_zt=23&_nc_ht=scontent.cdninstagram.com&_nc_gid=zeY2hbsm4Mj8ehA72l0C5w&oh=00_AfiE8W-syV6bLU5ypTZm7EshpWO37vfM2Nc12L9kQGPUFw&oe=693107B9;Bir “tanışma” meselesi. ☺️🤭  #MutluPazarlar #Haftasonu #Pazar #ÇorumİçinAşkla;
https://www.instagram.com/p/DQ1OTocjJa_/;Reels;2636;33;131306;2025-11-09 13:02:29;https://scontent.cdninstagram.com/v/t51.71878-15/579376350_2670902319950302_5232646668322327585_n.jpg?stp=dst-jpg_e15_tt6&_nc_cat=107&ig_cache_key=Mzc2MTk3NTk4NTQ4Nzc3OTUxOQ%3D%3D.3-ccb7-5&ccb=7-5&_nc_sid=58cdad&efg=eyJ2ZW5jb2RlX3RhZyI6InhwaWRzLjY0MHgxMTM2LnNkci5DMyJ9&_nc_ohc=t0SxoJHv-TcQ7kNvwH7zN96&_nc_oc=Adnr7qu__nY2og83aD_DhUcecByU3aBZEfMyNIsIxqhMFO2oIwf-5orlEgihcgRs_DI&_nc_ad=z-m&_nc_cid=0&_nc_zt=23&_nc_ht=scontent.cdninstagram.com&_nc_gid=zeY2hbsm4Mj8ehA72l0C5w&oh=00_Afg8MX19fxCUuNgoykQ8HvqttdzvSJqzhmOQGkVudP2-pw&oe=69311CE8;Mutlu Pazarlar 🫶;
https://www.instagram.com/p/DQzeWjfjMJv/;Reels;954;6;88812;2025-11-08 20:45:35;https://scontent.cdninstagram.com/v/t51.71878-15/575610941_673110762315025_2032828044256462235_n.jpg?stp=dst-jpg_e15_tt6&_nc_cat=103&ig_cache_key=Mzc2MTQ4MzYwNTExODU5OTc5MQ%3D%3D.3-ccb7-5&ccb=7-5&_nc_sid=58cdad&efg=eyJ2ZW5jb2RlX3RhZyI6InhwaWRzLjY0MHgxMTM2LnNkci5DMyJ9&_nc_ohc=rO57IspIcbAQ7kNvwGKlPFp&_nc_oc=Adm_EG_oobWRJaSUO55iXXC7jDkY2yHWxQvMd09nEqRvNuD-fedUpWB8Ue86Fccp4ZI&_nc_ad=z-m&_nc_cid=0&_nc_zt=23&_nc_ht=scontent.cdninstagram.com&_nc_gid=zeY2hbsm4Mj8ehA72l0C5w&oh=00_AfgN-j6p5a5k9gn39HWmmpd23QyL1wfAneBZSlSrIB5eJA&oe=6930F75C;#SporŞehriÇorum’umuz şampiyonalara ev sahipliği yapmaya devam ediyor. 🏆🏇   Çorum Anatolia Atlı Spor Kulübü ve Türkiye Binicilik Federasyonu’nca organize edilen Atlı Dayanıklılık Türkiye Şampiyonası’nda dereceye giren sporcularımıza ödüllerini, Çorum Valimiz Ali Çalgan ile beraber takdim ettik.   Türkiye’nin dört bir yanından, 2025 yılının en prestijli dayanıklılık organizasyonuna katılım gösteren binicilerimizi ve takımlarını gönülden kutluyorum.  #ÇorumİçinAşkla;
https://www.instagram.com/p/DQzJcXBjBRQ/;Reels;3576;46;155189;2025-11-08 17:43:39;https://scontent.cdninstagram.com/v/t51.71878-15/573921617_1316318349811253_5233794820706230136_n.jpg?stp=dst-jpg_e15_tt6&_nc_cat=107&ig_cache_key=Mzc2MTM5MTY0NTA3MDQ2NDA4MA%3D%3D.3-ccb7-5&ccb=7-5&_nc_sid=58cdad&efg=eyJ2ZW5jb2RlX3RhZyI6InhwaWRzLjY0MHgxMTM2LnNkci5DMyJ9&_nc_ohc=aDJfGJSQn8MQ7kNvwGUZ8wy&_nc_oc=AdmVTJ0Lv3fHBM4DsEBZ-xWJYVUbk_pQS5eqNWUSed7vWnEt9QBcKPwRkFNN_4Zxx3s&_nc_ad=z-m&_nc_cid=0&_nc_zt=23&_nc_ht=scontent.cdninstagram.com&_nc_gid=zeY2hbsm4Mj8ehA72l0C5w&oh=00_AfgO4QFOA6k8W88zw6ah78B4M-zcIaobuLYNZpBeePsP4Q&oe=69312C9B;Yaradana çok şükür, goç gibi Çorum’luyuz 😉😎  📍Eskisaray 2. Sokak / Yeniyol Mahallesi Tretuvar Çalışması 🧱;
https://www.instagram.com/p/DQwt5VKDBSY/;Reels;826;7;100388;2025-11-07 19:02:29;https://scontent.cdninstagram.com/v/t51.71878-15/575222692_2350881158705280_7023097037046121170_n.jpg?stp=dst-jpg_e15_tt6&_nc_cat=109&ig_cache_key=Mzc2MDcwNzU0MDY3NDY3OTk2MA%3D%3D.3-ccb7-5&ccb=7-5&_nc_sid=58cdad&efg=eyJ2ZW5jb2RlX3RhZyI6InhwaWRzLjY0MHgxMTM2LnNkci5DMyJ9&_nc_ohc=GCsCuJ3KDQcQ7kNvwHxEWxa&_nc_oc=AdnX2hQ3gp7mKJXTmJv2svhy7osmc37EmhYHplWwJNUVG0o4S33D-jznzr1fW7L-hcY&_nc_ad=z-m&_nc_cid=0&_nc_zt=23&_nc_ht=scontent.cdninstagram.com&_nc_gid=zeY2hbsm4Mj8ehA72l0C5w&oh=00_Afje--R05hpTUmPLl4dnlTTlhvi52z9BbNWjOqdKBJwaEQ&oe=69311063;Şehrimizin her noktasında.. #ÇorumİçinAşkla 🫶;
https://www.instagram.com/p/DQwjxMHjG_u/;Reels;2355;35;75984;2025-11-07 18:34:02;https://scontent-bos5-1.cdninstagram.com/v/t51.82787-15/574349054_18227855737307214_9086056997489328528_n.jpg?stp=dst-jpg_e15_tt6&_nc_cat=103&ig_cache_key=Mzc2MDY2MzAwMDc0ODE1ODk1ODE4MjI3ODU1NzMxMzA3MjE0.3-ccb7-5&ccb=7-5&_nc_sid=58cdad&efg=eyJ2ZW5jb2RlX3RhZyI6InhwaWRzLjU0MHg5NjAuc2RyLkMzIn0%3D&_nc_ohc=aZrrTgyuGPgQ7kNvwFxXrji&_nc_oc=AdlPweXpTejnU096kAt7r9mJeAIcAQQ-24G_6UKg0jI04oTg32XnzFkB4smi3lNncnc&_nc_ad=z-m&_nc_cid=0&_nc_zt=23&_nc_ht=scontent-bos5-1.cdninstagram.com&_nc_gid=wQPJdV4DiesetK3_olnG0A&oh=00_AfgeLKPJNNGwWGgRy_DRD1Vw2NFWMFw5QEAKxW_KkE6Wgw&oe=693124D9;Sende her mevsim, başka güzel 🍁🍂  Aşk ola... 🫶🏼 #Çorum ❤️🖤  #ÇorumİçinAşkla #Sonbahar;
https://www.instagram.com/p/DQwW9MgjCq5/;Reels;1744;17;136189;2025-11-07 15:42:24;https://scontent-bos5-1.cdninstagram.com/v/t51.82787-15/574859205_18227841544307214_5189890941545233654_n.jpg?stp=dst-jpg_e15_tt6&_nc_cat=109&ig_cache_key=Mzc2MDYwNjY1MTE5NjY0ODEyMTE4MjI3ODQxNTM4MzA3MjE0.3-ccb7-5&ccb=7-5&_nc_sid=58cdad&efg=eyJ2ZW5jb2RlX3RhZyI6InhwaWRzLjcyMHgxMjgwLnNkci5DMyJ9&_nc_ohc=Jam-ybqRj9kQ7kNvwFJqi0S&_nc_oc=AdnyypNAig7ygsShzL_giFbwHOW9n-d3qUgd9vK_Ez_3I7AQlURHDqMlXMPNg0UebPs&_nc_ad=z-m&_nc_cid=0&_nc_zt=23&_nc_ht=scontent-bos5-1.cdninstagram.com&_nc_gid=wQPJdV4DiesetK3_olnG0A&oh=00_AfhdRZ9sc7bP8sxOJUQU6QfE-X6yl5uoV3QVrdUGFoT0kg&oe=69310F9D;"Çorum'un pırlanta çocuklarına çok yakışacak 🫶🏼🧿💎  Seçim öncesi verdiğimiz sözlerden birini daha yerine getiriyor; 41 projemiz arasında yer alan gündüz bakımevlerimizin ilkini 19 Ocak'ta açıyoruz.  Şehrimize, anne-babalarımıza ve yavrularımıza hayırlı olsun 😊  #ÇorumİçinAşkla #Çorum";
https://www.instagram.com/p/DQuJkQFDB6X/;Reels;2324;41;93286;2025-11-06 19:59:53;https://scontent-bos5-1.cdninstagram.com/v/t51.82787-15/573471061_18227668450307214_8227336336940750384_n.jpg?stp=dst-jpg_e15_tt6&_nc_cat=107&ig_cache_key=Mzc1OTk4NDgxMjQ4NTI1NDgwNzE4MjI3NjY4NDQ0MzA3MjE0.3-ccb7-5&ccb=7-5&_nc_sid=58cdad&efg=eyJ2ZW5jb2RlX3RhZyI6InhwaWRzLjU0MHg5NjAuc2RyLkMzIn0%3D&_nc_ohc=pQs6D0IEkEcQ7kNvwEhO5q-&_nc_oc=Adklq6dawO-xH85EZdxubaveNzljhFRpeC7xKZlaqV0v3XXdk6xjLAmtF6GWnHwYRy0&_nc_ad=z-m&_nc_cid=0&_nc_zt=23&_nc_ht=scontent-bos5-1.cdninstagram.com&_nc_gid=wQPJdV4DiesetK3_olnG0A&oh=00_AfiRiagpFwVuo8iInKgBrCL0SUZClnzVQdxqwtzardBQSQ&oe=69312201;"Sevelim, sevilelim; dünya kimseye kalmaz...🫶🏼  Tüm büyüklerimizin ellerinden öpüyor, hepsine sağlıklı ve uzun ömürler; ebediyete göçenlerimize Mevla'dan rahmet diliyorum.   📍Çorum Belediyesi Emekliler Lokali Sosyal Tesisleri   #ÇorumİçinAşkla #Çorum";
https://www.instagram.com/p/DQrgXOKjGMX/;Reels;34134;438;748027;2025-11-05 18:40:50;https://scontent-bos5-1.cdninstagram.com/v/t51.82787-15/574648979_18227461162307214_1307591124211389294_n.jpg?stp=dst-jpg_e15_tt6&_nc_cat=101&ig_cache_key=Mzc1OTI0MDY0NzIxNjQ4OTIzOTE4MjI3NDYxMTU2MzA3MjE0.3-ccb7-5&ccb=7-5&_nc_sid=58cdad&efg=eyJ2ZW5jb2RlX3RhZyI6InhwaWRzLjU0MHg5NjAuc2RyLkMzIn0%3D&_nc_ohc=F_UonaWrlpIQ7kNvwFyqMSB&_nc_oc=AdntOWk45qJ5pllaqHPTGxiIEL6EIdmGEwRgFTBHtW-DlAgvztVmSDghqOb6AAz7Mn0&_nc_ad=z-m&_nc_cid=0&_nc_zt=23&_nc_ht=scontent-bos5-1.cdninstagram.com&_nc_gid=wQPJdV4DiesetK3_olnG0A&oh=00_AfhrTM8zbVUcje2vnz7M1vTt9lcMmnVl0Ry8UpgbCT98-Q&oe=6931051E;"Söz vermiştik, buluştuk 🫶🏼😉 Tantuni sürpriz oldu 🤭  Öğrenci evi, muhabbeti, sofrası ve anılar...   En özel devlet üniversitesi olan Hitit Üniversitesi'nde öğrenim gören kardeşlerime geçtiğimiz günlerde rastlamış ve daveti almıştık; buluşmak bugüne kısmetmiş. Değerli kardeşlerime bizlere gönül sofralarında yer verdikleri için yürekten teşekkür ediyor, çok başarılı ve mutlu bir ömür diliyorum.  #öğrencievi #Çorum";
https://www.instagram.com/p/DQqf8A-DDBm/;Reels;2501;37;150438;2025-11-05 09:19:50;https://scontent-bos5-1.cdninstagram.com/v/t51.82787-15/574370696_18227336896307214_2108183226266732778_n.jpg?stp=dst-jpg_e15_tt6&_nc_cat=106&ig_cache_key=Mzc1ODk1NzMwMjY0NTUzNDgyMjE4MjI3MzM2ODkzMzA3MjE0.3-ccb7-5&ccb=7-5&_nc_sid=58cdad&efg=eyJ2ZW5jb2RlX3RhZyI6InhwaWRzLjU0MHg5NjAuc2RyLkMzIn0%3D&_nc_ohc=aGRaY4dnf88Q7kNvwEm-442&_nc_oc=AdnYfbIfMOCp0kn_R5KWqd469ZNWfUKt9l5wUgBfKi2e3ph0lSLUqIN3bt05_W1a4xo&_nc_ad=z-m&_nc_cid=0&_nc_zt=23&_nc_ht=scontent-bos5-1.cdninstagram.com&_nc_gid=wQPJdV4DiesetK3_olnG0A&oh=00_AfiQTfBsIqXXzmv1Ne3NW4oHbse49nfTZRo3t_HJsiJ_sA&oe=69311D46;Çok güzel oluyorsun yine 🧿❤️🖤  Çorum Kalesi'nden Ulu Camii'ye uzanan Tarihi Kültür Yolu projemizde cephe sağlıklaştırma çalışmamız aralıksız sürüyor.  #ÇorumİçinAşkla #HayırlıSabahlar #Çorum;
https://www.instagram.com/p/DQpRuunDMrA/;Reels;6360;698;144260;2025-11-04 21:43:58;https://scontent-bos5-1.cdninstagram.com/v/t51.82787-15/573066846_18227122885307214_3209749079802057980_n.jpg?stp=dst-jpg_e15_tt6&_nc_cat=110&ig_cache_key=Mzc1ODYxMzM0MTk1MTI4MTg1NjE4MjI3MTIyODc5MzA3MjE0.3-ccb7-5&ccb=7-5&_nc_sid=58cdad&efg=eyJ2ZW5jb2RlX3RhZyI6InhwaWRzLjcyMHgxMjgwLnNkci5DMyJ9&_nc_ohc=QgVFrEcqA8oQ7kNvwFtV0Wc&_nc_oc=AdmbsLvKGYnrPPk3otiHyWvlqqWWCDb0mGsSXRwExRHzpsysFkfuyzw_bkvrp5jvuZY&_nc_ad=z-m&_nc_cid=0&_nc_zt=23&_nc_ht=scontent-bos5-1.cdninstagram.com&_nc_gid=wQPJdV4DiesetK3_olnG0A&oh=00_Afghx7kDoG4qmgfBhLZ3yRKMG5xzyN79XNYRfy1KDvILRQ&oe=69310545;"Yoğunluğumuzu anlamanızı beklemiyoruz, zira Neşet babanın da dediği gibi ""Sevdayı çeken bilir..."" 😉🫶🏻  Çorum Belediye Başkanı olarak parka da gitsek yakamızı bırakmayan bir pazar sorunu vardı ve son olayda da Mahzuni Şerif Parkı'mızda rastladığımız bir teyzemizin başına gelen olay üzerine pazara gitmiştik. Bu ziyaretler ve ilgimiz neticesinde pazar sorununu kökünden çözmeyi de artık başarıyoruz. Pazarlarımızda 1 Ocak'tan itibaren seçmek serbest olacak.  Çorum'a yaptıklarımızı, yapacaklarımızı, sevdamızı ve şehrimizin tanıtımını içeren paylaşımlarımız neden rahatsızlık verdi bilmesek de biz, bu şehrin her metrekaresine gece-gündüz hizmet edip bunu da paylaşmaya devam edeceğiz; şehrimizin gelişmişliği ve temizliğini tanıttığımız videolarımız belki çöpleriyle barışık olan malum belediyelere örnek de olur. Bizi izlemeye devam edin... Aşk ola...😉  #ÇorumİçinAşkla  📍Çorum Belediyesi Kasım Ayı Meclis Toplantısı";
https://www.instagram.com/p/DQpGGPLDGLp/;Reels;12134;596;340295;2025-11-04 20:00:24;https://scontent-bos5-1.cdninstagram.com/v/t51.82787-15/573593682_18227113945307214_5658393367272047665_n.jpg?stp=dst-jpg_e15_tt6&_nc_cat=104&ig_cache_key=Mzc1ODU2MjE4MDkwNDgwNTA5NzE4MjI3MTEzOTQyMzA3MjE0.3-ccb7-5&ccb=7-5&_nc_sid=58cdad&efg=eyJ2ZW5jb2RlX3RhZyI6InhwaWRzLjU0MHg5NjAuc2RyLkMzIn0%3D&_nc_ohc=HbJ1yBZgamYQ7kNvwHxG-V2&_nc_oc=AdkMXbkh-eRr7fNZdiGpPkmUgN7z83fdXByffVpfHbSGUqipkAd4fE8A4_TLQ4SA8zU&_nc_ad=z-m&_nc_cid=0&_nc_zt=23&_nc_ht=scontent-bos5-1.cdninstagram.com&_nc_gid=wQPJdV4DiesetK3_olnG0A&oh=00_Afi16g7AoXxccIkIeRxomhfneWP-1LPJ9u5jzJsSEktziA&oe=6931207B;"❤️1 Ocak'ta Pazarlar Çorumlunun İstediği Gibi Oluyor🖤  Belediye Meclisimizde Cumhur İttifakı, Cumhuriyet Halk Partisi ve Yeniden Refah Partisi gruplarının tamamının desteğiyle alacağımız kararla 1 Ocak'tan itibaren semt pazarlarımızdaki tüm tezgahlarda ""Seçerek Alışveriş""i serbest hale getiriyoruz.  Çorumlunun ve dürüst esnafımızın hakkı için oluşan bu birlik ve beraberlikten dolayı tüm meclis gruplarımıza ve üyelerimize sonsuz şükranlarımı sunuyorum.  Hemşehrilerimize ve Çorumluyu seven, koruyan, örnek esnafımıza hayırlı olsun.  📍Çorum Belediyesi Kasım Ayı Meclis Toplantısı   #ÇorumİçinAşkla";
https://www.instagram.com/p/DQn0-YXCPBM/;Reels;1210;24;118365;2025-11-04 08:10:43;https://scontent-bos5-1.cdninstagram.com/v/t51.82787-15/572478306_18227055466307214_7092151885667092683_n.jpg?stp=dst-jpg_e15_tt6&_nc_cat=100&ig_cache_key=Mzc1ODIwNTM5OTI0NjM2ODg0NDE4MjI3MDU1NDYwMzA3MjE0.3-ccb7-5&ccb=7-5&_nc_sid=58cdad&efg=eyJ2ZW5jb2RlX3RhZyI6InhwaWRzLjU0MHg5NjAuc2RyLkMzIn0%3D&_nc_ohc=ADytEeqMAY0Q7kNvwEOkiSZ&_nc_oc=AdlTpjhWKtSebsQIV2h-k-qQFq0IyWN9R1pM9Ll73txrowb0qkb1NStvW5iyLd4SP1w&_nc_ad=z-m&_nc_cid=0&_nc_zt=23&_nc_ht=scontent-bos5-1.cdninstagram.com&_nc_gid=wQPJdV4DiesetK3_olnG0A&oh=00_AfjRcUuObGQO3QiQvkqrWdXs2AAu5c0eRV5FYqJ8UkdbkA&oe=693106CD;Yeter ki Çorum gelişsin, biz gerekeni yaparız ❤️🖤  📍Akkent Mahallesi / Otonomi Galericiler Sitesi   #ÇorumİçinAşkla;
https://www.instagram.com/p/DQmWU0WDGFJ/;Reels;4833;77;170316;2025-11-03 18:28:41;https://scontent-bos5-1.cdninstagram.com/v/t51.71878-15/573047110_1229418085662881_3573620620187246421_n.jpg?stp=dst-jpg_e15_tt6&_nc_cat=109&ig_cache_key=Mzc1Nzc4OTEyNjcwNDUyMTU0NTcwODQwNDUyODM3NDE5MQ%3D%3D.3-ccb7-5&ccb=7-5&_nc_sid=58cdad&efg=eyJ2ZW5jb2RlX3RhZyI6InhwaWRzLjY0MHgxMTM2LnNkci5DMyJ9&_nc_ohc=Kjb2o5b1_2YQ7kNvwGtZQQg&_nc_oc=Adm0A6Ir-e7vb8y_CUEXkIq7-lMO-HaoCA___KcTrDosttWths36nw5n5b5CofRG_U4&_nc_ad=z-m&_nc_cid=0&_nc_zt=23&_nc_ht=scontent-bos5-1.cdninstagram.com&_nc_gid=wQPJdV4DiesetK3_olnG0A&oh=00_AfjNhjcsk5yLHd__qzjd8GoWX_yd9DVpss1R_I26loj5Fg&oe=6931049C;"Çorum'un Kadınları Başarır; Bunu Defalarca Gördük, Yanlarındayız.  Bizim Ora Kadın Kooperatifi tarafından Eskice köyümüzde ekilen safranın hasatına katıldık. Bu güzel projede emeği geçenlere teşekkür ediyorum.   Çalışkan ve maharetli kadınlarımızın çalışmalarını desteklemeye, Hanımeli Yöresel ve Kadın El Emeği Çarşısı projelerimizde olduğu gibi şimdi de Bedesten meydanında hayata geçireceğimiz ""Kadın El Emeği Pazarı"" projemizle onların yanında olmaya devam ediyoruz.  #ÇorumİçinAşkla #kadınelemeğipazarı #Keşkek #Safran";
https://www.instagram.com/p/DQjjkPNjFCz/;Reels;3717;75;120235;2025-11-02 16:23:05;https://scontent-bos5-1.cdninstagram.com/v/t51.71878-15/573814163_863885496062673_334615405731847496_n.jpg?stp=dst-jpg_e15_tt6&_nc_cat=103&ig_cache_key=Mzc1NzAwMjkzNjAxOTYwMzYzNQ%3D%3D.3-ccb7-5&ccb=7-5&_nc_sid=58cdad&efg=eyJ2ZW5jb2RlX3RhZyI6InhwaWRzLjY0MHgxMTM2LnNkci5DMyJ9&_nc_ohc=hYoWoBepefoQ7kNvwGJe_gp&_nc_oc=AdmdM68sKxNK8sq5n8X6lh_t1ddTbQtXiItUcZF2T056JYWQRSmGZGgmUzrxM02y7wU&_nc_ad=z-m&_nc_cid=0&_nc_zt=23&_nc_ht=scontent-bos5-1.cdninstagram.com&_nc_gid=wQPJdV4DiesetK3_olnG0A&oh=00_Afj3GWgVwSehw7t2oLCy15QsLanfDVbnNvLymJv8yZLUsg&oe=69312D17;“Çıkalım yaylaya inelim düze Himmet eylen yaran ahbaplar bize Bir selam göndersem gelir mi size Dostlar bizi safa ile gönderin…”  #PirSultanAbdal #ÇorumİçinAşkla;
https://www.instagram.com/p/DQhgbUljO98/;Photo;4811;43;0;2025-11-01 21:55:20;https://scontent-bos5-1.cdninstagram.com/v/t51.82787-15/574040020_18226751974307214_7299761253845397177_n.webp?_nc_cat=109&ig_cache_key=Mzc1NjQyNjE3OTIyMjc2MTM0MA%3D%3D.3-ccb7-5&ccb=7-5&_nc_sid=58cdad&efg=eyJ2ZW5jb2RlX3RhZyI6InhwaWRzLjEwODB4MTQ0MC5zZHIuQzIifQ%3D%3D&_nc_ohc=4OC7c9och_4Q7kNvwFLr-vi&_nc_oc=Adlv5q7fCb4QQR_r4IrEQc8YqZsMmLk_cACicaJ0X4RaCgVJwcQsSfa4gEyUD2SW46c&_nc_ad=z-m&_nc_cid=0&_nc_zt=23&_nc_ht=scontent-bos5-1.cdninstagram.com&_nc_gid=wQPJdV4DiesetK3_olnG0A&oh=00_Afjqf5e6r6yZKCUi1x72E_WZgrdGmY-T1dfRGI2wQffPaQ&oe=69312866;Tek hayalimiz, güzelliğin... ❤️🖤 Aşk ola...  #HayırlıGeceler #Çorum #ÇorumİçinAşkla;
https://www.instagram.com/p/DQhYOT7jIF0/;Reels;2392;29;123739;2025-11-01 20:19:45;https://scontent-bos5-1.cdninstagram.com/v/t51.71878-15/571967094_1190216376346814_508918148843905179_n.jpg?stp=dst-jpg_e15_tt6&_nc_cat=100&ig_cache_key=Mzc1NjM5MDEwMDc5MjgwMzcwMA%3D%3D.3-ccb7-5&ccb=7-5&_nc_sid=58cdad&efg=eyJ2ZW5jb2RlX3RhZyI6InhwaWRzLjY0MHgxMTM2LnNkci5DMyJ9&_nc_ohc=9lcVWj9kExQQ7kNvwH9tM48&_nc_oc=Adlu7Opni_RfMJ4Junh0zcCBK6-BP3HjN1CUCI0guajulmHFEzCsFrzlbMcigFJY-NY&_nc_ad=z-m&_nc_cid=0&_nc_zt=23&_nc_ht=scontent-bos5-1.cdninstagram.com&_nc_gid=wQPJdV4DiesetK3_olnG0A&oh=00_AfgZ_dM09wStYQGJKOo9-vSGPx6_9-s9gk38SHUCZSulsg&oe=69310F88;Çorum’un ve Çorumlunun güzelliği enerji verir. 😉😎 #ÇorumİçinAşkla   📌 Enerji Kentleri Birliği Heyeti;
https://www.instagram.com/p/DQgm9E4jPTX/;Reels;691;5;77637;2025-11-01 12:54:34;https://scontent-fra5-2.cdninstagram.com/v/t51.71878-15/572157104_1218766113404749_8067418350242239486_n.jpg?stp=dst-jpg_e15_tt6&_nc_cat=107&ig_cache_key=Mzc1NjE3MzQxMjEyNjIyNTYyMw%3D%3D.3-ccb7-5&ccb=7-5&_nc_sid=58cdad&efg=eyJ2ZW5jb2RlX3RhZyI6InhwaWRzLjY0MHgxMTM2LnNkci5DMyJ9&_nc_ohc=NaFZwiPdVpQQ7kNvwHwGPYa&_nc_oc=AdkLx-DYfH7qmSz-pVChiBQNbLLW9kWijduoeErjUN2CXrDYVDt6JGpCWwPZOqNaiin4FVwjvEiOuKeuA8d8rCKP&_nc_ad=z-m&_nc_cid=0&_nc_zt=23&_nc_ht=scontent-fra5-2.cdninstagram.com&_nc_gid=c22O-M-I3Su8WEGFWGXcew&oh=00_AfjU9YNYPwaEu6bV42taDvZEHdnZelIdI6MCuyRf1_N-tA&oe=69312E9D;Yenilenebilir enerji kaynaklarının çevreye duyarlı ve en verimli şekilde yerel ve ulusal kalkınmaya katkısını amaçlayan Enerji Kentleri Birliği’mizin 2025 yılı ekim ayı olağan meclis toplantısına ev sahipliği yaptık.  Birlik Başkanımız-Erzurum Büyükşehir Belediye Başkanımız Mehmet Sekmen ve ülkemizin dört bir yanından şehrimize gelen belediye başkanlarımıza teşekkür ediyor, toplantımızın ve alınan kararların şehirlerimiz için hayırlara vesile olmasını diliyorum.  #YenilenebilirEnerji #EnerjiKentleriBirliği;
https://www.instagram.com/p/DQgKlX0jEkc/;Reels;7089;60;353685;2025-11-01 08:45:30;https://scontent-fra3-2.cdninstagram.com/v/t51.82787-15/573300491_18226757185307214_1854010410889787673_n.jpg?stp=dst-jpg_e15_tt6&_nc_cat=104&ig_cache_key=Mzc1NjA0ODYzNzg5MDQxNDg3NjE4MjI2NzU3MTgyMzA3MjE0.3-ccb7-5&ccb=7-5&_nc_sid=58cdad&efg=eyJ2ZW5jb2RlX3RhZyI6InhwaWRzLjU0MHg5NjAuc2RyLkMzIn0%3D&_nc_ohc=S5sUsUsi1z4Q7kNvwE7gVz0&_nc_oc=Adm2SvSgH69QL57BRMM3zt9MIqlbuotEWNUwBC418A7BEBKEH309ZXaHKX8GDEstsCwAzVlL77Hy33g0Pi8lB2Ek&_nc_ad=z-m&_nc_cid=0&_nc_zt=23&_nc_ht=scontent-fra3-2.cdninstagram.com&_nc_gid=c22O-M-I3Su8WEGFWGXcew&oh=00_AfhvLNNQy-dYcaaUTtGSXyQwMTmcjICq6xvDwKUMcX5NIQ&oe=6930FD81;Kimse görmeden, dersi bölmeden... Kaçamadık 😉🫶🏼  Çok mutlu bir #haftasonu geçirmeniz dileğiyle 🥰  📍Gazi Paşa Ortaokulu ❤️🧿  #HayırlıSabahlar #Çorum #ÇorumİçinAşkla;
https://www.instagram.com/p/DQenfRujNKb/;Reels;3339;32;111408;2025-10-31 18:25:16;https://scontent-fra5-2.cdninstagram.com/v/t51.82787-15/571862231_18226725007307214_7689477473280906986_n.jpg?stp=dst-jpg_e15_tt6&_nc_cat=107&ig_cache_key=Mzc1NTYxMjgxMjQyNTg3NjEyMzE4MjI2NzI1MDAxMzA3MjE0.3-ccb7-5&ccb=7-5&_nc_sid=58cdad&efg=eyJ2ZW5jb2RlX3RhZyI6InhwaWRzLjU0MHg5NjAuc2RyLkMzIn0%3D&_nc_ohc=mFJ0tq-cBHkQ7kNvwFKBQeX&_nc_oc=AdntWqIS_gONlSi14vVcskGg5Bi6Qt1axb7FJhsw1uuLtGSTJ0aMB9UktZq1eCromoFlvBmwUygatrOig8VfB8CC&_nc_ad=z-m&_nc_cid=0&_nc_zt=23&_nc_ht=scontent-fra5-2.cdninstagram.com&_nc_gid=c22O-M-I3Su8WEGFWGXcew&oh=00_AfhL1uGdVx4mpPTEcJiip6HWbrdjTBzDs9UAuyRFV4bIHQ&oe=69312055;Esnafımız istedi, biz yaptık 🫶🏼  Çorum'da tekstil denince akla ilk gelen yerlerden olan Dr. Pertevbey Sokak, artık çok daha güzel.  Güzeller güzeline bu güzellik de hayırlı olsun ❤️🖤🧿  #ÇorumİçinAşkla;
https://www.instagram.com/p/DQdgI-gDIdA/;Reels;7901;84;317407;2025-10-31 07:55:12;https://scontent-fra3-1.cdninstagram.com/v/t51.82787-15/573175464_18226664215307214_2501985853144815178_n.jpg?stp=dst-jpg_e15_tt6&_nc_cat=108&ig_cache_key=Mzc1NTI5OTAxODY1MDcxNTk2ODE4MjI2NjY0MjA5MzA3MjE0.3-ccb7-5&ccb=7-5&_nc_sid=58cdad&efg=eyJ2ZW5jb2RlX3RhZyI6InhwaWRzLjU0MHg5NjAuc2RyLkMyIn0%3D&_nc_ohc=J5jhWfA-zhYQ7kNvwG20-nr&_nc_oc=Adlsgz8GX-RtEyKfGB5WTWgHOwhTPS7vymoTDR-Jr61ju6fm5HdPDRNDPlNzF_NAaewFMIIxyLWcFb-Cd23tU4bA&_nc_ad=z-m&_nc_cid=0&_nc_zt=23&_nc_ht=scontent-fra3-1.cdninstagram.com&_nc_gid=c22O-M-I3Su8WEGFWGXcew&oh=00_AfhYTTviANDumLqIeFwVaU8EXtwXMQWXmbcRGCv7czo25g&oe=6931124F;Bedesten, her yönüyle bambaşka geliyor 😉🧿❤️🖤  #ÇorumİçinAşkla #HayırlıSabahlar #HayırlıCumalar #Çorum;
https://www.instagram.com/p/DQca5mlDMW1/;Reels;15338;144;342529;2025-10-30 22:28:44;https://scontent-fra3-1.cdninstagram.com/v/t51.82787-15/573693528_18226649503307214_1219293528849580004_n.jpg?stp=dst-jpg_e15_tt6&_nc_cat=108&ig_cache_key=Mzc1NDk5NDQ5Njk2MzM5NzA0NQ%3D%3D.3-ccb7-5&ccb=7-5&_nc_sid=58cdad&efg=eyJ2ZW5jb2RlX3RhZyI6InhwaWRzLjU0MHg5NjAuc2RyLkMzIn0%3D&_nc_ohc=yCU8unjYlEwQ7kNvwEvXIDM&_nc_oc=AdkV7yCRZibBadOlesBvMCeE2Cb0Ik0YeXuUDBmH_Ml1RQCmnS-ifDoRkGJDLF-bXXTZGgSyWzIHurTzm3n9666Y&_nc_ad=z-m&_nc_cid=0&_nc_zt=23&_nc_ht=scontent-fra3-1.cdninstagram.com&_nc_gid=c22O-M-I3Su8WEGFWGXcew&oh=00_AfjtIUaBYkJoTVeUsS-mVMf9lSpyrqBF_EggwLG6dU87AQ&oe=69311ED1;Pelin Çift ile Güzel Ötesi Çorum ❤️🖤  Kitap Kültür Günleri çerçevesinde değerli gazeteci, tv programcısı ve yazar @pelincift, güzel şehrimizde konuğumuzdu. Değerli konuğumuza teşekkür ediyorum.   #ÇorumİçinAşkla #PelinÇift #gündemötesi #Çorum;
