﻿PostLink;PostTürü;BeğeniSayısı;YorumSayısı;Görüntülenme Sayısı;Tarih;DisplayPhoto;Caption;Takipçi
https://www.instagram.com/p/DRmOUapDI-y/;Reels;2352;52;40496;2025-11-28 13:45:42;https://scontent-fra3-2.cdninstagram.com/v/t51.71878-15/587632737_1534384134458948_4230358012226316850_n.jpg?stp=dst-jpg_e15_tt6&_nc_cat=104&ig_cache_key=Mzc3NTc2ODMxMzI0MzQwNjI1OA%3D%3D.3-ccb7-5&ccb=7-5&_nc_sid=58cdad&efg=eyJ2ZW5jb2RlX3RhZyI6InhwaWRzLjY0MHgzNjAuc2RyLkMzIn0%3D&_nc_ohc=ItjEoKsP5D0Q7kNvwFdI1n2&_nc_oc=AdklDHcc025R21zsuZjLgCDed5KPNPmR1D0gkm0ZsS3meHyuJGPOSqY7EbpCRJuMfckMq9cAHbWqhJ02-tRJ07qY&_nc_ad=z-m&_nc_cid=0&_nc_zt=23&_nc_ht=scontent-fra3-2.cdninstagram.com&_nc_gid=sj6zRLug-1EsoPlKnt-oZg&oh=00_AfjsqCJ78PNDXg01-19VYJKgqwH3xAXw0IpcECUelkSwlg&oe=69310E02;"Ağrı’nın kalbine yeni bir nefes, yeni bir buluşma alanı kazandırmanın gururunu yaşıyoruz. Açılışını gerçekleştirdiğimiz kent meydanımıza, halkımızın hafızasında ve yüreğinde özel bir yere sahip olan Dengbej Şakıro’nun adını verdik.  Dengbej Şakıro, sadece bir sanatçı değil; sesinde halkımızın acısını, sevincini, direncini ve umutlarını taşıyan yaşayan bir tarihti. Onun sesi, bu coğrafyanın rüzgârına karışmış bir hafıza; türküleriyse bizi birbirimize bağlayan güçlü bir köprüydü.  Bu meydanı açarken, Şakıro’nun sesini geleceğe taşımayı, onun mirasını yaşatmayı, gençlerimize ilham olmasını amaçladık. Meydanımızda her adımda onun izini, halkımızın kültürünü ve ortak değerlerini hatırlayacağız.  Bu eserin ortaya çıkmasında emeği geçen herkese, halkımıza ve buraya ruhunu veren bütün güzel insanlara en içten teşekkürlerimi sunuyorum. Ağrı, geçmişiyle gurur duyan ve geleceğini birlikte inşa eden bir şehir olarak yoluna devam edecek.  #keşfet #kesfetteyiz #ağrı";28858
https://www.instagram.com/p/DRkfRXaDAxD/;Carousel;2137;23;0;2025-11-27 21:34:18;https://scontent-fra5-2.cdninstagram.com/v/t51.82787-15/587850416_17927846472155986_6024454863983668555_n.jpg?stp=dst-jpg_e35_tt6&_nc_cat=109&ig_cache_key=Mzc3NTI3OTkwMzQwMzcwOTAwMw%3D%3D.3-ccb7-5&ccb=7-5&_nc_sid=58cdad&efg=eyJ2ZW5jb2RlX3RhZyI6InhwaWRzLjE0NDB4OTYwLnNkci5DMyJ9&_nc_ohc=gogoyrRvj4kQ7kNvwHOo3Kj&_nc_oc=AdmOojY6rgHywa60cShNrgP1-ZSPC32lWWjBaAywTibTmVNiwWIPLLKAClf7jBp5mYma4Mu9is0NlWNLxko29saD&_nc_ad=z-m&_nc_cid=0&_nc_zt=23&_nc_ht=scontent-fra5-2.cdninstagram.com&_nc_gid=sj6zRLug-1EsoPlKnt-oZg&oh=00_Afj-n-KYASSCqawK2UUKM3AUQ8_DBB1KtwFYO7tagjFlBA&oe=693113B9;DENGBEJ ŞAKÎRO KENT MEYDANI AÇILDI  Ağrı Belediyesi olarak kente kazandırdığımız Dengbej Şakîro Kent Meydanı, bugün düzenlenen programla yurttaşlarımızın hizmetine açıldı.  Modern mimarisi, geniş oturma alanları, yürüyüş hatları, güçlü aydınlatma sistemi ve altında yer alan geniş kapasiteli otoparkıyla Dengbej Şakîro Kent Meydanı, Ağrı’nın sosyal yaşamına yeni bir nefes alanı sundu. Ağrı Belediyesi, kent yaşamını güçlendiren ve ortak kullanım alanlarını büyüten projelerini kararlılıkla sürdürmeye devam ediyor.;
https://www.instagram.com/p/DRg-hYGDN1u/;Reels;6028;138;159467;2025-11-26 12:50:52;https://scontent-fra3-2.cdninstagram.com/v/t51.71878-15/587535635_1349400836372654_5409321793437953624_n.jpg?stp=dst-jpg_e15_tt6&_nc_cat=104&ig_cache_key=Mzc3NDI5MTQ2MDIzNDIwNjU3NA%3D%3D.3-ccb7-5&ccb=7-5&_nc_sid=58cdad&efg=eyJ2ZW5jb2RlX3RhZyI6InhwaWRzLjY0MHgxMTM2LnNkci5DMyJ9&_nc_ohc=QVD7LN4eAuAQ7kNvwGtLTm9&_nc_oc=AdnLWfJZOAwToOagwVPb-QVtvFOd77qpWaQlcsx7CcvXw4r8YOKgfVHcr_Qamn3bBtmjio3vyZv0izF_H3H1N4t4&_nc_ad=z-m&_nc_cid=0&_nc_zt=23&_nc_ht=scontent-fra3-2.cdninstagram.com&_nc_gid=sj6zRLug-1EsoPlKnt-oZg&oh=00_Afi5nY2az5zjoaY0wAQC8_9Z_pPlyw1PMOWbTNicTRl0ww&oe=6930F4F1;Son demler🌸  #kesfet #keşfetteyiz;
https://www.instagram.com/p/DRfBVvfDCmI/;Carousel;2453;19;0;2025-11-25 18:36:33;https://scontent-fra3-2.cdninstagram.com/v/t51.82787-15/588014721_17927619045155986_2670640078784899470_n.jpg?stp=dst-jpg_e35_tt6&_nc_cat=104&ig_cache_key=Mzc3Mzc0MDg5ODg0NTUxNDM1NA%3D%3D.3-ccb7-5&ccb=7-5&_nc_sid=58cdad&efg=eyJ2ZW5jb2RlX3RhZyI6InhwaWRzLjEyMDB4OTAwLnNkci5DMyJ9&_nc_ohc=Uom7TPngje4Q7kNvwH8Kf2v&_nc_oc=AdnEK_c5xQo10OlFEiKBva-Lp9ofHOrCCKCRiIVI7quHAcbVG1hUmsiPGe4q2L2VbXAzlpQVfdiCOYamTsAVNxdL&_nc_ad=z-m&_nc_cid=0&_nc_zt=23&_nc_ht=scontent-fra3-2.cdninstagram.com&_nc_gid=sj6zRLug-1EsoPlKnt-oZg&oh=00_AfgYcnfdkSIZPk9-xg1jntPuQdO_hsN2THVFhSXXO7kbRw&oe=6931071A;Gece geç saatlere kadar kent meydanında hep birlikte emek veriyoruz… Açılışımıza sadece iki gün kaldı. Ağrı’nın kalbini yeniden ayağa kaldırmak, kent meydanını bir an önce halkımızla buluşturmak için gece gündüz demeden çalışıyoruz.  Bu süreçte emeğini, alın terini, yüreğini ortaya koyan tüm emekçilere sonsuz teşekkür ediyorum. Birlikte yoruluyor, birlikte umutlanıyor, birlikte güzelleştiriyoruz bu şehri.;
https://www.instagram.com/p/DRfAV9PjN50/;Carousel;517;1;0;2025-11-25 18:27:51;https://scontent-fra5-1.cdninstagram.com/v/t51.82787-15/587778877_17927618196155986_4197387553289375486_n.jpg?stp=dst-jpg_e35_tt6&_nc_cat=110&ig_cache_key=Mzc3MzczNjUxNzUyNTg2Nzg4OQ%3D%3D.3-ccb7-5&ccb=7-5&_nc_sid=58cdad&efg=eyJ2ZW5jb2RlX3RhZyI6InhwaWRzLjE0NDB4OTYwLnNkci5DMyJ9&_nc_ohc=vfvpnCMjPbkQ7kNvwH88EzH&_nc_oc=Adnz62617X7kqiGbaOb9XKryYVuEMl5BBIf8yph99ZWps5yWewrrQRLPjq0uzlRsWe5-Cp8wGiRTt_ZSoIfKhrWo&_nc_ad=z-m&_nc_cid=0&_nc_zt=23&_nc_ht=scontent-fra5-1.cdninstagram.com&_nc_gid=sj6zRLug-1EsoPlKnt-oZg&oh=00_AfhHom5BcDZHD28G5RZQ2F_Nk2figR8jxrvSIkWP6TA0-Q&oe=69311C92;25 KASIM’DA KADINLARA ÜCRETSİZ SİNEMA ETKİNLİĞİ GERÇEKLEŞTİ  Ağrı Belediyesi olarak, 25 Kasım Kadına Yönelik Şiddete Karşı Uluslararası Mücadele Günü kapsamında kadınlara özel düzenlediğimiz ücretsiz sinema etkinliğini Haspark’ta gerçekleştirdik.  Kadınlarımızın yoğun ilgisiyle gerçekleşen etkinlikte, şiddetsiz bir yaşam mücadelesine dikkat çektik ve dayanışmayı büyüttük.   Katılım sağlayan tüm kadınlara teşekkür ediyoruz.;
https://www.instagram.com/p/DReifDmDGT-/;Carousel;374;4;0;2025-11-25 14:06:57;https://scontent-fra3-1.cdninstagram.com/v/t51.82787-15/587878118_17927592822155986_3201271841507189475_n.jpg?stp=dst-jpg_e35_tt6&_nc_cat=108&ig_cache_key=Mzc3MzYwNTE5ODY1NzQ5MDA2Mw%3D%3D.3-ccb7-5&ccb=7-5&_nc_sid=58cdad&efg=eyJ2ZW5jb2RlX3RhZyI6InhwaWRzLjg4NXg2MDcuc2RyLkMzIn0%3D&_nc_ohc=aKdkQ9qWJewQ7kNvwH1oNvk&_nc_oc=Admsh9kPaYffxRb_a9K_CGXfBbxke7K1BFF6fJD7DRmnGTAVoorjE9Tb3DR5i8rDLmq5lUe9R7K5nZeSEdWLQyrQ&_nc_ad=z-m&_nc_cid=0&_nc_zt=23&_nc_ht=scontent-fra3-1.cdninstagram.com&_nc_gid=sj6zRLug-1EsoPlKnt-oZg&oh=00_AfidxHWpYSQzkYqotfUilD90lIimMMHCw6Zz-CxvbO_4kA&oe=69311BF7;"Gelê Me Yê Hêja, Di vî bajarê ku me bi hev re mezin kiriye de, em şanaz in ku qadên nû yên jiyanê, ku dê ji hemûyan re bibin bêhn , digihînin we. Em kêfxweş in ku Qada Bajêr a Dengbêj Şakiro û Otoparka Bajêr a ku di nav qadê de cih digire temam kir û ji bo xizmetê pêşkêşî we dikin.  Di heman rojê de, me avahiya Midûriyeta Agirkujiyê û Îkmal, Lênêrîn û Temîrkirina Makîneyan ku ev 50 sal bûn nedihat bikaranîn, hilweşand û bi temamî nû kir; em vê avahiya ku me gihande pêkhateyeke modern û xurt, vedikin.  Di merasîma vekirina van veberhênanên girîng de, em ê ji dîtina we ya di nav me de rûmetdar bibin.  Bernameya Vekirinê – 27ê Mijdara 2025an Pêncşem:  📍 Vekirina Midûriyeta Agirkujiyê û Îkmal, Lênêrîn û Temîrkirina Makîneyan: Saet 13.30 📍 Vekirina Qada Bajêr a Şakiro û Otoparqa Bajêr: Saet 14.00  Değerli Halkımız,  Birlikte büyüttüğümüz bu kentte, hepimize nefes olacak yeni yaşam alanlarını sizlerle buluşturmanın gururunu yaşıyoruz.Dengbej Şakıro Kent Meydanı ve meydan içerisinde yer alan Kent Otoparkı’nı tamamlayarak hizmetinize sunmanın mutluluğunu yaşıyoruz.  Aynı gün, 50 yıldır kullanılamaz durumda olan İtfaiye ve Makine İkmal Bakım ve Onarım Müdürlüğü binasını yıkıp tamamen yeniledik; modern ve güçlü bir yapıya kavuşturarak faaliyete açıyoruz. Bu önemli yatırımların açılış törenlerinde sizleri de aramızda görmekten onur duyarız. Açılış Programı – 27 Kasım 2025 Perşembe: 📍 İtfaiye ve Makine İkmal Bakım ve Onarım Müdürlüğü Açılışı: Saat 13.30 📍 Şakıro Kent Meydanı ve Kent Otoparkı Açılışı: Saat 14.00";
https://www.instagram.com/p/DRc2nZyjOSA/;Reels;418;1;27362;2025-11-24 22:24:56;https://scontent-fra5-2.cdninstagram.com/v/t51.71878-15/584430843_2095411230996332_5835954105900017918_n.jpg?stp=dst-jpg_e15_tt6&_nc_cat=106&ig_cache_key=Mzc3MzEzMDc5MDA5MjQ2NTI4MA%3D%3D.3-ccb7-5&ccb=7-5&_nc_sid=58cdad&efg=eyJ2ZW5jb2RlX3RhZyI6InhwaWRzLjY0MHgzNjAuc2RyLkMzIn0%3D&_nc_ohc=HlnavV0sxVQQ7kNvwFE4SSV&_nc_oc=Adn_KxnpppXQ0se4MDmsJbsC-svM1KmbcO1OYjkoYqUyNkzanznUuWqDMAlGv2gAhUSFQJOtyjjEriOaar1pYFve&_nc_ad=z-m&_nc_cid=0&_nc_zt=23&_nc_ht=scontent-fra5-2.cdninstagram.com&_nc_gid=sj6zRLug-1EsoPlKnt-oZg&oh=00_Afjm7gQoe6azXox44U0cdzf_viHvutiG19grCXZ628aTXQ&oe=6930FA28;"25 Kasım Sadece bir takvim yaprağı değil; duyulmayan seslerin, görülmeyen yaraların, yarım kalmış hayallerin günü… Biz bugün standımızı kurarken, bir kez daha hatırladık: Şiddet bir kader değildir. Hiçbir kadın yalnız değildir. Hiçbir acı “normal” değildir.  Her bir kadının hayatı eşsizdir; her kadın sevgiyle, saygıyla, güvenle yaşama hakkına sahiptir. Ve biz, bu hakkı savunmak için buradayız. Bir aradayız, yan yanayız, ses oluyoruz…  Sessizliğin kırılması için, karanlığın aydınlanması için, şiddetsiz bir dünya için… Bugün sadece bir duruş sergilemedik, bir söz verdik: Kadına yönelik şiddetin karşısında her zaman duracağız.  Çünkü bir kadının umutla attığı her adım, hepimizin geleceğini aydınlatır.  #keşfet #keşifteyiz #ağrı";
https://www.instagram.com/p/DRcaxdoDED2/;Photo;289;6;0;2025-11-24 18:21:04;https://scontent-fra5-2.cdninstagram.com/v/t51.82787-15/584617747_17927510793155986_3072261424496786419_n.jpg?stp=dst-jpg_e35_tt6&_nc_cat=109&ig_cache_key=Mzc3MzAwODMzNjEwMzY4NjM5MA%3D%3D.3-ccb7-5&ccb=7-5&_nc_sid=58cdad&efg=eyJ2ZW5jb2RlX3RhZyI6InhwaWRzLjE0Mzl4ODA4LnNkci5DMyJ9&_nc_ohc=Rdb2AdxSBHQQ7kNvwG7tHwU&_nc_oc=Adk1dKM5vXJDclLW6DkkdrNrGom0senRHBWYdUwXUHOfn3E76sfoI1bCB5S_q4F6j4f9YeS_rYun1X0RecSfIEi3&_nc_ad=z-m&_nc_cid=0&_nc_zt=23&_nc_ht=scontent-fra5-2.cdninstagram.com&_nc_gid=sj6zRLug-1EsoPlKnt-oZg&oh=00_AfhRcjGV1SZ4NR5d8NslD093gN7AGaOq-nDieaxkQTk-0w&oe=693121C7;"25 KASIM’DA KADINLARA ÜCRETSİZ ULAŞIM  Ağrı Belediyesi olarak, 25 Kasım Kadına Yönelik Şiddete Karşı Uluslararası Mücadele Günü kapsamında;  🔹 Belediyemizde görev yapan tüm kadın personellerimiz yarın idari izinli olacaktır.  🔹 Şehir içi toplu taşıma hizmetlerimiz, gün boyunca tüm kadınlar için ücretsiz olacaktır.  Bu uygulamalar yalnızca 25 Kasım tarihini kapsamaktadır ve kent genelindeki tüm hatlarda geçerlidir.  Kadına yönelik şiddete karşı farkındalığı artırmak, eşitlik ve özgürlük mücadelesini güçlendirmek için çalışmalarımızı sürdürmeye devam edeceğiz.";
https://www.instagram.com/p/DRb3hcoDLfS/;Photo;476;0;0;2025-11-24 13:13:03;https://scontent-fra3-2.cdninstagram.com/v/t51.82787-15/587701437_17927484411155986_7109981809883696885_n.jpg?stp=dst-jpegr_e35_tt6&_nc_cat=104&ig_cache_key=Mzc3Mjg1MzMwMzg5MDQ1ODU3OA%3D%3D.3-ccb7-5&ccb=7-5&_nc_sid=58cdad&efg=eyJ2ZW5jb2RlX3RhZyI6InhwaWRzLjE0NDB4MTA4MC5oZHIuQzMifQ%3D%3D&_nc_ohc=I8T5vgTkeZ4Q7kNvwHCYnQM&_nc_oc=AdkJsFK56hYlooXIh-1NF22tjcNvS29yEKdG5NsC0CPQuaBOAFupeaMyFCDzjo5W2lUXgB8iLbgK8n2wFUmGr96L&_nc_ad=z-m&_nc_cid=0&_nc_zt=23&_nc_ht=scontent-fra3-2.cdninstagram.com&_nc_gid=sj6zRLug-1EsoPlKnt-oZg&oh=00_AfgFlbAfEql4uyaNpZmHAFxXAaxulOCR-EDwsCsU3zAzRg&oe=69310E25;"Van İHD Kadın Komisyonu’ndan Belediyemize Değerli Bir Ziyaret  Bugün belediyemizde, yüreğini kadınların hak mücadelesine adamış Serpil Sezer’i, İHD Kadın Komisyonu MYK üyesi sıfatıyla ağırlamanın mutluluğunu yaşadık. Van İHD Kadın Komisyonu’nun bu nazik ziyareti, bizlere dayanışmanın ne kadar derin, kadın emeğinin ve mücadelesinin ne kadar güçlü olduğunu bir kez daha hissettirdi.  Serpil Sezer’in samimi sohbeti, kadınların karşılaştığı zorluklardan umut dolu yarınlara uzanan bir yolun ancak birlikte yüründüğünde mümkün olduğunu hatırlattı. Bu ziyaret, içimizde hem duygu bıraktı hem de mücadelemize yeni bir güç kattı.  Ziyaretleri için kendilerine gönülden teşekkür ediyor; kadınların sözünün, gücünün ve varlığının her zaman en büyük yol göstericimiz olduğunu bir kez daha vurguluyoruz.";
https://www.instagram.com/p/DRbepCAjB-T/;Photo;325;1;0;2025-11-24 09:35:38;https://scontent-fra3-1.cdninstagram.com/v/t51.82787-15/587561457_17927470473155986_2084821333376687145_n.jpg?stp=dst-jpg_e35_tt6&_nc_cat=105&ig_cache_key=Mzc3Mjc0Mzg3MzkwMzQ2ODQzNQ%3D%3D.3-ccb7-5&ccb=7-5&_nc_sid=58cdad&efg=eyJ2ZW5jb2RlX3RhZyI6InhwaWRzLjE0NDB4MTAyMS5zZHIuQzMifQ%3D%3D&_nc_ohc=p6kU81C3rKsQ7kNvwH3DDxZ&_nc_oc=AdlKne5UWJ5uPGHHU8KWqwFRxFdg-5w8zmMbjqx6OXOhRUYJn97cx33SiS323Yqy-qmTKzDRu-kYSgJbjxXoBQpE&_nc_ad=z-m&_nc_cid=0&_nc_zt=23&_nc_ht=scontent-fra3-1.cdninstagram.com&_nc_gid=sj6zRLug-1EsoPlKnt-oZg&oh=00_AfhPByxbJS0kG9YiUiBWOkqU_FnS9ommseYhi4rCL9YfXA&oe=69312C84;24 Kasım Öğretmenler Günü kutlu olsun.  Geleceğimizi şekillendiren, emekleriyle toplumun aydınlık yarınlarını büyüten tüm öğretmenlerimize teşekkür ediyoruz.;
https://www.instagram.com/p/DRWpmOaDE8S/;Reels;3043;56;72259;2025-11-22 12:35:46;https://scontent-fra5-1.cdninstagram.com/v/t51.71878-15/584378934_823491610296380_5850217516706316409_n.jpg?stp=dst-jpg_e15_tt6&_nc_cat=110&ig_cache_key=Mzc3MTM4NDY4NDY4NTg0MDE0Ng%3D%3D.3-ccb7-5&ccb=7-5&_nc_sid=58cdad&efg=eyJ2ZW5jb2RlX3RhZyI6InhwaWRzLjY0MHgxMTM2LnNkci5DMyJ9&_nc_ohc=yLnQFYJu6bQQ7kNvwFGlFSj&_nc_oc=AdnQrBehx7Bj045ETiA74644kZbvqoVlnvkCAfqSFD0RjiUXkxnnPh4xY06YoRDPhEIds8mobD21H8xG2OkBf2cZ&_nc_ad=z-m&_nc_cid=0&_nc_zt=23&_nc_ht=scontent-fra5-1.cdninstagram.com&_nc_gid=sj6zRLug-1EsoPlKnt-oZg&oh=00_AfirLGQoo2sUr2t5LAEjHEfxD8dp-5ePHy4MdgN_1XQtXQ&oe=693100DC;"SIRRI SÜREYYA ÖNDER PARKI HALKIMIZIN KULLANIMINA AÇILDI  Ağrı Belediyesi olarak mahallelerimizin nefesini, dayanışmasını ve umudunu büyütmeye kararlıyız. Bu kararlılığın bir parçası olarak, mücadele arkadaşımız, halkın adalet ve barış özlemini her daim taşıyan Sırrı Süreyya Önder’in adını verdiğimiz parkı halkımızla buluşturduk.  Açılış gününde çocuklarımızın gözlerindeki ışık, dağıttığımız futbol toplarıyla daha da parladı; ikramlarımızla sıcacık, samimi bir buluşma yaşadık. Bu park yalnızca bir yeşil alan değil;kadınların, çocukların, gençlerin ve tüm mahalle sakinlerinin kendini özgür, güvende ve güçlü hissedeceği bir yaşam alanı, bir nefes durağı, bir dayanışma mekânıdır.  Kentimize, mücadelemize, geleceğimize yakışan bu alanı Ağrı halkına kazandırmış olmanın gururunu yaşıyoruz. Ağrı’mıza, halkımıza, ortak yarınlarımıza hayırlı olsun.";
https://www.instagram.com/p/DRUF3ObjB1E/;Carousel;571;6;0;2025-11-21 12:44:26;https://scontent-fra5-2.cdninstagram.com/v/t51.82787-15/585875312_17927163261155986_7987263054203356541_n.jpg?stp=dst-jpg_e35_tt6&_nc_cat=109&ig_cache_key=Mzc3MDY2NDU2NTIyNzY5NjI5Ng%3D%3D.3-ccb7-5&ccb=7-5&_nc_sid=58cdad&efg=eyJ2ZW5jb2RlX3RhZyI6InhwaWRzLjE0NDB4OTYwLnNkci5DMyJ9&_nc_ohc=se6nXzayoPQQ7kNvwGoDXu0&_nc_oc=Adk7so5X4-MFqFdm_VrUuhcifPKqnfsiF_9GtNupBaJBO5K_AQspB9nF_qoJVdUhgqLA0bi2Qrbl5roSOTvYoxsj&_nc_ad=z-m&_nc_cid=0&_nc_zt=23&_nc_ht=scontent-fra5-2.cdninstagram.com&_nc_gid=sj6zRLug-1EsoPlKnt-oZg&oh=00_Afg7Rb_XHCvVSUroPi1yUDFlHkAlZlv1bZcc1jWhIf4vFQ&oe=69311402;Belediyemiz Temizlik İşleri Müdürlüğü’nün kent genelinde gösterdiği özverili çalışmaları yakından takip ediyoruz. Bu emekleri takdir etmek için birim çalışanlarımıza plaket takdim ettik.  Kentimizin temiz, düzenli ve yaşanabilir olması için gece gündüz emek veren Temizlik İşleri ekibimize teşekkür ediyoruz. Ağrı için üreten, emek veren herkesle birlikte daha güzel bir kent inşa etmeye devam edeceğiz.;
https://www.instagram.com/p/DRSC5_9jNBR/;Carousel;962;3;0;2025-11-20 17:40:07;https://scontent.cdninstagram.com/v/t51.82787-15/587215456_17927089107155986_952344538816416362_n.jpg?stp=dst-jpg_e35_tt6&_nc_cat=110&ig_cache_key=Mzc3MDA4ODYwOTUwOTI5NzM3OQ%3D%3D.3-ccb7-5&ccb=7-5&_nc_sid=58cdad&efg=eyJ2ZW5jb2RlX3RhZyI6InhwaWRzLjE0NDB4OTYwLnNkci5DMyJ9&_nc_ohc=jyPqpk0p0w4Q7kNvwFsfS0m&_nc_oc=AdlrF8MUdDuNr7jTAdqHJBddnoKtoIERqXRWKVXBEk8maGPQfUmADSEmaemMTKQGArU&_nc_ad=z-m&_nc_cid=1216&_nc_zt=23&_nc_ht=scontent.cdninstagram.com&_nc_gid=Us59BdAaEgTlttOYIJ5Ctg&oh=00_AfgIQX3XylECCE0vJGdNCyP3DOCqpn9i9lasNUjUfxPdQw&oe=693125A6;Belediyemiz Kadın Politikalar Müdürlüğü, Kadına Yönelik Şiddete Karşı Uluslararası Mücadele Günü kapsamında mahallelerde kadınlara yönelik atölyeler düzenleyerek farkındalık çalışmaları yürüttü.  Kadına yönelik şiddet konusu, Ağrı Belediyesi Eşbaşkan Yardımcısı Benazir Aydemir Kaya tarafından aktarıldı. kadınların maruz kaldığı şiddet biçimlerine ve bu durumlarda başvurabilecekleri mekanizmalara dikkat çekerek bu tür çalışmaların önemine vurgu yaptı.    25 Kasım haftası boyunca mahallelerde kadınlarla buluşmaya, farkındalık çalışmalarını ve bilgilendirme faaliyetlerini sürdürmeye devam edecek.;
https://www.instagram.com/p/DRRp2hfjHg1/;Carousel;574;7;0;2025-11-20 14:01:11;https://scontent.cdninstagram.com/v/t51.82787-15/583919950_17927069343155986_8663927282148057702_n.jpg?stp=dst-jpg_e35_tt6&_nc_cat=100&ig_cache_key=Mzc2OTk3ODQyMzYyNDg2MzEwOA%3D%3D.3-ccb7-5&ccb=7-5&_nc_sid=58cdad&efg=eyJ2ZW5jb2RlX3RhZyI6InhwaWRzLjEyMzl4ODc5LnNkci5DMyJ9&_nc_ohc=2tcw64EsUcYQ7kNvwFbVas1&_nc_oc=AdkbwfoGLCYkp_FsOsz63OvbhVoJYb7P0ypgEJ0ADOjkgzZOmKxCo3GbNT5PO4fe3sk&_nc_ad=z-m&_nc_cid=1216&_nc_zt=23&_nc_ht=scontent.cdninstagram.com&_nc_gid=Us59BdAaEgTlttOYIJ5Ctg&oh=00_Afjr5Ry7XijDqrweP1HalFUPJmQrSTNT44TfMqASpfq18A&oe=6930FA4F;BU ANLANMLI GÜNDE, AÇILIŞIMIZA TÜM HALKIMIZ DAVETLİDİR.  DI VÊ ROJA WATEDAR DE, HEMÛ GELÊ ME JI BO VEKIRINA VÊ PARQÊ VEXWENDÎ NE.;
https://www.instagram.com/p/DRPlvx5jDJN/;Reels;1996;58;65809;2025-11-19 18:49:12;https://scontent.cdninstagram.com/v/t51.71878-15/583639676_1533608524336518_6613713988607656435_n.jpg?stp=dst-jpg_e15_tt6&_nc_cat=100&ig_cache_key=Mzc2OTM5NzQyNDI0NzU1MDU0MQ%3D%3D.3-ccb7-5&ccb=7-5&_nc_sid=58cdad&efg=eyJ2ZW5jb2RlX3RhZyI6InhwaWRzLjY0MHgxMTM2LnNkci5DMyJ9&_nc_ohc=uw75SrJQ2k0Q7kNvwGu1nYj&_nc_oc=AdkUS5U0PKplrKs1VJuFSule1-O9n02EYolNji69PP0_NU96SyfXTsduy_Op6sHBtGM&_nc_ad=z-m&_nc_cid=1216&_nc_zt=23&_nc_ht=scontent.cdninstagram.com&_nc_gid=Us59BdAaEgTlttOYIJ5Ctg&oh=00_AfiFK13Gmgr_LRD_MdhZxeOQ0PTs1Jmj6AELSgq0z3WrQQ&oe=6931202A;"Bugün kalplerimiz umutla dolu… JIN (Kadın) Parkı, kadınların sesine, varlığına ve mücadelesine adanmış bir yaşam alanı olarak kapılarını açtı.  Bu parkın her köşesinde bir hikâye var. Topraktan yükselen kokuda özgürlüğün izleri, gölgemize eşlik eden ağaçlarda dayanışmanın nefesi var. Burada kadınların yarattığı güzellik, emeğin ve direncin sihirli bir bütünlüğe dönüştü.  JIN Parkı, yalnızca bir park değil; kadınların birbirine omuz verdiği, birlikte güçlendiği ve hayata daha sıkı sarıldığı bir buluşma noktası artık.  Bugün attığımız bu adım, yarınlara bıraktığımız en güzel armağan olsun. Kadınların emeğiyle büyüyen bu yaşam alanında, özgürlük hep yeşersin… 💜🌿";
https://www.instagram.com/p/DRPiPrjjGyE/;Carousel;865;7;0;2025-11-19 18:16:14;https://scontent.cdninstagram.com/v/t51.82787-15/582545737_17926992000155986_6046038291610078593_n.jpg?stp=dst-jpg_e35_tt6&_nc_cat=111&ig_cache_key=Mzc2OTM4MjAxMzAzMjQ2OTM3MA%3D%3D.3-ccb7-5&ccb=7-5&_nc_sid=58cdad&efg=eyJ2ZW5jb2RlX3RhZyI6InhwaWRzLjE0NDB4OTYwLnNkci5DMiJ9&_nc_ohc=JvOs-UA5Y_EQ7kNvwEZgZBb&_nc_oc=AdmPqw6o1ln4v68AVkmQgUxXGj1EohUNnPMxQkL1tlU6IIlYJ50OANwqHDRuz08viEQ&_nc_ad=z-m&_nc_cid=1216&_nc_zt=23&_nc_ht=scontent.cdninstagram.com&_nc_gid=Us59BdAaEgTlttOYIJ5Ctg&oh=00_Afh0pkkdo1048gLCU_BFwM0BZokDNc9gN2Iz3c-y5Rtw2w&oe=6930FB70;"JÎN (KADIN) PARKI AÇILDI Belediyemiz Park ve Bahçeler Müdürlüğü tarafından kadınların, çocukların ve tüm yurttaşların güvenli, erişilebilir ve nitelikli sosyal alanlara ulaşımını güçlendirmek amacıyla hayata geçirilen Jîn (Kadın) Parkı düzenlenen törenle hizmete açıldı. Açılışta misafirlere ikramlar sunulurken, çocuklara futbol topları dağıtılarak keyifli bir etkinlik alanı oluşturuldu. DEM Parti İl Eşbaşkanları ve il yönetimi, DBP İl Eşbaşkanları ve il yönetimi, Diyadin Belediye Eşbaşkanı Hayat Zorbay, belediye meclis üyeleri, Belediye Başkan Yardımcılarımız ve çok sayıda yurttaşın katıldığı programda; parkın kadınların sosyal yaşamda daha görünür olmasına, çocukların güvenli oyun alanlarına kavuşmasına ve mahalle yaşamına canlılık katmasına önemli katkılar sunacağı vurgulandı.";
https://www.instagram.com/p/DRM3kpJD-73/;Reels;4921;72;131087;2025-11-18 17:27:20;https://scontent.cdninstagram.com/v/t51.82787-15/582206025_17926882950155986_7714682492666598476_n.jpg?stp=dst-jpg_e15_tt6&_nc_cat=103&ig_cache_key=Mzc2ODYzMTM5ODgzNjk4OTY4Nw%3D%3D.3-ccb7-5&ccb=7-5&_nc_sid=58cdad&efg=eyJ2ZW5jb2RlX3RhZyI6InhwaWRzLjEwODB4MTkyMC5zZHIuQzIifQ%3D%3D&_nc_ohc=1CghYbK4y-YQ7kNvwFT67hR&_nc_oc=AdmS0OwIjp3TqQdxaP77LiqPGKRdSufYEzCZVzUqnVE5a_CRiVJdPV8ncwPh2EVwm-g&_nc_ad=z-m&_nc_cid=1216&_nc_zt=23&_nc_ht=scontent.cdninstagram.com&_nc_gid=Us59BdAaEgTlttOYIJ5Ctg&oh=00_Afh9w4C_hZUXzumDFLkvjXUzqkEM-sMaWQ0P_BT_seIL1A&oe=693114A2;OTOGARDA YENİLEME ÇALIŞMALARI TAMAMLANDI  Ağrı Şehirlerarası Otogar Terminali’nde kapsamlı yenileme çalışmalarını tamamladık.  ✔️ Genel bölmeleri boyadık ✔️ Çatı onarımını gerçekleştirdik ✔️ Klimaların bakım ve tamirini yaptık ✔️ WC’leri tamamen yeniledik ✔️ Zabıta Odası ve Bebek Bakım Odası oluşturduk  Otogar Derneği Başkanı Cem Köseoğlu ve otogar esnafı, yapılan çalışmalar dolayısıyla bizlere plaket takdim ederek teşekkürlerini sundu. İlgileri ve destekleri için kendilerine teşekkür ediyoruz.  Ağrı için çalışmaya devam ediyoruz.  #keșfet #kesfetteyizz #ağrı;
https://www.instagram.com/p/DRKcQUrDG4u/;Reels;1476;52;52741;2025-11-17 18:53:27;https://scontent.cdninstagram.com/v/t51.71878-15/581388665_5091953474362958_4585805450966048851_n.jpg?stp=dst-jpg_e15_tt6&_nc_cat=105&ig_cache_key=Mzc2Nzk0ODMwNTI1OTg1MTMxMA%3D%3D.3-ccb7-5&ccb=7-5&_nc_sid=58cdad&efg=eyJ2ZW5jb2RlX3RhZyI6InhwaWRzLjY0MHgzNjAuc2RyLkMzIn0%3D&_nc_ohc=jq3gv24jhXgQ7kNvwGyew7e&_nc_oc=AdnR0rz-MvwD_3QpwBXgFLm6Q4uZop3cTGCo-zH4IDwWBn4Su7xLCW4Ge2vGFfQbEYE&_nc_ad=z-m&_nc_cid=1216&_nc_zt=23&_nc_ht=scontent.cdninstagram.com&_nc_gid=Us59BdAaEgTlttOYIJ5Ctg&oh=00_AfhcY5MwbicuoakzfTLnwse7XeF3PrFik8ldA3Ah7sclsg&oe=69312BCC;BELEDİYEMIZ  YENİ HİZMET ARAÇLARINI KONVOY GEÇİŞİYLE HALKA TANITTI   Belediye hizmet binamız önünde başlayan tanıtım programında yeni araçlar kent merkezinde konvoy hâlinde tur atarak yurttaşlarla buluşturuldu. Programa DEM Parti İl Yönetimi, belediye meclis üyeleri, çeşitli sivil toplum kuruluşları temsilcileri ve birim müdürleri  katıldı. Ayrıca araç filomuzun güçlendirilmesi surecinde  Ağrı Milletvekili Sırrı Sakık’a katkılarından dolayı teşekkür ederiz. Belediyemiz  araç envanterine kazandırılan hizmet araçları şunlardır: • 70 m³ Hidrolik Sıkıştırmalı Çöp Transfer Treyleri (2 adet) • 6x4 Mercedes-Benz Şasi Çekici (1 adet) • Ford Trucks 14 m³ Havuz Tip Damperli Kamyon (3 adet) • 2 m³ Vakumlu Yol Süpürge Makinası (1 adet) • HMK Lastik Tekerlekli Ekskavatör (1 adet) • Ford Trucks 13.000 lt Su Tankeri ve Arazöz (1 adet) • Ford Trucks 4x2 13+1,5 m³ Hidrolik Sıkıştırmalı Çöp Kamyonu (2 adet) • Hidromek HMK A8 Kazıyıcı Yükleyici Kepçe (1 adet) • İtfaiye Aracı (1 adet) • Damperli Kamyon (1 adet) • Vidanjör (1 adet) • Ford Trucks 4x2 13+1,5 m³ Hidrolik Sıkıştırmalı Çöp Kamyonu (1 adet – ilave) • 8+1 Zabıta Aracı (1 adet) • 8.000 lt Kanal Açma ve Temizleme Aracı (1 adet) • Bop-Cat Yükleyici (1 adet)  Güçlendirilen araç filosunun kent genelindeki temizlik, altyapı, çevre düzenlemesi ve acil müdahale çalışmalarında aktif olarak kulanacağı  belirtildi.  #keşfet #keşifteyiz #ağrı;
https://www.instagram.com/p/DRIIqedjDI_/;Photo;348;9;0;2025-11-16 21:18:01;https://scontent.cdninstagram.com/v/t51.82787-15/581858370_17926709727155986_2256027478129346136_n.jpg?stp=dst-jpg_e35_tt6&_nc_cat=106&ig_cache_key=Mzc2NzI5OTE5MTU5MzUxMzUzNQ%3D%3D.3-ccb7-5&ccb=7-5&_nc_sid=58cdad&efg=eyJ2ZW5jb2RlX3RhZyI6InhwaWRzLjE0NDB4MTc4OS5zZHIuQzMifQ%3D%3D&_nc_ohc=VMtAIBxSPvcQ7kNvwGhdTrE&_nc_oc=AdnbvbSM-tvHhsNUOqLbpPYQqDQ7-KGt7qHdhOgrvBGCg0qETsZ_UHpcCmSy7CwLC0w&_nc_ad=z-m&_nc_cid=1216&_nc_zt=23&_nc_ht=scontent.cdninstagram.com&_nc_gid=Us59BdAaEgTlttOYIJ5Ctg&oh=00_AfgnMLBC1ojVOsHKbElqHpAgnYkpLMN3Nu3oowvnWIHZDQ&oe=69311D4A;Belediyemizin araç filosuna, 31 Mart 2024 seçimlerinden sonra kazandırılan tüm yeni hizmet araçlarının tanıtımı, göreve geldiğimiz günden bugüne yapılan çalışmaların bir özeti niteliğinde, 17 Kasım 2025 Pazartesi günü saat 15.00’te belediye hizmet binamızda yapılacaktır.  Kentimizin ihtiyaçlarına göre güçlendirilen araç filomuzun tanıtımının ardından kısa bir konvoy geçişi gerçekleştirilecektir.  Tüm yurttaşlarımız davetlidir. Ağrı için çalışmaya devam ediyoruz.;
https://www.instagram.com/p/DRE_sC2jGZ6/;Carousel;617;3;0;2025-11-15 16:01:52;https://scontent.cdninstagram.com/v/t51.82787-15/581346241_17926579758155986_7864347242195963719_n.jpg?stp=dst-jpg_e35_tt6&_nc_cat=111&ig_cache_key=Mzc2NjQxNTI4MzU0MDc0MDg3MQ%3D%3D.3-ccb7-5&ccb=7-5&_nc_sid=58cdad&efg=eyJ2ZW5jb2RlX3RhZyI6InhwaWRzLjEwODB4NjA3LnNkci5DMyJ9&_nc_ohc=X0A8u3vgfAIQ7kNvwFeNlRt&_nc_oc=AdmOEFRBepg6jFB29dO6DCmuZH1j5HDpBkdW11FDfZ6TnyE4GLcKC3dLQr35agvK5PU&_nc_ad=z-m&_nc_cid=1216&_nc_zt=23&_nc_ht=scontent.cdninstagram.com&_nc_gid=Us59BdAaEgTlttOYIJ5Ctg&oh=00_AfhjYpgly_iqvgRVjERRwWf-d5mvw7drHbrR8GmMImqdyg&oe=693107E6;KENT GENELİNDE AĞAÇ BUDAMA ÇALIŞMALARIMIZ SÜRÜYOR  Ağrı Belediyesi Park ve Bahçeler Müdürlüğü ekiplerimiz, kentte büyüyerek çevreye zarar verme riski taşıyan ağaçları bom aracıyla güvenli şekilde buduyor.  Hem ağaçların sağlıklı gelişimini destekliyor hem de kentte daha düzenli ve güvenli bir çevre oluşturuyoruz.  Çalışmalarımız planlı bir şekilde devam ediyor.;
https://www.instagram.com/p/DQ6oBdIjFz0/;Reels;846;27;33585;2025-11-11 15:22:57;https://scontent.cdninstagram.com/v/t51.71878-15/581744780_1606855030478021_8672979231335496745_n.jpg?stp=dst-jpg_e15_tt6&_nc_cat=104&ig_cache_key=Mzc2MzQ5NjQ2MDQ4MzMyMTA3Ng%3D%3D.3-ccb7-5&ccb=7-5&_nc_sid=58cdad&efg=eyJ2ZW5jb2RlX3RhZyI6InhwaWRzLjY0MHgzNjAuc2RyLkMzIn0%3D&_nc_ohc=aRbS4tcpTVoQ7kNvwFpD40u&_nc_oc=Adm-6I7RzJVw0p96HkctS8nX4sqQoAPSZ0jXu4YbgvO8x3Bjkn2jo0DItxs0NVmAh1o&_nc_ad=z-m&_nc_cid=1216&_nc_zt=23&_nc_ht=scontent.cdninstagram.com&_nc_gid=Us59BdAaEgTlttOYIJ5Ctg&oh=00_AfgRWG0iVc6J-KiSgs6wRQKR6HU_l6b90vbrrgOTh7NjZg&oe=693104DE;HER ADIMDA HİZMET, HER SOKAKTA DEĞİŞİM   Fen İşleri Müdürlüğü ekiplerimiz, Fırat Mahallesi DSİ önü 1003. Sokak’ta yol ve kaldırım çalışmalarını tamamladı. Kentimizi daha düzenli, güvenli ve yaşanabilir hale getirmek için emeğimizi her caddeye, her sokağa yansıtıyoruz.;
https://www.instagram.com/p/DQzQct7jLPd/;Reels;7140;79;187016;2025-11-08 18:42:33;https://scontent.cdninstagram.com/v/t51.71878-15/574836621_1256242043211861_7552637364239292964_n.jpg?stp=dst-jpg_e15_tt6&_nc_cat=101&ig_cache_key=Mzc2MTQyMjQ1NTk5MTQ4MTMwOQ%3D%3D.3-ccb7-5&ccb=7-5&_nc_sid=58cdad&efg=eyJ2ZW5jb2RlX3RhZyI6InhwaWRzLjY0MHgxMTM2LnNkci5DMyJ9&_nc_ohc=9SDCHzqeIpoQ7kNvwEjX71H&_nc_oc=Adn-Aic5dbcZMKSRf7whzkTb7g7iy5OMhmftQ0EnZYa6ce7XkH-o_Sftlc0Zbdz2Q8Q&_nc_ad=z-m&_nc_cid=1216&_nc_zt=23&_nc_ht=scontent.cdninstagram.com&_nc_gid=Us59BdAaEgTlttOYIJ5Ctg&oh=00_AfiqzmsuT5HKE8OSQlLZXFD3qYzwy4tLyD5ERx-gXyANQg&oe=69311805;KÜRT DİLİ VE KÜLTÜRÜ YAŞASIN   Bugün Ağrı’da, KURDÎ-ZAN ARARAT Kürt Dil ve Kültür Derneği’nin açılışına katıldık. Kürtçe’nin yaşatılması, kültürümüzün korunması ve gelecek kuşaklara aktarılması hepimizin ortak sorumluluğudur.  BIJÎ ÇAND Û ZIMANÊ KURDÎ   Em îro beşdarî vekirina Komeleya Çand û Ziman a Araratê ya KURDÎ-ZANê bûn. Berpirsyariya me hemûyane ku em Kurdî bidin jiyîn, çanda xwe biparêzin û veguhêzin nifşên nû.  #keşfet #keşfeteyiz;
https://www.instagram.com/p/DQrOHp1DPzA/;Carousel;1246;22;0;2025-11-05 15:47:43;https://scontent.cdninstagram.com/v/t51.82787-15/572751450_17925577326155986_6020139686172111416_n.jpg?stp=dst-jpg_e35_tt6&_nc_cat=104&ig_cache_key=Mzc1OTE2MDQwMzcyMTc2OTIzMg%3D%3D.3-ccb7-5&ccb=7-5&_nc_sid=58cdad&efg=eyJ2ZW5jb2RlX3RhZyI6InhwaWRzLjE0NDB4OTYwLnNkci5DMyJ9&_nc_ohc=aA2AH3lgq4YQ7kNvwEIzW0J&_nc_oc=AdkJ90rdSGBhE4JPEqIQXO4LG0eEz-Ki7qMP4jDJABzQJTdKqrWWJvjP5xgZxKDRtx0&_nc_ad=z-m&_nc_cid=1216&_nc_zt=23&_nc_ht=scontent.cdninstagram.com&_nc_gid=Us59BdAaEgTlttOYIJ5Ctg&oh=00_Afi8okEMwvRgx_wR7iCV5PJFe8msas3SVLyXM9E_691-Pg&oe=6931199D;Temizlik hizmetlerinde verimliliği artırmak amacıyla Temizlik İşleri Müdürlüğü filomuza yeni bir vakumlu yol süpürme aracı kazandırdık.  Kent genelinde daha temiz, daha sağlıklı bir çevre için çalışmaya devam ediyoruz.  Yeni aracımız kentimize hayırlı olsun;
https://www.instagram.com/p/DQoOtwbjI0u/;Carousel;1286;18;0;2025-11-04 11:55:12;https://scontent.cdninstagram.com/v/t51.82787-15/573224627_17925454176155986_1308374804014044945_n.jpg?stp=dst-jpg_e35_tt6&_nc_cat=106&ig_cache_key=Mzc1ODMxODU5NTEyMjk2Njg3Mg%3D%3D.3-ccb7-5&ccb=7-5&_nc_sid=58cdad&efg=eyJ2ZW5jb2RlX3RhZyI6InhwaWRzLjE0NDB4ODEwLnNkci5DMyJ9&_nc_ohc=_QOu6W373McQ7kNvwEXBDXw&_nc_oc=AdmgL0XiefPCKXCrHboYR7Ba4zb3dKXm8RPA_Jq426YVAt-zTjCcjogYeSRDx5_FBE8&_nc_ad=z-m&_nc_cid=1216&_nc_zt=23&_nc_ht=scontent.cdninstagram.com&_nc_gid=Us59BdAaEgTlttOYIJ5Ctg&oh=00_Afj53f8H1O31yW6slu18TGWHuflwEFBSb1xJNtoO2-Ug7A&oe=693114E5;KENDİ ÜRETİMİMİZ, KENDİ EMEĞİMİZ   Ağrı Belediyesi olarak bank, çöp kutusu, duba ve kamelya gibi şehir mobilyalarını kendi atölyemizde üretiyoruz. Bazı ürünlerimizi geri dönüşüm malzemeleriyle yeniden değerlendirerek çevreye katkı sağlıyoruz. Hem ekonomik hem çevreci üretim anlayışıyla, daha yaşanabilir bir Ağrı için çalışmaya devam ediyoruz.;
https://www.instagram.com/p/DQhE0jnjHr-/;Reels;1137;14;36564;2025-11-01 17:33:47;https://scontent.cdninstagram.com/v/t51.71878-15/572097066_1745958896081075_6442131609296014872_n.jpg?stp=dst-jpg_e15_tt6&_nc_cat=102&ig_cache_key=Mzc1NjMwNDc2ODA0NzAyMDc5OA%3D%3D.3-ccb7-5&ccb=7-5&_nc_sid=58cdad&efg=eyJ2ZW5jb2RlX3RhZyI6InhwaWRzLjY0MHgzNjAuc2RyLkMzIn0%3D&_nc_ohc=08Wq9pe5_CgQ7kNvwGrKZbH&_nc_oc=AdnuEftDa12vu3IqqMjaNhFAKizL_JCGJjHnBr0LvZkIsMmJP31oS6zayrhzHnHpbYnccEy8y3eI-LD1DUAdhQKt&_nc_ad=z-m&_nc_cid=0&_nc_zt=23&_nc_ht=scontent.cdninstagram.com&_nc_gid=qFTOTnQ5Xz1uXNt-NAqkPg&oh=00_Afh3HoDh9zLsC4TRwfLd16LaPv4JhJl35hiKNc6J69aGNg&oe=69310944;"Yıllarca çamurunda yürüdüğümüz, yazın tozuna, kışın çilesine katlandığımız yollar… Şimdi yepyeni bir yüzle karşınızda! Biz sadece asfalt dökmedik; umut, emek ve geleceğe güven serdik o yollara. Çünkü bu yollar, bizim hikâyemiz.  #keşfet #keşfetteyiz #ağrı";
