﻿PostLink;PostTürü;BeğeniSayısı;YorumSayısı;Görüntülenme Sayısı;Tarih;DisplayPhoto;Caption;Takipçi
https://www.instagram.com/p/DRHAhExjOyh/;Reels;298;11;20231;2025-11-16 10:49:18;https://scontent.cdninstagram.com/v/t51.71878-15/582672894_1828218775237100_3658248458722562902_n.jpg?stp=dst-jpg_e15_tt6&_nc_cat=111&ig_cache_key=Mzc2Njk4MTg4NjE4NzcyODAzMw%3D%3D.3-ccb7-5&ccb=7-5&_nc_sid=58cdad&efg=eyJ2ZW5jb2RlX3RhZyI6InhwaWRzLjY0MHgxMTM2LnNkci5DMyJ9&_nc_ohc=VP9YVy3i5UoQ7kNvwF1giUY&_nc_oc=AdkK_AXts1hSRer6jPoLBassI75kxN5IZyUglbdE4bmoUYAB43l2lLguMIYrFkffjo8&_nc_ad=z-m&_nc_cid=0&_nc_zt=23&_nc_ht=scontent.cdninstagram.com&_nc_gid=3RDzBuPJO22SmB7NL9mTTw&oh=00_Afgs4s_GprzL5_at8P28lk7zSBJIC5_FCFtuuQ6yvQy_Ow&oe=6931279C;Eruh’ta da yollarımız, vatandaşlarımızın gönül rızası, huzuru ve devletimize duası ile güzelleşiyor. 🤲🇹🇷  Erenkaya–Özlüpelit–Dağdöşü Grup Yolu, Kalender–Yeşilören Yolu, Yeşilören–Payamlı–Kılıçkaya–Milan Yolu, Milan–Kavaközü–Bağgöze–Çeltiksuyu Grup Yolu, Bağgöze Köy Yolu, Kaşıkyayla, Çimencik Köyü ve Çetinkol (Papire Sofi) güzergâhlarında toplam 29.350 metre Bitümlü Sıcak Karışım (BSK) asfalt yol yapımı ile yol çizgi ve şerit çalışmalarımızı tamamladık. #eruh ’umuza ve memleketimize hayırlı olsun. 👏  Yollarımız güzelleştikçe hemşerilerimizin yüzleri de gülmeye devam ediyor. 🧑‍🌾  #siirt genelinde 100 km’nin üzerinde tamamladığımız BSK asfalt yollarımızı, İl Özel İdaremize ait şantiyemizde kendi mühendislerimizin, teknik personelimizin ve işçilerimizin emeğiyle yapmış olmanın haklı gururunu yaşıyoruz. 🌟  Yatırımlarımız sayesinde ulaşım konforu ve güvenliği artarken, köylerimizin sosyal ve ekonomik hayatına da yeni bir ivme kazandırıyoruz. 📈  Bu yatırımların hayata geçirilmesinde bizlere her zaman destek veren Cumhurbaşkanımız Sayın Recep Tayyip Erdoğan’a, tüm bakanlarımıza, Milletvekilimiz Sayın @mervangul56 ’ya, ilçe kaymakamlarımıza, AK Parti İl Başkanımıza, İl Genel Meclisi başkan ve üyelerimize, İl Özel İdaresi Genel Sekreteri ve ekibine, muhtarlarımıza, desteklerini esirgemeyen tüm siyasi parti ve sivil toplum kuruluşlarına ve emeği geçen tüm mesai arkadaşlarıma şükranlarımı sunuyorum.  Yolumuz güzel 👍 Çizgimiz net 🇹🇷  @tcicisleri @iletisim  #canlabaşla #türkiyeyüzyılı #terörsüztürkiye #durmakyokyoladevam #durmadanduraksamadan 🇹🇷;5670
https://www.instagram.com/p/DRpFNBnDIz-/;Reels;88;1;3129;2025-11-29 16:23:51;https://scontent.cdninstagram.com/v/t51.71878-15/588938785_1475060696888714_3823595372659285304_n.jpg?stp=dst-jpg_e15_tt6&_nc_cat=108&ig_cache_key=Mzc3NjU3MjY0Nzg0MTUwMDQxNA%3D%3D.3-ccb7-5&ccb=7-5&_nc_sid=58cdad&efg=eyJ2ZW5jb2RlX3RhZyI6InhwaWRzLjY0MHgzNjIuc2RyLkMzIn0%3D&_nc_ohc=m5kzYfRo3-QQ7kNvwHxmVIp&_nc_oc=AdlW5aCX_dzAQN5TW2MzMhQHkry2YVXLaIQsc4pK3w4H827-9n0-rOGTq_jGftFG0sY&_nc_ad=z-m&_nc_cid=0&_nc_zt=23&_nc_ht=scontent.cdninstagram.com&_nc_gid=3RDzBuPJO22SmB7NL9mTTw&oh=00_AfimDyPf6cXHIAl7SAdsCQM_IYFhmdHN9SPrg_pFTpi4Qg&oe=6931162F;#siirt ’imizin #kanal7 ekranlarında canlı olarak tanıtılacağı programı hep birlikte izlemeye davet ediyorum. #siirtikeşfet 🇹🇷  📺 30 Kasım Pazar ⏰ 16:20;
https://www.instagram.com/p/DRpA-frjI7d/;Photo;117;0;0;2025-11-29 15:45:47;https://scontent.cdninstagram.com/v/t51.82787-15/589570885_18074063408340029_5240299928378552293_n.jpg?stp=dst-jpg_e35_tt6&_nc_cat=106&ig_cache_key=Mzc3NjU1NDA1NzE1MTA1NzYyOQ%3D%3D.3-ccb7-5&ccb=7-5&_nc_sid=58cdad&efg=eyJ2ZW5jb2RlX3RhZyI6InhwaWRzLjE0NDB4ODEwLnNkci5DMyJ9&_nc_ohc=4yyoobm_3QcQ7kNvwHvzu6c&_nc_oc=AdmSWKk2ltn8RjoLB0Hr3TBMcBN2D1Cv8iA-x77J7bloOODMvNuVWze89Bl7MSnzd0Q&_nc_ad=z-m&_nc_cid=0&_nc_zt=23&_nc_ht=scontent.cdninstagram.com&_nc_gid=3RDzBuPJO22SmB7NL9mTTw&oh=00_Afg-EL_z6BMzW_CA1ObcmBlRh-zCLUXGIE8DxfLVkBLmTw&oe=693106C4;"Milletimizin başı sağ olsun 🇹🇷  Görev başında geçirmiş oldukları trafik kazası sonucu Şehit olan #Manisa Bölge Trafik Denetleme Şube Müdürlüğü kadrosunda görevli Polis Memurları Hatice Ünal ve Ali Barut’a Allah’tan rahmet; ailelerine, Kahraman Emniyet Teşkilatımıza ve Milletimize başsağlığı diliyoruz.  Ruhları şâd, makamları âli  olsun 🤲  @dr.kemalkizilkaya";
https://www.instagram.com/p/DRl25xgjNzo/;Carousel;155;0;0;2025-11-28 10:20:02;https://scontent.cdninstagram.com/v/t51.82787-15/588151221_18377508490149072_7039200228310409537_n.webp?_nc_cat=105&ig_cache_key=Mzc3NTY2NTMyMjMyNjc5Mjk0Ng%3D%3D.3-ccb7-5&ccb=7-5&_nc_sid=58cdad&efg=eyJ2ZW5jb2RlX3RhZyI6InhwaWRzLjE0Mzd4ODExLnNkci5DMyJ9&_nc_ohc=9UcB0TvarggQ7kNvwHB6B5p&_nc_oc=AdmU2EhcOV7amHN5vFOtwO0IgdcSNYLq2wEiwMAc8Tzav0UknjTzQPnCX47kaPymgp4&_nc_ad=z-m&_nc_cid=0&_nc_zt=23&_nc_ht=scontent.cdninstagram.com&_nc_gid=3RDzBuPJO22SmB7NL9mTTw&oh=00_AfhBd3mBk5JTe_9UGjzmlzV3j5GGKKnwV8bddUyOpnKnxA&oe=693111F0;Siirt’imize Modern Sebze-Meyve Hali Kazandırılıyor!  Valimiz ve Belediye Başkan V. Sayın Dr. Kemal Kızılkaya, #Siirt Sebze ve Meyve Hali Komisyoncuları Dernek Başkanı Halit Aydar ve beraberindeki heyeti makamında kabul etti.  Görüşmede, mevcut sebze halinin artık ihtiyaca cevap veremediğini belirten Vali Kızılkaya, modern bir sebze halinin kurulmasının zorunlu bir ihtiyaç haline geldiğini ifade etti.   Vali Kızılkaya, imar ve yer tahsisi işlemlerinin tamamlandığını, proje ihalesine çıkıldığını ve sürecin yakından takip edildiğini, yeni sebze halinin şehir dışına taşınarak, Siirt–Eruh çevre yolu Gökçebağ beldesi kavşağında, şehirler arası otogarın karşısında bulunan 26.900 m² alan üzerine inşa edilmesi yönünde çalışmaların sürdüğünü ifade etti.  Vali Kızılkaya, 'Yeni Sebze-Meyve Hali Projesi'nin #Siirt ekonomisine ve esnafımıza önemli katkılar sağlayacağını belirterek, bu çalışmalarla kentin ticari altyapısını güçlendirmeyi hedeflediklerini sözlerine ekledi.  Dernek Başkanı Halit Aydar, #Siirt ’in yeni ve modern bir sebze haline kavuşması için projeye verilen destekten duydukları memnuniyeti dile getirerek, Sebze Hali esnafları adına Sayın Valimize teşekkür etti.  #CanlaBaşla #BaşımGözümÜstüne  #DurmadanDuraksamadan🇹🇷;
https://www.instagram.com/p/DRlyiFoDPYA/;Carousel;56;0;0;2025-11-28 09:41:51;https://scontent.cdninstagram.com/v/t51.82787-15/589247444_18377506300149072_6247599828203857599_n.jpg?stp=dst-jpg_e15_tt6&_nc_cat=108&ig_cache_key=Mzc3NTY0NTk3NTAwOTA3ODc0NQ%3D%3D.3-ccb7-5&ccb=7-5&_nc_sid=58cdad&efg=eyJ2ZW5jb2RlX3RhZyI6InhwaWRzLjQ4MHg2NDAuc2RyLkMzIn0%3D&_nc_ohc=Azl9etrP8I4Q7kNvwEL2NPB&_nc_oc=Adl4niXsrEDK5NSJsxr5iX6lD5Cn9VizSUH95VlAxVZ_pzMpG2eun_n_NcQ3ieo-R60&_nc_ad=z-m&_nc_cid=0&_nc_zt=23&_nc_ht=scontent.cdninstagram.com&_nc_gid=3RDzBuPJO22SmB7NL9mTTw&oh=00_Afj1QwnF2ah7YIYHA2sFGZ4DZjheTOaXEyWu6L_0HRRu5g&oe=69311A73;“Temiz Bir Kent ve Sağlıklı Bir Çevre” için başlattığımız #TemizlikSeferberliği kapsamında her hafta yaptığımız gibi bir mahallemizde #Cuma günün ilk ışıkları ve bereketiyle okul çevreleri, cadde ve sokaklarda yürüttüğümüz temizlik çalışmalarımız hız kesmeden devam ediyor.💦🌪️🧹  📍Çal Mahallesi   #Siirt  #CanlaBaşla  #BaşımGözümÜstüne  #DurmadanDuraksamadan 🇹🇷;
https://www.instagram.com/p/DRjoFecDP0m/;Photo;90;0;0;2025-11-27 13:32:05;https://scontent.cdninstagram.com/v/t51.82787-15/587549890_18073873121340029_8080447482336618384_n.jpg?stp=dst-jpg_e35_tt6&_nc_cat=101&ig_cache_key=Mzc3NTAzNzIxMDgwNzMwMzQ2Mg%3D%3D.3-ccb7-5&ccb=7-5&_nc_sid=58cdad&efg=eyJ2ZW5jb2RlX3RhZyI6InhwaWRzLjE0NDB4MTIwMC5zZHIuQzMifQ%3D%3D&_nc_ohc=liWLIPHFgcUQ7kNvwFM_bKy&_nc_oc=Adls52LLz0p7UpWa7vYaMmnlkWnUbiMdwwa_OYK79cVX8uTpUsZRHdA0nduR_t4vXEo&_nc_ad=z-m&_nc_cid=0&_nc_zt=23&_nc_ht=scontent.cdninstagram.com&_nc_gid=3RDzBuPJO22SmB7NL9mTTw&oh=00_Afi2C4mDIPBW-fEpFSSVgQ-gNjdfcOKrVo2mULYKZorucw&oe=693114F2;Valimiz Sayın @dr.kemalkizilkaya , Diyarbakır Basın İlan Kurumu Bölge Müdürü olarak atanan Murat Yürekli’yi makamında kabul etti.  Sayın Valimiz, müdürümüze yeni görev yerinde başarılar diledi.  📍#Siirt Valiliği;
https://www.instagram.com/p/DRfOqBejIiC/;Reels;234;1;9919;2025-11-25 20:34:38;https://scontent.cdninstagram.com/v/t51.71878-15/587554548_4004113236401310_1098830200821429586_n.jpg?stp=dst-jpg_e15_tt6&_nc_cat=103&ig_cache_key=Mzc3Mzc5OTQ3MzIxNTIxMTY1MA%3D%3D.3-ccb7-5&ccb=7-5&_nc_sid=58cdad&efg=eyJ2ZW5jb2RlX3RhZyI6InhwaWRzLjY0MHgxMTM2LnNkci5DMyJ9&_nc_ohc=RnkVR1R5G_0Q7kNvwGa5fKd&_nc_oc=Adk1450VdT4Bby4t9bHtAVogafWHCE9E3OzqWKmxLe-eWX3PXKrgmhC1oTGktCtKAVY&_nc_ad=z-m&_nc_cid=0&_nc_zt=23&_nc_ht=scontent.cdninstagram.com&_nc_gid=3RDzBuPJO22SmB7NL9mTTw&oh=00_Afhu96kuLj0T9HMLu1GPRbLTw5539v5YLi0-yalgq0aaMg&oe=69310323;🟧 Fark etmek, DUR demektir. #i̇şaretifarket   Kadınlarımızın güvenliği için devletimizin tüm imkânlarıyla yanındayız.  📱 Tüm vatandaşlarımızı, hayat kurtaran #KADES uygulamasını aktif şekilde kullanmaya davet ediyorum.  📲 KADES “Tek tuşla şiddetin karşısında, kadınların yanında.”  🔗 apps.apple.com/tr/app/kades/i…  🔗 play.google.com/store/apps/det…  @tcicisleri @tcailesosyal   #siirt  #şiddetesıfırtolerans #kadınaşiddetlemücadelegünü;
https://www.instagram.com/p/DRe-MZ5DJzb/;Carousel;304;0;0;2025-11-25 18:09:04;https://scontent.cdninstagram.com/v/t51.82787-15/587771283_18073714475340029_1463478805924528734_n.jpg?stp=dst-jpg_e35_tt6&_nc_cat=107&ig_cache_key=Mzc3MzcyNzA2MzQ2Mzk4OTEyMA%3D%3D.3-ccb7-5&ccb=7-5&_nc_sid=58cdad&efg=eyJ2ZW5jb2RlX3RhZyI6InhwaWRzLjE0NDB4OTYwLnNkci5DMyJ9&_nc_ohc=29Uv8qhfP78Q7kNvwEAuH9R&_nc_oc=AdnBbrn8MM8codyJ4Oa_R0fH6nC3hRgONT11YubAdANWQrxedGcol37HMvOxFF3dlxA&_nc_ad=z-m&_nc_cid=0&_nc_zt=23&_nc_ht=scontent.cdninstagram.com&_nc_gid=3RDzBuPJO22SmB7NL9mTTw&oh=00_AfhPsC7zKTNz62p9rRoVkwII9VLzTnuaSAo_ejJ8dmEJNQ&oe=69312926;Valimiz ve Belediye Başkan V. Sayın @Dr_KemalKzlkaya ve eşi Hanımefendi Nurten Kızılkaya, İl Müftülüğümüz ve Türkiye Diyanet Vakfı #Siirt Şubesi tarafından Gazze yararına açılan “Hayır Çarşısı”nı ziyaret ederek desteklerini iletti.  📍 Siirt’in Filistin’e olan güçlü dayanışması bir kez daha ortaya kondu.  Sayın Valimiz, duyarlılık gösteren tüm kurumlarımıza ve hayırsever hemşehrilerimize teşekkür ederek:  “Siirt halkının Filistin’e yönelik derin hassasiyeti ve yardımseverliğine bugün bir kez daha hep birlikte şahitlik ettik. Allah emeği geçen ve katkı sunan hemşehrilerimizden razı olsun.” ifadelerini kullandı.🇹🇷 🇵🇸;
https://www.instagram.com/p/DRe08rkjFvC/;Carousel;125;0;0;2025-11-25 16:48:17;https://scontent.cdninstagram.com/v/t51.82787-15/588436282_18073707197340029_199357365007735748_n.jpg?stp=dst-jpg_e35_tt6&_nc_cat=109&ig_cache_key=Mzc3MzY4NjM5NjUyNDIxNDQyMg%3D%3D.3-ccb7-5&ccb=7-5&_nc_sid=58cdad&efg=eyJ2ZW5jb2RlX3RhZyI6InhwaWRzLjE0NDB4OTYwLnNkci5DMyJ9&_nc_ohc=NLfTHM0OHHQQ7kNvwGFn86z&_nc_oc=AdngY_RstkSkgLEc-W1Ll3ziUnl3c6IbTMaiE3pxEVjVrN-zfUtAQJnLehtL0BqqHSo&_nc_ad=z-m&_nc_cid=0&_nc_zt=23&_nc_ht=scontent.cdninstagram.com&_nc_gid=3RDzBuPJO22SmB7NL9mTTw&oh=00_AfhBt2eVusrt54O18v2bTcctGoNsUp1NTEAmJaZ6HBfz1g&oe=69310576;"🟧Fark etmek, DUR demektir. #İşaretiFarket   Valimiz Sayın @dr.kemalkizilkaya ve eşi Hanımefendi Nurten Kızılkaya, ‘Kadına Yönelik Şiddete Karşı Uluslararası Mücadele Günü’ kapsamında #Siirt Aile ve Sosyal Hizmetler Müdürlüğü tarafından düzenlenen programa katıldı.  Kadına yönelik şiddetin her türlüsünü insanlığa ihanet olarak gördüklerini belirten Vali Kızılkaya konuşmasında; “Kadına yönelik şiddetin toplumun ortak yarası olduğunu, şiddetin hiçbir gerekçeyle kabul edilemeyeceğini ve devletin kadınların yanında olmaya kararlılıkla devam ettiğini belirtti. 🛑  Kadınlarımızın güvenliği, onuru ve güçlü yarınlara umutla bakması için çalışmaların aralıksız sürdürüldüğünü ifade eden Vali Kızılkaya, tüm vatandaşları #KADES başta olmak üzere güvenlik ve destek mekanizmalarını etkin şekilde kullanmaya davet etti. 📱  Etkinlikte, şiddete karşı farkındalık oluşturmak amacıyla hazırlanan oratoryo gösterimi ve “Portre” adlı tiyatro oyunu sahnelendi. 🎭   @tcicisleri  @tcailesosyal  #KADES #ŞiddeteSıfırTolerans #KadınaŞiddetleMücadeleGünü";
https://www.instagram.com/p/DRdxxY4CBWh/;Photo;62;0;0;2025-11-25 07:01:17;https://scontent.cdninstagram.com/v/t51.82787-15/583840630_18073669817340029_5498465324296759953_n.jpg?stp=dst-jpg_e35_tt6&_nc_cat=107&ig_cache_key=Mzc3MzM5MDk2MTA0OTYwNTUzNw%3D%3D.3-ccb7-5&ccb=7-5&_nc_sid=58cdad&efg=eyJ2ZW5jb2RlX3RhZyI6InhwaWRzLjY4MHg2ODAuc2RyLkMzIn0%3D&_nc_ohc=_2lypTL39nIQ7kNvwFdlYjw&_nc_oc=Adls96wvvWMB2UF9iFWgWhq0L5a1bwUxSLWiMsGYmFaz9xzkF2WzPOT01KqLTXhVAUQ&_nc_ad=z-m&_nc_cid=0&_nc_zt=23&_nc_ht=scontent.cdninstagram.com&_nc_gid=3RDzBuPJO22SmB7NL9mTTw&oh=00_AfimHkrB1avxvjhOJbMN7nBikcV1jA1YkAmjVd4F3MbI0Q&oe=69311A01;"❝Kadına şiddet insanlığa ihanettir.❞   25 Kasım Kadına Yönelik Şiddete Karşı Uluslararası Mücadele Günü’nde;  ❌ Şiddetin Karşısında 🌺 Kadınların Yanındayız. ✋ #KadınaElKalkamaz  📲 #KADES “Tek tuşla şiddetin karşısında kadınların yanında” ✅  🔗 https://apps.apple.com/tr/app/kades/id1360309770  🔗 https://play.google.com/store/apps/details?id=tr.gov.egm.kades  @tcicisleri @tcailesosyal @dr.kemalkizilkaya";
https://www.instagram.com/p/DRctzrRDLDX/;Reels;137;0;6225;2025-11-24 21:12:04;https://scontent.cdninstagram.com/v/t51.71878-15/587351797_3132392906930459_7883184308663004469_n.jpg?stp=dst-jpg_e15_tt6&_nc_cat=104&ig_cache_key=Mzc3MzA5MjA1MTA3Mjg4OTA0Nw%3D%3D.3-ccb7-5&ccb=7-5&_nc_sid=58cdad&efg=eyJ2ZW5jb2RlX3RhZyI6InhwaWRzLjY0MHgzNjAuc2RyLkMzIn0%3D&_nc_ohc=hqp0dfSO8BgQ7kNvwEqJuaI&_nc_oc=AdloVye3SiqcB2Z1P9gBAXuE0xr6YKtV18NnJ3zDCXNAa_7qtO-Y3mFQKJRsxzwkzec&_nc_ad=z-m&_nc_cid=0&_nc_zt=23&_nc_ht=scontent.cdninstagram.com&_nc_gid=3RDzBuPJO22SmB7NL9mTTw&oh=00_AfjtuCdO85aBMoxMycaKxqNq1FeN4knyt4ThSIcKX5GiEw&oe=69312C0C;"🇹🇷 24 Kasım Öğretmenler Günü Kutlu Olsun💐  #Siirt İl #Jandarma Komutanlığımız tarafından görevlendirilen ekiplerimiz, 24 Kasım Öğretmenler Günü kapsamında sorumluluk alanında il genelindeki tüm okulları ziyaret ederek öğretmenlerimizin bu anlamlı gününü tebrik etti.  📍 Bu kapsamda 297 okul jandarma ekiplerimiz tarafından ziyaret edildi.  Cumhuriyetimizin kurucusu, Başöğretmenimiz Gazi Mustafa Kemal Atatürk başta olmak üzere, görevi başındayken şehit olan ve ebediyete irtihal eden tüm öğretmenlerimizi rahmet, minnet ve şükranla yâd ediyor, ülkemizin dört bir yanında büyük bir özveriyle görev yapan tüm öğretmenlerimize sağlık, mutluluk ve başarılar diliyoruz.”  ❝Öğretmenler; yeni nesil sizin eseriniz olacaktır.❞ — Gazi Mustafa Kemal Atatürk 🇹🇷  @tcicisleri @jandarma @dr.kemalkizilkaya   #24Kasım #ÖğretmenlerGünü";
https://www.instagram.com/p/DRb3gctDDKO/;Carousel;142;0;0;2025-11-24 13:12:55;https://scontent-fra5-2.cdninstagram.com/v/t51.82787-15/588432790_18073600286340029_2396150724985174692_n.jpg?stp=dst-jpg_e35_tt6&_nc_cat=107&ig_cache_key=Mzc3Mjg1MzIxNzkyNDAwOTcyMw%3D%3D.3-ccb7-5&ccb=7-5&_nc_sid=58cdad&efg=eyJ2ZW5jb2RlX3RhZyI6InhwaWRzLjg0N3g1MjQuc2RyLkMzIn0%3D&_nc_ohc=FNg3Y3Pqw3kQ7kNvwFqefXe&_nc_oc=Adnhfqc0K0G_p4FnzbIFmGniJfr0yUZLwq013erCRHhegNQSV1rfpjJre98IVIlFH0yCA8dvmPl4hJShxDf_9KgR&_nc_ad=z-m&_nc_cid=0&_nc_zt=23&_nc_ht=scontent-fra5-2.cdninstagram.com&_nc_gid=bRy2TzeLBiMFiWovwNnZcg&oh=00_AfjNuFCxmX83F2lgm97gGP4eA2t_zIwkJJbHdfR4NT5fIw&oe=693118D1;🇹🇷 Sevgi, emek ve özveriyle yarınlarımızı inşa eden kıymetli öğretmenlerimize minnettarız! ✨  Valimiz Sayın @dr.kemalkizilkaya , eşi Hanımefendi Nurten Kızılkaya, il protokolü, öğretmenler, öğrenciler ve vatandaşlarımızın katılımıyla 24 Kasım Öğretmenler Günü programı gerçekleştirildi.  Programda hitap eden Vali Kızılkaya,�”Öğretmenlik sadece bir meslek değil, medeniyetimizin değerlerini geleceğe taşıyan bir sevda yolculuğudur. Eğitime yapılan her yatırım milletimizin geleceğine yapılan en değerli yatırımdır. Öğretmenlerimizin yanında olmaya devam edeceğiz.” ifadelerini kullandı. 🌹📚  📖 Şiirler, 🏆 ödüller, 🕺halk dansları ve 🎶 müzik dinletisiyle renklenen program, emekliye ayrılan öğretmenlere ‘Hizmet Şeref Belgeleri’nin Sayın Valimiz tarafından takdim edilmesiyle sona erdi.  📚 Her öğrencinin yüreğine dokunan, ülkemizin dört bir yanında fedakârca görev yapan tüm öğretmenlerimize gönülden teşekkür ediyor, #TürkiyeYüzyılı’nın mimarları olarak başarılar diliyoruz.  🇹🇷 24 Kasım Öğretmenler Günü Kutlu Olsun 👏  #ÖğretmenlerGeleceğimizdir 💐;
https://www.instagram.com/p/DRZUtQWDFmH/;Reels;1045;6;50169;2025-11-23 13:34:48;https://scontent-fra3-1.cdninstagram.com/v/t51.71878-15/587222262_1356670049289027_6950735125815528813_n.jpg?stp=dst-jpg_e15_tt6&_nc_cat=108&ig_cache_key=Mzc3MjEzNzIzMzc1NTk1MzU0Mw%3D%3D.3-ccb7-5&ccb=7-5&_nc_sid=58cdad&efg=eyJ2ZW5jb2RlX3RhZyI6InhwaWRzLjY0MHgzNjAuc2RyLkMzIn0%3D&_nc_ohc=bsCj50NHRW0Q7kNvwFQltc3&_nc_oc=Adl1l_RiOBmHq2V9W8ya0pG3InqlPQAfGcv8cIa3I10VqGlpnYCzjZb_2MX9gsfGG7iEToiDCfbII3OlRyjNC-3b&_nc_ad=z-m&_nc_cid=0&_nc_zt=23&_nc_ht=scontent-fra3-1.cdninstagram.com&_nc_gid=bRy2TzeLBiMFiWovwNnZcg&oh=00_AfhiRihaVJ7X58zWunHWrDLpw-enqPdzIpVLyrv4XlEiOg&oe=693105C6;#siirt ’imizin #trt1 ekranlarında canlı olarak tanıtılacağı programı hep birlikte izlemeye davet ediyorum. #siirtikeşfet 🇹🇷  📺 25 Kasım Salı ⏰ 10:30  #alişanlahayatagülümse;
https://www.instagram.com/p/DRZS1gSDE65/;Carousel;369;0;0;2025-11-23 13:14:00;https://scontent-fra3-1.cdninstagram.com/v/t51.82787-15/587732265_18073506797340029_1194525659656711470_n.jpg?stp=dst-jpg_e35_tt6&_nc_cat=105&ig_cache_key=Mzc3MjEyODk5NDIzMDMyOTEyMg%3D%3D.3-ccb7-5&ccb=7-5&_nc_sid=58cdad&efg=eyJ2ZW5jb2RlX3RhZyI6InhwaWRzLjEwNjd4NzEyLnNkci5DMyJ9&_nc_ohc=jEEU82u8jHIQ7kNvwGhpwjh&_nc_oc=Adl6bImZbNbbkCAYO1JJXI0U_3KCkN3XEQZHkPveAdh8IW9hJBXXvb8Y6jCiBvmHg8uCSRWp_c9gcYHfBJT_fs3i&_nc_ad=z-m&_nc_cid=0&_nc_zt=23&_nc_ht=scontent-fra3-1.cdninstagram.com&_nc_gid=bRy2TzeLBiMFiWovwNnZcg&oh=00_AfhqfRRZ0Om1cm_zltELv7TjxnfPxhCcLQ3WI76HtC8p0A&oe=69311434;"💫24 Kasım Öğretmenler Günü’ Münasebetiyle Kıymetli Öğretmenlerimizle Bir Araya Geldik! 🌹  Valimiz Sayın @dr.kemalkizilkaya ve eşi Hanımefendi Nurten Kızılkaya, #Siirt Öğretmenevi’nde düzenlenen etkinlikte öğretmenlerimizle bir araya geldi.   Öğretmenlerimize karanfil takdim ederek günlerini kutlayan Vali Kızılkaya, öğretmenlik mesleğinin kutsallığına ve toplumun geleceğini inşa etmedeki önemine dikkat çekti.   🎙️”Sizler; sevgi, emek ve özveri ile evlatlarımızın geleceğini şekillendiren, onların hayatlarına ışık tutan, yaşam yolculuklarında birer kurtarıcı, birer rehbersiniz.  Eğitime verilen her emeğin milletimizin geleceğine yapılmış en değerli yatırım olduğu bilinciyle, öğretmenlerimizin yanında olmaya devam edeceğiz”  📚 Eğitim için hep birlikte daha güzel yarınlara❗️  📍Siirt Öğretmenevi  #ÖğretmenlerGünüKutluOlsun 💐";
https://www.instagram.com/p/DRU--fpjMIQ/;Reels;132;2;9452;2025-11-21 21:04:57;https://scontent-fra5-2.cdninstagram.com/v/t51.71878-15/584312581_4143738959270008_367112332344254814_n.jpg?stp=dst-jpg_e15_tt6&_nc_cat=107&ig_cache_key=Mzc3MDkxNTc2MTQ5MDI4MDk3Ng%3D%3D.3-ccb7-5&ccb=7-5&_nc_sid=58cdad&efg=eyJ2ZW5jb2RlX3RhZyI6InhwaWRzLjY0MHgxMTM2LnNkci5DMyJ9&_nc_ohc=eHew0nqcGu0Q7kNvwH-rpJf&_nc_oc=AdlzPnUnZed2Ijsc-s42Ot11OaYZIcnQKldI4Q59Sm-tSLjd-BIgsxyWn1JdggR4WtuxHQ4k6KAXpKeAix-61IqH&_nc_ad=z-m&_nc_cid=0&_nc_zt=23&_nc_ht=scontent-fra5-2.cdninstagram.com&_nc_gid=bRy2TzeLBiMFiWovwNnZcg&oh=00_AfjhatUP9t6sDBsouGgJNnCErb8ryK0Y5lTdcHX-CViaSw&oe=693120EA;"🇹🇷 Tarım kenti #siirt , üretim gücüyle her geçen gün büyüyor, güçleniyor.  @tarimgovtr Bakanlığımız ve Valiliğimizin destekleriyle 2025 yılı Kırsal Kalkınma Yatırımları Programı kapsamında;  📌 114 proje desteklendi. 📌 268 milyon TL yatırım yapıldı. 📌 61’i kadın olmak üzere 118 kişiye istihdam sağlandı.  Arıcılıktan modern sulamaya, yenilenebilir enerjiden kovan desteğine kadar üreticilerimizin yanında olduk. IPARD ve Valiliğimiz projeleriyle bu yıl 18 bin kovanı daha üreticilerimize teslim ettik.  Siirt’te üreticimizin gelişimi, sağladığımız desteklerin ve modern ekipmanların etkisiyle açıkça görüldü.   Eskiden yaylada barınmak için çadır sıkıntısı yaşayan gezginci arıcılarımız, bugün güneş enerjisi destekli karavanlar, üretim makineleri ve termo kovanlarla çalışıyor.⛺️🚐  👨‍🌾 Son iki yılda verilen destekler ve çiftçimizin gayreti sayesinde Siirt, bal üretiminde Türkiye’de 8’inci sıradan 5’inci sıraya yükseldi.📈  Devletimizin üretime ve istihdama yönelik destekleri artarak devam edecek.  🐝 Arı gibi çalışkan, bal gibi bereketli üreticilerimize teşekkür ediyor; helal, hayırlı ve bereketli kazançlar diliyorum. 🤲  @iletisim @tcicisleri  #canlabaşla  #türkiyeyüzyılı  #siirttarımşehri  #terörsüztürkiye  #durmadanduraksamadan";
https://www.instagram.com/p/DRUg784jLxM/;Carousel;188;0;0;2025-11-21 16:41:01;https://scontent-fra3-1.cdninstagram.com/v/t51.82787-15/584404005_18073339661340029_1911138237197308170_n.jpg?stp=dst-jpg_e35_tt6&_nc_cat=105&ig_cache_key=Mzc3MDc4MzYzMzE4ODM0MzYzOA%3D%3D.3-ccb7-5&ccb=7-5&_nc_sid=58cdad&efg=eyJ2ZW5jb2RlX3RhZyI6InhwaWRzLjEwNjZ4NzExLnNkci5DMyJ9&_nc_ohc=nbqrCJdKx2kQ7kNvwEU35e9&_nc_oc=AdntxeINmJPwp4MQ2ihnqCmpp9rnobkvN9UF8-MP8JWO4E-OikkLFkL1XwWScYmLgOXtFFDuIiPTtRACMZFCRfAf&_nc_ad=z-m&_nc_cid=0&_nc_zt=23&_nc_ht=scontent-fra3-1.cdninstagram.com&_nc_gid=bRy2TzeLBiMFiWovwNnZcg&oh=00_AfgXKS4QxthwUpaugIhEGV6ZgaXnqXj-aLsp9BhHat2TcQ&oe=693131C8;"Devletimiz, Her Daim Üreticilerimizin ve Çiftçilerimizin Yanında 🇹🇷  Valimiz Sayın @dr.kemalkizilkaya , AK Parti #Siirt İl Başkanı Sn. Av. Bahri Caner Özturan,  kurum müdürlerimiz ile arı ve bal üreticilerimizin katılımıyla; Kırsal Kalkınma Yatırımlarının Desteklenmesi Programı kapsamında arıcılık malzemeleri, ekipman ve hibe destekleri törenle üreticilerimize teslim edildi. 🐝🍯  Törende hitap eden Vali Kızılkaya: “Siirt’imizin kalkınma lokomotifi tarım, hayvancılık ve turizmdir. Tarım ve hayvancılığın geliştirilmesi için Tarım Bakanlığımızın himayelerinde yürüttüğümüz projelerle üreticilerimizi desteklemeye devam ediyoruz” dedi.  Vali Kızılkaya, 2025 yılı Kırsal Kalkınma Yatırımları Programı kapsamında; ✅1⃣1⃣4⃣ projenin desteklendiğini, ✅2⃣6⃣8⃣ milyon TL yatırım gerçekleştirildiğini, ✅61’i kadın olmak üzere 1⃣1⃣8⃣ kişiye istihdam sağlandığını ifade etti.  Arıcılık ekipmanlarından modern sulama projelerine, yenilenebilir enerji yatırımlarından kovan desteklerine kadar geniş bir yelpazede üreticilere katkı sunulduğunu belirten Vali Kızılkaya, ayrıca IPARD ve Valiliğimiz projeleriyle 18 binden fazla arı kovanının üreticilerimize teslim edildiğini söyledi.  Siirt’in bereketine bereket katan tüm üreticilerimize teşekkür ediyor, hayırlı ve bereketli bir sezon diliyoruz.  @tarimgovtr  #SiirtTarımŞehri";
https://www.instagram.com/p/DRUX9YWDI0X/;Carousel;165;0;0;2025-11-21 15:22:34;https://scontent-fra3-2.cdninstagram.com/v/t51.82787-15/583437109_18073333754340029_1501168579482322380_n.jpg?stp=dst-jpg_e35_tt6&_nc_cat=104&ig_cache_key=Mzc3MDc0NDE1MTA3MjMxNDQxMA%3D%3D.3-ccb7-5&ccb=7-5&_nc_sid=58cdad&efg=eyJ2ZW5jb2RlX3RhZyI6InhwaWRzLjE0NDB4OTYwLnNkci5DMyJ9&_nc_ohc=ffJ2lq-Zi2cQ7kNvwGm2fMO&_nc_oc=AdkPjv_s-1lNfKTx5M_mr_b_vrKV0RxEFbEJvNyo3mSYXJiKV8YtmOhOucTF-rSjdmA4nEMy-o7jC56W8VtBJVQf&_nc_ad=z-m&_nc_cid=0&_nc_zt=23&_nc_ht=scontent-fra3-2.cdninstagram.com&_nc_gid=bRy2TzeLBiMFiWovwNnZcg&oh=00_AfjULmfFkS1iMVfvAnQsVbccmzlLIQVZgFzN5eajX2OeRA&oe=69311553;Valimiz ve Belediye Başkan V. Sayın @dr.kemalkizilkaya , Cuma namazı sonrası Cumhuriyet Caddesi’nde esnaf ve vatandaşlarımızla bir araya geldi.  Hemşehrilerimizin hal hatırını soran, talep ve önerilerini dinleyen Vali Kızılkaya, Cuma bereketinin şehrimize huzur, birlik ve kolaylıklar getirmesini diledi.  Esnafımıza bereketli kazançlar temennisinde bulunan Vali Kızılkaya, “Birlik, beraberlik ve kardeşlik mesajları vererek, her zaman  vatandaşımızın yanındayız.”   #BirizBeraberiz 🇹🇷 #Siirt;
https://www.instagram.com/p/DRToySYjBah/;Carousel;80;0;0;2025-11-21 08:30:21;https://scontent-fra3-1.cdninstagram.com/v/t51.82787-15/583866089_18376809286149072_6506076710603725965_n.jpg?stp=dst-jpg_e15_tt6&_nc_cat=108&ig_cache_key=Mzc3MDUzNjQ2MDUxMzIxNDg1NA%3D%3D.3-ccb7-5&ccb=7-5&_nc_sid=58cdad&efg=eyJ2ZW5jb2RlX3RhZyI6InhwaWRzLjcyMHg5NjAuc2RyLkMzIn0%3D&_nc_ohc=83frq_ySGL4Q7kNvwEQhiKW&_nc_oc=AdmMoVNlScUyWhS4HUq7fBVIbdvOEg8ze-I4H_tatkL6Btg28DBx-NqJW3HpKfuwxiPDdmHSTJuRzoK9XE-mq_zF&_nc_ad=z-m&_nc_cid=0&_nc_zt=23&_nc_ht=scontent-fra3-1.cdninstagram.com&_nc_gid=bRy2TzeLBiMFiWovwNnZcg&oh=00_Afjr-hBWjYdzlaO8-tM50M1mrNSI05DPMTGHE9_HJ7Uv5Q&oe=69310F2E;“Temiz Bir Kent ve Sağlıklı Bir Çevre” için başlattığımız #TemizlikSeferberliği kapsamında her hafta yaptığımız gibi bir mahallemizde #Cuma günün ilk ışıkları ve bereketiyle okul çevreleri, cadde ve sokaklarda yürüttüğümüz temizlik çalışmalarımız hız kesmeden devam ediyor.💦🌪️🧹  📍Dumlupınar Mahallesi   #Siirt  #CanlaBaşla  #BaşımGözümÜstüne  #DurmadanDuraksamadan 🇹🇷;
https://www.instagram.com/p/DRSv4rYDGpK/;Carousel;217;0;0;2025-11-21 00:13:09;https://scontent-fra3-2.cdninstagram.com/v/t51.82787-15/587776376_18073281215340029_2017934172903794465_n.jpg?stp=dst-jpg_e15_tt6&_nc_cat=104&ig_cache_key=Mzc3MDI4NTgwOTkxMjgyMjIxNw%3D%3D.3-ccb7-5&ccb=7-5&_nc_sid=58cdad&efg=eyJ2ZW5jb2RlX3RhZyI6InhwaWRzLjcyMHg5NjAuc2RyLkMzIn0%3D&_nc_ohc=2af1FGgSm7YQ7kNvwEYnbgC&_nc_oc=AdlahGeBu6Iy3ccJXNJb7QRkNf9FyyUF7mLGAWd4F9754Rl-86qCfcqmaZINdAR5qBsCAfZoEn9VjBToF0gzq1Xl&_nc_ad=z-m&_nc_cid=0&_nc_zt=23&_nc_ht=scontent-fra3-2.cdninstagram.com&_nc_gid=bRy2TzeLBiMFiWovwNnZcg&oh=00_AfilvJxOFPptBLf20ajaPbQ6eSR2RIUw2bf6pVDSqId4CA&oe=6931246E;"Aşkın Sen Hali” #Siirt’te Sanatseverlerle Buluştu! 🎭✨  #SiirtValiliği İl Kültür ve Turizm Müdürlüğü organizasyonuyla, Diyarbakır Devlet Tiyatrosu tarafından sahnelenen “Aşkın Sen Hali” tiyatro oyunu Siirtli sanatseverlere unutulmaz bir akşam yaşattı.  İl Milli Eğitim Müdürlüğü Konferans Salonu’nda sahnelenen oyunu; Valimiz Sayın @dr.kemalkizilkaya , eşi Hanımefendi Nurten Kızılkaya ve çok sayıda tiyatro sever izledi.  İki perdeden oluşan komedi türündeki oyun, müzikal yapısıyla izleyicilerden büyük beğeni topladı. 🎶👏  Gösteri sonunda tiyatro ekibini tebrik eden Vali Kızılkaya, Siirt’te kültür ve sanat etkinliklerini artırarak vatandaşlarımızla buluşturmaya devam edeceklerini ifade etti.  Diyarbakır Devlet Tiyatrosu yapımı oyunun yönetmeni M. Doğan Yağcı, yazarı Pervin Ünalp. Eserde dekor tasarımını Seyhan Kırca, kostüm tasarımını Ebru Culpınar, ışık tasarımını Hakan Özdemir, müzikleri Tarkan Erkan ve koreografiyi Sema Erkan üstlendi.  @tckulturturizm  #SiirtKültürŞehri 🎭";
https://www.instagram.com/p/DRSNbHYjF4Z/;Carousel;172;0;0;2025-11-20 19:12:01;https://scontent-fra5-1.cdninstagram.com/v/t51.82787-15/583624832_18073262252340029_3444128812700489774_n.jpg?stp=dst-jpg_e35_tt6&_nc_cat=102&ig_cache_key=Mzc3MDEzNDg2ODAzNTE2MDYyNQ%3D%3D.3-ccb7-5&ccb=7-5&_nc_sid=58cdad&efg=eyJ2ZW5jb2RlX3RhZyI6InhwaWRzLjE0NDB4MTAyNi5zZHIuQzMifQ%3D%3D&_nc_ohc=80HycHhu8ZoQ7kNvwGBfe_H&_nc_oc=AdnuoyBondU4ddQhIH4QXpsan2Uvsd5_B_caxmntCjx-pyJ8EcOfm35_pcOaUp3FEAxpV9vHFCgrs-XrbPOZZ5cG&_nc_ad=z-m&_nc_cid=0&_nc_zt=23&_nc_ht=scontent-fra5-1.cdninstagram.com&_nc_gid=bRy2TzeLBiMFiWovwNnZcg&oh=00_AfiVcySFYszp7GWNbnq6EUqje4nhTxK_dtfHgm3YBlkasQ&oe=6931243D;Şehit Ailelerimize Minnet Borçluyuz🇹🇷  Valimiz Sayın @dr.kemalkizilkaya ve eşi Hanımefendi Nurten Kızılkaya, 1990 yılında Şirvan Nallıkaya kırsalında şehit olan Güvenlik Korucusu Hüseyin Zorlu’nun kıymetli eşi Medine Zorlu’nun vefatı nedeniyle Şehit Zorlu Ailesi’ne taziye ziyaretinde bulundu.  Kıymetli şehidimizin çocukları ve yakınlarıyla konutlarında bir araya gelerek acılarını paylaşan Vali Kızılkaya, şehit ailemize sabır ve başsağlığı dileklerini iletti.  Merhumeye Cenab-ı Allah’tan rahmet diliyoruz.  Mekânı cennet olsun 🤲  @tcicisleri  #BirizBeraberiz 🇹🇷 #Siirt;
https://www.instagram.com/p/DRR-sEbjPsZ/;Carousel;207;0;0;2025-11-20 17:03:16;https://scontent-fra5-2.cdninstagram.com/v/t51.82787-15/583745261_18073250900340029_9093944804063215550_n.jpg?stp=dst-jpg_e15_tt6&_nc_cat=107&ig_cache_key=Mzc3MDA2ODU2Mjg0MTc0MzY2OQ%3D%3D.3-ccb7-5&ccb=7-5&_nc_sid=58cdad&efg=eyJ2ZW5jb2RlX3RhZyI6InhwaWRzLjcyMHg5NjAuc2RyLkMzIn0%3D&_nc_ohc=eNAUu6mcvzoQ7kNvwHgF3Fq&_nc_oc=Admost9Kd5loqI13hvQx7fP0Xs8Vru0KdZbq7KTqNuuamIj6NYc3CZRVfe9FsdXAe29_5NgvmZCQjUv6_4PecRsH&_nc_ad=z-m&_nc_cid=0&_nc_zt=23&_nc_ht=scontent-fra5-2.cdninstagram.com&_nc_gid=bRy2TzeLBiMFiWovwNnZcg&oh=00_Afh_EEVtgI18SCkyuw-VrEashnJ-izd-ptXqWjYg_z3ZMw&oe=69311E5C;Valimiz Sayın @dr.kemalkizilkaya ‘Şehir ve Kültür Akademisi’nin konuğu oldu.📚   Vali Kızılkaya, kıymetli öğretmenlerimizle “Şehir ve İnsan” ile ‘’Şehir ve İnsan, Şehir ve Kültür ve Unutulmaya Yüz Tutmuş El Sanatları”  üzerine keyifli bir söyleşi gerçekleştirdi.🌟  Öğretmenler Gününü kutlayarak sözlerine başlayan Vali Kızılkaya: “Zengin tarihsel birikimi, doğal güzellikleri ve inanç turizmiyle çok zengin bir medeniyet dokusuna sahip #Siirt, bir kardeşlik şehridir. Doğa, inanç ve kültürün buluştuğu bu kadim kent, huzur ve güven ikliminde gerçekleştirilen yatırımlarla cazibe merkezi olma yolunda hızla ilerliyor.”  Vali Kızılkaya, “Şehrimizi geleceğe hazırlarken kültürel kimliğimizi yaşatmak önceliğimizdir. El sanatlarını desteklemek, ustalarımızı teşvik etmek ve gençlerimizi bu alana yönlendirmek temel hedeflerimizdendir. Çünkü kültürü güçlü olan toplumların geleceği de güçlüdür.” İfadelerini kullandı.  🇹🇷Türkiye yüzyılı hedefleri doğrultusunda Siirt’imizin doğal ve beşeri kaynaklarını değerlendirerek, Siirt’imizi hak ettiği geleceğe taşımak için Milletimizin duası ve desteği ile var gücümüzle çalışıyoruz! 💪✨  📍Tarım ve Ağaç Müzesi  @tcmeb @siirtmem   #SiirtEğitimŞehri 🎓 #SiirtÖğretmenAkademisi 🏫;
https://www.instagram.com/p/DRR14SwjHH4/;Reels;97;0;4806;2025-11-20 15:47:58;https://scontent-fra5-2.cdninstagram.com/v/t51.71878-15/584363004_2041799966577694_3397321789606340720_n.jpg?stp=dst-jpg_e15_tt6&_nc_cat=106&ig_cache_key=Mzc3MDAzMTMyNzk4MzQ2NDk1Mg%3D%3D.3-ccb7-5&ccb=7-5&_nc_sid=58cdad&efg=eyJ2ZW5jb2RlX3RhZyI6InhwaWRzLjY0MHgzNjAuc2RyLkMzIn0%3D&_nc_ohc=BBs1B1wc-W8Q7kNvwGoQRxK&_nc_oc=Adl18ZdfP6htKZGHQaEG0E-90j2VTAmSME8qjeW9nz0aFXhxW--FeYx191_Zo-CPfHbicws1r8HaBRECDoF2lIFM&_nc_ad=z-m&_nc_cid=0&_nc_zt=23&_nc_ht=scontent-fra5-2.cdninstagram.com&_nc_gid=bRy2TzeLBiMFiWovwNnZcg&oh=00_AfgPA-EXlchZilzFBLzoy7H86bvgmLlEzTOqM9VeLP3RYA&oe=693131DF;"#Siirt Valiliği İl #Jandarma Komutanlığımız, 20 Kasım Dünya Çocuk Hakları Günü kapsamında sorumluluk bölgesindeki okullarda öğrencilerimizle bir araya gelerek farkındalık etkinlikleri gerçekleştirmiştir. 🎈📚  Etkinliklerde çocuklarımıza; 👧👦 Çocuk hakları 🚸 Trafik kuralları ve güvenli geçiş 🛑 Trafik işaretlerinin anlamları 🐾 Hayvan ve doğa sevgisi konularında bilgilendirme yapılmış, çeşitli aktivitelerle keyifli bir gün geçirmeleri sağlanmıştır.  Geleceğimizin teminatı çocuklarımız için özveriyle görev yapan tüm Jandarma personelimize teşekkür ediyoruz. 🇹🇷  @tcicisleri @jandarma @dr.kemalkizilkaya  #DünyaÇocukHaklarıGünü";
https://www.instagram.com/p/DRROYKEDD99/;Reels;155;0;13388;2025-11-20 10:02:44;https://scontent-fra3-1.cdninstagram.com/v/t51.71878-15/583420871_1476370706774906_5881372516808244445_n.jpg?stp=dst-jpg_e15_tt6&_nc_cat=103&ig_cache_key=Mzc2OTg1NzU5NTgwOTc0MjcxNw%3D%3D.3-ccb7-5&ccb=7-5&_nc_sid=58cdad&efg=eyJ2ZW5jb2RlX3RhZyI6InhwaWRzLjY0MHg1MTIuc2RyLkMzIn0%3D&_nc_ohc=rNGCs1t0NroQ7kNvwGdfF8x&_nc_oc=AdnII7xfDAKqt32INIJcSYeNhtfSQj9HC0Ukhe2nQZshV442vogi-KX_DdAV3OidF92AfMHaYmchkBnDPYUettRF&_nc_ad=z-m&_nc_cid=0&_nc_zt=23&_nc_ht=scontent-fra3-1.cdninstagram.com&_nc_gid=bRy2TzeLBiMFiWovwNnZcg&oh=00_AfjyoxYIK5dRtzSI2IwLJkijxxvNWo6yxu8fMT9vaJqC2Q&oe=69311631;"#Siirt ‘te Trafik Güvenliğine Örnek Uygulama 🚨🐑  İlimiz genelinde küçükbaş hayvan hareketliliğinin mevsimsel olarak artması  ve muhtemel trafik kazalarını önlemek amacıyla;🚦⛔️  İl #Jandarma Komutanlığı trafik ekiplerimiz, il genelinde küçükbaş hayvanların küpelerine gece görünürlüğünü artıran reflektif bantlar taktı.🔦  @tcicisleri @jandarma @dr.kemalkizilkaya   #TrafikGüvenliği #TrtHaber 📺";
https://www.instagram.com/p/DRKW7VQjIOh/;Carousel;255;0;0;2025-11-17 18:01:08;https://scontent.cdninstagram.com/v/t51.82787-15/582978097_18072999332340029_624311393908598072_n.jpg?stp=dst-jpg_e35_tt6&_nc_cat=107&ig_cache_key=Mzc2NzkyNDg2MzY5NzQ2OTgxMw%3D%3D.3-ccb7-5&ccb=7-5&_nc_sid=58cdad&efg=eyJ2ZW5jb2RlX3RhZyI6InhwaWRzLjEwNjZ4NzExLnNkci5DMyJ9&_nc_ohc=-3E1FOpxCQQQ7kNvwHcsQiA&_nc_oc=Admj7dv4QWSweQXbhJLDrivgSp2CtTkYXcZYetqwBpMdH36kYImGaoP9RXAyEucVo5A&_nc_ad=z-m&_nc_cid=0&_nc_zt=23&_nc_ht=scontent.cdninstagram.com&_nc_gid=yviaVbm9OkY2_8KkpLZpiw&oh=00_Afi8HmGctxW4kqitG0v_V3Wnl-0p_N403kFiLNUcxeivrA&oe=693118E0;"Aile ve Sosyal Hizmetler Bakan Yardımcısı Sayın Leman Yenigün, Valimiz Sayın  @dr.kemalkizilkaya , Nurten Kızılkaya Hanımendi, Ak Parti #Siirt Milletvekilli Sayın Mervan Gül, 2⃣6⃣. Çocuk Forumu kapsamında #Tillo Tabiat Parkı’nda düzenlenen etkinliklere katıldı.  Gözaydınlığımız sevgili çocuklarımızın çeşitli aktivitelerle keyifli ve verimli zaman geçirdiği programda; müzik dinletisiyle güzel anlar paylaşıldı, kurulan stantlar ziyaret edildi ve uçurtma şenliği renkli görüntülere sahne oldu.  @tcailesosyal  #DijitalDünyadaÇocukHakları";
https://www.instagram.com/p/DRKNEtJDPMk/;Carousel;117;0;0;2025-11-17 16:35:02;https://scontent.cdninstagram.com/v/t51.82787-15/583790063_18072992525340029_7457829991691613273_n.jpg?stp=dst-jpg_e35_tt6&_nc_cat=111&ig_cache_key=Mzc2Nzg4MTUyNjY4MDQ5MTQ4NQ%3D%3D.3-ccb7-5&ccb=7-5&_nc_sid=58cdad&efg=eyJ2ZW5jb2RlX3RhZyI6InhwaWRzLjEwNjZ4NzExLnNkci5DMyJ9&_nc_ohc=vlVC2OXBixoQ7kNvwGV3IxD&_nc_oc=Adl4iM3rv_-uUpdEr6YLgN8rk2wpvNkR8C-MH2xRxW8Fz9ucstCI7TfJws9cKcBltt0&_nc_ad=z-m&_nc_cid=0&_nc_zt=23&_nc_ht=scontent.cdninstagram.com&_nc_gid=yviaVbm9OkY2_8KkpLZpiw&oh=00_AfhTinnM2OuXOAXUro4x8Rjv6GG_xBhFivBNOTGQbW8gMA&oe=6931271C;Güçlü Birey, Güçlü Aile, Güçlü Toplum❗️  Aile ve Sosyal Hizmetler Bakan Yardımcısı Sayın Leman Yenigün, Valimiz Sayın @dr.kemalkizilkaya , Ak Parti #Siirt Milletvekili Sayın Mervan Gül, İl Jandarma Komutanı Tuğgeneral Sayın Uğur Özmen, Ak Parti İl Başkanı Sayın Av. Bahri Caner Özturan ve 81 ilden Çocuk Hakları Komitesi üyesi çocuklarımızın katılımıyla “Dijital Dünyada Çocuk Hakları” temasıyla 2⃣6⃣. Ulusal Çocuk Forumu ilimizde gerçekleştirildi.📱🌐  🔗Valimiz Sayın Kızılkaya, forumu ilimizde ağırlamaktan duyduğu memnuniyeti ifade ederek, “Çocuklarımızın dijital ortamda kendilerini güvende hissetmeleri, haklarını bilmeleri ve teknolojiyi bilinçli kullanmaları hepimizin ortak sorumluluğudur. Forumda ortaya çıkan her fikir, çocuklarımız için daha güvenli, daha eşit ve daha güçlü bir dijital gelecek adına büyük önem taşımaktadır.”  Bu anlamlı buluşmaya katkı sunan Bakanlığımıza, UNICEF’e, öğretmenlerimize ve tüm paydaşlarımıza teşekkür ediyoruz.  Dijital dünyanın fırsatlarıyla güçlenen, risklerinden korunmuş bir nesil için çalışmaya devam edeceğiz.  @tcailesosyal  #DijitalDünyadaÇocukHakları #Siirt;
https://www.instagram.com/p/DRKKhcVjMaS/;Carousel;211;0;0;2025-11-17 16:12:45;https://scontent.cdninstagram.com/v/t51.82787-15/584380997_18072990713340029_6856595693983198988_n.jpg?stp=dst-jpg_e35_tt6&_nc_cat=102&ig_cache_key=Mzc2Nzg3MDMxMjc4MDk0NzE3Mg%3D%3D.3-ccb7-5&ccb=7-5&_nc_sid=58cdad&efg=eyJ2ZW5jb2RlX3RhZyI6InhwaWRzLjE0NDB4OTYwLnNkci5DMyJ9&_nc_ohc=aCRNlkwah_EQ7kNvwEiZmjn&_nc_oc=AdnGESFMui_96_RorEKL-lWyUPAo3CDRC2wzucHMPHQdGse0kV34NDd0DTun4ilrasA&_nc_ad=z-m&_nc_cid=0&_nc_zt=23&_nc_ht=scontent.cdninstagram.com&_nc_gid=yviaVbm9OkY2_8KkpLZpiw&oh=00_Afiy-pyDb9DU1iHqCMQImWWDnU9jb6m7OPOpu9E1V9QJAQ&oe=693123A0;"Bir dizi temas ve ziyaretler için ilimizi ziyaret eden Aile ve Sosyal Hizmetler Bakan Yardımcısı Sayın Leman Yenigün, Ak Parti Siirt Milletvekilli Sayın Mervan  Gül ile birlikete Valimiz Sayın @dr.kemalkizilkaya ’yı ziyaret etti.  Ziyarette, ilimizde yürütülen sosyal hizmet çalışmaları ile devam eden ve planlanan projeler ele alındı; Bakanlığımızın ilimizdeki faaliyetlerine dair görüş ve beklentiler değerlendirildi.  Nazik ziyaretleri için Sayın Bakan Yardımcımıza teşekkür ediyoruz.   Ziyarette, Vali Yardımcısı Rabia Naçar Çanakcıoğlu, Aile ve Sosyal Hizmetler İl Müdürü Sabri Didar da katıldı.  @tcailesosyal";
https://www.instagram.com/p/DRJgIeCDKql/;Carousel;126;0;0;2025-11-17 10:02:20;https://scontent.cdninstagram.com/v/t51.82787-15/581799738_18376440193149072_7857164548227241189_n.webp?_nc_cat=105&ig_cache_key=Mzc2NzY4Mzg3NDk3ODI3NTQ5Ng%3D%3D.3-ccb7-5&ccb=7-5&_nc_sid=58cdad&efg=eyJ2ZW5jb2RlX3RhZyI6InhwaWRzLjE0NDB4MTA4MC5zZHIuQzMifQ%3D%3D&_nc_ohc=yOOS-X9JsucQ7kNvwG26-kE&_nc_oc=Adl6cD1TCa6RGpCbq6bzg14GHcThhVEAofyTMFklDr6znKuB4GvUC4WsLFoESz37iiY&_nc_ad=z-m&_nc_cid=0&_nc_zt=23&_nc_ht=scontent.cdninstagram.com&_nc_gid=yviaVbm9OkY2_8KkpLZpiw&oh=00_Afj_QnGT-Z64603Ypl5sZVVkmyPwUMkAU34fqoQOIZwz8A&oe=693112C6;Zabıta Denetimleri Aralıksız Sürüyor❗ ️ #Siirt Belediyesi Zabıta ekipleri, 10-17 Kasım 2025 tarihleri arasında 330 iş yerini denetledi. 110 iş yerine uyarı, 10 iş yerine ise toplam 29.530 TL idari yaptırım uygulandı.  Vatandaşlardan gelen 65 şikâyetin tamamına anında müdahale edildi.  Denetimlerde, görüntü kirliliğine neden olan ve gelişi güzel bırakılan 1 tezgâh tahta çeşitli malzeme (flama, reklam panosu, saksı, araç lastiği) toplatılarak Ulaşım Müdürlüğü Makine İkmal deposunda muhafaza altına alınmıştır.  🚫 Kaldırım işgalleri, seyyar satıcılar ve hijyen kurallarına aykırı uygulamalara karşı denetimler kararlılıkla devam edecek.  📲 Şikâyet ve bildirimler için: Belediye WhatsApp: 0 535 016 05 44 Acil Çağrı Merkezi : 1️⃣1️⃣2️⃣ #DurmadanDuraksamadan🇹🇷;
https://www.instagram.com/p/DRHjUc9jNfw/;Reels;288;0;22452;2025-11-16 15:52:40;https://scontent.cdninstagram.com/v/t51.71878-15/582819090_833021246146948_6464367081737328690_n.jpg?stp=dst-jpg_e15_tt6&_nc_cat=103&ig_cache_key=Mzc2NzEzNDk1MDQzMzU0NDE3Ng%3D%3D.3-ccb7-5&ccb=7-5&_nc_sid=58cdad&efg=eyJ2ZW5jb2RlX3RhZyI6InhwaWRzLjY0MHgzNjIuc2RyLkMzIn0%3D&_nc_ohc=C9VH2hL8m1MQ7kNvwGlV8ce&_nc_oc=AdlwyhsXXx7gSx-V56t-Lupq1-KH8BVD7BldqBpj6yidRgNG3ARJKLwVW1tqpBGgHZI&_nc_ad=z-m&_nc_cid=0&_nc_zt=23&_nc_ht=scontent.cdninstagram.com&_nc_gid=yviaVbm9OkY2_8KkpLZpiw&oh=00_AfiFrtfJ3HgNpJlOPwqLWcQkE-VaIQ4uiqeFIlwv8o6juQ&oe=69311A5D;📍#Pervari / Geçittepe Mevkii   ❄️ 2100 rakımlı #Pervari Geçittepe Köy Grup Yolu’nda yoğun kar yağışı nedeniyle ulaşıma kapanan yolda mahsur kalan araçlar, İl Özel İdaresi ekiplerimizin hızlı müdahalesiyle kurtarıldı. 🌨️  📞 Herhangi bir acil durumda, hemen 1️⃣1️⃣2️⃣ Acil Çağrı Merkezini arayarak hızlı ve etkili yardım alabilirsiniz.🚨  7/24 sahadayız, güvenli ve kesintisiz ulaşım için çalışıyoruz! 🚜 👷  @tcicisleri @dr.kemalkizilkaya  #CanlaBaşla #DurmadanDuraksamadan🇹🇷;
https://www.instagram.com/p/DREwhYHjBLH/;Photo;61;0;0;2025-11-15 13:49:21;https://scontent.cdninstagram.com/v/t51.82787-15/582961323_18086517359296327_2876108533033699928_n.jpg?stp=dst-jpg_e35_tt6&_nc_cat=109&ig_cache_key=Mzc2NjM0ODU4ODI2MDI2NjY5NQ%3D%3D.3-ccb7-5&ccb=7-5&_nc_sid=58cdad&efg=eyJ2ZW5jb2RlX3RhZyI6InhwaWRzLjEyODB4MTcwNi5zZHIuQzMifQ%3D%3D&_nc_ohc=wXPvHdzE_DcQ7kNvwHxBhi0&_nc_oc=AdlRBpd7db5yZzzbMsx6UnCIyfnAA6wWTFFFLlI4EXP8Xrs0yPvO53Y4VYJnWPmuX9k&_nc_ad=z-m&_nc_cid=0&_nc_zt=23&_nc_ht=scontent.cdninstagram.com&_nc_gid=yviaVbm9OkY2_8KkpLZpiw&oh=00_AfhBm_C7tsHApcsDvW6h2MrhmC114Nqf_1djNDRmsfu1dA&oe=69311CCC;2026’ya Sağlıklı Bir Adım At!✨  Sigarayı bırakarak kendisi ve çevresi için daha sağlıklı bir hayata adım atmak isteyen tüm #siirt li hemşehrilerimizi bu kampanyaya katılmaya davet ediyorum. 🚭⬇️;
https://www.instagram.com/p/DRCufw_DFF3/;Reels;139;1;7689;2025-11-14 18:53:38;https://scontent.cdninstagram.com/v/t51.71878-15/581849401_849210937559450_4562978986663412650_n.jpg?stp=dst-jpg_e15_tt6&_nc_cat=108&ig_cache_key=Mzc2NTc3NjczMTQ3NTgyNTAxNQ%3D%3D.3-ccb7-5&ccb=7-5&_nc_sid=58cdad&efg=eyJ2ZW5jb2RlX3RhZyI6InhwaWRzLjY0MHgxMTM2LnNkci5DMyJ9&_nc_ohc=Dq1sXDClrksQ7kNvwFooacs&_nc_oc=AdmP0m7OFbzCztYwYgS2lfiw2NwDmegAxYrjswUiDf1RJZK7TQ0LqeqeBMgLihFaD7I&_nc_ad=z-m&_nc_cid=0&_nc_zt=23&_nc_ht=scontent.cdninstagram.com&_nc_gid=yviaVbm9OkY2_8KkpLZpiw&oh=00_Afi59NOITocv6LTPe2iZrDEXKfm2xSYBXp3Ff6GY-OnUNw&oe=69312B49;“Temiz Bir Kent ve Sağlıklı Bir Çevre” için başttığımız #TemizlikSeferberliği hız kesmeden devam ediyor. 💦🌪️🧹🚮  Halkımızın refahı ve esenliği için Cuma gününün ilk ışıkları ve bereketiyle okul çevreleri, cadde ve sokaklarda temizlik çalışmalarımız  sürüyor.🌿  Daha temiz bir #Siirt  için #CanlaBaşla çalışıyoruz.   📍Kooperatif Mahallesi  #BaşımGözümÜstüne #DurmadanDuraksamadan 🇹🇷;
https://www.instagram.com/p/DRALpOKDOjJ/;Carousel;210;0;0;2025-11-13 19:10:09;https://scontent.cdninstagram.com/v/t51.82787-15/581997851_18072653879340029_4759458685133261037_n.jpg?stp=dst-jpg_e35_tt6&_nc_cat=101&ig_cache_key=Mzc2NTA2MDQ5Mjc3MjI1Njc3MA%3D%3D.3-ccb7-5&ccb=7-5&_nc_sid=58cdad&efg=eyJ2ZW5jb2RlX3RhZyI6InhwaWRzLjE0NDB4OTYwLnNkci5DMyJ9&_nc_ohc=mIYMXAqC-i4Q7kNvwGNkZsn&_nc_oc=AdlXHnTFtTCYPrcIO6U2cIm1-1rp6YYT-J3UmGhnLN1JR7tPCtFjlXM0Ui8A5p9LXUo&_nc_ad=z-m&_nc_cid=0&_nc_zt=23&_nc_ht=scontent.cdninstagram.com&_nc_gid=yviaVbm9OkY2_8KkpLZpiw&oh=00_AfhntyRZJ87hbKhYZ3vKiGwht5Ww0zHoy4BQ8-5bhXT2VQ&oe=69311FCC;Dicle Kalkınma Ajansı Yönetim Kurulu Toplantısına  katılan Valimiz Sayın @dr.kemalkizilkaya , #Mardin Valimiz Sayın Tuncay Akkoyun’u  ziyaret etti.   @tcmardinvaliligi;
https://www.instagram.com/p/DQ89MVFDD1F/;Carousel;150;0;0;2025-11-12 13:06:09;https://scontent.cdninstagram.com/v/t51.82787-15/580745373_18072545255340029_5029406322662003428_n.jpg?stp=dst-jpg_e35_tt6&_nc_cat=111&ig_cache_key=Mzc2NDE1MjUxMDYzOTI1OTc0OA%3D%3D.3-ccb7-5&ccb=7-5&_nc_sid=58cdad&efg=eyJ2ZW5jb2RlX3RhZyI6InhwaWRzLjEwNjZ4NzExLnNkci5DMyJ9&_nc_ohc=gn6g_ZDDjUoQ7kNvwGPaKgM&_nc_oc=AdkjjzG1eeJZYni_F_WC7Xrk9HTINr2v8dwXe6yCXhS2iEpsSaSV1t_nl65VDTzvQYE&_nc_ad=z-m&_nc_cid=0&_nc_zt=23&_nc_ht=scontent.cdninstagram.com&_nc_gid=yviaVbm9OkY2_8KkpLZpiw&oh=00_Afhr0q-XYsMjMqCdvAfKYlLufXxzJdRVzJHTbsb7MlSHgw&oe=69311E27;"Valimiz Sayın @dr.kemalkizilkaya , Siirt Üniversitesi Arıcılık Araştırma ve Uygulama Merkezi (ARIMER) ile TÜBİTAK iş birliğinde düzenlenen “II. Ulusal Siirt Arıcılık ve Arı Sağlığı Çalıştayı”na katıldı.  Sözlerine, Azerbaycan’dan dönüş yolunda şehit olan kahraman Mehmetçiklerimize Allah’tan rahmet, ailelerine ve milletimize başsağlığı dileyerek başlayan Vali Kızılkaya, “Arıcılığı sadece bir üretim faaliyeti değil, Siirt’in geleceğine yapılan bir kalkınma yatırımı olarak görüyoruz.” dedi.🌱  📊 2024 TÜİK verilerine göre;  Siirt ilinin 227.097 kovanla Türkiye’de 🔟sırada, 3.048 ton bal üretimiyle de 5⃣. sırada olduğunu belirten Vali Kızılkaya,   “Hedefimiz; huzur ve güven ikliminde ilimizi daha ileriye taşımak, vatandaşlarımıza daha iyi yaşam kalitesi sunmak ve yaşam standartlarını yükseltmek. Daha güçlü, daha üretken ve bereketli bir #Siirt için birlikte #canlabaşla çalışmaya devam edeceğiz.”  #Arıcılık 🐝  #PervariBalı 🍯  #SiirtTarımKenti🌾";
https://www.instagram.com/p/DQ7iA71DHZv/;Photo;169;0;0;2025-11-11 23:49:25;https://scontent.cdninstagram.com/v/t51.82787-15/580130794_18072506768340029_7898954026779421895_n.jpg?stp=dst-jpg_e35_tt6&_nc_cat=101&ig_cache_key=Mzc2Mzc1MTUxMTQyMDMzNTcyNw%3D%3D.3-ccb7-5&ccb=7-5&_nc_sid=58cdad&efg=eyJ2ZW5jb2RlX3RhZyI6InhwaWRzLjE0NDB4OTU2LnNkci5DMyJ9&_nc_ohc=D6anWvZDLiQQ7kNvwHMQnD6&_nc_oc=Adnox-nP7NmQO5F4n-HUUyPoiCsF_oEwY_hXVEZ5oVAYMZYQaXn916EtHib2XLTFABc&_nc_ad=z-m&_nc_cid=0&_nc_zt=23&_nc_ht=scontent.cdninstagram.com&_nc_gid=yviaVbm9OkY2_8KkpLZpiw&oh=00_AfjsVT-9PNHkrFwEn_6nLkN6I1oS4qSVrctt7pjgH3zdug&oe=6931329D;"🇹🇷 Aziz Milletimizin Başı Sağ Olsun 🇹🇷  Azerbaycan’dan ülkemize dönüş yolunda, Millî Savunma Bakanlığımıza ait C-130 askeri kargo uçağının Gürcistan-Azerbaycan sınırında düşmesi sonucu şehit olan kahraman Mehmetçiklerimize Allah’tan rahmet; kederli ailelerine, yakınlarına ve aziz milletimize sabır ve başsağlığı diliyoruz.  Aziz şehitlerimizin ruhu şad, makamları âli olsun. 🤲";
https://www.instagram.com/p/DQ6593GDNP5/;Reels;294;3;19201;2025-11-11 18:02:19;https://scontent.cdninstagram.com/v/t51.71878-15/580543212_1611081559856497_1592845659945044053_n.jpg?stp=dst-jpg_e15_tt6&_nc_cat=109&ig_cache_key=Mzc2MzU3NTM3ODMxNzk4ODg1Nw%3D%3D.3-ccb7-5&ccb=7-5&_nc_sid=58cdad&efg=eyJ2ZW5jb2RlX3RhZyI6InhwaWRzLjY0MHgxMTM2LnNkci5DMyJ9&_nc_ohc=agO7XU5SLeUQ7kNvwFmpQAM&_nc_oc=Adl3YmagnWT2XclIke5-KUfoN07Vcr5DEmI0eDTgEp7wiWOrj7J2xNsvC8DCnDwT1kk&_nc_ad=z-m&_nc_cid=0&_nc_zt=23&_nc_ht=scontent.cdninstagram.com&_nc_gid=yviaVbm9OkY2_8KkpLZpiw&oh=00_AfiRknI28eFvgKlm_3nHJuhgFA8ncME8TJzCdm1M8Savew&oe=693102C8;🌱 Şahidimiz toprak, imzamız fidan, sevdamız yeşil vatan! 🇹🇷  “Her fidan, yarınlara bırakacağımız en kıymetli mirastır.” 🌿  ✨#siirt il genelinde 7️⃣5️⃣.0️⃣0️⃣0️⃣ fidanı toprakla buluşturuyoruz!🌲  #milliağaçlandırmagünü ’müz kutlu olsun!  📍 Siirt Üniversitesi Kezer Yerleşkesi  @iletisim @tc_tarim_ormancilik_bakanligi @tcicisleri  #türkiyeyüzyılı 🇹🇷 #yeşilvatanseferberliği 💚 #11kasımağaçlandırmagünü  #geleceğenefes;
https://www.instagram.com/p/DQ6h4pyDH5P/;Carousel;415;0;0;2025-11-11 14:29:03;https://scontent.cdninstagram.com/v/t51.82787-15/580736324_18072466835340029_8407519166029753767_n.jpg?stp=dst-jpg_e35_tt6&_nc_cat=107&ig_cache_key=Mzc2MzQ2OTQ0NDIzMzA3MTQzNQ%3D%3D.3-ccb7-5&ccb=7-5&_nc_sid=58cdad&efg=eyJ2ZW5jb2RlX3RhZyI6InhwaWRzLjEwNjZ4NzExLnNkci5DMyJ9&_nc_ohc=mg05fLDh1UUQ7kNvwEA10aT&_nc_oc=AdkeXEXwRPsELS0slcliOkTVdJRYBTTfD5AFMQskB2As5arIs7bbrnpgs4Qv3ExuwR0&_nc_ad=z-m&_nc_cid=0&_nc_zt=23&_nc_ht=scontent.cdninstagram.com&_nc_gid=yviaVbm9OkY2_8KkpLZpiw&oh=00_Afgt2trmaBVmBDx1XVRIxgehaptpETGT_vuUxGWRSLjpFg&oe=69310E7B;"🌱 Şahidimiz toprak, imzamız fidan, sevdamız yeşil vatan! 🇹🇷  #11KasımAğaçlandırmaGünü kapsamında; Valimiz ve Belediye Başkan V. Sayın @dr.kemalkizilkaya , eşi Nurten Kızılkaya Hanımefendi, il protokolü, kurum temsilcileri, sivil toplum kuruluşları, öğrencilerimiz ve vatandaşlarımızın katılımıyla,  🇹🇷 #YeşilVatanSeferberliği çerçevesinde, bu anlamlı günde 7 farklı noktada toplam 2⃣7⃣5⃣0⃣ fidan toprakla buluşturuldu. 🌲  #Siirt genelinde ise yıl sonuna kadar 7⃣5⃣.0⃣0⃣0⃣ fidanın toprakla buluşturulması hedefleniyor. 🌳  🌱 Her dikilen fidan, çocuklarımız için yeşeren bir umut, vatanımıza bırakılan en güzel mirastır.  📍 Siirt Üniversitesi Kezer Yerleşkesi  @iletisim @tarimgovtr  #YeşilVatanSeferberliği #TürkiyeYüzyılı 🇹🇷";
https://www.instagram.com/p/DQ6hduYDMi5/;Carousel;186;0;0;2025-11-11 14:25:22;https://scontent.cdninstagram.com/v/t51.82787-15/576533220_18375092962149072_3995528499479813248_n.webp?_nc_cat=104&ig_cache_key=Mzc2MzQ2NzYwNzg2NjExOTIxOQ%3D%3D.3-ccb7-5&ccb=7-5&_nc_sid=58cdad&efg=eyJ2ZW5jb2RlX3RhZyI6InhwaWRzLjE0NDB4OTYwLnNkci5DMyJ9&_nc_ohc=cO-HcdfBUtAQ7kNvwGCVf87&_nc_oc=AdlOUDomG0KMHO1sawU_Rn0br_5miH1kpOLzHp2_E0IHfz8i1ZtgJr7Tl0fsJ29gZ5xORkJGI-t3nYtXzuUhaP4U&_nc_ad=z-m&_nc_cid=0&_nc_zt=23&_nc_ht=scontent.cdninstagram.com&_nc_gid=M5Xvao5NFgyK_T80ym1NJw&oh=00_Afhq7avm8mZfApvB71Rn6-QoBdn-dbpgI_En3K8xOwGUhQ&oe=69311BEA;"🌱 Şahidimiz toprak, toprak, imzamız fidan, sevdamız yeşil vatan! 🇹🇷  #11KasımAğaçlandırmaGünü kapsamında; Valimiz ve Belediye Başkan V. Sayın Dr. Kemal Kızılkaya, eşi Nurten Kızılkaya Hanımefendi, il protokolü, kurum temsilcileri, sivil toplum kuruluşları, öğrencilerimiz ve vatandaşlarımızın katılımıyla,  🇹🇷 #YeşilVatanSeferberliği çerçevesinde, bu anlamlı günde 7 farklı noktada toplam 2⃣7⃣5⃣0⃣ fidan toprakla buluşturuldu. 🌲  #Siirt genelinde ise yıl sonuna kadar 7⃣5⃣.0⃣0⃣0⃣ fidanın toprakla buluşturulması hedefleniyor. 🌳  🌱 Her dikilen fidan, çocuklarımız için yeşeren bir umut, vatanımıza bırakılan en güzel mirastır.  📍 Siirt Üniversitesi Kezer Yerleşkesi   #YeşilVatanSeferberliği #TürkiyeYüzyılı 🇹🇷";
https://www.instagram.com/p/DQ32cysjEeA/;Reels;116;1;6719;2025-11-10 13:32:50;https://scontent.cdninstagram.com/v/t51.71878-15/580886163_1180064384051317_5214190980568396723_n.jpg?stp=dst-jpg_e15_tt6&_nc_cat=111&ig_cache_key=Mzc2MjcxNTQ4Njc4Mjc2OTAyNA%3D%3D.3-ccb7-5&ccb=7-5&_nc_sid=58cdad&efg=eyJ2ZW5jb2RlX3RhZyI6InhwaWRzLjY0MHgxMTM2LnNkci5DMyJ9&_nc_ohc=uF8nymIgYtAQ7kNvwFwbiHc&_nc_oc=Adl03ecF4mfU39YonJoYSaq7y6DONROaaHNAMfmUVZhFz0NWC8y1ugpnw1INCUrDs240FvcDTjQ4Yo5vG0eEFG7g&_nc_ad=z-m&_nc_cid=0&_nc_zt=23&_nc_ht=scontent.cdninstagram.com&_nc_gid=M5Xvao5NFgyK_T80ym1NJw&oh=00_Afi_Ad_XTc4hBfkpPxJjPNEXYtlNWYXtgyvmQ3v1Ef0UsQ&oe=69310B34;“Benim naçiz vücudum elbet bir gün toprak olacaktır, ancak Türkiye Cumhuriyeti ilelebet payidar kalacaktır.”🇹🇷  Cumhuriyetimizin banisi Gazi Mustafa Kemal #Atatürk’ ü ebediyete irtihalinin 87. yılında rahmet, minnet ve şükranla andık.  Milletimizin yüreğinde yaşayan Atatürk sevgisi, genç nesillerin gözlerinde bugün bir kez daha hayat buldu.  📍 İl Milli Eğitim Müdürlüğü Konferans Salonu  #10kasım193oo  #siirt 🇹🇷;
https://www.instagram.com/p/DQ3rjpsjMet/;Carousel;169;0;0;2025-11-10 11:55:50;https://scontent.cdninstagram.com/v/t51.82787-15/579421991_18072372578340029_8860278848199933989_n.jpg?stp=dst-jpg_e35_tt6&_nc_cat=105&ig_cache_key=Mzc2MjY2NzU2NzgwNzUwNTU1Mw%3D%3D.3-ccb7-5&ccb=7-5&_nc_sid=58cdad&efg=eyJ2ZW5jb2RlX3RhZyI6InhwaWRzLjE0NDB4OTYwLnNkci5DMyJ9&_nc_ohc=P38yq8bBYe0Q7kNvwH-ouQl&_nc_oc=Adny8P2CHl9Gay35DHSTWD6yynBF0kRtmXwF8GczfgfITuT54CcypdIvMXfH4TCo2G98XnCeWa17HjZOV23HtSa1&_nc_ad=z-m&_nc_cid=0&_nc_zt=23&_nc_ht=scontent.cdninstagram.com&_nc_gid=M5Xvao5NFgyK_T80ym1NJw&oh=00_AfjK_bObB1k3DTSobFCTXriyv83JEO27JEODPFfu4pK25Q&oe=69311C87;✨Cumhuriyetimizin kurucusu, Gazi Mustafa Kemal Atatürk’ün ebediyete irtihalinin 87. yıl dönümü dolayısıyla 10 Kasım Atatürk’ü Anma Programı düzenlendi.  Anma programına, Valimiz Sayın @dr.kemalkizilkaya , eşi Nurten Kızılkaya Hanımefendi, il protokolü, adli, mülki ve askeri erkân, siyasi parti ve sivil toplum örgütlerinin temsilcileri, öğrenciler, şehit yakınları, gaziler ve vatandaşlar katıldı.  📍 İl Milli Eğitim Müdürlüğü Konferans Salonu  #10Kasım193∞  #MustafaKemalAtatürk #Siirt🇹🇷;
https://www.instagram.com/p/DQ3gCKmjBEh/;Carousel;384;0;0;2025-11-10 10:15:09;https://scontent.cdninstagram.com/v/t51.82787-15/575732947_18072364955340029_2991807582212555451_n.jpg?stp=dst-jpg_e35_tt6&_nc_cat=104&ig_cache_key=Mzc2MjYxNjg4NzI0Mzc2NjM1NA%3D%3D.3-ccb7-5&ccb=7-5&_nc_sid=58cdad&efg=eyJ2ZW5jb2RlX3RhZyI6InhwaWRzLjE0NDB4OTYwLnNkci5DMyJ9&_nc_ohc=UAVEj9nLZ0sQ7kNvwGcFV6J&_nc_oc=Adl56WJcLdU0O__UeyMOAoAF8sDjXrLT8Wc6jtMNyyJCSk7lpH62nt8vADImw3pW9mb44iYxpjjLqG7CBHcEdcoy&_nc_ad=z-m&_nc_cid=0&_nc_zt=23&_nc_ht=scontent.cdninstagram.com&_nc_gid=M5Xvao5NFgyK_T80ym1NJw&oh=00_AfgXtq52Lq9DH-9AUjlAP2XRqFwUExPgM9_efIm5QSaF6Q&oe=69312A1E;Saygı, Sevgi ve Özlemle... 193∞  💫Cumhuriyetimizin banisi Gazi Mustafa Kemal Atatürk’ün aramızdan ayrılışının 87. yıl dönümü dolayısıyla düzenlenen anma programı, Valimiz Sayın @dr.kemalkizilkaya ’nın Atatürk Anıtına çelenk sunumu ile başladı.  Programa, şehit yakınları, gaziler, il protokolü, askeri ve mülki erkan, siyasi parti ve sivil toplum örgütlerinin temsilcileri, öğrenciler ve vatandaşlar katıldı.  Bize büyük bir miras olarak bu güzel ülkeyi ve Cumhuriyeti bırakan başta Gazi Mustafa Kemal Atatürk’ü ve istiklâl mücadelemizin tüm kahramanlarını, aziz şehitlerimizi ve kahraman gazilerimizi saygı, özlem ve rahmetle anıyoruz.🤲  Ruhları şâd olsun 🇹🇷  📍#Siirt Cumhuriyet Meydanı  #10Kasım193∞ #MustafaKemalAtatürk   #siirt;
https://www.instagram.com/p/DQ0-scWDJ91/;Reels;243;12;41891;2025-11-09 10:48:15;https://scontent.cdninstagram.com/v/t51.71878-15/575978594_1451715132580427_3718772127186472427_n.jpg?stp=dst-jpg_e15_tt6&_nc_cat=100&ig_cache_key=Mzc2MTkwNzMyMTczNjU2ODY5Mw%3D%3D.3-ccb7-5&ccb=7-5&_nc_sid=58cdad&efg=eyJ2ZW5jb2RlX3RhZyI6InhwaWRzLjY0MHgxMTM2LnNkci5DMiJ9&_nc_ohc=BRIoQ55ydXUQ7kNvwH9JFGr&_nc_oc=AdkRRBOwC0rtPHZRNRBATOJB6CjUMriHgkk3oIwqylWpbKkgFzsJ_b7JYKuxnqZZKdAk_OMgIabGQK7P7e57Hvai&_nc_ad=z-m&_nc_cid=0&_nc_zt=23&_nc_ht=scontent.cdninstagram.com&_nc_gid=M5Xvao5NFgyK_T80ym1NJw&oh=00_AfiWPnPkrMiw5p1gCyrdEk0DBRGDRrkvgzvGwLJU66x1fQ&oe=69311F9C;"Vatandaşlarımızın gönül rızası ve  duası, yolumuzu güzelleştirmeye devam ediyor.🤲  Yol kalkınmadır, yol berekettir.🌾🇹🇷  Kırsal alanda kalkınma, güçlü altyapı ile mümkündür. İşte bunun için;  #baykan ilçemizde Çamtaşı–Günbuldu–Derince Grup Köy Yolu ile Ulaştı, İkizler, Obalı ve Eğridere köyleri güzergâhlarında toplam 2️⃣3️⃣.4️⃣0️⃣0️⃣ metre Bitümlü Sıcak Karışım (BSK) Asfalt Yol ile Yol Çizgi ve Şerit Çalışmalarımız tamamlandı. Memleketimize hayırlı olsun.👏  Yollarımız güzelleştikçe hemşerilerimizin yüzleri de gülmeye devam ediyor.🧑‍🌾  #siirt ’imizde toplamda 💯 kilometrenin üzerindeki Bitümlü Sıcak Karışım (BSK) Asfalt Yollarımızı, İl Özel İdaremize ait şantiyemizdeki makinelerimizle, kendi mühendislerimiz, teknik personelimiz ve işçilerimizin emeğiyle tamamlamanın haklı gururunu da yaşıyoruz.🌟  Yatırımlarımızla birlikte vatandaşlarımızın ulaşım konforu ve güvenliği artarken, köylerimizin ekonomik ve sosyal hayatına da yeni bir ivme kazandırıyoruz.📈  Yolumuz güzel👍 çizgimiz net 🇹🇷  @tcicisleri  #canlabaşla  #türkiyeyüzyılı  #terörsüztürkiye  #durmakyokyoladevam  #durmadanduraksamadan 🇹🇷";
https://www.instagram.com/p/DQyxVGcjIBK/;Photo;112;6;0;2025-11-08 14:10:05;https://scontent.cdninstagram.com/v/t51.82787-15/575115500_18085876376296327_2829392182929936452_n.jpg?stp=dst-jpg_e35_tt6&_nc_cat=103&ig_cache_key=Mzc2MTI4NTU5MzExNzI2MTg5OA%3D%3D.3-ccb7-5&ccb=7-5&_nc_sid=58cdad&efg=eyJ2ZW5jb2RlX3RhZyI6InhwaWRzLjg1M3gxMTM4LnNkci5DMyJ9&_nc_ohc=Qc8l0sagRnoQ7kNvwFK9XA8&_nc_oc=AdnOnF-6_J6pUNJbQwM7QucgwzDvCe14k3Sh80esZEAPl7U11Tbr4qE0cDEe4ak3sOxO9FUZe7RoSUxzXCyje6fD&_nc_ad=z-m&_nc_cid=0&_nc_zt=23&_nc_ht=scontent.cdninstagram.com&_nc_gid=M5Xvao5NFgyK_T80ym1NJw&oh=00_AfjPQ2X5ZSF43lxktG_45AKU6HMn9d2Qx2359opBLKbtvg&oe=69311B5E;🌱 Şahidimiz toprak,  imzamız fidan,  sevdamız yeşil vatan #yeşilvatanseferberliği   Haydi #siirt 1️⃣1️⃣ Kasım Milli Ağaçlandırma Günün’de fidan sahipleniyor ve toprakla buluşturuyoruz.🌲#eruh 🇹🇷  👉 Siz de gelecegenefes.gov.tr adresinden fidan sahiplenin, 11 Kasım’da toprağa imzanızı atın.;
https://www.instagram.com/p/DQyj6FyDHAk/;Reels;346;16;33521;2025-11-08 12:15:43;https://scontent.cdninstagram.com/v/t51.71878-15/574261717_1362228655578607_3788938971600081671_n.jpg?stp=dst-jpg_e15_tt6&_nc_cat=109&ig_cache_key=Mzc2MTIyNjU2MjM3MzcwOTg2MA%3D%3D.3-ccb7-5&ccb=7-5&_nc_sid=58cdad&efg=eyJ2ZW5jb2RlX3RhZyI6InhwaWRzLjY0MHgxMTM2LnNkci5DMyJ9&_nc_ohc=I5IoU8xkcYIQ7kNvwGgIaCj&_nc_oc=AdkPSvtrGAqj90X3cHCgJWoINFKfMRVZCQPj63jEeIHYHJK7ZmDXW3KvZ-urmEdNVCK9KhbYmulvlVrVVxFEL9hS&_nc_ad=z-m&_nc_cid=0&_nc_zt=23&_nc_ht=scontent.cdninstagram.com&_nc_gid=M5Xvao5NFgyK_T80ym1NJw&oh=00_AfisQiEczrF8LZN3PuEXA8e1ID27RnOZFnrBSVxM7KFSTA&oe=693112C5;Uzun ve kararlı bir mücadele sonucunda geçtiğimiz ay tescilini aldığımız #siirtfıstığı ile birlikte sayısı şimdilik 1️⃣2️⃣ olan coğrafi tescilli ürünlerimizin üretimi destekliyor, #siirt ’imizin marka değerini yükseltmek için #canlabaşla çalışmaya devam ediyoruz.🇹🇷  İlimizin ilk Avrupa Birliği tescili alan ürünü olacak #pervaribalı için AB 🇪🇺 #coğrafii̇şaret Tescil Başvuru sürecinde destek ve katkılarıyla bizlere güç veren başta @tcsanayi Bakanımız Sayın @mfatihkacir ’a, @turkpatentt ve Marka Kurumu Başkanımız değerli dostum Sayın Prof. Dr. @mzekidurak ’a ve değerli heyetine teşekkür ediyorum.  #türkiyeyüzyılı 🇹🇷 #durmadanduraksamadan;
https://www.instagram.com/p/DQwfftYDNU4/;Reels;322;3;12353;2025-11-07 16:56:46;https://scontent.cdninstagram.com/v/t51.71878-15/573289228_854359100276556_8600235303728141185_n.jpg?stp=dst-jpg_e15_tt6&_nc_cat=105&ig_cache_key=Mzc2MDY0NDIwNzMyMTg2MzQ4MA%3D%3D.3-ccb7-5&ccb=7-5&_nc_sid=58cdad&efg=eyJ2ZW5jb2RlX3RhZyI6InhwaWRzLjY0MHgxMTM2LnNkci5DMyJ9&_nc_ohc=ezq0jJtXPuYQ7kNvwEvjKCv&_nc_oc=Adnha5LOFkHGs0RX8qPwkaVc2JHlRADksoPP-fKVJ45jvchdTEnnb8MTQIe336GxZXsZ2Ssi3NdZrbdxlmiGeGB-&_nc_ad=z-m&_nc_cid=0&_nc_zt=23&_nc_ht=scontent.cdninstagram.com&_nc_gid=M5Xvao5NFgyK_T80ym1NJw&oh=00_AfhG6H-pISlqMICGF-kCwIzMwr0ZOSk2sNXLkKW8WfCzRw&oe=69311306;Sizi Toprağa Değil Yüreğimize Gömdük 🇹🇷  #siirt ’in Pervari ilçesine bağlı Köprüçay köyü, Hasan Tepe Mevkiinde, 10 Kasım 2012 tarihinde elim bir Helikopter kazası sonucu şehit olan 17 kahraman evladımızı, #jandarma mızı, sene-i devriyelerinde rahmetle, minnetle ve şükranla anıyoruz.  Ruhları şâd, makamları âli olsun🤲🏻 #vatansizeminnettar 🇹🇷;
https://www.instagram.com/p/DQwdokfDFbw/;Carousel;157;0;0;2025-11-07 16:39:29;https://scontent.cdninstagram.com/v/t51.82787-15/576004189_18072127553340029_6902139813764056662_n.jpg?stp=dst-jpg_e35_tt6&_nc_cat=110&ig_cache_key=Mzc2MDYzNjAwNDE0NDAwNDYwNw%3D%3D.3-ccb7-5&ccb=7-5&_nc_sid=58cdad&efg=eyJ2ZW5jb2RlX3RhZyI6InhwaWRzLjE0NDB4OTYwLnNkci5DMyJ9&_nc_ohc=FWRYnFY4jYgQ7kNvwGeGHqy&_nc_oc=AdnsonkOsl-0qbLpqfxH-pxxXXjgcK8CnGG0USqDMqEbOiRCXQ81wJTZF1qwbutN4_UD-abOunb46mteUnloVPTe&_nc_ad=z-m&_nc_cid=0&_nc_zt=23&_nc_ht=scontent.cdninstagram.com&_nc_gid=M5Xvao5NFgyK_T80ym1NJw&oh=00_AfhT4Or4lSoqg6ilyrdIiDU478anPuD32aBY7KY3Vb60VQ&oe=6931245F;"✨ Siirt’in kültürel mirası, coğrafi işaretli ürünlerle korunuyor, güçleniyor ve geleceğe taşınıyor❗️  Valimiz Sayın @dr.kemalkizilkaya ve Türk Patent ve Marka Kurumu Başkanı Prof. Dr. Muhammed Zeki Durak’ınkatılımıyla “Sınai Mülkiyet Hakları ve Coğrafi İşaretler Farkındalık Konferansı” düzenlendi. 📘  Programda hitap eden Vali Kızılkaya, Siirt’in huzurun, kardeşliğin ve kadim medeniyetlerin buluştuğu bir şehir olduğunu belirterek bu anlamlı etkinliğe ev sahipliği yapmaktan duyduğu memnuniyeti dile getirdi.  Vali Kızılkaya, #Siirt ’in zengin tarihi, doğal güzellikleri ve çok kültürlü yapısıyla bölgenin önemli bir turizm ve üretim merkezi olma potansiyeline sahip olduğunu vurguladı. Coğrafi işaretlerin, yerel üretimi güçlendiren, istihdamı artıran ve ekonomiye katkı sağlayan önemli bir araç olduğunun altını çizdi.  Tescilli ürünler arasında Siirt Battaniyesi, Pervari Balı, Büryan Kebabı, Şal-Şepik Kumaşı, Bıttım Sabunu ve Siirt Fıstığı gibi değerlerin yer aldığını; Zivzik Narı, Bumbar, Pırtike Çorbası ve Varak Keek Tatlısı için de tescil çalışmalarının sürdüğünü ifade etti.  Vali Kızılkaya, “Hedefimiz; emeğin, üretimin ve markalaşmanın şehri olan Siirt’i huzur ve güven içinde daha güçlü bir geleceğe taşımaktır.” dedi.  🐝 Pervari Balı Avrupa Yolunda! 🌍  Türk Patent ve Marka Kurumu Başkanı Prof. Dr. Muhammed Zeki Durak ta yaptığı konuşmada; #PervariBalı için Avrupa Birliği Coğrafi İşaret Tescil Başvuru sürecinin başlatıldığını müjdeledi.  Siirt’in eşsiz florası ve zengin bitki çeşitliliğiyle üretilen Pervari Balı’nın, yüzyıllardır süregelen doğal üretim geleneğiyle Türkiye’nin en saf ve kaliteli ballarından biri olduğunu belirten Durak, “Pervari Balı, yalnızca Türkiye’de değil, Avrupa Birliği nezdinde de tescil edilmesi hedeflenen bir değerimizdir. Bu süreç tamamlandığında, Pervari Balı dünya pazarlarında markalaşacak, üreticilerimizin katma değeri artacak ve bölge ekonomisine önemli katkı sağlayacaktır.” ifadelerini kullandı.  Program, coğrafi işaretlere değer katan kurum ve üreticilere belge takdimleri ve Siirt’e özgü coğrafi işaretli ürünlerin sergilendiği stantların gezilmesiyle sona erdi. ✨  @tcsanayi @turkpatentt";
https://www.instagram.com/p/DQwXqM0DFyV/;Carousel;367;0;0;2025-11-07 15:47:17;https://scontent.cdninstagram.com/v/t51.82787-15/574542405_18072122714340029_1471667946248660520_n.jpg?stp=dst-jpg_e35_tt6&_nc_cat=103&ig_cache_key=Mzc2MDYwOTczMjA4MDc0MzU3Ng%3D%3D.3-ccb7-5&ccb=7-5&_nc_sid=58cdad&efg=eyJ2ZW5jb2RlX3RhZyI6InhwaWRzLjEwNjZ4NzExLnNkci5DMyJ9&_nc_ohc=1y_kqTcmnhIQ7kNvwH1-0u-&_nc_oc=Adn-cnVE_R1n-dR93bQrwrWjWc7-RABWiJns1myxpIST5F26kcLwueGrXWjYiIk3h3lu-cf3Gc1ClQ-NeZy9V9GW&_nc_ad=z-m&_nc_cid=0&_nc_zt=23&_nc_ht=scontent.cdninstagram.com&_nc_gid=M5Xvao5NFgyK_T80ym1NJw&oh=00_AfgPyBy8X4bc8EVu1YU5b98MlwjFVoni0CTTulVJTczREA&oe=69310764;"#Siirt’te Helikopter Kazasında Şehit Olan 17 Kahraman Mehmetçik Dualarla Anıldı 🇹🇷  Siirt’in Pervari ilçesi Köprüçay köyü Hasan Tepe Mevkiinde, 10 Kasım 2012 tarihinde yaşanan elim helikopter kazasında şehit olan 17 kahraman Mehmetçik ve tüm şehitlerimiz için dualar edildi, mevlit okutuldu.  İl #Jandarma Komutanlığınca Şehitler Camiinde düzenlenen programda, okunan mevlidin ardından aziz şehitlerimiz için dualar edildi. Programın sonunda ise katılımcılara gül suyu ve lokum ikram edildi.  Programın ardından, 17 kahraman şehidimiz için ‘Dadaşlar Anıtı’nda bir anma programı düzenlendi. Saygı duruşu ve İstiklal Marşı’nın okunmasıyla başlayan programda, Kur’an-ı Kerim tilavetinin ardından şehitlerimiz için dualar edildi.  Vali Kızılkaya, Şehit Uzm. Çvş. Kürşat Güneş’in ailesiyle yakından ilgilenerek kendileriyle bir süre sohbet etti.  Vali Kızılkaya, aziz şehitlerimizin hatırlarını her daim yaşatacaklarını belirterek, “10 Kasım 2012 tarihinde elim bir helikopter kazası sonucu şehit olan kahramanlarımızı rahmetle, minnetle ve şükranla anıyorum. Ruhları şad, mekânları cennet olsun” dedi.  Program, Dadaşlar Anıtı’na karanfiller bırakılması ile sona erdi.  Programa; Siirt Cumhuriyet Başsavcı Vekili Aziz Ayaz, İl Jandarma Komutanı Tuğgeneral Uğur Özmen, İl Emniyet Müdürü Necmettin Öztürk, şehit yakınları, gaziler, askeri erkân, sivil toplum örgütlerinin temsilcileri ve vatandaşlar katıldı.  Aziz şehitlerimizin ruhları şad, makamları âli olsun. 🇹🇷  @tcicisleri  #VatanSizeMinnettar";
https://www.instagram.com/p/DQwXeMlDGLv/;Carousel;151;0;0;2025-11-07 15:45:39;https://scontent.cdninstagram.com/v/t51.82787-15/574223403_18374132662149072_2358471186574200415_n.webp?_nc_cat=105&ig_cache_key=Mzc2MDYwODkwNjUyNDI0OTQ0MA%3D%3D.3-ccb7-5&ccb=7-5&_nc_sid=58cdad&efg=eyJ2ZW5jb2RlX3RhZyI6InhwaWRzLjE0NDB4OTYwLnNkci5DMyJ9&_nc_ohc=5Vusnmf-_xsQ7kNvwFPxiPM&_nc_oc=Admv72ngWNrNx1KsL0NomSkePHsJTBO6neYkGrplTDptCWVfZMPIwiELSQilTczmkcBIEkLgzwT2IKmg_3NhUqXO&_nc_ad=z-m&_nc_cid=0&_nc_zt=23&_nc_ht=scontent.cdninstagram.com&_nc_gid=M5Xvao5NFgyK_T80ym1NJw&oh=00_AfhzvFV2dXVohiY7ilGmVv7QCxa2ljShKwwCeTzfvKSfIQ&oe=69310F0D;"#Siirt’te Helikopter Kazasında Şehit Olan 17 Kahraman Mehmetçik Dualarla Anıldı 🇹🇷  Siirt’in Pervari ilçesi Köprüçay köyü Hasan Tepe Mevkiinde, 10 Kasım 2012 tarihinde yaşanan elim helikopter kazasında şehit olan 17 kahraman Mehmetçik ve tüm şehitlerimiz için dualar edildi, mevlit okutuldu.  İl #Jandarma Komutanlığınca Şehitler Camiinde düzenlenen programda, okunan mevlidin ardından aziz şehitlerimiz için dualar edildi. Programın sonunda ise katılımcılara gül suyu ve lokum ikram edildi.  Programın ardından, 17 kahraman şehidimiz için ‘Dadaşlar Anıtı’nda bir anma programı düzenlendi. Saygı duruşu ve İstiklal Marşı’nın okunmasıyla başlayan programda, Kur’an-ı Kerim tilavetinin ardından şehitlerimiz için dualar edildi.  Vali ve Belediye Başkanı Sayın Dr. Kemal Kızılkaya, Şehit Uzm. Çvş. Kürşat Güneş’in ailesiyle yakından ilgilenerek kendileriyle bir süre sohbet etti.  Vali Kızılkaya, aziz şehitlerimizin hatırlarını her daim yaşatacaklarını belirterek, ""10 Kasım 2012 tarihinde elim bir helikopter kazası sonucu şehit olan kahramanlarımızı rahmetle, minnetle ve şükranla anıyorum. Ruhları şad, mekânları cennet olsun"" dedi.  Program, Dadaşlar Anıtı’na karanfiller bırakılması ile sona erdi.  Programa; Siirt Cumhuriyet Başsavcı Vekili Aziz Ayaz, İl Jandarma Komutanı Tuğgeneral Uğur Özmen, İl Emniyet Müdürü Necmettin Öztürk, şehit yakınları, gaziler, askeri erkân, sivil toplum örgütlerinin temsilcileri ve vatandaşlar katıldı.  Aziz şehitlerimizin ruhları şad, makamları âli olsun. 🇹🇷  #VatanSizeMinnettar";
https://www.instagram.com/p/DQwSuqcDFCq/;Photo;112;0;0;2025-11-07 15:04:12;https://scontent.cdninstagram.com/v/t51.82787-15/574534181_18072120185340029_3669867533041216280_n.jpg?stp=dst-jpg_e35_tt6&_nc_cat=103&ig_cache_key=Mzc2MDU4ODA2MDM1NTIxOTYyNg%3D%3D.3-ccb7-5&ccb=7-5&_nc_sid=58cdad&efg=eyJ2ZW5jb2RlX3RhZyI6InhwaWRzLjE0NDB4OTYwLnNkci5DMyJ9&_nc_ohc=yqahr3FoLMwQ7kNvwFMGCtb&_nc_oc=Adm3l4LSvtogpqPMB3S-E8nc686LYfLG92uxNvoDXfywZmOmnWbhhXOMRatDo9ZzUMp5KGfdBPeqhFG1U9rNcT0c&_nc_ad=z-m&_nc_cid=0&_nc_zt=23&_nc_ht=scontent.cdninstagram.com&_nc_gid=M5Xvao5NFgyK_T80ym1NJw&oh=00_AfgARJUtUM4-TS13vgfDaUh0Ybd8ylFYCdk9n81x807hTw&oe=69312648;"‘Türk Patent ve Marka Kurumu Sınai Mülkiyet Hakları ve Coğrafi İşaretler Konferansı’na katılmak üzere ilimize gelen Türk Patent ve Marka Kurumu Başkanı Prof. Dr. Muhammed Zeki Durak ve beraberindeki heyet, Valimiz Sayın @dr.kemalkizilkaya ‘yı makamında ziyaret etti.  Ziyarette; Siirt’te coğrafi işaret tescil süreçleri, marka bilincinin artırılması, yerel ürünlerin katma değerinin yükseltilmesine ilişkin konular ele alındı.  Vali Kızılkaya, ziyaretten duyduğu memnuniyeti ifade ederek Prof. Dr. Durak ve beraberindeki heyete nazik ziyaretleri için teşekkür etti.   @tcsanayi @turkpatentt";
https://www.instagram.com/p/DQvrJtdjMnP/;Carousel;65;0;0;2025-11-07 09:18:22;https://scontent.cdninstagram.com/v/t51.82787-15/575184978_18374092297149072_1202298181841660874_n.webp?_nc_cat=108&ig_cache_key=Mzc2MDQxMzk5MDQwNTgxNTE4MA%3D%3D.3-ccb7-5&ccb=7-5&_nc_sid=58cdad&efg=eyJ2ZW5jb2RlX3RhZyI6InhwaWRzLjE0Mzl4MTAxNi5zZHIuQzMifQ%3D%3D&_nc_ohc=GGKnb-5hUd0Q7kNvwEjCd0V&_nc_oc=AdmFrSjGcEmdtWO77uJ8qh1btse64P1qXWeO1Xjy9FIhARnBbjb2Y0anMMm92c7mCU_j-t9mNfVFndjUwEYZdliP&_nc_ad=z-m&_nc_cid=0&_nc_zt=23&_nc_ht=scontent.cdninstagram.com&_nc_gid=fGziME1AAlCM-oLwOfJp-Q&oh=00_Afjuymdo_o-RP3HvdL6SpuAxZxVU1YxmCFP9NaVmPZfZKw&oe=693130EA;🔍 Fiyat Etiketi ve Haksız Fiyat Artışı Denetimleri Sürüyor!  Vatandaşlarımızın ekonomik çıkarlarının korunması amacıyla, Siirt Ticaret İl Müdürlüğü personeli ile Belediyemiz Zabıta ekipleri iş birliğinde fiyat etiketi ve haksız fiyat artışı denetimleri gerçekleştirildi.  📋 Fiyat etiketi ve liste mevzuatına aykırı uygulamalarda bulunan işletmelere idari yaptırım uygulanırken, haksız fiyat artışı tespit edilen işletmeler hakkında gerekli işlemler yapılmak üzere Haksız Fiyat Değerlendirme Kurulu’na bildirimde bulunulmuştur.  Halkımızın refahı ve adil piyasa koşullarının korunması için denetimlerimiz düzenli olarak devam edecektir.   #Siirt  #CanlaBaşla  #DurmadanDuraksamadan;
https://www.instagram.com/p/DQvqc_CjI5V/;Carousel;69;0;0;2025-11-07 09:12:16;https://scontent.cdninstagram.com/v/t51.82787-15/574520303_18374091835149072_6358284859451768323_n.jpg?stp=dst-jpg_e15_tt6&_nc_cat=102&ig_cache_key=Mzc2MDQxMDYwNjgyNzIzMTA3MA%3D%3D.3-ccb7-5&ccb=7-5&_nc_sid=58cdad&efg=eyJ2ZW5jb2RlX3RhZyI6InhwaWRzLjcyMHg5NjAuc2RyLkMzIn0%3D&_nc_ohc=-GjiY25GfPkQ7kNvwH2GXoc&_nc_oc=Adl9AoNFlq80mWViDJSweKuhYxIN5Ntwz6U1B9s1pYJitgBITGFXgrLYclj6mGVU4r24XVBInAQflPUoCfxksLVc&_nc_ad=z-m&_nc_cid=0&_nc_zt=23&_nc_ht=scontent.cdninstagram.com&_nc_gid=fGziME1AAlCM-oLwOfJp-Q&oh=00_AfgkXeNSIprkrO4gldj3nqhzr4MAaaydQVoERV6uxSy8mw&oe=69312F53;“Temiz Bir Kent ve Sağlıklı Bir Çevre” için başttığımız #TemizlikSeferberliği hız kesmeden devam ediyor. 💦🌪️🧹🚮  Halkımızın refahı ve esenliği için Cuma gününün ilk ışıkları ve bereketiyle okul çevreleri, cadde ve sokaklarda temizlik çalışmalarımız  sürüyor.🌿  Daha temiz bir #Siirt  için #CanlaBaşla çalışıyoruz.   📍Doğan Mahallesi  #BaşımGözümÜstüne #DurmadanDuraksamadan 🇹🇷;
https://www.instagram.com/p/DQt5e1xjECz/;Reels;116;1;7182;2025-11-06 16:48:28;https://scontent.cdninstagram.com/v/t51.71878-15/574044995_1154461636270803_7291444173359144287_n.jpg?stp=dst-jpg_e15_tt6&_nc_cat=106&ig_cache_key=Mzc1OTkxNDA3MTg5OTI1OTA1OQ%3D%3D.3-ccb7-5&ccb=7-5&_nc_sid=58cdad&efg=eyJ2ZW5jb2RlX3RhZyI6InhwaWRzLjY0MHgxMTM2LnNkci5DMyJ9&_nc_ohc=3bNdR7yCh64Q7kNvwFipxqo&_nc_oc=Adk8zDlcWoR1hxhZ69OWlWSQjuAD9ehyi0b51r1V2NqJWzc6254RZ6PG4l8iGOS4AOWST10PyefMmnKpDFnDq3gQ&_nc_ad=z-m&_nc_cid=0&_nc_zt=23&_nc_ht=scontent.cdninstagram.com&_nc_gid=fGziME1AAlCM-oLwOfJp-Q&oh=00_Afg3Hj-2Soss1rTpw4KXZMHLxpjwvpiJt_vJR__PAEJhoQ&oe=69311FE4;"🌱 Hedefimiz; verimli topraklar, güçlü üreticiler ve sürdürülebilir bir #siirt tarımıdır.  Tarım ve Orman Bakanlığımızın destekleriyle yürütülen TAKE Projesi kapsamında, Siirt Merkez, #kurtalan , #baykan ve #eruh ilçelerinde toplam 15 bin dekar alanda üretim yapılmak üzere 2️⃣0️⃣3️⃣ ton sertifikalı kırmızı mercimek tohumu 5️⃣8️⃣8️⃣ çiftçimize dağıttık.   🤝 %75’i Bakanlığımız hibesi, %25’i çiftçi katkısı ile hayata geçirilen 1️⃣3️⃣ milyon 3⃣3⃣3⃣ bin TL’lik bu proje ile; kuraklığa dayanıklı üretim artacak, sertifikalı tohum kullanımı yaygınlaşacak.🇹🇷  Tohumlar bereketle filizlensin, çiftçimize kazanç, ülkemize güç getirsin.🌾  Tüm üreticilerimize, çiftçilerimize bol kazançlı, bereketli bir sezon diliyorum. 🤲  @tc_tarim_ormancilik_bakanligi  #türkiyeyüzyılı 🇹🇷";
https://www.instagram.com/p/DQtfoUnDB45/;Carousel;162;0;0;2025-11-06 12:59:13;https://scontent.cdninstagram.com/v/t51.82787-15/573956815_18072020588340029_4298022149052728390_n.jpg?stp=dst-jpg_e35_tt6&_nc_cat=103&ig_cache_key=Mzc1OTgwMDM1ODA0MzE3MzI0NA%3D%3D.3-ccb7-5&ccb=7-5&_nc_sid=58cdad&efg=eyJ2ZW5jb2RlX3RhZyI6InhwaWRzLjE0NDB4MTIxMC5zZHIuQzMifQ%3D%3D&_nc_ohc=pzEEQFAd_acQ7kNvwFwHvsp&_nc_oc=AdlI_elmE7FwF731oplU48FvzzWCVl4S7sZI4EBy9WLd1o-KKLvS-6Wk0Pqtn6JkzCdqXbshr73g9n204vvZXtMv&_nc_ad=z-m&_nc_cid=0&_nc_zt=23&_nc_ht=scontent.cdninstagram.com&_nc_gid=fGziME1AAlCM-oLwOfJp-Q&oh=00_Afjh6czykm7yWU6Oj8UHuM9Fms0Z1f2U_facwFSj8KTV_A&oe=6930FF3C;"🌾 Tohumlar ile Bereketli Topraklar Can Bulacak! 🌾  Valimiz Sayın @dr.kemalkizilkaya ,Tarım ve Orman Bakanlığımızın destekleriyle yürütülen “Tarım Arazilerinin Kullanımının Etkinleştirilmesi (#TAKE) Projesi” kapsamında #Kurtalan ilçemizde düzenlenen Sertifikalı Kırmızı Mercimek Dağıtım Törenine katıldı.  TAKE Projesi kapsamında; Siirt Merkez, #Kurtalan, #Baykan ve #Eruh ilçelerinde toplam 15 bin dekar alanda üretim yapılmak üzere 2⃣0⃣3⃣ ton sertifikalı kırmızı mercimek tohumu, bugün 5⃣8⃣8⃣ çiftçimize dağıtıldı.  💧 %75’i Bakanlığımız hibesi, %25’i çiftçi katkısı ile hayata geçirilen 1⃣3⃣ milyon 3⃣3⃣3⃣ bin TL’lik bu proje ile;  ➡️ Kuraklığa dayanıklı çeşitlerin üretimi artacak, ➡️ Sertifikalı tohum kullanımı yaygınlaşacak, ➡️ Ürün kalitesi yükselecek, ➡️ Üreticimizin geliri güçlenecek.  🌱 “Hedefimiz; verimli topraklar, güçlü üreticiler ve sürdürülebilir bir #Siirt tarımıdır.”  Bugün dağıtılan tohumlar, bereketli topraklarımızda umutla filizlensin, çiftçimize kazanç, ülkemize güç getirsin. 🇹🇷  Program, yapılan duanın ardından tohumların üreticilerimize teslim edilmesiyle sona erdi.  Tüm üreticilerimize bol kazançlı, bereketli bir sezon diliyoruz.🌾  @tarimgovtr  #CanlaBaşla #DurmadanDuraksamadan #TürkiyeYüzyılı 🇹🇷";
https://www.instagram.com/p/DQrBC5uDHBw/;Carousel;133;0;0;2025-11-05 13:53:29;https://scontent.cdninstagram.com/v/t51.82787-15/573439137_18071941697340029_8134699107983789093_n.jpg?stp=dst-jpg_e35_tt6&_nc_cat=109&ig_cache_key=Mzc1OTEwMjkwNTE1NzQzODYxMg%3D%3D.3-ccb7-5&ccb=7-5&_nc_sid=58cdad&efg=eyJ2ZW5jb2RlX3RhZyI6InhwaWRzLjE0NDB4OTA1LnNkci5DMyJ9&_nc_ohc=O21qEHjMdR8Q7kNvwG9YnVT&_nc_oc=Admcxu1f-Iyup4ZE6LCCGFcXQ6ZhD1oHCYk_frWGsRyKkApu6sjaLuBcPTxGj8W9-2ybqnZgLHHliiUHa5d7uwTl&_nc_ad=z-m&_nc_cid=0&_nc_zt=23&_nc_ht=scontent.cdninstagram.com&_nc_gid=fGziME1AAlCM-oLwOfJp-Q&oh=00_AfhhDm_aJIr1S-21G5UBvtcd6VP0dB0XCIkdG_tr7aCRbg&oe=69312A96;"Bağımlılıkla Mücadele İl Koordinasyon Kurulu Toplantısı, Valimiz Sayın @dr.kemalkizilkaya başkanlığında gerçekleştirildi.  Toplantıda, İl Sağlık Müdürlüğü ve Yeşilay Danışmanlık Merkezi #YEDAM tarafından hazırlanan Bağımlılıkla  Mücadele İl Faaliyet Raporu ve yürütülen çalışmalar hakkında sunum yapıldı.  Bağımlılıkla mücadelede yürütülen koruyucu ve önleyici faaliyetler, farkındalık eğitimleri, sosyal, kültürel ve sportif çalışmalar, tedavi hizmetleri ile çocukların suçtan korunmasına yönelik konular ayrıntılı olarak ele alındı.  💬Vali Kızılkaya, toplantıda yaptığı değerlendirmede: “Hiçbir gencimizin karanlığa sürüklenmesine asla izin vermeyeceğiz. Bağımlılıkla mücadelemizi, her bireyin yeniden kazanılabileceğine inanan, umut ve yaşam odaklı bir anlayışla; kamu kurumlarımız ve sivil toplum kuruluşlarımızın iş birliğiyle koordineli bir şekilde kararlılıkla sürdüreceğiz.” ifadelerini kullandı.  💬 Vali Kızılkaya “Bağımlılıkla mücadele sadece güvenlik önlemleriyle sınırlı kalamaz. Bu mücadele; eğitimciler, sağlık çalışanları, aileler ve toplumun tüm kesimlerinin ortak ve kararlı çabalarıyla mümkündür. Bu doğrultuda yürütülen projelere her türlü desteği vermeye devam edeceğiz.” dedi.  📍#Siirt Valiliği Toplantı Salonu  #BağımlılıklaMücadele";
https://www.instagram.com/p/DQo-C4hDCdg/;Carousel;209;0;0;2025-11-04 18:48:47;https://scontent.cdninstagram.com/v/t51.82787-15/573999515_18071880260340029_526156665119642744_n.jpg?stp=dst-jpg_e35_tt6&_nc_cat=106&ig_cache_key=Mzc1ODUyNjc1NzkwMjAwMTczMQ%3D%3D.3-ccb7-5&ccb=7-5&_nc_sid=58cdad&efg=eyJ2ZW5jb2RlX3RhZyI6InhwaWRzLjE0NDB4MTAwOC5zZHIuQzMifQ%3D%3D&_nc_ohc=FLbVyz2mpOYQ7kNvwHhfLb3&_nc_oc=Adlsv7Q0C_Xp_NhK2T0dsjWEjOE6-JKzGy7HIxnWfkJEzNhpADcTx7cK4RPgf2xYSHe2LEsqDlCvZVCrv8NtNvvZ&_nc_ad=z-m&_nc_cid=0&_nc_zt=23&_nc_ht=scontent.cdninstagram.com&_nc_gid=fGziME1AAlCM-oLwOfJp-Q&oh=00_AfgTa4UT5Muj9zG1N_XAg-JSSdoypnIl0lx8WULQgbK_mg&oe=69310BD0;"📍Taziye Ziyareti  Valimiz ve Belediye Başkan Vekili Sayın @dr.kemalkizilkaya ,  Halk ziyaretleri programı kapsamında;  Milli sporcumuz Evin Demirhan Yavuz’un kıymetli babası Şemsettin Demirhan’ın vefatı dolayısıyla, Demirhan ailesine ve yakınlarına taziye ziyaretinde bulunarak başsağlığı ve sabır dileklerini iletti.  Merhuma Allah’tan rahmet, diliyoruz. Mekânı cennet olsun🤲  #BirizBeraberiz #Siirt";
https://www.instagram.com/p/DQogajbjEmO/;Carousel;206;0;0;2025-11-04 14:29:52;https://scontent.cdninstagram.com/v/t51.82787-15/573066849_18071858537340029_2142884491614500776_n.jpg?stp=dst-jpg_e35_tt6&_nc_cat=109&ig_cache_key=Mzc1ODM5NjQ0Njg3NDU5NDEyMg%3D%3D.3-ccb7-5&ccb=7-5&_nc_sid=58cdad&efg=eyJ2ZW5jb2RlX3RhZyI6InhwaWRzLjEwNjd4NzEyLnNkci5DMyJ9&_nc_ohc=wiKMedivu48Q7kNvwFgipbr&_nc_oc=AdlvDmzgLooZ0AIrxuXfD_FvoWEV-mwaJclWABv9cfMcr8v4JhuiQFcNa2aFsdc9x-v5SMK6ZwXYpDzfnPprxexj&_nc_ad=z-m&_nc_cid=0&_nc_zt=23&_nc_ht=scontent.cdninstagram.com&_nc_gid=fGziME1AAlCM-oLwOfJp-Q&oh=00_AfiucMOKdAJLUHTHYItKdhu1lvj7k6oxZnlgFoPGwYgtfA&oe=6931215A;Bağımlılıkla Mücadelede Birlikteyiz❗️   Valimiz ve Belediye Başkan V. Sn. @dr.kemalkizilkaya ve eşi Nurten Kızılkaya Hanımefendi #Siirt Yeşilay Danışmanlık Merkezi’ni (YEDAM) ziyaret etti.  Ziyarette, bağımlılıkla mücadele kapsamında yürütülen çalışmalar hakkında Yeşilay yetkililerinden bilgi aldı.  Bağımlılıkla mücadelede kararlılık vurgusu yapan Vali Kızılkaya, Yeşilay’ın özellikle gençler başta olmak üzere toplumun tüm kesimlerinde farkındalık oluşturma, bireyleri bağımlılıktan koruma ve sağlıklı yaşam alışkanlıklarını teşvik etme yönündeki çalışmalarının büyük bir önem taşıdığını ifade etti. 🌿  Vali Kızılkaya, bağımlılıkla mücadelenin yalnızca kurumların değil, tüm toplumun ortak sorumluluğu olduğunu belirterek, bu alanda yürütülen her çalışmanın geleceğimiz için değerli bir yatırım olduğunu ifade etti.   👉 Bağımlılıklardan kurtulmak için ilk adımı at, 1⃣1⃣5⃣’i ara!   #YEDAM’ın uzmanları seni dinlemeye hazır. 📞  #Yeşilay #BağımlılıklaMücadele  @1920yesilay;
https://www.instagram.com/p/DQoXpFvDFHo/;Photo;62;0;0;2025-11-04 13:13:13;https://scontent.cdninstagram.com/v/t51.82787-15/573805067_18071853122340029_5599737690874431666_n.jpg?stp=dst-jpg_e35_tt6&_nc_cat=102&ig_cache_key=Mzc1ODM1Nzg2Nzc2NzAyNjE1Mg%3D%3D.3-ccb7-5&ccb=7-5&_nc_sid=58cdad&efg=eyJ2ZW5jb2RlX3RhZyI6InhwaWRzLjE0NDB4MTkyMC5zZHIuQzMifQ%3D%3D&_nc_ohc=Fh0KvGMmphIQ7kNvwGOKjLI&_nc_oc=AdksOnFtWult1tgD8gMjxT42gmQOhIV6r9yIk0EKytoq7C1AHIs-NfGBaKxNSHRKxVMbc-Sn87B7amknssFWZt-1&_nc_ad=z-m&_nc_cid=0&_nc_zt=23&_nc_ht=scontent.cdninstagram.com&_nc_gid=fGziME1AAlCM-oLwOfJp-Q&oh=00_Afi2pXp0K2Z-WHaR2PrySJFP9zWD5cNBB1q7NPny-mShtQ&oe=69312A15;"🌿💚 Haydi #Siirt ❗️  Hep birlikte #YeşilVatanSeferberliği’ne katılalım, ormanlarımızı büyütelim; vatana yeşil, yarınlara umut olalım. 🇹🇷  7’den 70’e birlikte kutlayacağımız 11 Kasım Millî Ağaçlandırma Gününde düzenlenecek fidan dikim törenine;  Tüm halkımız davetlidir.  Siz de gelecegenefes.gov.tr adresinden ister fidan sahiplenin, isterseniz bağışta bulunun. Mutlaka #YeşilVatanSeferberliği ’ne katılın.  🗓️ 11 Kasım 2025 🕤 11:11 📍 Siirt Üniversitesi Kezer Yerleşkesi   #GeleceğeNefes 💚 #TürkiyeYüzYılı🇹🇷  @dr.kemalkizilkaya";
https://www.instagram.com/p/DQn3WKmDE-f/;Reels;79;0;5227;2025-11-04 08:32:15;https://scontent.cdninstagram.com/v/t51.71878-15/572621218_1781752062492229_1648918667129847437_n.jpg?stp=dst-jpg_e15_tt6&_nc_cat=111&ig_cache_key=Mzc1ODIxNTgyOTgyNjMyNjQzMQ%3D%3D.3-ccb7-5&ccb=7-5&_nc_sid=58cdad&efg=eyJ2ZW5jb2RlX3RhZyI6InhwaWRzLjY0MHgzNjIuc2RyLkMzIn0%3D&_nc_ohc=g_6Kv_BSY4MQ7kNvwGbPbvi&_nc_oc=AdlRTsrOrBBlGfjfRaHHkpV7A9S-QPvi6EdaM4snCgNGBNzLLBTx1yT5JvGzmOigYJbEZtR0ecywAh-7KZcTOhX8&_nc_ad=z-m&_nc_cid=0&_nc_zt=23&_nc_ht=scontent.cdninstagram.com&_nc_gid=fGziME1AAlCM-oLwOfJp-Q&oh=00_AfjgCAXTzuCDp29EzRxJhRHeIX5ie2PxaHW9Ywz3bs3Nrw&oe=693128B8;🇹🇷 SİBER VATANDA DA HALKIMIZIN YANINDAYIZ! 💻  #Siirt Valiliği İl #Jandarma Komutanlığı, vatandaşlarımızın dijital dünyada güvenliği için yürüttüğü siber farkındalık eğitimlerine aralıksız devam ediyor.  📊 2025 yılının ilk on ayında 1️⃣0️⃣. 2️⃣2️⃣5️⃣ öğrenci ile vatandaşımıza eğitim verildi.  ⚖️ 32 siber dolandırıcılık olayı aydınlatıldı. 📉 Bir önceki yıla göre siber dolandırıcılık olaylarında %30 oranında azalma sağlandı.👏  Unutmayalım! Şüpheli durumlarla karşılaşırsanız 1️⃣1️⃣2️⃣’yi mutlaka arayın. Biz gereğini yapalım.❗️  #SİBERAY🌙    @tcicisleri @dr.kemalkizilkaya;
https://www.instagram.com/p/DQmC00KjOnY/;Reels;211;0;9089;2025-11-03 16:27:45;https://scontent.cdninstagram.com/v/t51.71878-15/573555200_859021156567518_2983486440901672541_n.jpg?stp=dst-jpg_e15_tt6&_nc_cat=110&ig_cache_key=Mzc1NzcwMzM2NDYwNDY1MTk5Mg%3D%3D.3-ccb7-5&ccb=7-5&_nc_sid=58cdad&efg=eyJ2ZW5jb2RlX3RhZyI6InhwaWRzLjY0MHgzNjAuc2RyLkMzIn0%3D&_nc_ohc=SlWaUGUt9K8Q7kNvwFr2O4Z&_nc_oc=AdkWhlNkfaq957OGtLyw34G07BBAWAEsiWCIPAIBxkZEikmrMopUkAYkQWKNqOaloNcR6w-XlBeWQ8v7RnERDfne&_nc_ad=z-m&_nc_cid=0&_nc_zt=23&_nc_ht=scontent.cdninstagram.com&_nc_gid=fGziME1AAlCM-oLwOfJp-Q&oh=00_Afigf24XDUoKzMnaqDgQ9u3z4R2duImRn9JcCDcl9ijs8Q&oe=69312DC6;Valimiz Sayın @dr.kemalkizilkaya , Ekim Ayı Asayiş ve Güvenlik Bilgilendirme ve Değerlendirme Toplantısı gerçekleştiriyor.   📍#Siirt Güvenlik ve Acil Durumlar Koordinasyon Merkezi (GAMER)  #SiirtinHuzuru 🇹🇷 #TürkiyeninHuzuru 🇹🇷  @tcicisleri;
https://www.instagram.com/p/DQlnglADGP1/;Carousel;166;0;0;2025-11-03 11:34:08;https://scontent.cdninstagram.com/v/t51.82787-15/573658530_18373554400149072_9050750705733967096_n.webp?_nc_cat=106&ig_cache_key=Mzc1NzU4MzIxODMwNTE0ODg0MA%3D%3D.3-ccb7-5&ccb=7-5&_nc_sid=58cdad&efg=eyJ2ZW5jb2RlX3RhZyI6InhwaWRzLjE0Mzl4MTM0Mi5zZHIuQzMifQ%3D%3D&_nc_ohc=QS7_Q3oIZzcQ7kNvwGn9muF&_nc_oc=Adn1aSg3KIfLfHFGbZ0YAQchyjgRT2AKt3fa2GlnoH0m_Ely3L7KwuQ_sCI_M-ApIwELd55NGj4SgbvC2l4Z-cSV&_nc_ad=z-m&_nc_cid=0&_nc_zt=23&_nc_ht=scontent.cdninstagram.com&_nc_gid=fGziME1AAlCM-oLwOfJp-Q&oh=00_AfgYGT5FcM8Ht2V28Fa2pxGqF9lUEXbTtp8mGKveaZqOpg&oe=69311102;Zabıta Denetimleri Aralıksız Sürüyor❗ ️ #Siirt Belediyesi Zabıta ekipleri, 27 Ekim -2 Kasım 2025 tarihleri arasında 340 iş yerini denetledi.  Daha önce uyarılmalarına rağmen kaldırım işgali yaptığı tespit edilen iki işletme,1 gün süreyle faaliyetten men edildi. 125 iş yerine uyarı, 15 iş yerine ise toplam 21.090 TL idari yaptırım uygulandı.  Vatandaşlardan gelen 75 şikâyetin tamamına anında müdahale edildi.  🚫 Kaldırım işgalleri, seyyar satıcılar ve hijyen kurallarına aykırı uygulamalara karşı denetimler kararlılıkla devam edecek.  📲 Şikâyet ve bildirimler için: Belediye WhatsApp: 0 535 016 05 44 Acil Çağrı Merkezi : 1️⃣1️⃣2️⃣  #CanlaBaşla #DurmadanDuraksamadan🇹🇷;
https://www.instagram.com/p/DQeuhB6DGwg/;Carousel;94;0;0;2025-10-31 19:20:41;https://scontent.cdninstagram.com/v/t51.82787-15/573927530_18071524388340029_7555328067651995334_n.jpg?stp=dst-jpg_e15_tt6&_nc_cat=111&ig_cache_key=Mzc1NTY0Mjk0NjcwNDkxNjgxOA%3D%3D.3-ccb7-5&ccb=7-5&_nc_sid=58cdad&efg=eyJ2ZW5jb2RlX3RhZyI6InhwaWRzLjcyMHg5NjAuc2RyLkMzIn0%3D&_nc_ohc=SYcNNJugs-EQ7kNvwEhlUYG&_nc_oc=AdkjRB6O7Jm9BYhT-66IeflA626WMjRkaNCOnPXRD_uIiqO-dbvAl--SX02RTmsv9fW5ATXNWMxl6r48taU8Y_RS&_nc_ad=z-m&_nc_cid=0&_nc_zt=23&_nc_ht=scontent.cdninstagram.com&_nc_gid=fGziME1AAlCM-oLwOfJp-Q&oh=00_Afjiip-bpbxnuQyFB6q8cDSlhXmijwFJ_a74PCZqXubCQg&oe=69311070;"#Siirt İl Afet Risk Azaltma Planı (İRAP) 2025 Yılı Genel Değerlendirme Toplantısı, Valimiz Sayın @dr.kemalkizilkaya başkanlığında; AFAD Yönetim Hizmetleri Genel Müdürü Cengiz Gevrek, kamu kurum ve kuruluşlarının temsilcileri ile İRAP İzleme ve Değerlendirme Komisyonu üyelerinin katılımıyla gerçekleştirildi.  Toplantıda, #İRAP kapsamında belirlenen 52 eylem planı ve afet risklerini azaltma çalışmaları değerlendirildi.  #AFAD İl Müdürlüğü’nün sunumuyla Siirt’in afet risklerini azaltmak amacıyla yürütülen eylem planları hakkında detaylı bilgi verildi.   Afet risklerini azaltmak, önlemek ve olası etkilerini en aza indirmek amacıyla kurumlar arası iş birliğinin önemine dikkat çeken Vali Kızılkaya, hazırlanan risk azaltma eylem planlarının sahada titizlikle uygulanması ve yakından takip edilmesi gerektiğini belirtti.  Afetlere karşı dirençli bir şehir inşa etmek için vatandaşların bilinçlenmesi ve farkındalık oluşturulmasının büyük önem taşıdığını sözlerine ekledi.  İlimizin afet riskini en aza indirmek için hep birlikte çalışmaya devam ediyoruz!   Toplantı görüş ve önerilerin sunulması ile sona erdi.  📍#SiirtValiliği Konferans Salonu  @tcicisleri @afadbaskanlik  #AfetYönetimi #AfetlereHazırlık";
https://www.instagram.com/p/DQefCn8jG6a/;Photo;115;0;0;2025-10-31 17:05:27;https://scontent-man2-1.cdninstagram.com/v/t51.82787-15/573702020_18071511401340029_9124056596816740061_n.jpg?stp=dst-jpg_e35_tt6&_nc_cat=102&ig_cache_key=Mzc1NTU3NTY1OTA0NjEzNzQ5OA%3D%3D.3-ccb7-5&ccb=7-5&_nc_sid=58cdad&efg=eyJ2ZW5jb2RlX3RhZyI6InhwaWRzLjE0NDB4OTYxLnNkci5DMyJ9&_nc_ohc=mYQLpOGMo4MQ7kNvwGOuR_9&_nc_oc=Adm6lb6c4_XCihak-QoLmBUz34zlpBIG8XBzFC1ZgWVYGJJQt58uaNZ5DHYnIDEgcdE&_nc_ad=z-m&_nc_cid=0&_nc_zt=23&_nc_ht=scontent-man2-1.cdninstagram.com&_nc_gid=fGdVOLMM7DwkLkwJuWnwcg&oh=00_AfjNF8OIo-2xMbMFJVanbJrSP99Ga8vaK1jixKil6M6CRA&oe=69311EE8;"Nesiller değişir, Hilal’e adanmış yürekler değişmez! 🌙  Valimiz Sayın @dr.kemalkizilkaya , #KızılayHaftası münasebetiyle;  Türk Kızılayı #Siirt Şube Başkanı Nihat Altunç, #Kızılay çalışanları ve gönüllülerden oluşan heyeti makamında kabul etti.🤝  Kızılay Haftası’nı tebrik eden Vali Kızılkaya, “Yardımseverliğin, merhametin ve dayanışmanın en güçlü sembollerinden biri olan Türk Kızılay’ımız; afetlerde, zor zamanlarda ve ihtiyaç anında milletimizin daima yanındadır. Bu vesileyle tüm Kızılay gönüllülerine ve çalışanlarına teşekkür ediyor, çalışmalarında başarılar diliyorum.”    #YarınaHilâlOl 🌙";
https://www.instagram.com/p/DQdk0NPDOIh/;Carousel;88;0;0;2025-10-31 08:36:41;https://scontent-man2-1.cdninstagram.com/v/t51.82787-15/573091366_18373239298149072_8136979917740884747_n.jpg?stp=dst-jpg_e15_tt6&_nc_cat=108&ig_cache_key=Mzc1NTMxOTQzMjI0NDQwODQwNg%3D%3D.3-ccb7-5&ccb=7-5&_nc_sid=58cdad&efg=eyJ2ZW5jb2RlX3RhZyI6InhwaWRzLjcyMHg5NjAuc2RyLkMzIn0%3D&_nc_ohc=GQy0M_Icc9wQ7kNvwHwQxnd&_nc_oc=Adljo3vyXeDg6VI_Rb2Wnt2j4cpzSD0V9q3J_7waml774HNVyVgR72e5FJ3UlqhFPK0&_nc_ad=z-m&_nc_cid=0&_nc_zt=23&_nc_ht=scontent-man2-1.cdninstagram.com&_nc_gid=fGdVOLMM7DwkLkwJuWnwcg&oh=00_Afisqzx6iF0UyQy5JgD9pHGUtyu0DhsbPqG7KBg9RH-A4Q&oe=69310367;“Temiz Bir Kent ve Sağlıklı Bir Çevre” için başttığımız #TemizlikSeferberliği hız kesmeden devam ediyor. 💦🌪️🧹🚮  Halkımızın refahı ve esenliği için Cuma gününün ilk ışıkları ve bereketiyle okul çevreleri, cadde ve sokaklarda temizlik çalışmalarımız  sürüyor.🌿  Daha temiz bir #Siirt  için #CanlaBaşla çalışıyoruz.   📍Afetevleri Mahallesi  #BaşımGözümÜstüne #DurmadanDuraksamadan 🇹🇷;
