﻿PostLink;PostTürü;BeğeniSayısı;YorumSayısı;Görüntülenme Sayısı;Tarih;DisplayPhoto;Caption;Takipçi
https://www.instagram.com/p/DRpWAOSjNi0/;Carousel;15549;202;0;2025-11-29 18:49:32;https://scontent.cdninstagram.com/v/t51.82787-15/588467835_18498425032079379_3021555121580283018_n.jpg?stp=dst-jpg_e35_tt6&_nc_cat=1&ig_cache_key=Mzc3NjY0NjUyNzg4OTIyMzczNQ%3D%3D.3-ccb7-5&ccb=7-5&_nc_sid=58cdad&efg=eyJ2ZW5jb2RlX3RhZyI6InhwaWRzLjEwNjV4NzEwLnNkci5DMyJ9&_nc_ohc=yC06oBKEEuEQ7kNvwE53hnr&_nc_oc=AdnmKHrSjhHgfUDmVOIIzTzq7KORqiX74wTf-EKv6WLo_mJfzZDTWKtlbxlrz9MSDwg&_nc_ad=z-m&_nc_cid=0&_nc_zt=23&_nc_ht=scontent.cdninstagram.com&_nc_gid=nHCdOFmJLcK0mEb0hgmpTQ&oh=00_AfgO7siIdLFYnJR5mtFO-A3mN5KIwuv7aSklQQN4SvPvuA&oe=69311C03;39. Olağan Kurultayımızda delegelerimizin oylarıyla yeniden Genel Başkan seçilen Sayın Özgür Özel’i tebrik ediyorum.  Hep birlikte, ülkemizin hak ettiği demokratik, adil ve umut dolu geleceği inşa etmek için kararlılıkla çalışmaya devam edeceğiz;4318359
https://www.instagram.com/p/DRbYp1BDDTF/;Photo;21782;212;0;2025-11-24 08:43:19;https://scontent.cdninstagram.com/v/t51.82787-15/587322048_18497694085079379_2978440490079936826_n.jpg?stp=dst-jpg_e35_tt6&_nc_cat=104&ig_cache_key=Mzc3MjcxNzU0MDM5MzYyODg2OQ%3D%3D.3-ccb7-5&ccb=7-5&_nc_sid=58cdad&efg=eyJ2ZW5jb2RlX3RhZyI6InhwaWRzLjE0NDB4ODIyLnNkci5DMyJ9&_nc_ohc=1Y_Jm6MsDS0Q7kNvwF4-EzT&_nc_oc=Adn6yxr-lO4KY-p4b_IAdbB52FJedAmvzSE17lnpnZufOpcyt0xvm8t5_iwYnttK8SE&_nc_ad=z-m&_nc_cid=0&_nc_zt=23&_nc_ht=scontent.cdninstagram.com&_nc_gid=nHCdOFmJLcK0mEb0hgmpTQ&oh=00_Afga3aUI3rGn8yoUEsF9K8tDqSb9ZVl6pewNPjn1Y066dA&oe=69311054;Başta Başöğretmenimiz Mustafa Kemal Atatürk olmak üzere, geleceğimizi emanet ettiğimiz tüm öğretmenlerimizin gününü kutluyorum.  Emekleriyle yarınları aydınlatan tüm öğretmenlerimize minnetle…;
https://www.instagram.com/p/DRWsd3sDLhk/;Carousel;79011;3408;0;2025-11-22 13:00:15;https://scontent.cdninstagram.com/v/t51.82787-15/587337979_18497423428079379_7635269944129495219_n.jpg?stp=dst-jpg_e35_tt6&_nc_cat=100&ig_cache_key=Mzc3MTM5NzI5OTM5MDY2MTI0Mw%3D%3D.3-ccb7-5&ccb=7-5&_nc_sid=58cdad&efg=eyJ2ZW5jb2RlX3RhZyI6InhwaWRzLjExNzl4MTQ3My5zZHIuQzMifQ%3D%3D&_nc_ohc=IMLyelWwwgsQ7kNvwGGvCnG&_nc_oc=AdnDU6Pkhn2vWCgjZRkiMgpa0994rej3UIkX1Nur3nmi2wm-OAVJxLU_WZ_7Iw1IIeg&_nc_ad=z-m&_nc_cid=0&_nc_zt=23&_nc_ht=scontent.cdninstagram.com&_nc_gid=nHCdOFmJLcK0mEb0hgmpTQ&oh=00_Afi427x1g-J1vkwExtpqF7PRf8GIeLp5IgxueOvrZw0vfw&oe=6930F710;"Hatırlanacağı üzere; Ankara Cumhuriyet Başsavcılığı tarafından yürütülen “konser soruşturması” kapsamında, adımın dahi yer almadığı bir iddianame için İçişleri Bakanlığı’ndan soruşturma izni talep edilmişti.  Bu talep üzerine Bakanlık belediyemize müfettiş görevlendirmiş, ben de yazılı ifademi sunmuştum. Bakanlık; daha önce ifade dahi almaya gerek görmediği bu konuda, bu kez benim ve Özel Kalem Müdürüm hakkında “soruşturma izni” kararı vermiştir.  Oysa geçmiş döneme ilişkin onlarca şikâyette, birimlerin yaptıkları işlerden belediye başkanının sorumlu tutulamayacağı yönünde kararlar verilmişken bugün tam tersi bir uygulamaya gidilmesi, açık bir çifte standarttır. Herkese ayrı ayrı işleyen bu adalet anlayışının kabul edilmesi mümkün değildir.  Biz, adaletin er ya da geç tecelli edeceğine ve bu kararın da yargıdan döneceğine olan inancımız tamdır. Unutulmasın; hukuk bir gün herkese lazım olacaktır.  Ayrıca yasal hakkımızı kullanarak en kısa sürede Danıştay’a itiraz edeceğiz.  Daha kapsamlı açıklamayı ise pazartesi günü kamuoyuyla paylaşacağım.";
https://www.instagram.com/p/DRSbF-0jOTs/;Carousel;10481;357;0;2025-11-20 21:11:28;https://scontent.cdninstagram.com/v/t51.82787-15/587555720_18497204155079379_6391169128641843845_n.jpg?stp=dst-jpg_e35_tt6&_nc_cat=100&ig_cache_key=Mzc3MDE5NDk4NjY1NTM0MDg5MA%3D%3D.3-ccb7-5&ccb=7-5&_nc_sid=58cdad&efg=eyJ2ZW5jb2RlX3RhZyI6InhwaWRzLjEwNjV4NzEwLnNkci5DMiJ9&_nc_ohc=09gu-5Hv_3EQ7kNvwEj6hqO&_nc_oc=Adm2uFw9tiJHy6igrxEwxboiwRogU-iDoceEsHhHRA4jMmm_EgfOLDmjhZ86K6u_u7Y&_nc_ad=z-m&_nc_cid=0&_nc_zt=23&_nc_ht=scontent.cdninstagram.com&_nc_gid=nHCdOFmJLcK0mEb0hgmpTQ&oh=00_AfhxA1bDygxqcDXlL5c4xOrLlH8DeGeaGCZu74dGEJvYmw&oe=69311AF6;2026 Mali Yılı Bütçemiz Belediye Meclisi’nde kabul edildi.  Önceliğimiz yine milletimizin ihtiyaçları olacak.  Başkentimize hayırlı uğurlu olsun.;
https://www.instagram.com/p/DRRLe93DDVt/;Photo;9903;137;0;2025-11-20 09:35:50;https://scontent.cdninstagram.com/v/t51.82787-15/587538379_18497136130079379_2105392275139357081_n.jpg?stp=dst-jpg_e35_tt6&_nc_cat=102&ig_cache_key=Mzc2OTg0NDg2OTYwMzUzODI4NQ%3D%3D.3-ccb7-5&ccb=7-5&_nc_sid=58cdad&efg=eyJ2ZW5jb2RlX3RhZyI6InhwaWRzLjEwODB4MTA4MC5zZHIuQzMifQ%3D%3D&_nc_ohc=DNs8QyUzpK4Q7kNvwG27-9q&_nc_oc=AdlFKavtSlhPavq71rOMt3w5BHSXktyCAQe-F_TNtcuXOkZ_ueUb7Hq6EDmrArODQ04&_nc_ad=z-m&_nc_cid=0&_nc_zt=23&_nc_ht=scontent.cdninstagram.com&_nc_gid=nHCdOFmJLcK0mEb0hgmpTQ&oh=00_AfgC3Z2vyUFPdWwrTRcbnbVngO5zgj1PQQa3P-1haDFdjA&oe=69310152;"Bir çocuğun gözyaşı dünyanın en ağır yüküdür… Bir çocuğun gülüşü ise insanlığın en büyük umudu.  Her çocuğun; sevgiyle büyümeye, korunmaya, eğitim almaya, hayal kurmaya ve güvenle yarına bakmaya hakkı var. Bu “ama”sı, “keşke”si olmayan evrensel bir sorumluluktur.  Çocukların gülüşü eksilmesin, dünya onların kalbi kadar temiz olsun.";
https://www.instagram.com/p/DREs2sbjAR6/;Photo;10610;204;0;2025-11-15 13:17:18;https://scontent.cdninstagram.com/v/t51.82787-15/582967118_18496490533079379_357460494364155235_n.jpg?stp=dst-jpg_e35_tt6&_nc_cat=102&ig_cache_key=Mzc2NjMzMjQ2MDk5MzYxMDg3NA%3D%3D.3-ccb7-5&ccb=7-5&_nc_sid=58cdad&efg=eyJ2ZW5jb2RlX3RhZyI6InhwaWRzLjEwODB4MTA4MC5zZHIuQzMifQ%3D%3D&_nc_ohc=ArboK-Wh_GkQ7kNvwG_OIt9&_nc_oc=AdmPJI8ElJNlWBb0pjsilVJeMLnY8St2kSWa0wzX9xFLBZPRZxkJuo1wII9-hejx3oY&_nc_ad=z-m&_nc_cid=0&_nc_zt=23&_nc_ht=scontent.cdninstagram.com&_nc_gid=nHCdOFmJLcK0mEb0hgmpTQ&oh=00_AfixyBWxIHE4gm_pHniJhOoIZximhHPHp55p3O9j6fP1ew&oe=6930F707;Kuzey Kıbrıs Türk Cumhuriyeti’nin 42’nci kuruluş yıl dönümü ve Cumhuriyet Bayramı’nı kutluyorum.  Bu toprakları vatan yapan aziz şehitlerimizi ve kahraman gazilerimizi rahmet ve minnetle anıyorum.  Kıbrıs’ın özgürlük mücadelesine liderlik eden Dr. Fazıl Küçük ile Kurucu Cumhurbaşkanı Rauf Denktaş’ı saygıyla anıyorum.;
https://www.instagram.com/p/DRAfGGTjOXM/;Photo;25765;634;0;2025-11-13 22:00:07;https://scontent.cdninstagram.com/v/t51.82787-15/581835260_18496287943079379_7691671456103941568_n.jpg?stp=dst-jpg_e35_tt6&_nc_cat=104&ig_cache_key=Mzc2NTE0NjA0NzAxMDg5MTIxMg%3D%3D.3-ccb7-5&ccb=7-5&_nc_sid=58cdad&efg=eyJ2ZW5jb2RlX3RhZyI6InhwaWRzLjExNzl4ODgyLnNkci5DMyJ9&_nc_ohc=v7lC_EmRTZ0Q7kNvwF-hQ7H&_nc_oc=AdldENPY8aUH28u50OleQfJxPKfizg7VZ0kvV6QH8x9rKNw4DcZHzAoc_3WBd5aHA30&_nc_ad=z-m&_nc_cid=0&_nc_zt=23&_nc_ht=scontent.cdninstagram.com&_nc_gid=nHCdOFmJLcK0mEb0hgmpTQ&oh=00_AfgXxk9Wyh7KA0x6z5rTnamLWM__n8y_GoSGKjc1tRre3A&oe=6931109A;Hırvatistan’da irtibatı kesilen Orman Genel Müdürlüğü’ne ait yangın söndürme uçağımızın enkazına ulaşıldığı haberini derin bir üzüntüyle öğrendim.  Kaza sonucu şehit olan pilotumuza Allah’tan rahmet, ailesine sabır diliyorum.  Milletimizin başı sağ olsun. 🇹🇷;
https://www.instagram.com/p/DQ9uBL1jNnN/;Photo;24873;578;0;2025-11-12 20:12:47;https://scontent.cdninstagram.com/v/t51.82787-15/581058014_18495700270079379_432607560989001013_n.jpg?stp=dst-jpg_e35_tt6&_nc_cat=109&ig_cache_key=Mzc2NDM2NzI1NTEyMDE3MzUxNw%3D%3D.3-ccb7-5&ccb=7-5&_nc_sid=58cdad&efg=eyJ2ZW5jb2RlX3RhZyI6InhwaWRzLjE0NDB4MTgwMC5zZHIuQzMifQ%3D%3D&_nc_ohc=Nu00rxI8R2gQ7kNvwGd9Zkm&_nc_oc=Admc6h1nnPAHfaYuMdUpKlDcUwndwvAjO-swkV2EJ08exiFnu-oQawQNbv3Ckf8OsT4&_nc_ad=z-m&_nc_cid=0&_nc_zt=23&_nc_ht=scontent.cdninstagram.com&_nc_gid=nHCdOFmJLcK0mEb0hgmpTQ&oh=00_AfhVaVCgOKO2y1R8hq1N8jc_k5SMG2qoB10SQ33jYlxw3A&oe=6930F90A;"Türk sanat müziğinin usta sesi Muazzez Abacı’yı kaybettik.  Sanatıyla kuşaklara ilham veren, güçlü sesiyle gönüllerimize dokunan değerli sanatçımıza Allah’tan rahmet; ailesine, sevenlerine ve sanat camiamıza başsağlığı diliyorum.";
https://www.instagram.com/p/DQ8iYiPDOlS/;Carousel;30768;640;0;2025-11-12 09:11:53;https://scontent.cdninstagram.com/v/t51.82787-15/581829753_18495515386079379_3718883488955292480_n.jpg?stp=dst-jpg_e35_tt6&_nc_cat=110&ig_cache_key=Mzc2NDAzNDYwMTUzMTI0OTczMQ%3D%3D.3-ccb7-5&ccb=7-5&_nc_sid=58cdad&efg=eyJ2ZW5jb2RlX3RhZyI6InhwaWRzLjcyMHg1NDAuc2RyLkMzIn0%3D&_nc_ohc=JS3WOlUkfQkQ7kNvwHm1_1B&_nc_oc=AdmPhtUa_GqxZCR-hdgKQa7H_IKVNgnQlVpEHJrV6G9ELOwQIZSWVHm6aes_eU2JnVI&_nc_ad=z-m&_nc_cid=0&_nc_zt=23&_nc_ht=scontent.cdninstagram.com&_nc_gid=nHCdOFmJLcK0mEb0hgmpTQ&oh=00_Afjo4QkhSIFEtaKGfHzvn_gc4arzZ803uQgtGskihsMmLg&oe=693122DD;Yüreğimiz dağlandı… Görev uçuşu sırasında düşen askeri kargo uçağında 20 kahraman evladımızı kaybettik.  Aziz şehitlerimize Allah’tan rahmet, ailelerine ve silah arkadaşlarına sabır ve başsağlığı diliyorum.  Milletimizin başı sağ olsun.🇹🇷;
https://www.instagram.com/p/DQ69b_eDDX5/;Photo;41892;873;0;2025-11-11 18:29:48;https://scontent.cdninstagram.com/v/t51.82787-15/581109671_18495378589079379_8193916020697166491_n.jpg?stp=dst-jpg_e35_tt6&_nc_cat=105&ig_cache_key=Mzc2MzU5MDY0MzAzNDM3MTU3Nw%3D%3D.3-ccb7-5&ccb=7-5&_nc_sid=58cdad&efg=eyJ2ZW5jb2RlX3RhZyI6InhwaWRzLjE0NDB4MTgwMC5zZHIuQzMifQ%3D%3D&_nc_ohc=RtSOVm6bWQIQ7kNvwE8l2hf&_nc_oc=Adlge7_uc5IDlf_Oq_cWIChpbi0CY8zP7-QwywKtTh-c14IEsp51av1WTvyN1uxs6Bk&_nc_ad=z-m&_nc_cid=0&_nc_zt=23&_nc_ht=scontent.cdninstagram.com&_nc_gid=nHCdOFmJLcK0mEb0hgmpTQ&oh=00_Afjgc_9IFh5wQM-3swltFnbW13l2lx2yPzHRs_cgd28nlw&oe=6930FDC1;Acımız büyük…  Yüreğimizi yakan bir haberle sarsıldık. Görev esnasında meydana gelen uçak kazasında şehit olan kahraman evlatlarımıza Allah’tan rahmet, ailelerine ve silah arkadaşlarına sabır diliyorum. Aziz milletimizin başı sağ olsun.🇹🇷;
https://www.instagram.com/p/DQ68MxljMR2/;Photo;68102;1158;0;2025-11-11 18:18:59;https://scontent.cdninstagram.com/v/t51.82787-15/581956783_18495377095079379_2852275018127707558_n.jpg?stp=dst-jpg_e35_tt6&_nc_cat=107&ig_cache_key=Mzc2MzU4NTE5OTI4OTE4OTQ5NA%3D%3D.3-ccb7-5&ccb=7-5&_nc_sid=58cdad&efg=eyJ2ZW5jb2RlX3RhZyI6InhwaWRzLjEyNzR4MTM3Ny5zZHIuQzMifQ%3D%3D&_nc_ohc=WBfJcxC_FgwQ7kNvwFv1GOj&_nc_oc=AdlaTE3-M61eebvger0n5VW0g34l-9zPHHVMopjNTX_mqc9u22TFjx0falegVbQO-3U&_nc_ad=z-m&_nc_cid=0&_nc_zt=23&_nc_ht=scontent.cdninstagram.com&_nc_gid=nHCdOFmJLcK0mEb0hgmpTQ&oh=00_AfgmBctT928okRu6Lijm7Q_LzYL6je8lpwFBSJS-Sa4PZw&oe=6930F867;Şahsen pek çok dava dosyası gördüm ama bazı belediyecilik faaliyetlerinin suç unsuru sayıldığı bir iddianameye ilk kez rastlıyorum.  Bence en kestirme cevabı halk versin ve duruşmalar canlı yayınlansın.   Hukukun görevi, siyasi rekabetin aracı olmak değil, adaleti sağlamaktır. İnanıyoruz ki er ya da geç gerçek ortaya çıkacak, adalet yerini bulacaktır.  Arkadaşlarımızın, adil bir yargılama sürecinin ardından, başları dik bir şekilde görevlerine döneceklerine yürekten inanıyoruz.;
https://www.instagram.com/p/DQ6zHtVjNJO/;Photo;37442;3793;0;2025-11-11 16:59:39;https://scontent.cdninstagram.com/v/t51.82787-15/581373985_18495343555079379_6721756294646212711_n.jpg?stp=dst-jpg_e35_tt6&_nc_cat=107&ig_cache_key=Mzc2MzU0NTI2ODcwOTgwNjY3MA%3D%3D.3-ccb7-5&ccb=7-5&_nc_sid=58cdad&efg=eyJ2ZW5jb2RlX3RhZyI6InhwaWRzLjE0NDB4MTgwMC5zZHIuQzMifQ%3D%3D&_nc_ohc=SHscK5GMobEQ7kNvwENCFYf&_nc_oc=AdmQejJTGnqpguOQ9s8DFSkyePnN9O1RT9rZH8eOZWHMF8IEj4QD6Lf7SCLnIC69eag&_nc_ad=z-m&_nc_cid=0&_nc_zt=23&_nc_ht=scontent.cdninstagram.com&_nc_gid=nHCdOFmJLcK0mEb0hgmpTQ&oh=00_AfhcrbIXXZr31huc6fL70_poTtb3O4xgPd-QpFCS-w3VqQ&oe=69310B31;“Kent merkezine daha fazla yol yapmak trafiği rahatlatır mı?”  Bu soruyu yapay zekaya sorun. Lütfen yanıtını okuyun.  Gerçeği göreceksiniz!;
https://www.instagram.com/p/DQ3xTQVDMBP/;Reels;19449;166;439773;2025-11-10 12:46:22;https://scontent.cdninstagram.com/v/t51.71878-15/575673813_1558082088943774_2995706200731063294_n.jpg?stp=dst-jpg_e15_tt6&_nc_cat=103&ig_cache_key=Mzc2MjY5Mjg0MTE3MzQ2NzIxNQ%3D%3D.3-ccb7-5&ccb=7-5&_nc_sid=58cdad&efg=eyJ2ZW5jb2RlX3RhZyI6InhwaWRzLjY0MHgzNjAuc2RyLkMzIn0%3D&_nc_ohc=HyRJkMu_yqUQ7kNvwGpRaZo&_nc_oc=AdlLTnG2xmRtWlxjq8xwAp2ELtJ75kAjtfpoPcdgxXYq7Eadq8FWt4JJd_QzF_XkOIM&_nc_ad=z-m&_nc_cid=1207&_nc_zt=23&_nc_ht=scontent.cdninstagram.com&_nc_gid=tP3WuTk4n-0_cCm_oAfd5w&oh=00_Afjy8ZUKIZ5a9Oi1P3CH6JaXC_CS-DN_DVqNWLx3WbHNkA&oe=69312482;Ata’mıza saygı, minnet ve özlemle…;
https://www.instagram.com/p/DQ2IkeOjLQl/;Reels;78514;487;1371186;2025-11-09 21:31:28;https://scontent.cdninstagram.com/v/t51.71878-15/580961633_1368591198385233_717642937856607384_n.jpg?stp=dst-jpg_e15_tt6&_nc_cat=105&ig_cache_key=Mzc2MjIzMjIyOTQ0NDIzNjMyNQ%3D%3D.3-ccb7-5&ccb=7-5&_nc_sid=58cdad&efg=eyJ2ZW5jb2RlX3RhZyI6InhwaWRzLjY0MHgzNjAuc2RyLkMzIn0%3D&_nc_ohc=dS9gLa6Q0aUQ7kNvwGYk2dg&_nc_oc=Adld6ql8EaLo7HkAWVrKsC85kq0IqPUyamNnoyJdH3x9_1h-iQFNmJoSncIBjznoo14&_nc_ad=z-m&_nc_cid=1207&_nc_zt=23&_nc_ht=scontent.cdninstagram.com&_nc_gid=tP3WuTk4n-0_cCm_oAfd5w&oh=00_Afgj38Or7FBE4qShMY8Mmph0kGyrmed9Bn42IyWU5S9nsA&oe=69311C13;"Biz bugün hâlâ Gazi Mustafa Kemal Atatürk’ün açtığı yolda yürüyor, onun kurduğu Cumhuriyet’te nefes alıyor, onun hayal ettiği adil, özgür ve onurlu yarınlar için çalışıyoruz.  10 Kasım, bir veda değil; Her gün biraz daha büyüyen bir emanet bilincidir.  Saygı, minnet ve özlemle…";
https://www.instagram.com/p/DQyzMIgDGkG/;Carousel;16848;242;0;2025-11-08 14:26:20;https://scontent.cdninstagram.com/v/t51.82787-15/575624763_18494510140079379_3655692429880632010_n.jpg?stp=dst-jpg_e35_tt6&_nc_cat=100&ig_cache_key=Mzc2MTI5Mzc2NjcxNjg2MDkyNg%3D%3D.3-ccb7-5&ccb=7-5&_nc_sid=58cdad&efg=eyJ2ZW5jb2RlX3RhZyI6InhwaWRzLjEwNjV4NzEwLnNkci5DMyJ9&_nc_ohc=uA5m-4qtKHcQ7kNvwEeJtuH&_nc_oc=AdnmPr6SIH7fPEUv3xBMoSF7v6VI2yBZmGcO3MYVlkaM1hh2iPkLo7JnrUvNMN3HYzk&_nc_ad=z-m&_nc_cid=1207&_nc_zt=23&_nc_ht=scontent.cdninstagram.com&_nc_gid=tP3WuTk4n-0_cCm_oAfd5w&oh=00_AfgIczjdJKU7nwo0SzBKyqISnksT6VnMSBjBR7npUCDHOg&oe=693109A0;Bugün, Ankara Büyükşehir Belediyesi Çocuk Meclisi’nin 30. Dönem Mazbata Töreni’ne katıldık.  Çocuklarımızın güçlü sesi geleceğimize ışık tutacak. Onların heyecanı ve enerjisiyle gurur duyuyorum.;
https://www.instagram.com/p/DQyjKuzjMNk/;Photo;13421;198;0;2025-11-08 12:06:20;https://scontent.cdninstagram.com/v/t51.82787-15/574269891_18494496445079379_5523278559144937036_n.jpg?stp=dst-jpg_e35_tt6&_nc_cat=100&ig_cache_key=Mzc2MTIyMzMwNzg4NzQyODQ1Mg%3D%3D.3-ccb7-5&ccb=7-5&_nc_sid=58cdad&efg=eyJ2ZW5jb2RlX3RhZyI6InhwaWRzLjEwODB4MTA4MC5zZHIuQzMifQ%3D%3D&_nc_ohc=3HuPfJ4VVYoQ7kNvwFU2z8z&_nc_oc=AdmaPTbHiKD11kGlsfUbRFriIaz_tuMGJfK0uK7zFakdBkv2vVJnSRDk0gPtn7Jxyxk&_nc_ad=z-m&_nc_cid=1207&_nc_zt=23&_nc_ht=scontent.cdninstagram.com&_nc_gid=tP3WuTk4n-0_cCm_oAfd5w&oh=00_Afi_1D4I6ihviiyNCqlnTqlxRJRU0tbWLOfgjpzWT3FQRQ&oe=69310A54;Kardeş ülkemiz Azerbaycan’ın 8 Kasım Zafer Günü’nü yürekten kutluyorum.  Karabağ için canını feda eden kahraman şehitleri rahmetle anıyor, gazilere minnetlerimi sunuyorum. 🇹🇷🇦🇿;
https://www.instagram.com/p/DQrNWQNDB-q/;Photo;7457;264;0;2025-11-05 15:40:59;https://scontent.cdninstagram.com/v/t51.82787-15/573535410_18493640713079379_637262668593499761_n.jpg?stp=dst-jpg_e35_tt6&_nc_cat=109&ig_cache_key=Mzc1OTE1NzAxNzgwMjcxMDk1NA%3D%3D.3-ccb7-5&ccb=7-5&_nc_sid=58cdad&efg=eyJ2ZW5jb2RlX3RhZyI6InhwaWRzLjEzNTB4MTY4Ny5zZHIuQzMifQ%3D%3D&_nc_ohc=qogMj5Z1yU0Q7kNvwHhTmyS&_nc_oc=AdkIi_Z9cwGIfq_u3-KLQHHEjECeP1AVLovIKcXEnZANeUF7XvUaO75WG1bxzP9gRiE&_nc_ad=z-m&_nc_cid=1207&_nc_zt=23&_nc_ht=scontent.cdninstagram.com&_nc_gid=tP3WuTk4n-0_cCm_oAfd5w&oh=00_AfgQmNY83Qkl_Padv2fzIFKkFM8-IXjYeOaNOfaT6m1FAQ&oe=6930FCCF;Evlatlarım, çocuklarım… Her birinizin gülüşü bu ülkenin en güzel umududur.  Lösemiyle mücadele eden yavrularımızın azmine, cesaretine, yüreğine inanıyorum.  Bu yolda hiçbir zaman yalnız değilsiniz, biz her zaman yanınızdayız. Sevgiyle, umutla, dayanışmayla iyileşeceğiz. 🧡;
https://www.instagram.com/p/DQqr75qDNsX/;Photo;38144;884;0;2025-11-05 10:49:01;https://scontent.cdninstagram.com/v/t51.82787-15/574561959_18493590034079379_7083513952384390723_n.jpg?stp=dst-jpg_e35_tt6&_nc_cat=111&ig_cache_key=Mzc1OTAxMDA3MTM1MTk3NDY3OQ%3D%3D.3-ccb7-5&ccb=7-5&_nc_sid=58cdad&efg=eyJ2ZW5jb2RlX3RhZyI6InhwaWRzLjEzNTB4MTY4Ny5zZHIuQzMifQ%3D%3D&_nc_ohc=nvOqPxDEzYoQ7kNvwEbjrGs&_nc_oc=Adm2B5dob-umBlNQIH8eUk9mG8WM0oMjA9AJ1GltNuIJwchikT3Y5CgAFghb-zDTLPI&_nc_ad=z-m&_nc_cid=1207&_nc_zt=23&_nc_ht=scontent.cdninstagram.com&_nc_gid=tP3WuTk4n-0_cCm_oAfd5w&oh=00_AfjdmKHFCwEOvRiyq4y7ktXJytKjVmRuR83zny-ZbR-F2A&oe=69310A4E;Halkına inanmış, emeğin ve adaletin sesi olmuş bir devlet adamıydı Bülent Ecevit. Mütevazılığıyla, dürüstlüğüyle, ülkesine olan sevgisiyle hatırlanıyor.  Karaoğlan’ı, eski başbakanlarımızdan Bülent Ecevit’i ebediyete intikalinin yıl dönümünde saygı ve rahmetle anıyorum.;
