﻿PostLink;PostTürü;BeğeniSayısı;YorumSayısı;Görüntülenme Sayısı;Tarih;DisplayPhoto;Caption;Takipçi
https://www.instagram.com/p/DRpYRqMDCRu/;Photo;51;0;0;2025-11-29 19:09:23;https://scontent.cdninstagram.com/v/t51.82787-15/587796030_18400666606127316_2629980691537030214_n.jpg?stp=dst-jpg_e35_tt6&_nc_cat=110&ig_cache_key=Mzc3NjY1NjUyOTE3MzUyMTUxOA%3D%3D.3-ccb7-5&ccb=7-5&_nc_sid=58cdad&efg=eyJ2ZW5jb2RlX3RhZyI6InhwaWRzLjE0NDB4MTA4MC5zZHIuQzMifQ%3D%3D&_nc_ohc=b04_GbbdVBkQ7kNvwEr1pv0&_nc_oc=Adk9XA0sR8dKuIgQQa9tJENtorf8_jvt089Iyk5Z_DI0KRUqqfFVANbX0eCsOStFYVFpchmggLc6sIkxEWuMEPgA&_nc_ad=z-m&_nc_cid=0&_nc_zt=23&_nc_ht=scontent.cdninstagram.com&_nc_gid=gZTZWy-4Asbb4K-lTiwKvg&oh=00_Afj1O8O9NPKlHetlYx9TX84Qak5Db97f82TjVn1za8u4IQ&oe=69313121;39’uncu Olağan Kurultayımızda geçerli 1333 oyun tamamını alarak dördüncü kez Cumhuriyet Halk Partisi Genel Başkanı olarak seçilen Sayın Özgür Özel’i tebrik ediyorum.  Genel Başkanımızın liderliğinde, Cumhuriyet Halk Partisi olarak iktidar yürüyüşümüze devam ediyoruz.  #ŞimdiİktidarZamanı;26885
https://www.instagram.com/p/DRo8hOWDPnf/;Carousel;185;4;0;2025-11-29 15:06:50;https://scontent.cdninstagram.com/v/t51.82787-15/587751666_18400640521127316_6537237640145381744_n.jpg?stp=dst-jpg_e35_tt6&_nc_cat=104&ig_cache_key=Mzc3NjUzNDQ0MTYzMjczODgzMg%3D%3D.3-ccb7-5&ccb=7-5&_nc_sid=58cdad&efg=eyJ2ZW5jb2RlX3RhZyI6InhwaWRzLjEzNzh4MTAzMy5zZHIuQzMifQ%3D%3D&_nc_ohc=Qek_gIP1__IQ7kNvwGr3W9U&_nc_oc=AdlUh-pNm9FmU0m_Lf6aiBmYBjV-3UTIQRJndLWAUjr-TYyuv3cCZx09p-sOiLbiD8inPOiEmLNSrlYrBu2Qv381&_nc_ad=z-m&_nc_cid=0&_nc_zt=23&_nc_ht=scontent.cdninstagram.com&_nc_gid=gZTZWy-4Asbb4K-lTiwKvg&oh=00_AfjCWq58Cqnrgmnj9Aji0bej4ABrEAtfo5Pp2wYU1yB9ww&oe=6931014B;📌 Cumhuriyet Halk Partimizin muhalefetteki son kurultayında Ankara’dayız.   39’uncu olağan kurultayımızı Genel Başkanımız Sayın Özgür Özel’in liderliğinde büyük bir coşku ve heyecanla gerçekleştiriyoruz.  Bugün burada yeşeren tohumlar daha adil, daha demokratik, daha eşit ve daha aydınlık bir Türkiye’nin köklerini oluşturacak.  #ŞimdiİktidarZamanı;
https://www.instagram.com/p/DRmOJbxDC31/;Carousel;119;0;0;2025-11-28 13:43:09;https://scontent.cdninstagram.com/v/t51.82787-15/587690961_18400516789127316_1407981473655424225_n.jpg?stp=dst-jpg_e35_tt6&_nc_cat=106&ig_cache_key=Mzc3NTc2NzU0ODUyOTQ4MjAyNw%3D%3D.3-ccb7-5&ccb=7-5&_nc_sid=58cdad&efg=eyJ2ZW5jb2RlX3RhZyI6InhwaWRzLjEzNjR4OTA4LnNkci5DMyJ9&_nc_ohc=31ibLrz3Bz4Q7kNvwHnG7qz&_nc_oc=AdmyEEvrr7Y-5wtyKAGypXAjresFEvT6HG96qHf0Exj_6GYaHbNkVVH8rNF5EeeDllsaZ5KFimOC_Na2K8lIjyYR&_nc_ad=z-m&_nc_cid=0&_nc_zt=23&_nc_ht=scontent.cdninstagram.com&_nc_gid=gZTZWy-4Asbb4K-lTiwKvg&oh=00_AfiIj96VuSIcRAtwTB8G4GND2FbRYjvMMNCUs_GqbwpdXQ&oe=69312BC9;📍Ankara  Baba ocağımız, Cumhuriyet Halk Partimizin 39. Olağan Kurultayı için il örgütümüzle birlikte Ankara’dayız.  Genel Başkanımız Özgür Özel’in liderliğinde iktidar heyecanını hep birlikte yaşıyoruz. Kurultayımızın partimize ve ülkemize hayırlı olmasını diliyorum.  Daha adil, daha aydınlık, daha eşit ve daha özgür bir Türkiye hayalini, anadolunun bereketli topraklarında hep birlikte yeniden yeşerteceğiz.;
https://www.instagram.com/p/DRkC-hzDHGx/;Carousel;223;14;0;2025-11-27 17:27:04;https://scontent.cdninstagram.com/v/t51.82787-15/587354796_18400423420127316_8482016113870499881_n.jpg?stp=dst-jpg_e35_tt6&_nc_cat=110&ig_cache_key=Mzc3NTE1NTQ2NzA5NDYwNTMyNA%3D%3D.3-ccb7-5&ccb=7-5&_nc_sid=58cdad&efg=eyJ2ZW5jb2RlX3RhZyI6InhwaWRzLjEzNjV4MTAyNC5zZHIuQzMifQ%3D%3D&_nc_ohc=TZWSrXxUpegQ7kNvwEA7xWx&_nc_oc=Adldz8GTIGKe1Npl_cAbEWb6QJJoQGf8sQsjJ4qw8p6Nw8au_Rw2fEMQUHqwqLvoKTJaBCOxOb461Gb1mm3-ZAbE&_nc_ad=z-m&_nc_cid=0&_nc_zt=23&_nc_ht=scontent.cdninstagram.com&_nc_gid=gZTZWy-4Asbb4K-lTiwKvg&oh=00_AfjCjodRnputD1Czm0nMbPafQIbLXfVc0rtb35NofbGYtQ&oe=69310A1E;🚧 Mustafa Kemal Paşa Mahallesi’nde Asfalt Çalışmalarımızı Sürdürüyoruz.   Hüseyin Altan Caddesi’nde başlattığımız asfalt çalışmalarımız, bağlantı yollarından biri olan 236.3 Sokak’ta da devam ediyor.  Bugün, ekiplerimizin sahadaki çalışmalarını yerinde inceleyerek çalışmalar hakkında bilgi aldık.  🛣 Her şey çok daha güzel bir #Yalova için!;
https://www.instagram.com/p/DRezCvAjBlx/;Carousel;145;0;0;2025-11-25 16:31:38;https://scontent.cdninstagram.com/v/t51.82787-15/587778350_18400191748127316_1955676547545989607_n.jpg?stp=dst-jpg_e35_tt6&_nc_cat=109&ig_cache_key=Mzc3MzY3ODAyMTMyOTYxNjgxOA%3D%3D.3-ccb7-5&ccb=7-5&_nc_sid=58cdad&efg=eyJ2ZW5jb2RlX3RhZyI6InhwaWRzLjEwNjN4NzA2LnNkci5DMyJ9&_nc_ohc=k590uIDKS9MQ7kNvwF2ZCeM&_nc_oc=AdlRH3qjqYeP1ZW2roY7s1ats6gcmUVZU4w9mm8T47J-y3dYIJFo3XLScQ3d7_HdIwi3SF8RZI5U8CgHTIgME2Qo&_nc_ad=z-m&_nc_cid=0&_nc_zt=23&_nc_ht=scontent.cdninstagram.com&_nc_gid=gZTZWy-4Asbb4K-lTiwKvg&oh=00_AfhbQpVIYoWM60qNqGYdYGx5opTxfrgceJKKbrKAe1VL7w&oe=6931201C;"25 Kasım Kadına Yönelik Şiddete Karşı Uluslararası Mücadele Günü kapsamında, CHP Kadın Kollarımızın düzenlediği basın açıklamasına katıldım.  Kadına yönelik şiddetin karşısında durmak; eşitliği, adaleti ve insan onurunu savunmaktır. Bu mücadelede tüm kadınlarımızın yanındayız. 🙏  Şiddetsiz, eşit ve aydınlık bir Türkiye için hep birlikte mücadele edeceğiz. ✊💜";
https://www.instagram.com/p/DReuN6XDJYJ/;Carousel;331;2;0;2025-11-25 15:49:28;https://scontent.cdninstagram.com/v/t51.82787-15/587835306_18400187200127316_5197687430766237511_n.jpg?stp=dst-jpg_e35_tt6&_nc_cat=107&ig_cache_key=Mzc3MzY1Njc5MjMwNDQ3MjMzMA%3D%3D.3-ccb7-5&ccb=7-5&_nc_sid=58cdad&efg=eyJ2ZW5jb2RlX3RhZyI6InhwaWRzLjEwMTR4NzYxLnNkci5DMyJ9&_nc_ohc=SX0PvFk7qbUQ7kNvwFD05rl&_nc_oc=AdloswMgQUaxnma_mkSMr20rI1OT593L7pTF8UHdO2Sned6cxyB-6R8A42PZFILAD7sTP2XFHQ4mdDdnMXw66pV6&_nc_ad=z-m&_nc_cid=0&_nc_zt=23&_nc_ht=scontent.cdninstagram.com&_nc_gid=gZTZWy-4Asbb4K-lTiwKvg&oh=00_AfgmGE6UJM1pQ5uNb4CFcMMrwJK5xjFpeJxyqH2FWESfhw&oe=69313003;💐 25 Kasım Kadına Yönelik Şiddete Karşı Uluslararası Mücadele Günü’nde, Uğur Mumcu Kültür Merkezi önünde kurduğumuz stantta kadınlarımıza çiçek hediye ettik.  Sadece bir gün değil, her gün şiddetin karşısında, kadınlarımızın yanında olmaya devam edeceğiz.;
https://www.instagram.com/p/DReLkgtjKEF/;Photo;211;2;0;2025-11-25 10:46:43;https://scontent.cdninstagram.com/v/t51.82787-15/587978529_18400163263127316_706747181870489188_n.jpg?stp=dst-jpg_e35_tt6&_nc_cat=102&ig_cache_key=Mzc3MzUwNDQyNTMxOTc2ODMyNQ%3D%3D.3-ccb7-5&ccb=7-5&_nc_sid=58cdad&efg=eyJ2ZW5jb2RlX3RhZyI6InhwaWRzLjEzNTB4MTY4OC5zZHIuQzMifQ%3D%3D&_nc_ohc=W_UwBdqhaakQ7kNvwHk52Iy&_nc_oc=AdktDV4uH9Cgv_Dtv241NCP6xaXJo44cJwgW7EpjUQSlmn9TdJNVsdVqgnD3ZCtACbY5l8t8yJRf_w2dhMn4VgE7&_nc_ad=z-m&_nc_cid=0&_nc_zt=23&_nc_ht=scontent.cdninstagram.com&_nc_gid=gZTZWy-4Asbb4K-lTiwKvg&oh=00_Afjb08axp8xgE_cwEvonD73Vpzc_Ri4t8zTy9w7AlGOEBw&oe=693127AD;"Kadına yönelik şiddet; insan haklarının, adaletin ve toplumsal vicdanın en ağır ihlalidir. Şiddetin hiçbir bahanesi, hiçbir gerekçesi olamaz.  Kadınların özgür, eşit ve güven içinde yaşayabildiği bir toplum için mücadelemizi kararlılıkla sürdürüyoruz. Destek mekanizmalarını güçlendirmeye, farkındalık çalışmalarını artırmaya ve her koşulda kadınların yanında durmaya devam edeceğiz.  Bir gün değil, her gün! Kadına şiddete hayır! ✋";
https://www.instagram.com/p/DRcrIC1jDfZ/;Carousel;344;5;0;2025-11-24 20:43:58;https://scontent.cdninstagram.com/v/t51.82787-15/588354777_18400105393127316_5477568178904126756_n.jpg?stp=dst-jpg_e35_tt6&_nc_cat=102&ig_cache_key=Mzc3MzA4MDI0ODMzNDk4Nzk4OQ%3D%3D.3-ccb7-5&ccb=7-5&_nc_sid=58cdad&efg=eyJ2ZW5jb2RlX3RhZyI6InhwaWRzLjEwMTF4NzU4LnNkci5DMyJ9&_nc_ohc=Oc6s5UmGllYQ7kNvwHZxa2m&_nc_oc=AdmYLl0uoS8zKfpFP10BcGyyTRnJ1o_43kZgPghjKB-lWAs6S8q-xNsS9lpqLoA_p9yDaGcAqiXcAG0XHL2UH0nG&_nc_ad=z-m&_nc_cid=0&_nc_zt=23&_nc_ht=scontent.cdninstagram.com&_nc_gid=gZTZWy-4Asbb4K-lTiwKvg&oh=00_Afi_vHF1lg0rcmKVLhJf8ZsnABu_5jy7qmqSTyZYNKYCPg&oe=69310F9F;24 Kasım Öğretmenler Günü’nde, eğitim camiasına 39 yıl boyunca hizmet etmiş, 90 yaşındaki değerli öğretmenimiz Zekiye Yıldız’ı evinde ziyaret ettim.   Kendisiyle hem geçmişin izlerini taşıyan keyifli bir sohbet gerçekleştirdik hem de eğitime olan katkıları ve belediyemize yaptığı anlamlı bağışlar için teşekkürlerimizi ilettik.   Tüm öğretmenlerimizin ellerinden saygıyla öpüyor, emekleri önünde bir kez daha sevgiyle eğiliyorum.;
https://www.instagram.com/p/DRcUybcDGxy/;Reels;111;0;6193;2025-11-24 17:29:29;https://scontent.cdninstagram.com/v/t51.71878-15/587313716_1463571914703863_6757414611557390728_n.jpg?stp=dst-jpg_e15_tt6&_nc_cat=109&ig_cache_key=Mzc3Mjk4MjAxNDE5NTI5NzM5NA%3D%3D.3-ccb7-5&ccb=7-5&_nc_sid=58cdad&efg=eyJ2ZW5jb2RlX3RhZyI6InhwaWRzLjY0MHgzNjAuc2RyLkMzIn0%3D&_nc_ohc=0l1cHaSg5h4Q7kNvwGUU3x8&_nc_oc=AdlbPpE3vAkKMV3BeatqVc6yQ0f23SoinRZ_NWWQ3ZHH1pnIZj1TFaroDKupB0K2WD82SJNQT1VwtFnFvlwMC0wt&_nc_ad=z-m&_nc_cid=0&_nc_zt=23&_nc_ht=scontent.cdninstagram.com&_nc_gid=gZTZWy-4Asbb4K-lTiwKvg&oh=00_Afhmp6AZahlvQrOlTst94u4ML4K6Y7JFwQESNwfsmX9Q9g&oe=69313081;Kutsal mesleklerden biri olan öğretmenliği her koşulda icra ederek,  Başöğretmenimiz Gazi Mustafa Kemal Atatürk’ün izinden yürüyen ve bizleri yetiştiren tüm öğretmenlerimizin ellerinden öpüyorum.  İyi ki varsınız…❤️❤️;
https://www.instagram.com/p/DRb6x0kDN1W/;Carousel;305;3;0;2025-11-24 13:41:30;https://scontent.cdninstagram.com/v/t51.82787-15/587603801_18400061932127316_6840881811178484509_n.jpg?stp=dst-jpg_e35_tt6&_nc_cat=109&ig_cache_key=Mzc3Mjg2NzYwNjkyMDA0ODQwNw%3D%3D.3-ccb7-5&ccb=7-5&_nc_sid=58cdad&efg=eyJ2ZW5jb2RlX3RhZyI6InhwaWRzLjk1MXg3MTMuc2RyLkMzIn0%3D&_nc_ohc=dasNfIUkPhsQ7kNvwFFNIwT&_nc_oc=AdklCg5wGSF_HM7mLauL5FdQiCF65tMk714viCU_4J0j5z-S0LKidANyKZqa1a6lhZTjAAcfHtcq0lfiOnSoV3nl&_nc_ad=z-m&_nc_cid=0&_nc_zt=23&_nc_ht=scontent.cdninstagram.com&_nc_gid=gZTZWy-4Asbb4K-lTiwKvg&oh=00_AfisORtdJlFJ-fOTnPz1acs6FaUBLREcJ0b-ZnfuQON4Bg&oe=69310B0A;📚 Başöğretmenimiz Gazi Mustafa Kemal Atatürk’ün izindeyiz…  24 Kasım Öğretmenler Günü’nde, geleceğimizi ve çocuklarımızı emanet ettiğimiz tüm öğretmenlerimizin emeklerini saygı ve minnetle selamlıyorum.  CHP Kadın Kollarımızın düzenlediği anlamlı programda birbirinden değerli öğretmenlerimizle bir araya geldik. Asırlık çınarımız, değerli büyüğümüz Abdurrahman Gezer hocamız ve öğretmen olan annem Fatma Selma Gürel’le buluşmak da günümüzü daha da özel kıldı.   Tüm öğretmenlerimizin Öğretmenler Günü kutlu olsun! 🌹;
https://www.instagram.com/p/DRbzB33DKV6/;Carousel;170;1;0;2025-11-24 12:33:47;https://scontent.cdninstagram.com/v/t51.82787-15/588388183_18400056949127316_8520664610057486157_n.jpg?stp=dst-jpg_e35_tt6&_nc_cat=104&ig_cache_key=Mzc3MjgzMzUzMzY0NDI3MjcyNA%3D%3D.3-ccb7-5&ccb=7-5&_nc_sid=58cdad&efg=eyJ2ZW5jb2RlX3RhZyI6InhwaWRzLjEwNDB4NjkzLnNkci5DMyJ9&_nc_ohc=VdXFc3VHd8IQ7kNvwGh7HPw&_nc_oc=AdncvhSnYLGmcXpNwjONGbUyrBoHpyd6jG4N5_KOGvGPAsqZNwVOuRw0AzZ849fkQbiEJP7zEixXyxoXWO86dP0f&_nc_ad=z-m&_nc_cid=0&_nc_zt=23&_nc_ht=scontent.cdninstagram.com&_nc_gid=gZTZWy-4Asbb4K-lTiwKvg&oh=00_AfgTHb6hfi3vdH4_dxyDIwXRJFAac7RkvnTxUqPdhRqwPg&oe=693102A9;24 Kasım Öğretmenler Günü’nde Cumhuriyet Meydanımızda düzenlenen Çelenk Sunma Töreninde, il protokolümüz, öğretmenlerimiz ve hemşehrilerimizle bir aradayız.  Başöğretmenimiz Gazi Mustafa Kemal Atatürk’ün izinde, ülkemizin aydınlık yarınlarının mimarları olan öğretmenlerimizin 24 Kasım Öğretmenler Günü’nü kutluyor, büyük bir özveriyle yürüttükleri bu kutsal meslekte kendilerine başarılar diliyorum.;
https://www.instagram.com/p/DRbcel0jKO6/;Photo;186;1;0;2025-11-24 09:16:44;https://scontent.cdninstagram.com/v/t51.82787-15/587487182_18400042588127316_506573446906901736_n.jpg?stp=dst-jpg_e35_tt6&_nc_cat=100&ig_cache_key=Mzc3MjczNDM2MDM0OTYxNTAzNA%3D%3D.3-ccb7-5&ccb=7-5&_nc_sid=58cdad&efg=eyJ2ZW5jb2RlX3RhZyI6InhwaWRzLjEzNTB4MTY4OC5zZHIuQzMifQ%3D%3D&_nc_ohc=lGbC2M5-fZMQ7kNvwGdvGan&_nc_oc=AdkwOo4jPq8GsTBv2QhZkHp9zFDwCjv01y0yqASGK8oJgPHcHipmS8JT68AprDH9Y7iKyxVgBrYrs_XzSL9Nf2BJ&_nc_ad=z-m&_nc_cid=0&_nc_zt=23&_nc_ht=scontent.cdninstagram.com&_nc_gid=gZTZWy-4Asbb4K-lTiwKvg&oh=00_AfhmELyypqkIQL9kr9VdNYP88njK31UqxbBXZjLuYJXdwg&oe=693133DC;"Ulu Önder Mustafa Kemal Atatürk’ün “Öğretmenler, yeni nesil sizin eseriniz olacaktır” sözünden aldığımız ilhamla; fikri hür, vicdanı hür, irfanı hür nesiller yetiştiren tüm öğretmenlerimize şükranlarımızı sunuyorum.  Bu anlamlı günde: Cumhuriyet değerlerine bağlı, bilimi rehber edinen, gelecek kuşaklara çağdaş yarınlar hazırlayan tüm öğretmenlerimizin Öğretmenler Günü’nü yürekten kutluyor; başöğretmenimiz Gazi Mustafa Kemal Atatürk’ü saygı, minnet ve rahmetle anıyorum.";
https://www.instagram.com/p/DRaAg4eDGUr/;Reels;436;12;55133;2025-11-23 19:58:39;https://scontent-mia3-3.cdninstagram.com/v/t51.71878-15/588028947_2581116812258866_1323437969973299890_n.jpg?stp=dst-jpg_e15_tt6&_nc_cat=109&ig_cache_key=Mzc3MjMyOTg5NzUzMzEzODIxOQ%3D%3D.3-ccb7-5&ccb=7-5&_nc_sid=58cdad&efg=eyJ2ZW5jb2RlX3RhZyI6InhwaWRzLjY0MHgxMTM2LnNkci5DMyJ9&_nc_ohc=QWJv78UwU4sQ7kNvwGrRUXf&_nc_oc=AdlQomxR2PJEEQZG6GJ9FDIvNzt1k68LNvOL0VsHA8vtAptXEeefcAgWKw6fFdiHZZGAbi--HLRlQo1wiIsu6s8S&_nc_ad=z-m&_nc_cid=0&_nc_zt=23&_nc_ht=scontent-mia3-3.cdninstagram.com&_nc_gid=zbxqgVeCzr8d8GpOVxT1hg&oh=00_AfgzyxHIFpeknKhxAth6sEnQTNoZgQV8P-GrSZxZu2-Iyw&oe=69312B50;Başöğretmenimiz Gazi Mustafa Kemal Atatürk’ün izinde, emeği ve bilgisiyle çocuklarımızın hayatlarına dokunan, geleceklerini şekillendiren tüm öğretmenlerimizin 24 Kasım Öğretmenler Günü kutlu olsun.  Emeklerinizle yetişen her çocuk sizin eseriniz, iyi ki varsınız. 🫶;
https://www.instagram.com/p/DRXT1RBjDz7/;Carousel;246;2;0;2025-11-22 18:44:13;https://scontent-mia5-2.cdninstagram.com/v/t51.82787-15/584432859_18399854872127316_9132952231336707594_n.jpg?stp=dst-jpg_e35_tt6&_nc_cat=100&ig_cache_key=Mzc3MTU3MDE4Nzg4MDEwNzMxNA%3D%3D.3-ccb7-5&ccb=7-5&_nc_sid=58cdad&efg=eyJ2ZW5jb2RlX3RhZyI6InhwaWRzLjE0NDB4MTA4MC5zZHIuQzMifQ%3D%3D&_nc_ohc=jY2k6vFiOVQQ7kNvwH1WHsL&_nc_oc=Adkke87cgJJzgWp6_P7KYGEAfhCGLJ06dZwPOxw5JhVIb42unHWJ8y-QT7Ln37WRErwxcTyauwFwmCq1iNEF-FAb&_nc_ad=z-m&_nc_cid=0&_nc_zt=23&_nc_ht=scontent-mia5-2.cdninstagram.com&_nc_gid=zbxqgVeCzr8d8GpOVxT1hg&oh=00_AfhYPrYVEsVfd2K0DUS7xRzf3qLDLncf08EwOOKn7UPgXg&oe=69311189;"🌍 Depreme Karşı Daha Güvenli Bir #Yalova İçin Trieste’deyiz.   Gebze Teknik Üniversitesi öncülüğünde yürütülen, İtalya OGS ve Trieste Üniversitesi’nin ortak olduğu Kentsel Deprem İzleme ve Risk Değerlendirme Projesi’nin ilk toplantısına proje paydaşı olarak katılım sağladık.  Bu önemli proje ile: 🔹 Yapıların dinamik özelliklerini gerçek zamanlı ölçebilecek, 🔹 Deprem anında ve sonrasında yapı tepkilerini takip edebilecek, 🔹 Kentsel ölçekte sürekli deprem izleme ve risk değerlendirme altyapısı oluşturabilecek, 🔹 Türkiye’de ilk kez Bahçelievler Mahallemizde uygulanacak bu sistem ile; yapıların deprem sırasında ve sonrasında verdiği tepkileri gerçek zamanlı izleyebileceğiz.  Yalova’nın deprem güvenliğini artırmak ve şehrimizi dirençli bir kent haline getirebilmek için bilimsel çalışmalarımızı ve uluslararası iş birliklerimizi güçlendirmeye devam edeceğiz. 💙🌐";
https://www.instagram.com/p/DRWatIzjGiB/;Photo;63;1;0;2025-11-22 10:25:32;https://scontent-mia5-2.cdninstagram.com/v/t51.82787-15/587014464_18399812425127316_6858715235537817989_n.jpg?stp=dst-jpg_e35_tt6&_nc_cat=100&ig_cache_key=Mzc3MTMxOTE4OTAwOTg4NTMxMw%3D%3D.3-ccb7-5&ccb=7-5&_nc_sid=58cdad&efg=eyJ2ZW5jb2RlX3RhZyI6InhwaWRzLjEzNTB4MTY4OC5zZHIuQzMifQ%3D%3D&_nc_ohc=4iH4x36o2yIQ7kNvwGehtRm&_nc_oc=Adng3ZCeu9rEJ1gJpClxwDA8HzR_bwMcPc5hnXQpWZrSCTdMyntxMEpUWHCbIYcHCw1jitXZNgJDwHD2o2Py5zck&_nc_ad=z-m&_nc_cid=0&_nc_zt=23&_nc_ht=scontent-mia5-2.cdninstagram.com&_nc_gid=zbxqgVeCzr8d8GpOVxT1hg&oh=00_AfiDaHdOhPMbd7cXisa9pkW82VFRA_06o4Z1tLlAtU2gUw&oe=69310381;"Sağlıklı bir toplumun temelinde, ağız ve diş sağlığının korunması büyük önem taşır. Bu alanda özveriyle çalışan tüm diş hekimlerimizin “Diş Hekimleri Günü”nü ve “Ağız ve Diş Sağlığı Haftası”nı kutluyorum.  Toplum sağlığının korunması adına gece gündüz emek veren, tedavileriyle vatandaşlarımızın yaşam kalitesini yükselten tüm diş hekimlerimize teşekkür ediyor; görevlerinde başarılar diliyorum.";
https://www.instagram.com/p/DRUKtaljLuP/;Reels;77;0;21685;2025-11-21 13:28:26;https://scontent-mia3-3.cdninstagram.com/v/t51.71878-15/587202236_1472328647185623_1754343486193176070_n.jpg?stp=dst-jpg_e15_tt6&_nc_cat=108&ig_cache_key=Mzc3MDY4NTg4OTQwNDc3OTQwNw%3D%3D.3-ccb7-5&ccb=7-5&_nc_sid=58cdad&efg=eyJ2ZW5jb2RlX3RhZyI6InhwaWRzLjY0MHgzNjAuc2RyLkMzIn0%3D&_nc_ohc=G3Rp013GOREQ7kNvwHNN_G3&_nc_oc=AdlgL-OXXJzrj8K84gkH0j_UD93EubPBUl9NH2tbgMZCrJaVZs8ZU7-oIGcKS7XDC9ONnvyWjxZzHNhSr-7nlPen&_nc_ad=z-m&_nc_cid=0&_nc_zt=23&_nc_ht=scontent-mia3-3.cdninstagram.com&_nc_gid=zbxqgVeCzr8d8GpOVxT1hg&oh=00_AfgttbDBcvy73qh3wCCDQqcp8h_GExApvzjWBeu19pQnGQ&oe=69312699;Geçmiş dönemden gelen borç yükünü hafifletebilmek ve Yalova Belediyesi’ni yeniden güçlü ve kendine yetebilen bir belediye haline getirebilmek için mücadelemizi sürdürüyoruz.  📌 Kısıtlanan gelir kaynaklarımızı arsa üreterek tölere etmeye, ürettiğimiz arsalarıda devlet kurumlarıyla mahsuplaşarak vergi ve sgk borçlarımızı kapatmak için kullanıyoruz.   Biz, mali disiplini dağılmış, gelir kalemleri ile borç yükü arasındaki dengesi yok olmuş bu güzide kurumu yeniden ayağa kaldırabilmek için çalışıyoruz!;
https://www.instagram.com/p/DRSKnQLCGZI/;Reels;124;2;23233;2025-11-20 18:48:27;https://scontent-mia5-2.cdninstagram.com/v/t51.71878-15/570943524_25384850367820755_6716444547880280006_n.jpg?stp=dst-jpg_e15_tt6&_nc_cat=100&ig_cache_key=Mzc3MDEyMjUxNTk1MjE5OTI0MA%3D%3D.3-ccb7-5&ccb=7-5&_nc_sid=58cdad&efg=eyJ2ZW5jb2RlX3RhZyI6InhwaWRzLjY0MHgzNjAuc2RyLkMzIn0%3D&_nc_ohc=dOZeP01ymt0Q7kNvwHO3YKk&_nc_oc=Adk8sUTHllaUiSGkxo7VDhJvp7MZMDucF0q5ewzocX2oNtBMlh1bV0Vj1sfqPOOAvq8yYsiEqkxi72yjOSk0aLBj&_nc_ad=z-m&_nc_cid=0&_nc_zt=23&_nc_ht=scontent-mia5-2.cdninstagram.com&_nc_gid=zbxqgVeCzr8d8GpOVxT1hg&oh=00_Afh4TjZ2dTfpV8yVZnaRs02a_mM-q6eT5we0oD-tF0kWwg&oe=69312B9B;🚧 Belediyem Mahallemde! 😉😉  Tüm saha birimlerimizin ortak katılımıyla mahallelerimizin temel ihtiyaçlarına yönelik bakım, onarım, temizlik ve diğer belediyecilik hizmetlerini sağladığımız “Belediyem Mahallemde” çalışmalarımızın ilk durağında bugün Adnan Menderes Mahallemizdeydik. 💫  Gün boyu süren çalışmalarımızda mahallemizin temel ihtiyaçlarına yerinde çözüm sağladık.   Belediyem Mahallemde çalışmalarımızı periyodik olarak şehrimizin her noktasında gerçekleştireceğiz. 👍;
https://www.instagram.com/p/DRPWVu2DF57/;Reels;241;21;36189;2025-11-19 16:33:46;https://scontent-mia3-2.cdninstagram.com/v/t51.71878-15/584082711_1180665966732575_3663150650959645612_n.jpg?stp=dst-jpg_e15_tt6&_nc_cat=105&ig_cache_key=Mzc2OTMyOTY2MzU2MzU1NDQyNw%3D%3D.3-ccb7-5&ccb=7-5&_nc_sid=58cdad&efg=eyJ2ZW5jb2RlX3RhZyI6InhwaWRzLjY0MHgzNjAuc2RyLkMzIn0%3D&_nc_ohc=rherA-ZA8bQQ7kNvwE2ULqI&_nc_oc=AdmZ9ocVXEHLIq6MvlHAEjgaXTJDq51FELQeA7NlLksCaO_1p0qjlSmR6GCfAUytWtVeQj8FrB5I2lqSSoRmTmuY&_nc_ad=z-m&_nc_cid=0&_nc_zt=23&_nc_ht=scontent-mia3-2.cdninstagram.com&_nc_gid=zbxqgVeCzr8d8GpOVxT1hg&oh=00_Afj3-DJX_jsQWyFB4m0zVN5cgHq6FMc-HQrDr-bbekpPWg&oe=693102D9;"Değişen mevsim koşulları, küresel ısınma ve kuralıkla beraber önümüzdeki 5-10 yıllık süreçte su kaynaklarının önemi çok daha fazla olacak.  📌 Barajımızdaki su rezervinin kritik seviyeye gelmesiyle birlikte; ✅ Tankerle gemilere su satışını yasakladık. ✅ Sanayi bölgelerine su verimini %50 oranında azalttık. ✅ Barajdaki rezerv sona gelirse yüzey sularının kullanımına yönelik teknik çalışmalarımızı planladık. ✅ Ortaburun Göletinin acil durumlarda kullanılabilmesi için teknik ve bürokratik girişimlerimizi yaptık. ✅ Kocaeli bağlantısının tekrar aktif hale getirilmesi için teknik ve bürokratik girişimlerimizi tamamladık.  Değerli hemşehrilerimizden bu süreçte azami ölçüde su kullanımlarına dikkat etmelerini rica ediyorum. Su kaynaklarımıza ve geleceğimize hep birlikte sahip çıkalım.";
https://www.instagram.com/p/DRM0gk0DEqS/;Carousel;238;7;0;2025-11-18 16:58:07;https://scontent-mia3-2.cdninstagram.com/v/t51.82787-15/581797389_18397499965127316_9062047675188871209_n.jpg?stp=dst-jpg_e35_tt6&_nc_cat=105&ig_cache_key=Mzc2ODYxNzkxNTQ0OTYyMjc5MQ%3D%3D.3-ccb7-5&ccb=7-5&_nc_sid=58cdad&efg=eyJ2ZW5jb2RlX3RhZyI6InhwaWRzLjEzNjV4MTAyNC5zZHIuQzMifQ%3D%3D&_nc_ohc=mCUk0uGE0LoQ7kNvwGVmMig&_nc_oc=AdlGOih_ZzGQsqgZS3DcsdpZECPLemAZH-sd146OAc6n2CELMjrUmGgkS6ZhTKI4PHlJCK50UxFDlBsrbwCW7QaY&_nc_ad=z-m&_nc_cid=0&_nc_zt=23&_nc_ht=scontent-mia3-2.cdninstagram.com&_nc_gid=zbxqgVeCzr8d8GpOVxT1hg&oh=00_AfiJYjUY8aFoFtkY2daV48uU6H4RMKi7qFVpUCxdC6mfUA&oe=69311B1A;💼 2026 Yılı Bütçemiz Yalova’mıza Hayırlı Olsun!  Yalova Belediye Meclisi olarak 2025 yılı Kasım Ayı Meclis Toplantılarımızı tamamlayarak, 2026 yılı bütçe görüşmelerimizi sonuçlandırdık.  📌 Hedeflerimiz, ihtiyaçlarımız ve şehrimizin öncelikleri doğrultusunda, “tasarruf, verimlilik ve sürdürülebilir hizmet” prensipleriyle hazırladığımız 2026 yılı tahmini bütçemizi 4 milyar 500 milyon TL olarak belirledik.  Bu bütçe ile, Yalova’mızın geleceğine yatırım yapmayı, vatandaşlarımızın ihtiyaçlarına etkin çözümler sunmayı ve belediyemizi güçlü bir mali disiplinle yönetmeyi amaçlıyoruz.  🤝 Bütçe çalışmaları süresince sağduyulu katkıları ve destekleri için tüm meclis üyelerimize teşekkür ediyorum.  Yalova’mıza en iyi hizmeti sunmak için ortak akılla çalışmalarımızı sürdürmeye devam edeceğiz.;
https://www.instagram.com/p/DRMJPhrjJdl/;Reels;210;15;30427;2025-11-18 10:44:31;https://scontent-mia3-3.cdninstagram.com/v/t51.82787-15/583654613_18397472491127316_3384644062534196554_n.jpg?stp=dst-jpg_e15_tt6&_nc_cat=108&ig_cache_key=Mzc2ODQyNzYzNzU3NzEyNzc4MTE4Mzk3NDcyNDg4MTI3MzE2.3-ccb7-5&ccb=7-5&_nc_sid=58cdad&efg=eyJ2ZW5jb2RlX3RhZyI6InhwaWRzLjcyMHg0MDYuc2RyLkMzIn0%3D&_nc_ohc=ME8wbiW46QwQ7kNvwH6b4-I&_nc_oc=AdkzZLUcSpzVHS9QwSpcr2a6A-Rsd5g8fJ4AVlnbSNli-y43SmwAzmmDFISEBypW65f-_eZN_JGIP__H1_JNN2HI&_nc_ad=z-m&_nc_cid=0&_nc_zt=23&_nc_ht=scontent-mia3-3.cdninstagram.com&_nc_gid=zbxqgVeCzr8d8GpOVxT1hg&oh=00_AfiJLoXGBTF6oE_tiRokSizDKDhl-Ev9t302NWExu99jCQ&oe=693127F8;"Değerli hemşehrilerim;  1️⃣ İçinde bulunduğumuz mevsim koşulları ve azalan yağışlar nedeniyle, şehrimizin içme suyu kaynaklarında ciddi bir düşüş yaşanmaktadır. Yalova olarak suyumuzu titizlikle kullanmalıyız.   2️⃣ Tüm paydaş kurumlarımızla birlikte değişen mevsim koşulları, artan kuraklık ve olası su krizine karşı akılcı çözümler üretmek zorundayız.   3️⃣ Orta ve uzun vadeli çözüm planlamaları hayata geçirilene kadar bireysel olarak su kullanımımıza dikkat etmeli, alacağımız basit önlemlerle su tasarrufuna destek olmalıyız.  👉 Musluklarımızı gereksiz yere açık bırakmamalı, 👉 Bahçe ve araç sulamalarını minimuma indirmeli, 👉 Evsel su kullanımında tasarrufa dikkat etmeliyiz.  Unutmayalım: Her damla geleceğimizdir. Suyu korumak yalnızca bireysel bir görev değil, toplumsal bir sorumluluktur.  Suyumuza sahip çıkalım, yarınlarımızı birlikte güvence altına alalım.";
https://www.instagram.com/p/DRKQAN8jFbl/;Carousel;156;0;0;2025-11-17 17:00:38;https://scontent-mia5-1.cdninstagram.com/v/t51.82787-15/582279177_18397370779127316_1247803983995174747_n.jpg?stp=dst-jpg_e35_tt6&_nc_cat=101&ig_cache_key=Mzc2Nzg5NDQxMjQzODA1NTM3NA%3D%3D.3-ccb7-5&ccb=7-5&_nc_sid=58cdad&efg=eyJ2ZW5jb2RlX3RhZyI6InhwaWRzLjEwNjZ4NzEwLnNkci5DMyJ9&_nc_ohc=Gm57FeYwBN0Q7kNvwGOANpL&_nc_oc=Adm0Vm8wtl0chluftG3iU0wGwg7xBiRlYeeV45tOkZykkFrRZ6G4RR6_bnYY66-ExSCyM4HLT5GW1WWjtpHK8spp&_nc_ad=z-m&_nc_cid=0&_nc_zt=23&_nc_ht=scontent-mia5-1.cdninstagram.com&_nc_gid=zbxqgVeCzr8d8GpOVxT1hg&oh=00_AfgqjYe9x687DsntwEzXxbQ3FK46UjFCqFc4b1a91aZ5qA&oe=693101AB;Şehrimizin kültürel hayatına ve toplumsal gelişimine katkı sunan kıymetli misafirlerimizi belediyemizde ağırladık.  🤝 Turkuaz Halk Oyunları Derneği Başkanı Murat Şölen ve Yönetim Kurulu Üyelerine, 🤝 Yalovagücü Spor Kulübü Başkanı İlkay Görtay ve Yönetim Kurulu Üyelerine, 🤝 Yalova Kadın ve Çocuk Haklarını Koruma ve Yardımlaşma Derneği (KAÇO-DER) Başkanı Selda Gülçiftçi Avcıoğlu ve dernek yöneticilerine nazik ziyaretleri için teşekkür ediyorum.;
https://www.instagram.com/p/DRJewNVDFhZ/;Photo;64;2;0;2025-11-17 09:50:17;https://scontent-mia5-1.cdninstagram.com/v/t51.82787-15/582682867_18397335649127316_5237320710761663453_n.jpg?stp=dst-jpg_e35_tt6&_nc_cat=102&ig_cache_key=Mzc2NzY3NzgxNzUxNDEyMTMwNQ%3D%3D.3-ccb7-5&ccb=7-5&_nc_sid=58cdad&efg=eyJ2ZW5jb2RlX3RhZyI6InhwaWRzLjEzNTB4MTY4OC5zZHIuQzMifQ%3D%3D&_nc_ohc=K4zdFYp8lYMQ7kNvwFZzAHc&_nc_oc=AdlbWvwWP2y30YiyrAXamKSGqeg8LkndaiUVLx-DP_9A8EePruhhdjwWHRZsUUAFSzZsToG9VTECscjLu16csbZW&_nc_ad=z-m&_nc_cid=0&_nc_zt=23&_nc_ht=scontent-mia5-1.cdninstagram.com&_nc_gid=zbxqgVeCzr8d8GpOVxT1hg&oh=00_AfgiicH8fa5yqnzKcbbgW3S0xbrPK0WXJvfWtfoHZR9zSw&oe=69313497;📚✨ Kısa bir molanın ardından bugün ders zili yeniden çaldı!  Tüm öğrencilerimize ve öğretmenlerimize sağlıklı, verimli ve başarılarla dolu bir dönem diliyorum.  İyi dersler çocuklar! 🚀;
https://www.instagram.com/p/DRH-D8IDIHV/;Photo;114;1;0;2025-11-16 19:45:23;https://scontent-mia3-3.cdninstagram.com/v/t51.82787-15/582650082_18397274842127316_7709455503485041876_n.jpg?stp=dst-jpg_e35_tt6&_nc_cat=110&ig_cache_key=Mzc2NzI1MjU2MjkyMDM3NDc0MQ%3D%3D.3-ccb7-5&ccb=7-5&_nc_sid=58cdad&efg=eyJ2ZW5jb2RlX3RhZyI6InhwaWRzLjEyNDF4OTMxLnNkci5DMyJ9&_nc_ohc=ZPEUehijiXkQ7kNvwG7IH7m&_nc_oc=AdmHxzcufRFbmLNvNUISnNmCUGry6NR0Bt5K9xCB4LTFqjTg4DLxp1yqTgleHXybX7BCzGNOr-RBl7ypbeLvvul8&_nc_ad=z-m&_nc_cid=0&_nc_zt=23&_nc_ht=scontent-mia3-3.cdninstagram.com&_nc_gid=zbxqgVeCzr8d8GpOVxT1hg&oh=00_AfgPsjQFiGqotpGmJ0IJLDeFDCZhpKc4Kw_J1lmrgFH2vw&oe=693132DD;💍 Bugün, Fikriye ve Berkin çiftimizin nikâh törenine katılarak mutluluklarına ortak olduk.  Yeni evli çiftimize bir ömür boyu sağlık, huzur ve mutluluk diliyorum. Bir ömür el ele, gönül gönüle yürümeleri dileğiyle… 🤍✨;
https://www.instagram.com/p/DRFqw9ojPVo/;Photo;139;0;0;2025-11-15 22:18:17;https://scontent-mia5-2.cdninstagram.com/v/t51.82787-15/581956783_18397140724127316_8097287898301752914_n.jpg?stp=dst-jpg_e35_tt6&_nc_cat=100&ig_cache_key=Mzc2NjYwNDc0NjAzMjIxNTQwMA%3D%3D.3-ccb7-5&ccb=7-5&_nc_sid=58cdad&efg=eyJ2ZW5jb2RlX3RhZyI6InhwaWRzLjE0NDB4MTA4MC5zZHIuQzMifQ%3D%3D&_nc_ohc=gGRx84BIXl0Q7kNvwHsLLIz&_nc_oc=Adki_QcU771Gai0GohEZWGOnRz-AidyulSU7Q-6jg8ChpC0knN0yUJFVje3ho2jOMFTA-q_zErR_fbCOfYNWONw1&_nc_ad=z-m&_nc_cid=0&_nc_zt=23&_nc_ht=scontent-mia5-2.cdninstagram.com&_nc_gid=zbxqgVeCzr8d8GpOVxT1hg&oh=00_Afgsqx0Ees1C2XR2zSawZxFU9L-nyFDWJsn6uXfQOwfqEA&oe=69310BAE;2026 FIFA Dünya Kupası Avrupa Elemeleri E Grubu’ndaki beşinci maçında Bulgaristan’ı 2-0 mağlup eden A Millî Futbol Takımımızı gönülden tebrik ediyorum.  Bu galibiyetle play-off’u garantileyen millilerimizi, teknik ekibimizi ve ay-yıldızlı formayı gururla taşıyan tüm oyuncularımızı kutluyorum. 🇹🇷;
https://www.instagram.com/p/DREkLJpjIwD/;Photo;108;0;0;2025-11-15 12:01:27;https://scontent-fra3-1.cdninstagram.com/v/t51.82787-15/582320092_18397085182127316_7820287379166359619_n.jpg?stp=dst-jpg_e35_tt6&_nc_cat=101&ig_cache_key=Mzc2NjI5NDI4NDMzNzk3NDI3NQ%3D%3D.3-ccb7-5&ccb=7-5&_nc_sid=58cdad&efg=eyJ2ZW5jb2RlX3RhZyI6InhwaWRzLjEzNTB4MTY4OC5zZHIuQzMifQ%3D%3D&_nc_ohc=9C_8USOsbwAQ7kNvwHZf7EN&_nc_oc=AdlDcZjXnhhAk-YtF1WU8tXFAadpFRRMj3WmsXo354Nq3HJ0XcjlcxFMeDUp46aC6vr3mlu2nSKozArekb1qxDGs&_nc_ad=z-m&_nc_cid=0&_nc_zt=23&_nc_ht=scontent-fra3-1.cdninstagram.com&_nc_gid=jfnA2dH22i-YFSN9yrv8iw&oh=00_AfhQkKacGK9mMhbDeTEByVJGnUojaeEC3DiEWlhEvdFZRw&oe=69313333;"Kuzey Kıbrıs Türk Cumhuriyeti’nin 42. yıldönümünü kutluyor; başta KKTC’nin kurucu Cumhurbaşkanı Rauf Denktaş olmak üzere, Kıbrıs Barış Harekatının mimarı Bülent Ecevit ile tüm şehitlerimizi ve gazilerimizi minnetle anıyorum.  Kuzey Kıbrıs Türk Cumhuriyeti’nin 42. kuruluş yıldönümü kutlu olsun! 🤍❤️";
https://www.instagram.com/p/DRCT6UwjOnt/;Photo;63;1;0;2025-11-14 15:00:52;https://scontent-fra5-2.cdninstagram.com/v/t51.82787-15/582028678_18396976927127316_7010295484715492963_n.jpg?stp=dst-jpg_e35_tt6&_nc_cat=106&ig_cache_key=Mzc2NTY1OTgwOTMzNzg5NTQwNQ%3D%3D.3-ccb7-5&ccb=7-5&_nc_sid=58cdad&efg=eyJ2ZW5jb2RlX3RhZyI6InhwaWRzLjEzNTB4MTY4OC5zZHIuQzMifQ%3D%3D&_nc_ohc=SK8iZ6iiDoEQ7kNvwF9Ct3u&_nc_oc=Adljb26RjF0uE7AoZneepWMrvx04QMSJGnokJWyfg2gFIcSCoRL1SlEx4tHP8OffWaU2AeoQb4MGnQS0NsTvfwec&_nc_ad=z-m&_nc_cid=0&_nc_zt=23&_nc_ht=scontent-fra5-2.cdninstagram.com&_nc_gid=jfnA2dH22i-YFSN9yrv8iw&oh=00_AfjyqqsvBGrCuBcM5gaR03H4jwcpX5VrNHxGzRmih6nM2A&oe=6931036E;"Diyabet, her yaşta görülebilen ve erken tanı konulmadığında ciddi sağlık sorunlarına yol açabilen önemli bir hastalıktır. Dünya Diyabet Günü vesilesiyle bir kez daha hatırlatıyoruz:  👉 Erken teşhis ve düzenli kontrol, diyabetle mücadelenin en etkili yoludur. 👉 Sağlıklı beslenme, yeterli su tüketimi ve aktif bir yaşam tarzı riskleri azaltır.  Kendi sağlığımız ve sevdiklerimizin geleceği için diyabete karşı bilinçli olalım; sağlıklı yaşam alışkanlıklarını günlük hayatımızın bir parçası haline getirelim.";
https://www.instagram.com/p/DRB414qDOcI/;Carousel;117;4;0;2025-11-14 11:04:20;https://scontent-fra3-1.cdninstagram.com/v/t51.82787-15/581593856_18396959236127316_8922892508380675942_n.jpg?stp=dst-jpg_e35_tt6&_nc_cat=102&ig_cache_key=Mzc2NTU0MDc0ODg2ODE5OTIwNg%3D%3D.3-ccb7-5&ccb=7-5&_nc_sid=58cdad&efg=eyJ2ZW5jb2RlX3RhZyI6InhwaWRzLjEwNDF4NzgxLnNkci5DMyJ9&_nc_ohc=7sgcEAw2FcMQ7kNvwHfVWA8&_nc_oc=AdnxNnPZ9mx6z-eRvO4CKSt8RE0p8FP_ssw2OFI5XrQCMjMidygI35-xdAKuWBd5aiyrZn9URg_u6h6JoZU2MZWm&_nc_ad=z-m&_nc_cid=0&_nc_zt=23&_nc_ht=scontent-fra3-1.cdninstagram.com&_nc_gid=jfnA2dH22i-YFSN9yrv8iw&oh=00_Afhp3i_JjX2jQeH50QnSfmwmCZod-xh860VyEuPsic-FBg&oe=6931286B;"Kasım Ayı Belediye Meclis Toplantılarımızın bu haftaki oturumlarını tamamladık.  Oturumlarımıza bugün itibarıyla kısa bir ara veriyoruz; önümüzdeki hafta meclis çalışmalarımıza kaldığımız yerden devam edeceğiz.  Şehrimizin geleceğine yönelik her kararın ortak akılla şekillendiğini bir kez daha vurguluyor, emeği geçen tüm meclis üyelerimize teşekkür ediyorum.";
https://www.instagram.com/p/DRAjKI7jIef/;Reels;466;4;36202;2025-11-13 22:38:09;https://scontent-fra3-1.cdninstagram.com/v/t51.71878-15/581110977_1146233487633887_5213616192120763400_n.jpg?stp=dst-jpg_e15_tt6&_nc_cat=110&ig_cache_key=Mzc2NTE2MzkxNjg5MzM5MDc1MQ%3D%3D.3-ccb7-5&ccb=7-5&_nc_sid=58cdad&efg=eyJ2ZW5jb2RlX3RhZyI6InhwaWRzLjY0MHg4MTYuc2RyLkMzIn0%3D&_nc_ohc=rUWMQJfPJSUQ7kNvwHDWuAd&_nc_oc=AdmXrstsCTGcIfzJiyV4nGMc6AaTl0nSqRFpI8wb5j1AEcR5Ihj_Y9phy1m5y6dSjOyYGinkM-1g4YXBdJVgwPCF&_nc_ad=z-m&_nc_cid=0&_nc_zt=23&_nc_ht=scontent-fra3-1.cdninstagram.com&_nc_gid=jfnA2dH22i-YFSN9yrv8iw&oh=00_Afhpxy3kDq_1lmc6qkVhPP_9TPx7qa9xCTiKOCDzRt9zUA&oe=69310DAD;"Hırvatistan’da telsiz irtibatı kesilen Orman Genel Müdürlüğümüze ait yangın söndürme uçağının, Senj kenti yakınlarında enkazına ulaşıldığı haberini büyük bir üzüntüyle öğrendik.  Bu elim kazada şehit olan pilotumuza Allah’tan rahmet; kederli ailesine, Orman Genel Müdürlüğü teşkilatına ve aziz milletimize başsağlığı diliyorum.  Milletimizin başı sağ olsun.";
https://www.instagram.com/p/DQ9vpbQDLjP/;Photo;211;12;0;2025-11-12 20:27:01;https://scontent-fra5-2.cdninstagram.com/v/t51.82787-15/580710715_18396581968127316_3989667022375056648_n.jpg?stp=dst-jpg_e35_tt6&_nc_cat=100&ig_cache_key=Mzc2NDM3NDQxODQ5NjQ2OTE5OQ%3D%3D.3-ccb7-5&ccb=7-5&_nc_sid=58cdad&efg=eyJ2ZW5jb2RlX3RhZyI6InhwaWRzLjU1M3g0MTUuc2RyLkMzIn0%3D&_nc_ohc=51G55rKQILUQ7kNvwFPoeyX&_nc_oc=AdnHrPdQH4Z0kRZpr0EgxWhx4BVDAQWdZMQLfSNVWt7o6q1BX3a6czWAtJAbEE9q64f7-vGE7CtL5-xJSWzSVln_&_nc_ad=z-m&_nc_cid=0&_nc_zt=23&_nc_ht=scontent-fra5-2.cdninstagram.com&_nc_gid=jfnA2dH22i-YFSN9yrv8iw&oh=00_AfhlLKwzRNaWtOk1RBROYHXDauLoSqCwcn3Dysh6pRkeTg&oe=69313311;"🇹🇷 Türk Sanat Müziğimizin usta sesi, Devlet Sanatçısı Muazzez Abacı’nın vefatını büyük bir üzüntüyle öğrendim.  Sanat hayatı boyunca güçlü sesi ve yorumuyla gönüllerde yer edinen değerli sanatçımıza Allah’tan rahmet; ailesine, sevenlerine ve tüm sanat camiamıza başsağlığı diliyorum.  🤍🎶";
https://www.instagram.com/p/DQ9FPCCiHx2/;Carousel;374;3;0;2025-11-12 14:16:25;https://scontent-fra5-2.cdninstagram.com/v/t51.82787-15/580029721_18396526078127316_7352913458710896673_n.jpg?stp=dst-jpg_e35_tt6&_nc_cat=107&ig_cache_key=Mzc2NDE4Nzg2NDg1NTI0MDY0MA%3D%3D.3-ccb7-5&ccb=7-5&_nc_sid=58cdad&efg=eyJ2ZW5jb2RlX3RhZyI6InhwaWRzLjE0NDB4MTA4MC5zZHIuQzMifQ%3D%3D&_nc_ohc=NVLGbAqQ-1gQ7kNvwHk9Pkt&_nc_oc=AdkFanL3nLYR6wwEvf3y3oluH3rpbxU_YvBukcNlIBOBtyKpdIKTQaXar8HIKtt196TzZM1FCAyKtq6IizY6az1M&_nc_ad=z-m&_nc_cid=0&_nc_zt=23&_nc_ht=scontent-fra5-2.cdninstagram.com&_nc_gid=jfnA2dH22i-YFSN9yrv8iw&oh=00_Afj5Gk8Epyo3Mht1laByfSGKnwn3aKHMYxRsxpzkJxZJ8g&oe=693127AB;"Kıbrıs Savaşı Muharip Gazisi, kıymetli büyüğümüz Ali Kuşpınar’ı bugün dualarla ebediyete uğurladık.  Vatan sevgisiyle dolu, onurlu bir ömrü geride bırakan kahraman gazimize Allah’tan rahmet; ailesine, yakınlarına ve tüm sevenlerine sabır ve baş sağlığı diliyorum.";
https://www.instagram.com/p/DQ83mtyiMl3/;Photo;343;3;0;2025-11-12 12:17:19;https://scontent-fra3-2.cdninstagram.com/v/t51.82787-15/581255522_18396506737127316_3159597040457614264_n.jpg?stp=dst-jpg_e35_tt6&_nc_cat=104&ig_cache_key=Mzc2NDEyNzk0MTYzOTMyNjA3MQ%3D%3D.3-ccb7-5&ccb=7-5&_nc_sid=58cdad&efg=eyJ2ZW5jb2RlX3RhZyI6InhwaWRzLjEzNTB4MTY4OC5zZHIuQzMifQ%3D%3D&_nc_ohc=T5HYVPBwMd0Q7kNvwEOIIPB&_nc_oc=AdnZlTd_S6PfQAAJ6y-dkSCSIc-TZv-AVZ7MtStGs5lstPtQvy5YWB_bjL3EuKJci2HK_EgWijYHkKAz9jkuip0m&_nc_ad=z-m&_nc_cid=0&_nc_zt=23&_nc_ht=scontent-fra3-2.cdninstagram.com&_nc_gid=jfnA2dH22i-YFSN9yrv8iw&oh=00_Afi5JhIORPNnOnVozTvg9pYVGQYWDyv8K1nv1DMJs2RgXg&oe=69310E11;"12 Kasım 1999 Düzce Depremi’nde hayatını kaybeden tüm vatandaşlarımızı rahmetle anıyor, yakınlarına sabır ve başsağlığı diliyorum.   Deprem gerçeğini asla unutmadan; çocuklarımıza ve geleceğe olan sorumluluğumuzun bilinciyle güvenli, dirençli şehirler inşa etmek için azimle ve kararlılıkla çalışmaya devam edeceğiz.  Bir daha böyle acıların yaşanmaması dileğiyle... 🤍";
https://www.instagram.com/p/DQ8ukg5iFuB/;Photo;461;18;0;2025-11-12 10:58:22;https://scontent-fra3-1.cdninstagram.com/v/t51.82787-15/581429584_18396501568127316_5673915903519491080_n.jpg?stp=dst-jpg_e35_tt6&_nc_cat=103&ig_cache_key=Mzc2NDA4ODIwNzk0MDU0MTMxMw%3D%3D.3-ccb7-5&ccb=7-5&_nc_sid=58cdad&efg=eyJ2ZW5jb2RlX3RhZyI6InhwaWRzLjEzNTB4MTY4OC5zZHIuQzMifQ%3D%3D&_nc_ohc=pJLz35L0V_IQ7kNvwERU0dh&_nc_oc=AdlAjXJdu3Vlq6qLOI8eNckLI2ZHUfaIBpYm210A9j_NVYgBNhjBq5mMP7eHSGca0C43D3Q-oIM0jPSLhoQxpU9D&_nc_ad=z-m&_nc_cid=0&_nc_zt=23&_nc_ht=scontent-fra3-1.cdninstagram.com&_nc_gid=jfnA2dH22i-YFSN9yrv8iw&oh=00_Afh3U7xHvLDrHNpTpdLze3VgK4O3dX4_gqnYJ_xawJJvmg&oe=69311D43;Bugün, tarifsiz bir acının içerisindeyiz…🇹🇷  Azerbaycan’dan kalkıp, Gürcistan’da düşen askeri kargo uçağımızda şehit düşen kahraman askerlerimize bir kez daha Allah’tan rahmet, kederli ailelerine sabır ve başsağlığı diliyorum.  Vatan görevi uğruna canlarını feda eden yiğit Mehmetçiklerimizin aziz hatırası daima yüreklerimizde yaşayacak.  Milletimizin, ülkemizin başı sağolsun.;
https://www.instagram.com/p/DQ7Nv1yiMN3/;Photo;137;16;0;2025-11-11 20:52:19;https://scontent-fra3-1.cdninstagram.com/v/t51.82787-15/581708092_18396437704127316_6054056942829702758_n.jpg?stp=dst-jpg_e35_tt6&_nc_cat=108&ig_cache_key=Mzc2MzY2MjM3NTc3NDM3MjcyNw%3D%3D.3-ccb7-5&ccb=7-5&_nc_sid=58cdad&efg=eyJ2ZW5jb2RlX3RhZyI6InhwaWRzLjEyMTZ4MTUyMC5zZHIuQzMifQ%3D%3D&_nc_ohc=_lThCwNgfD8Q7kNvwFzNlQI&_nc_oc=AdkY0kLzSgE2GEph84u0AjcsHhYKqTuAeXt1FG6CYwt4-BicWcxCQxuuRK4Wmjs4NHSOipyYTviKFdQSR2FfTkRq&_nc_ad=z-m&_nc_cid=0&_nc_zt=23&_nc_ht=scontent-fra3-1.cdninstagram.com&_nc_gid=jfnA2dH22i-YFSN9yrv8iw&oh=00_AfggqVXbyrRELKKtUcoLRbmMKqJGAYhc6oDGyZRygKqyPw&oe=69310F5F;"Kıbrıs Savaşı Muharip Gazisi, kıymetli büyüğümüz Ali Kuşpınar’ın vefatını büyük bir üzüntüyle öğrendim.  Kuzey Kıbrıs Türk Cumhuriyeti’mizin bağımsızlığı uğruna büyük bir cesaretle mücadele eden değerli gazimiz Ali Kuşpınar’a Allah’tan rahmet; ailesine, yakınlarına ve sevenlerine sabır ve başsağlığı diliyorum. 🇹🇷🤍";
https://www.instagram.com/p/DQ7GOPciDRc/;Reels;462;5;26292;2025-11-11 19:48:18;https://scontent-fra3-1.cdninstagram.com/v/t51.71878-15/570870274_1536877460774975_1751255827406934746_n.jpg?stp=dst-jpg_e15_tt6&_nc_cat=108&ig_cache_key=Mzc2MzYyOTI4MDUzNDczODAxMg%3D%3D.3-ccb7-5&ccb=7-5&_nc_sid=58cdad&efg=eyJ2ZW5jb2RlX3RhZyI6InhwaWRzLjY0MHgzNjAuc2RyLkMzIn0%3D&_nc_ohc=ZfkXQlSiGI8Q7kNvwG3sk9a&_nc_oc=AdntEEjmaAwPpnbI4J6VjWF0NsFwgvme4G-6Y46ZB5Za06EYa1ghBnOxo4hcgJa-4VqdmgYlePn2lTJoenevEpiJ&_nc_ad=z-m&_nc_cid=0&_nc_zt=23&_nc_ht=scontent-fra3-1.cdninstagram.com&_nc_gid=jfnA2dH22i-YFSN9yrv8iw&oh=00_AfjpkX51MXULfmcFbYEqkH8ZwT1n0KhCOMWAmeFJuHJ1yw&oe=693133EB;Büyük Atatürk’ün ve O’nun aziz hatırasının önünde saygıyla, minnetle ve çokça özlemle…♾️  Bırakmış olduğu mirasa, fikirlerine, devrimlerine ve Cumhuriyetimize ilelebet sahip çıkacağız.   #10Kasım;
https://www.instagram.com/p/DQ63lBNjGck/;Reels;587;19;34634;2025-11-11 17:38:59;https://scontent-fra5-2.cdninstagram.com/v/t51.71878-15/580106187_1166307655630611_8698744504994392880_n.jpg?stp=dst-jpg_e15_tt6&_nc_cat=100&ig_cache_key=Mzc2MzU2NDg3NTEwMTI2Nzc0OA%3D%3D.3-ccb7-5&ccb=7-5&_nc_sid=58cdad&efg=eyJ2ZW5jb2RlX3RhZyI6InhwaWRzLjY0MHg4MTYuc2RyLkMzIn0%3D&_nc_ohc=BoNHdMYha_sQ7kNvwG4o_3O&_nc_oc=Adl2WacF-v4wv6sMVGNU4LRzIXatNDdffYcjAkhFawajLTP3aG7-KGert7wYLQFHF47hunu-QybTpiXuPSIGYdWI&_nc_ad=z-m&_nc_cid=0&_nc_zt=23&_nc_ht=scontent-fra5-2.cdninstagram.com&_nc_gid=jfnA2dH22i-YFSN9yrv8iw&oh=00_AfjpcAqRjS4jTmG37OLlnmjLWa67omPlfFeAdN83xONecw&oe=69310409;Türk Silahlı Kuvvetleri’ne ait kargo uçağının düşmesi sonucu meydana gelen elim kazayı derin bir üzüntüyle öğrenmiş bulunuyorum.  Kazada şehit olan kahraman askerlerimize Allah’tan rahmet, kederli ailelerine, yakınlarına ve Türk Silahlı Kuvvetleri’mize başsağlığı diliyorum.  Milletimizin başı sağ olsun. 🇹🇷;
https://www.instagram.com/p/DQ6iYnsDDTE/;Photo;54;0;0;2025-11-11 14:33:25;https://scontent-fra3-1.cdninstagram.com/v/t51.82787-15/581335262_18396398890127316_6250937222854524127_n.jpg?stp=dst-jpg_e35_tt6&_nc_cat=110&ig_cache_key=Mzc2MzQ3MTY2NDA4NTIxODUwMA%3D%3D.3-ccb7-5&ccb=7-5&_nc_sid=58cdad&efg=eyJ2ZW5jb2RlX3RhZyI6InhwaWRzLjE0NDB4MTc5OC5zZHIuQzMifQ%3D%3D&_nc_ohc=0nmIgj4woCwQ7kNvwHYBh_8&_nc_oc=AdlGhadhcpGwJlrMjSyyPb8NoAUvYoqYgLd2ZU3fERIVnIcDV_TyRrQwgpqCJMoNnT255LgxymfGVDfZsUYotuG1&_nc_ad=z-m&_nc_cid=0&_nc_zt=23&_nc_ht=scontent-fra3-1.cdninstagram.com&_nc_gid=jfnA2dH22i-YFSN9yrv8iw&oh=00_Afjx9HDZHo_hd93p0RJLOj4w3QzeDB-H368pdZekcnENOw&oe=693124C7;"Harikasınız Kızlar! 🤍🏓  Suudi Arabistan’ın Riyad kentinde düzenlenen 6. İslami Dayanışma Oyunları’nda; Yalova Belediyespor altyapısında yetişen sporcumuz Ece Haraç, takım arkadaşları Sibel Altınkaya ve Özge Yılmaz ile birlikte kadın masa tenisi takımımız gümüş madalya kazandı! 🥈  Bu gururu ülkemize yaşatan sporcularımızı yürekten tebrik ediyor, başarılarının daim olmasını diliyorum.";
https://www.instagram.com/p/DQ43LhqDFJw/;Carousel;204;0;0;2025-11-10 22:56:38;https://scontent-atl3-2.cdninstagram.com/v/t51.82787-15/579687064_18396313864127316_8455448069106977583_n.jpg?stp=dst-jpg_e35_tt6&_nc_cat=101&ig_cache_key=Mzc2MzAwMDE1NDAxMDcwOTIyNg%3D%3D.3-ccb7-5&ccb=7-5&_nc_sid=58cdad&efg=eyJ2ZW5jb2RlX3RhZyI6InhwaWRzLjEwNjR4Nzk3LnNkci5DMyJ9&_nc_ohc=cswMKFLMv04Q7kNvwE_jdp4&_nc_oc=AdmopPZ1NpwSih_kTls9u-nN31oCglNyo4rjSfJJyG5Ycehw5byLKrjM9ejthQMw9OsKBd4qu7ruZSWLn1Y3H81-&_nc_ad=z-m&_nc_cid=0&_nc_zt=23&_nc_ht=scontent-atl3-2.cdninstagram.com&_nc_gid=dULpdCqG1Nod4aVSy6k0aA&oh=00_Afg7cUsc6H0oGiCnpSoZxHcUCH2QFQvKJXGYacUhWLEMfg&oe=69310227;"Dr. Onur Uzer’in anlatımı ile 87 Yıldır Sönmeyen Işık; Ölümsüz Atatürk’ü dinledik.  Gazi Mustafa Kemal Atatürk’ün daha az bilinen yönlerini, ileri görüşlülüğünü, insan sevgisini ve eşsiz liderliğini dinlerken, O’nun dehası bir kez daha hayranlık uyandırdı.  Bu anlamlı gecede bizlerle birlikte olan tüm katılımcılarımıza teşekkür ediyorum. O’nun fikirleri; yolumuzun ışığı, geleceğimizin rehberi olmaya devam edecek. ♾️";
https://www.instagram.com/p/DQ4X0uHDBpT/;Carousel;250;1;0;2025-11-10 18:22:39;https://scontent-atl3-3.cdninstagram.com/v/t51.82787-15/580746041_18396290080127316_772869957423663124_n.jpg?stp=dst-jpg_e35_tt6&_nc_cat=111&ig_cache_key=Mzc2Mjg2MjI1Mzg5MzUxMTk5NA%3D%3D.3-ccb7-5&ccb=7-5&_nc_sid=58cdad&efg=eyJ2ZW5jb2RlX3RhZyI6InhwaWRzLjEwMjZ4NzY5LnNkci5DMyJ9&_nc_ohc=q1R3_8BZgt8Q7kNvwGD_TZL&_nc_oc=AdkEOAjA90PFmo7o0IcHq2l3vzlhP-CgzmDfTbyELffTKdSgnA6ZKMGhhsPq_hLkK63LAp093i7ho-aEgV_MhPqk&_nc_ad=z-m&_nc_cid=0&_nc_zt=23&_nc_ht=scontent-atl3-3.cdninstagram.com&_nc_gid=dULpdCqG1Nod4aVSy6k0aA&oh=00_AfgFIh1koxp8vlrldYCRHXhxG-DOtoReSSABKuVa99DhCA&oe=69310DD6;"10 Kasım Atatürk’ü Anma Günü’nde çocuklarımızla birlikte “Zamanda Yolculuğa” çıktık.  Büyük Atatürk’ün bizlere emanet ettiği eşsiz mirası, bu anlamlı tiyatro oyununda bir kez daha derinden hissettik.  O’nun mirasını, ilkelerini ve devrimlerini sadece hatırlamakla kalmayacak; geleceğin çocuklarına, yarının Türkiye’sine taşımaya devam edeceğiz.";
https://www.instagram.com/p/DQ4HUwcjO_S/;Carousel;296;1;0;2025-11-10 15:58:28;https://scontent-atl3-3.cdninstagram.com/v/t51.82787-15/576578806_18396274030127316_4790206944688975819_n.jpg?stp=dst-jpg_e35_tt6&_nc_cat=108&ig_cache_key=Mzc2Mjc4OTY4NzU2MDUxMDE0Mg%3D%3D.3-ccb7-5&ccb=7-5&_nc_sid=58cdad&efg=eyJ2ZW5jb2RlX3RhZyI6InhwaWRzLjEwNjV4Nzk4LnNkci5DMyJ9&_nc_ohc=EJMx5Iwd25AQ7kNvwFfwcoX&_nc_oc=AdlKYvEzPZsUziur0lu6jqLTkbk1FuddQFcwtQbm_-s_D-Yjaf2K4SbuwVAU63MzpqIXooOi8_LzQCUhp7TgIWe1&_nc_ad=z-m&_nc_cid=0&_nc_zt=23&_nc_ht=scontent-atl3-3.cdninstagram.com&_nc_gid=dULpdCqG1Nod4aVSy6k0aA&oh=00_Afhaf4-YTjQD-lG-_ttxZbMMncCnAbP96jIycj-HpH0Gsg&oe=69311DD0;Cumhuriyet Halk Partimizin Merkez İlçe Örgütü tarafından Elmalık Köyü İstihkam Tepe bölgesinde yeşerecek olan “10 Kasım Hatıra Ormanı” için önceki dönem Grup Başkanvekilimiz ve Milletvekilimiz Muharrem İnce, Merkez İlçe Başkanımız Kemal Sürel ve örgüt üyelerimizle birlikte fidanlarımızı diktik.   Büyük Atatürk’ün çevrecilik mirası olan Yürüyen Köşk’ün gölgesinde gelecek nesillere miras bırakacağımız bu hatıra ormanının oluşturulmasında emeği geçen herkese teşekkür ediyorum.;
https://www.instagram.com/p/DQ3flSZjDUs/;Carousel;843;5;0;2025-11-10 10:11:12;https://scontent-atl3-3.cdninstagram.com/v/t51.82787-15/580694659_18396246955127316_1952196109931964737_n.jpg?stp=dst-jpg_e35_tt6&_nc_cat=109&ig_cache_key=Mzc2MjYxNDkwMTIzMjQwODYyNA%3D%3D.3-ccb7-5&ccb=7-5&_nc_sid=58cdad&efg=eyJ2ZW5jb2RlX3RhZyI6InhwaWRzLjEwMzV4Nzc2LnNkci5DMyJ9&_nc_ohc=Ve5g5RveX7cQ7kNvwHqgh9q&_nc_oc=AdkmBDyCppZt1x0w2uLRDcGeZtFCjKHTQ_wCj9-YY6QDcWmCn_t23L3j0Aauw437UHW2zhl_SPkPlhd7uBPy7wto&_nc_ad=z-m&_nc_cid=0&_nc_zt=23&_nc_ht=scontent-atl3-3.cdninstagram.com&_nc_gid=dULpdCqG1Nod4aVSy6k0aA&oh=00_AfggLQG43E4f5NcZBXI1kEBH1xBIOkV8uMraS767VFbIkw&oe=69312549;"10 Kasım, bir vedadan çok; Büyük önderimizin bize bıraktığı değerlere yeniden sarılma günüdür.  Cumhuriyetimizin kurucusu, Ulu Önderimiz Gazi Mustafa Kemal Atatürk’ü aramızdan ayrılışının 87. yıl dönümünde saygıyla, minnetle ve özlemle anıyoruz.   “Benim Kentimdir” dediği Yalova’da, O’nun bizlere bıraktığı bu büyük mirası ilelebet yaşatacağız. O’nun fikirleri, O’nun cesareti, O’nun devrimleri ve O’nun ilkeleri her zaman yolumuzu aydınlatacak. ♾️";
https://www.instagram.com/p/DQ2EbaGjEHh/;Photo;438;2;0;2025-11-09 20:54:41;https://scontent-atl3-3.cdninstagram.com/v/t51.82787-15/575620823_18396168478127316_5612773165585439233_n.jpg?stp=dst-jpg_e35_tt6&_nc_cat=107&ig_cache_key=Mzc2MjIxNDAxNDM1MzY4NzAwOQ%3D%3D.3-ccb7-5&ccb=7-5&_nc_sid=58cdad&efg=eyJ2ZW5jb2RlX3RhZyI6InhwaWRzLjEzNTB4MTY4OC5zZHIuQzMifQ%3D%3D&_nc_ohc=cjsCtKiDrckQ7kNvwFO4M4U&_nc_oc=AdmV7J7kmovAGSRMB1ClQMIMaXCmdFZSTkycEl7AYt9eILxu5jJTb4Ree0GcV4-tnT0FEfQVBQ8hLZMUKB-3Skkg&_nc_ad=z-m&_nc_cid=0&_nc_zt=23&_nc_ht=scontent-atl3-3.cdninstagram.com&_nc_gid=dULpdCqG1Nod4aVSy6k0aA&oh=00_Afin-8mffSB78IfyvzceMdnXwNf4tB5A_97Sb8f5Drao5A&oe=6931267F;Fikirleri ve devrimleriyle bir milletin kaderini değiştiren, Cumhuriyetimizin kurucusu Ulu Önderimiz Gazi Mustafa Kemal Atatürk’ü, saygıyla, minnetle ve büyük bir özlemle anıyorum. ♾️  O’nun aydınlattığı yolda, Cumhuriyetimizin ışığı sonsuza kadar yanmaya devam edecek.   #10Kasım;
https://www.instagram.com/p/DQ15rPFjNXY/;Carousel;269;1;0;2025-11-09 19:20:44;https://scontent-atl3-2.cdninstagram.com/v/t51.82787-15/579588043_18396140938127316_4661186007698932749_n.jpg?stp=dst-jpg_e35_tt6&_nc_cat=101&ig_cache_key=Mzc2MjE2NjcxMjYyMDU5Nzk0OQ%3D%3D.3-ccb7-5&ccb=7-5&_nc_sid=58cdad&efg=eyJ2ZW5jb2RlX3RhZyI6InhwaWRzLjcyNng0ODMuc2RyLkMzIn0%3D&_nc_ohc=wD-afL3MSeYQ7kNvwFGPbd_&_nc_oc=Adn4Gtxhpic3FzDPFgK0Q6LQmjFCsS_MZnDwgC8d2wCdGl75mWcTP2M12V36TLnpeaqzb1qwpyVc8F0GLTrzbDPN&_nc_ad=z-m&_nc_cid=0&_nc_zt=23&_nc_ht=scontent-atl3-2.cdninstagram.com&_nc_gid=dULpdCqG1Nod4aVSy6k0aA&oh=00_AfiB_LAqlIf4xIAoRDm_TRO9WF8GoR2AEXgfqT_2XykNjQ&oe=69311888;"Bu yıl 9’uncu kez düzenlenen “Yürüyen Köşk Koşusu”nu meclis üyelerimiz ve başkan yardımcılarımızla birlikte takip ettik.  Heyecan dolu yarışta kazanan Modern Warrior isimli atın sahibi Vefa İbrahim Aracı’yı, antrenörü Ergun Uslu ve jokeyi Gökhan Kocakaya’yı tebrik ediyorum. 🐎🏇  Gazi Mustafa Kemal Atatürk’ün şehrimize bıraktığı en önemli miraslardan biri olan Yürüyen Köşk’ümüzün temsil ettiği vizyon ve felsefeyi; farklı etkinliklerle, gelecek nesillere aktarmaya devam edeceğiz.  📍 İstanbul Veliefendi Hipodromu";
https://www.instagram.com/p/DQ1MOABDBFk/;Carousel;153;1;0;2025-11-09 12:43:31;https://scontent-atl3-2.cdninstagram.com/v/t51.82787-15/579636321_18396092608127316_7217779351623236727_n.jpg?stp=dst-jpg_e35_tt6&_nc_cat=105&ig_cache_key=Mzc2MTk2Njc5NDI2NjE2ODcyMw%3D%3D.3-ccb7-5&ccb=7-5&_nc_sid=58cdad&efg=eyJ2ZW5jb2RlX3RhZyI6InhwaWRzLjE0NDB4MTgwMS5zZHIuQzMifQ%3D%3D&_nc_ohc=8LxOTV542cIQ7kNvwHUtB4e&_nc_oc=AdmUmyDeWk6Ve9BCFqNt7I7utK7NUvvn7uq28IEoSEWWPuhB_pX2B7LNgGJFctj2xfTJC0fGeExHHd1bEysv-JbN&_nc_ad=z-m&_nc_cid=0&_nc_zt=23&_nc_ht=scontent-atl3-2.cdninstagram.com&_nc_gid=dULpdCqG1Nod4aVSy6k0aA&oh=00_AfgnR-N40y3HHOeM1cT5laiuTGMDr0XWTY5CvY7iw-ylJQ&oe=693129DA;"🇹🇷 Cumhuriyetimizin kurucusu Gazi Mustafa Kemal Atatürk’ü, ebediyete irtihalinin 87. yıl dönümünde; minnet, saygı ve özlemle anıyoruz.  Bu anlamlı günde düzenleyeceğimiz anma programı ve etkinliklere tüm halkımızı davet ediyorum. 🤍  📅 10 Kasım 2025 Pazartesi  ⏰ 08.40 | Çelenk Sunma Töreni ⏰ 09.05 | Saygı Duruşu – İstiklal Marşı 📍 15 Temmuz Demokrasi ve Cumhuriyet Meydanı  ⏰ 09.30 Anma Programı  📍 Raif Dinçkök Kültür merkezi  🎭 “Zamanda Yolculuk” Çocuk Tiyatrosu ⏰ 16.00 & 18.00 📍 RDKM / Özgecan Aslan Salonu  🎙️ Atatürk ve Erdemleri Konferansı ⏰ 19.30 📍 Yalova Belediyesi Kent Müzesi  ✨ 87 Yıldır Sönmeyen Işık; Ölümsüz Atatürk 🎤 Anlatıcı: Dr. Onur Uzer ⏰ 20.30 📍 RDKM / Özgecan Aslan Salonu";
https://www.instagram.com/p/DQztIk-DHEc/;Carousel;249;1;0;2025-11-08 22:52:39;https://scontent-atl3-1.cdninstagram.com/v/t51.82787-15/576520162_18396005302127316_3885309306616701582_n.jpg?stp=dst-jpg_e35_tt6&_nc_cat=103&ig_cache_key=Mzc2MTU0ODYwNzg5NjczNTU1MQ%3D%3D.3-ccb7-5&ccb=7-5&_nc_sid=58cdad&efg=eyJ2ZW5jb2RlX3RhZyI6InhwaWRzLjEyNDJ4OTMxLnNkci5DMyJ9&_nc_ohc=Tp85El2GgZsQ7kNvwGWs8Nz&_nc_oc=AdllM-ydPOC1c5JguWRzah3GJ_lggUY9J6X2NmEeGAkv582OPIxI0V2tc5e-NvjOaxyu47_UK9HkB4oGjf8fYFRd&_nc_ad=z-m&_nc_cid=0&_nc_zt=23&_nc_ht=scontent-atl3-1.cdninstagram.com&_nc_gid=dULpdCqG1Nod4aVSy6k0aA&oh=00_AfiwtJteWwDHnoipLwd_pDjOEWTYmdijU2eWdPfcVI0rwA&oe=693121D9;"💍 Bugün, Sema ve Mazlum çiftimizin nikâh törenine katılarak bu özel anlarına eşlik ettik.  Yeni evli çiftimize; bir ömür boyu sağlık, huzur ve mutluluk diliyorum. 💐✨";
https://www.instagram.com/p/DQylcHNjBF7/;Photo;66;0;0;2025-11-08 12:26:11;https://scontent-atl3-2.cdninstagram.com/v/t51.82787-15/574722769_18395930281127316_1693368067885510451_n.jpg?stp=dst-jpg_e35_tt6&_nc_cat=102&ig_cache_key=Mzc2MTIzMzI5ODQxNzUyMTAxOQ%3D%3D.3-ccb7-5&ccb=7-5&_nc_sid=58cdad&efg=eyJ2ZW5jb2RlX3RhZyI6InhwaWRzLjEzNTB4MTY4OC5zZHIuQzMifQ%3D%3D&_nc_ohc=2_7gumaFixkQ7kNvwG_-uiN&_nc_oc=AdlLBNClsKwYqqP1Rqpfnux6UXB95L_CVu6c6fkC7CWxpIaUgv3yx2DGv14mnpAZsL6EF77y6fPkU0aqssRvnCEZ&_nc_ad=z-m&_nc_cid=0&_nc_zt=23&_nc_ht=scontent-atl3-2.cdninstagram.com&_nc_gid=dULpdCqG1Nod4aVSy6k0aA&oh=00_AfjwgfVVeNCLu_bq1bi52v3okTzuvqqVabFjKlMLxVrKvQ&oe=6930FF8D;"Şehirler; sadece binalar, yollar ve altyapılardan ibaret değildir… Şehir; insanın yaşam kültürü, değerleri, hafızası ve geleceğe bıraktığı izdir.  Dünya Şehircilik Günü’nde; daha yaşanabilir, daha adil, daha yeşil, daha dirençli bir Yalova için çalışmaya devam ettiğimizi bir kez daha vurgulamak istiyorum.  Çocuklarımızın güvenle büyüyeceği, her yaştan hemşehrimizin kendini ait hissedeceği modern bir #Yalova’yı hep birlikte inşa edeceğiz. 💚";
https://www.instagram.com/p/DQybjc3DMDV/;Photo;182;0;0;2025-11-08 10:59:48;https://scontent-atl3-2.cdninstagram.com/v/t51.82787-15/574734887_18395923804127316_4670925413854309121_n.jpg?stp=dst-jpg_e35_tt6&_nc_cat=102&ig_cache_key=Mzc2MTE4OTgyMjIzMzYyNDc4OQ%3D%3D.3-ccb7-5&ccb=7-5&_nc_sid=58cdad&efg=eyJ2ZW5jb2RlX3RhZyI6InhwaWRzLjEzNTB4MTY4OC5zZHIuQzMifQ%3D%3D&_nc_ohc=4-GQsgahALYQ7kNvwGaMMc9&_nc_oc=AdlLb37LZAc5WZdunofKPaQqSTwK7Im1pJGH-qbFSXH-dKp_5Fh0Rs0BTI8xFnnNcFhHO-8aCPJWADdnrblA1xAk&_nc_ad=z-m&_nc_cid=0&_nc_zt=23&_nc_ht=scontent-atl3-2.cdninstagram.com&_nc_gid=dULpdCqG1Nod4aVSy6k0aA&oh=00_Afhhwv5ZEKO4zeRSZPBMnCbn-Yp8ut3P3ISp8MEXqcZgLg&oe=69311AAD;"📢 Sevgili Yalovalılar ve yarışseverler;  Bu yıl 9.’su düzenlenecek olan “Yürüyen Köşk Koşusu”, 9 Kasım Pazar günü İstanbul Veliefendi Hipodromu’nda gerçekleştirilecek! 🐎  Büyük Önder Gazi Mustafa Kemal Atatürk’ün çevre ve doğa hassasiyetini yaşatmak adına geleneksel hale gelen bu özel organizasyonu televizyon ekranlarınızdan takip edebilirsiniz.  📍 İstanbul Veliefendi Hipodromu ⏰ 17.00 📺 Canlı Yayın: Tay TV & TJK TV";
https://www.instagram.com/p/DQws9x_DHF4/;Reels;97;2;21355;2025-11-07 18:55:54;https://scontent-atl3-1.cdninstagram.com/v/t51.71878-15/575569079_1158135499751651_5661705863843567289_n.jpg?stp=dst-jpg_e15_tt6&_nc_cat=100&ig_cache_key=Mzc2MDcwMzQ0ODQ2MDA2MzA5Ng%3D%3D.3-ccb7-5&ccb=7-5&_nc_sid=58cdad&efg=eyJ2ZW5jb2RlX3RhZyI6InhwaWRzLjY0MHgzNjAuc2RyLkMzIn0%3D&_nc_ohc=YuHKyIWaNIYQ7kNvwHoJK8Z&_nc_oc=AdlLd5Z8tSqeL03EHTWmqeaL5RXQfkDWw7nxMGAKs3BpMypq-_VupiG9HRoUgepGBxrIlF2IAYF5gyxwhNhdkb7P&_nc_ad=z-m&_nc_cid=0&_nc_zt=23&_nc_ht=scontent-atl3-1.cdninstagram.com&_nc_gid=dULpdCqG1Nod4aVSy6k0aA&oh=00_AfjGQDO1Eupe8kr-vqv0k3fzY4vg6Plz2wc48ag5ZCHuKw&oe=69311840;"Bayraktepe Mahallesi’nde yıllardır çözüm bekleyen riskli alanın kentsel dönüşümü için kararlı adımlar atmaya devam ediyoruz.  📌 Depreme dayanıklı ve gerçek bir kentsel dönüşüm süreci için; Çevre, Şehircilik ve İklim Değişikliği Bakanlığı ile gerekli tüm resmi aşamaları tamamladık.  Bu projede maliyetleri vatandaşımız lehine düşürebilmek için Bayraktepe’deki sosyal tesis imarlı alanın, konut üretimine katkı sağlayacak şekilde plan değişikliği teklifini meclisimize sunduk.  Güvenli, modern ve dayanıklı bir Yalova için çalışmaya devam edeceğiz. 👍";
https://www.instagram.com/p/DQwOaG3jB9d/;Photo;63;0;0;2025-11-07 14:26:27;https://scontent-atl3-3.cdninstagram.com/v/t51.82787-15/575624360_18395761096127316_8774681016125020475_n.jpg?stp=dst-jpg_e35_tt6&_nc_cat=110&ig_cache_key=Mzc2MDU2OTA1NTU4NjI5NTY0NQ%3D%3D.3-ccb7-5&ccb=7-5&_nc_sid=58cdad&efg=eyJ2ZW5jb2RlX3RhZyI6InhwaWRzLjEzNTB4MTY4OC5zZHIuQzMifQ%3D%3D&_nc_ohc=MqaHwwWx_U4Q7kNvwF1NxF5&_nc_oc=AdnU5RVzZnEdXZPGah-CQINiT2NojqZcEqxdVbVf4zHYXoi5TsqCYg-VLs4nF-ITICGkktFzWFJcmjj3Ig8Fj6B3&_nc_ad=z-m&_nc_cid=0&_nc_zt=23&_nc_ht=scontent-atl3-3.cdninstagram.com&_nc_gid=dULpdCqG1Nod4aVSy6k0aA&oh=00_AfigajIWPuHZ97BfMKtPjzXufcXIOpsIFkD0t5eRFYuQIA&oe=69310F08;Tüm öğrencilerimize ve öğretmenlerimize keyifli bir ara tatil dönemi diliyorum. 🫶  Çocuklarımızın keşifle, keyifle ve çokça mutlulukla geçirecekleri bir tatil dönemi olsun. Yalova Belediyesi olarak hazırladığımız programlar ara tatil döneminde sizleri bekliyor, katılmayı unutmayın! 💚❤️;
https://www.instagram.com/p/DQuB_TiDA9h/;Reels;154;12;26740;2025-11-06 18:02:04;https://scontent-fra5-2.cdninstagram.com/v/t51.71878-15/574094636_1499013864714683_1015989541842061022_n.jpg?stp=dst-jpg_e15_tt6&_nc_cat=106&ig_cache_key=Mzc1OTk1MTQ4NzI0Njc5ODY4OQ%3D%3D.3-ccb7-5&ccb=7-5&_nc_sid=58cdad&efg=eyJ2ZW5jb2RlX3RhZyI6InhwaWRzLjY0MHgzNjAuc2RyLkMzIn0%3D&_nc_ohc=QK0xhsVT5QEQ7kNvwEfoOrK&_nc_oc=AdmRbDo0cVn6srNVmSgAMPdKAXsZ_m1hM8xViTCMXyDv3jhynJRFQJL15QHrLGQ3ljD_gZkZf-WJkT47VoYCjC4w&_nc_ad=z-m&_nc_cid=0&_nc_zt=23&_nc_ht=scontent-fra5-2.cdninstagram.com&_nc_gid=yTgxKRLBkizredAuwP49cQ&oh=00_AfjQlrdCitXmPtlyDQpjyW-ahI9HKrcNqxgPvxKmf9K4KA&oe=69313042;"Yalova Üniversitesi’nden başlayarak Gazipaşa hattına uzanan güzergâhta hayata geçirmeyi planladığımız bisiklet ve yürüyüş yolu projemiz için; Çevre, Şehircilik ve İklim Değişikliği Bakanlığı’ndan belediyemize 5+5 toplam 10 milyon TL hibe sözü aldık.   📌 Bu aksın TİGEM tarafından belediyemize devrinin gerçekleşmesiyle birlikte; sadece bisiklet ve yürüyüş değil, ilerleyen süreçte tramvay ulaşımını da kapsayacak bütüncül ve kesintisiz bir ulaşım hattını Yalova’mıza kazandırmak istiyoruz. 💚🚲  Yalova’mızın gelecek vizyonuna hizmet edecek önemli çalışmaları planlamaya ve adım adım hayata geçirmeye devam edeceğiz.";
https://www.instagram.com/p/DQtxV4VDCkV/;Photo;72;0;0;2025-11-06 15:33:59;https://scontent-fra3-2.cdninstagram.com/v/t51.82787-15/573554877_18395581525127316_7682500704127107980_n.jpg?stp=dst-jpg_e35_tt6&_nc_cat=111&ig_cache_key=Mzc1OTg3ODI3MTc5NDk0ODM3Mw%3D%3D.3-ccb7-5&ccb=7-5&_nc_sid=58cdad&efg=eyJ2ZW5jb2RlX3RhZyI6InhwaWRzLjEzNTB4MTY4OC5zZHIuQzMifQ%3D%3D&_nc_ohc=y-xBvXbMD2kQ7kNvwEn_X1L&_nc_oc=AdnTHt1owLWob3v1ptfhGdZ-NAJNWrvKzuFZWGRT6wCiuwZWU8J8ATB4YXwldabtNyAGm1fQnNqRn9iGixvcQYsn&_nc_ad=z-m&_nc_cid=0&_nc_zt=23&_nc_ht=scontent-fra3-2.cdninstagram.com&_nc_gid=yTgxKRLBkizredAuwP49cQ&oh=00_AfgUwh_yAMgkt8TJRsWkP3cQCxaZfEd6u7CxIeOsTz58pg&oe=69312826;Bu akşam Yalova Forum ekranlarında Aliço ile “Var Bi’ Şeyler” programının konuğu olacağım.  Yalova’ya dair birçok başlığı konuşacağımız programımızı takip etmeyi unutmayın.  📅 6 Kasım Perşembe (Bu Akşam) ⏰ 19.00 📍 YouTube / Yalova Forum (Canlı Yayın);
https://www.instagram.com/p/DQtrMI4jDgZ/;Carousel;108;1;0;2025-11-06 14:40:13;https://scontent-fra3-1.cdninstagram.com/v/t51.82787-15/573730729_18395577178127316_3679574250037349403_n.jpg?stp=dst-jpg_e35_tt6&_nc_cat=101&ig_cache_key=Mzc1OTg1MTIwNzQzNjAyOTUyMQ%3D%3D.3-ccb7-5&ccb=7-5&_nc_sid=58cdad&efg=eyJ2ZW5jb2RlX3RhZyI6InhwaWRzLjEwNjV4Nzk4LnNkci5DMyJ9&_nc_ohc=GiZL59-wZ3UQ7kNvwHJvDNj&_nc_oc=AdnFCMO5tSgKRepQgj1Q_VksNXjTWgtSujTk4tExRJuakXP-lXX6Te049VIhzy38hxYsW3YWdmsKXVyevT0RW0rC&_nc_ad=z-m&_nc_cid=0&_nc_zt=23&_nc_ht=scontent-fra3-1.cdninstagram.com&_nc_gid=yTgxKRLBkizredAuwP49cQ&oh=00_Afjlz8Ys-G76jqcr1D71fAE3YkPMWHrLAC_EzpcIhcJZNg&oe=69312FCC;TÜRSAB Güney Marmara Bölgesel Temsil Kurulu Başkanı Engin Balta’yı, Başkan Yardımcıları Ömer Eski ve Gülşen Erice’yi, Genel Sekreter Ömer Aydoğdu’yu, Yönetim Kurulu Üyesi Deniz Ordu’yu ve İl Alan Temsilcisi Ahmet Başol Haraç’ı belediyemizde misafir ettik.  Turizm alanındaki iş birliği imkânlarını, Yalova’mızın turizm potansiyelini güçlendirecek ortak çalışma başlıklarını değerlendirdik.  Yalova’nın doğal, kültürel ve tarihi değerlerini daha güçlü tanıtmak adına kurumlar arası iş birliklerinin şehrimiz için oldukça kıymetli olduğuna inanıyorum.  Nazik ziyaretleri için kendilerine teşekkür ederim.;
https://www.instagram.com/p/DQtOMHcDLIw/;Carousel;183;3;0;2025-11-06 10:26:49;https://scontent-fra5-1.cdninstagram.com/v/t51.82787-15/573256732_18395557813127316_3294525454544750652_n.jpg?stp=dst-jpg_e35_tt6&_nc_cat=110&ig_cache_key=Mzc1OTcyMzY2MzcwMTMxMjI1OA%3D%3D.3-ccb7-5&ccb=7-5&_nc_sid=58cdad&efg=eyJ2ZW5jb2RlX3RhZyI6InhwaWRzLjEwNjV4Nzk4LnNkci5DMyJ9&_nc_ohc=2JIT47T2FXcQ7kNvwHAYyFu&_nc_oc=AdnUd4gLeQfL70JYwxQUnpz6BVVFeQN2xy81JTMsuL7eTuF4r0ZVyDM7esAQmJlSL0ncPYfatN-5FwoR0a9smdRy&_nc_ad=z-m&_nc_cid=0&_nc_zt=23&_nc_ht=scontent-fra5-1.cdninstagram.com&_nc_gid=yTgxKRLBkizredAuwP49cQ&oh=00_AfjicNeucU36htvbb1Mo3lyQ23U6kuzDxKQCqjzRHaHv6w&oe=69313357;Meclis üyelerimizle birlikte Kasım Ayı Belediye Meclisi oturumunuzun üçüncüsünü gerçekleştirdik ardından da Yalova Minibüsçüler Esnaf Odası Başkanımız Erhan Baş’ın davetiyle odamızı ziyaret ettik.  Bu güzel şehir için ortak paydada buluşmaya ve hizmet üretmeye, şehrimize değer katmaya devam edeceğiz.;
https://www.instagram.com/p/DQrjzZRjJS3/;Reels;126;8;22888;2025-11-05 18:58:28;https://scontent-fra5-2.cdninstagram.com/v/t51.71878-15/572162242_1525872078755409_6557452692124413189_n.jpg?stp=dst-jpg_e15_tt6&_nc_cat=106&ig_cache_key=Mzc1OTI1NTc3NzQyOTk4NDQzOQ%3D%3D.3-ccb7-5&ccb=7-5&_nc_sid=58cdad&efg=eyJ2ZW5jb2RlX3RhZyI6InhwaWRzLjY0MHgzNjAuc2RyLkMzIn0%3D&_nc_ohc=z7MxMxFgx58Q7kNvwFCz3RX&_nc_oc=AdlmHlByDJEDulteIoCg2CHr3VzsgoPm1xzyk-6yWRxkZRGJX1M5aeqNOzhZ_7V9ofgLfPz4STChqpgdLTFZ5EDL&_nc_ad=z-m&_nc_cid=0&_nc_zt=23&_nc_ht=scontent-fra5-2.cdninstagram.com&_nc_gid=yTgxKRLBkizredAuwP49cQ&oh=00_AfgvPPlxRmBF4KR5evf-ivj8C6--2LDxqJjwwI-aHA3_Pg&oe=693102A2;Daha önce söz verdiğimiz gibi Hüseyin Altan Caddesi’ndeki düzenleme çalışmalarımıza ekiplerimizle birlikte devam ediyoruz. 👷‍♂️🚧  Şehrimizin ihtiyaç duyulan bölgelerinde ve alanlarında benzer çalışmalarımızı hayata geçireceğiz. 👍  Her şey daha güzel bir Yalova için! 🌿✨;
https://www.instagram.com/p/DQrc92qjK3p/;Photo;155;14;0;2025-11-05 17:57:27;https://scontent-fra5-1.cdninstagram.com/v/t51.82787-15/574225083_18395477035127316_6532761479535161852_n.jpg?stp=dst-jpg_e35_tt6&_nc_cat=110&ig_cache_key=Mzc1OTIyNTcwOTg1NzEyMzgxNw%3D%3D.3-ccb7-5&ccb=7-5&_nc_sid=58cdad&efg=eyJ2ZW5jb2RlX3RhZyI6InhwaWRzLjc5Nng3MDcuc2RyLkMzIn0%3D&_nc_ohc=ek5Lb2EWdJIQ7kNvwFlyAFv&_nc_oc=AdmGpczrv00z9sKGk-IZeiXPblhLcYdwpagWKZ5pWRJCvCbY936EkfvmpmVzPNbF7J_VxH6JxWngVlySfuJFwRSQ&_nc_ad=z-m&_nc_cid=0&_nc_zt=23&_nc_ht=scontent-fra5-1.cdninstagram.com&_nc_gid=yTgxKRLBkizredAuwP49cQ&oh=00_AfiFiOMa0JCJFIl8pf04Jl8fHDkJFD3qhIwrJcBuLEKrqA&oe=69311D6A;"Kıbrıs Savaşı Muharip Gazisi, kıymetli büyüğümüz Rüknettin Savaş’ın vefatını büyük bir üzüntüyle öğrenmiş bulunuyorum.  Vatan uğruna hizmet etmiş, bu toprakların bağımsızlığı ve geleceği için mücadele vermiş tüm gazilerimiz gibi Rüknettin Savaş’ın da aziz hatırası gönlümüzde daima yaşayacak.  Merhuma Allah’tan rahmet; ailesine, yakınlarına ve sevenlerine sabır ve başsağlığı diliyorum.";
https://www.instagram.com/p/DQqxhe-jIIt/;Carousel;160;0;0;2025-11-05 11:37:51;https://scontent-fra5-2.cdninstagram.com/v/t51.82787-15/573094671_18395430415127316_8572342926332170494_n.jpg?stp=dst-jpg_e35_tt6&_nc_cat=106&ig_cache_key=Mzc1OTAzNDYzNDkzMjU4OTcyNg%3D%3D.3-ccb7-5&ccb=7-5&_nc_sid=58cdad&efg=eyJ2ZW5jb2RlX3RhZyI6InhwaWRzLjEwNjV4Nzk4LnNkci5DMyJ9&_nc_ohc=CRmaIcQbc_cQ7kNvwF2F1zj&_nc_oc=AdkAQSzBAqK4qZDK8Z4tiYjGKJfsTKPEA4j2YwTxfteb8BRQoLE6RUtciGr16bQ-DYpPs03zqWegDje6hYpcEvNW&_nc_ad=z-m&_nc_cid=0&_nc_zt=23&_nc_ht=scontent-fra5-2.cdninstagram.com&_nc_gid=yTgxKRLBkizredAuwP49cQ&oh=00_AfhauM7g8_Vc17OJCx1J8o5Kz69hQWsxQ2zwIOCBXalIEQ&oe=6931050F;Kasım Ayı Belediye Meclisi oturumlarımızın ikincisini bugün, meclis üyelerimizin katılımıyla tamamladık.  Güzel şehrimiz için akılcı, sürdürülebilir ve sorumluluk bilinciyle hareket eden planlamalarla çalışmalarımıza devam edeceğiz.;
https://www.instagram.com/p/DQqjf7zjFw3/;Photo;105;3;0;2025-11-05 09:35:18;https://scontent-fra5-1.cdninstagram.com/v/t51.82787-15/574194783_18395396710127316_1192876185324377113_n.jpg?stp=dst-jpg_e35_tt6&_nc_cat=110&ig_cache_key=Mzc1ODk3Mjk2NTE0MTM3MTk1OQ%3D%3D.3-ccb7-5&ccb=7-5&_nc_sid=58cdad&efg=eyJ2ZW5jb2RlX3RhZyI6InhwaWRzLjEzNTB4MTY4OC5zZHIuQzMifQ%3D%3D&_nc_ohc=RiuyySsbIjAQ7kNvwFDxZXW&_nc_oc=AdkKELRAviXgrRnCHSuy0Uniuw7TcvXZq-g8Xcee1Cg-JEbEKbnrGxE1qHZMjg-ENsa5zknPTwl5XHKOmwm6RD7a&_nc_ad=z-m&_nc_cid=0&_nc_zt=23&_nc_ht=scontent-fra5-1.cdninstagram.com&_nc_gid=yTgxKRLBkizredAuwP49cQ&oh=00_Afim-xqNHCLVDlyX_YPajrNMBP5Y_Zyt5JTKoIs-VoCHDw&oe=69313376;"Siyasi tarihimize adını “Karaoğlan” olarak yazdıran, ülkemizin demokrasi kültüründe derin izler bırakmış, devlet adamlığıyla, nezaketiyle ve insana dokunan siyaset anlayışıyla daima örnek alınacak bir isim olan; 57. Başbakanımız ve Cumhuriyet Halk Partimizin 3. Genel Başkanı Bülent Ecevit’i vefatının yıl dönümünde rahmet, saygı ve özlemle anıyorum.";
https://www.instagram.com/p/DQosiodDDWp/;Carousel;139;0;0;2025-11-04 16:15:50;https://scontent-fra5-1.cdninstagram.com/v/t51.82787-15/573865677_18395224357127316_8443658233434692497_n.jpg?stp=dst-jpg_e35_tt6&_nc_cat=100&ig_cache_key=Mzc1ODQ0OTc3MzE1NDk0NzI5Ng%3D%3D.3-ccb7-5&ccb=7-5&_nc_sid=58cdad&efg=eyJ2ZW5jb2RlX3RhZyI6InhwaWRzLjEwNjR4NzA5LnNkci5DMyJ9&_nc_ohc=0mQYYUHdY9AQ7kNvwH0w9TC&_nc_oc=AdkPzsNTfw6zM55mXl2KJK5KLlaAjm6BhligrQr-HquPYVlACJbBuR3Ayp9ky1fUFHpWcQqh13OqX0_pNOGCxzv4&_nc_ad=z-m&_nc_cid=0&_nc_zt=23&_nc_ht=scontent-fra5-1.cdninstagram.com&_nc_gid=yTgxKRLBkizredAuwP49cQ&oh=00_AfgFR-V4N8q0u5jqC8RFa3xATrAX6YA-WFwYLFmtetMS2Q&oe=69311109;Kasım Ayı Meclis Toplantılarımızın ilk oturumunu bugün meclis üyelerimizin katılımlarıyla gerçekleştirdik.  Yalova Belediye Meclisimizin kadın temsilcilerine Cumhuriyetimizin 102. yıldönümü anısına hazırlattığımız şiltleri teslim ettik. İnanıyorum ki Cumhuriyetimizin ışığı kadınlarımızın ellerinde parlamaya devam edecek. ✨  2026 yılı bütçemizi ve planlamalarımızı görüşeceğimiz Kasım Ayı Meclis Oturumlarımızın şimdiden şehrimize hayırlı olmasını diliyorum.;
https://www.instagram.com/p/DQoi85xjCwm/;Carousel;143;0;0;2025-11-04 14:52:02;https://scontent-fra3-2.cdninstagram.com/v/t51.82787-15/573629191_18395217598127316_2978701355826181638_n.jpg?stp=dst-jpg_e35_tt6&_nc_cat=111&ig_cache_key=Mzc1ODQwNzYwMjM1NTg2Njg5MA%3D%3D.3-ccb7-5&ccb=7-5&_nc_sid=58cdad&efg=eyJ2ZW5jb2RlX3RhZyI6InhwaWRzLjgzOXg2Mjkuc2RyLkMzIn0%3D&_nc_ohc=v6iWsmCxdqMQ7kNvwF_kSnV&_nc_oc=AdkT5MsJwsGRZCNXD-fb7ICOqSp-vDcMIAQFgXNC9omQYYcNyIDvdMlBCiiOuSy6AYfhm_CNsh1uijgRuS8ZFies&_nc_ad=z-m&_nc_cid=0&_nc_zt=23&_nc_ht=scontent-fra3-2.cdninstagram.com&_nc_gid=yTgxKRLBkizredAuwP49cQ&oh=00_Afi2BAUpevAnMXKZJa8yBoOf67mfCOVIEkWXCyfLRwGzvw&oe=693119AC;Bugün, Almanya Federal Cumhuriyeti İstanbul Başkonsolosu Sayın Dr. Regina Grienberger’i Yalova’mızda ağırladık. 🇹🇷🇩🇪  Yalova’mızın Almanya ile güçlü kardeşlik bağlarına vurgu yaparak, Rottenburg am Neckar ve Bad Godesberg kardeş şehirlerimizle olan ilişkilerimizin daha da güçlenmesi yönünde karşılıklı iyi niyet dileklerimizi paylaştık.  Sayın Başkonsolos’a nazik ve anlamlı ziyareti için teşekkürlerimi iletiyorum.;
https://www.instagram.com/p/DQoa-ApDD8L/;Carousel;494;21;0;2025-11-04 13:42:17;https://scontent-fra5-1.cdninstagram.com/v/t51.82787-15/574629330_18395212264127316_7634964277261350603_n.jpg?stp=dst-jpg_e35_tt6&_nc_cat=100&ig_cache_key=Mzc1ODM3MjQ4NjMwODk5NzMwNQ%3D%3D.3-ccb7-5&ccb=7-5&_nc_sid=58cdad&efg=eyJ2ZW5jb2RlX3RhZyI6InhwaWRzLjEwNjN4Nzk2LnNkci5DMyJ9&_nc_ohc=Vnc6Qtje5EkQ7kNvwFxSTI9&_nc_oc=Adkp8J07J2pKZ2Ly9w-_sKbaMLeXAdUWeXEKcV6Mk7AOhoU5W_TSJwsPQFWGmNhR4PzsaIIWS3OeSTvnw0ulnbMk&_nc_ad=z-m&_nc_cid=0&_nc_zt=23&_nc_ht=scontent-fra5-1.cdninstagram.com&_nc_gid=yTgxKRLBkizredAuwP49cQ&oh=00_AfhuG5Y-bCeXFMv6X0e_0SDU_vZrujF5n3JKYHryYiEbvw&oe=6931002C;Hüseyin Altan Caddesi’nde yürüttüğümüz asfalt ve çevre düzenleme çalışmalarımızı sürdüren çalışma arkadaşlarımızla sohbet ederek, devam eden çalışmaları yerinde inceledik.   Caddemiz kısa süre içinde yenilenen yüzüyle Yalovalıların hizmetinde olacak! 👍;
https://www.instagram.com/p/DQl5TcvDEYr/;Carousel;127;2;0;2025-11-03 14:09:38;https://scontent-fra3-2.cdninstagram.com/v/t51.82787-15/574020235_18395103760127316_6557445350807783343_n.jpg?stp=dst-jpg_e35_tt6&_nc_cat=111&ig_cache_key=Mzc1NzY2MTQ3OTMxMTgyMjUxNQ%3D%3D.3-ccb7-5&ccb=7-5&_nc_sid=58cdad&efg=eyJ2ZW5jb2RlX3RhZyI6InhwaWRzLjg4OHg2NjYuc2RyLkMzIn0%3D&_nc_ohc=hPdR-SgkMwYQ7kNvwFFRABB&_nc_oc=AdkeJeHIJqhhI9rC8iKaJ8q6zkpihxhzESt59F49yH53WodunF67TRbLz5Z8rpVd5NbON4atwV46FW2cKs2E3pd4&_nc_ad=z-m&_nc_cid=0&_nc_zt=23&_nc_ht=scontent-fra3-2.cdninstagram.com&_nc_gid=yTgxKRLBkizredAuwP49cQ&oh=00_AfhtyLC8CYj-opR4WHPgYlFR2TWTsZX_lablC3pDY9CmQA&oe=69312C19;Bugün günlerden turuncu! 🧡  2–8 Kasım Lösemili Çocuklar Haftasında özel çocuklarımız ve aileleriyle bir araya geldik. Minik Yağmur, başkanlık koltuğuna oturarak günün en özel anına imza attı. 🧡  LÖSEV Bursa ekibine ve yüreği büyük çocuklarımıza bu anlamlı ziyaret için teşekkür ediyorum.;
https://www.instagram.com/p/DQlvLV1DHox/;Carousel;187;0;0;2025-11-03 12:41:08;https://scontent-lhr6-1.cdninstagram.com/v/t51.82787-15/572510816_18395095888127316_7301495107174105284_n.jpg?stp=dst-jpg_e35_tt6&_nc_cat=110&ig_cache_key=Mzc1NzYxNjk0MDQxNzA0NTE1MA%3D%3D.3-ccb7-5&ccb=7-5&_nc_sid=58cdad&efg=eyJ2ZW5jb2RlX3RhZyI6InhwaWRzLjkzNng3MDIuc2RyLkMzIn0%3D&_nc_ohc=5DcX_rNmF-oQ7kNvwHFm1A2&_nc_oc=Adn_bGEdA0ihDnGdo43YUJ5DLJVloIFpZOHEDp-1AXxb0jWaQv2Ahb2EG_ndVt71deU&_nc_ad=z-m&_nc_cid=0&_nc_zt=23&_nc_ht=scontent-lhr6-1.cdninstagram.com&_nc_gid=p2QmBt5lFhppqiglxguuAA&oh=00_AfjVECQoPC7hw-UvpLuR7vty9KfbgWTNJvRwySddlJtoSA&oe=69310FB3;Yalova Esnaf ve Sanatkârlar Odası’nın (YESO) 2026 yılında yapılacak Olağan Genel Kurulu öncesinde başkanlığa aday olan Oktay İlhan ile yönetim kurulu adaylarını belediyemizde misafir ettik.  Kendilerine nazik ziyaretleri için teşekkür ediyorum.;
https://www.instagram.com/p/DQlbQ2JjEn4/;Photo;61;0;0;2025-11-03 09:47:08;https://scontent-lhr8-2.cdninstagram.com/v/t51.82787-15/573822246_18395084923127316_1439999498564894853_n.jpg?stp=dst-jpg_e35_tt6&_nc_cat=103&ig_cache_key=Mzc1NzUyOTM2OTAyMDIyMTk0NA%3D%3D.3-ccb7-5&ccb=7-5&_nc_sid=58cdad&efg=eyJ2ZW5jb2RlX3RhZyI6InhwaWRzLjEzNTB4MTY4OC5zZHIuQzMifQ%3D%3D&_nc_ohc=K9tWEDg-0FEQ7kNvwFDh7ml&_nc_oc=AdmLw90CYOptJDXQRe_JNptEaSEHeKqByuQuN_k7Wf4C5UxRNNitRMhG9-1IvAU3MEY&_nc_ad=z-m&_nc_cid=0&_nc_zt=23&_nc_ht=scontent-lhr8-2.cdninstagram.com&_nc_gid=p2QmBt5lFhppqiglxguuAA&oh=00_AfjiRWIN-k2GibjnAWql1NLC1DwnMvz68G-3WYh2upT32A&oe=6931229F;"Hayatın en kıymetli hediyesi; bir insana yeniden nefes olabilmektir. Bağışladığımız her organ; umut, yaşam ve yeni bir başlangıç demektir.  🫀 3–9 Kasım Organ Bağışı Haftasınıda farkındalıklarımızı artıralım, bir kararın dünyaları değiştirebileceğini hep birlikte hatırlayalım.  Organ bağışı yaşatır! 💚";
https://www.instagram.com/p/DQjEzTtjEaP/;Photo;105;1;0;2025-11-02 11:52:23;https://scontent-lhr6-1.cdninstagram.com/v/t51.82787-15/573493149_18394976359127316_1291604557398513655_n.jpg?stp=dst-jpg_e35_tt6&_nc_cat=109&ig_cache_key=Mzc1Njg2NzYzMjIwMTc0NjA2Mw%3D%3D.3-ccb7-5&ccb=7-5&_nc_sid=58cdad&efg=eyJ2ZW5jb2RlX3RhZyI6InhwaWRzLjEzNTB4MTY4OC5zZHIuQzMifQ%3D%3D&_nc_ohc=w3iR-uU856IQ7kNvwGX9OIM&_nc_oc=AdnJm38BY15p639ayPRNt4M3ISSswQWH2uZip1DaGgxvGToOnIK3OFrYeifWyw8bcOc&_nc_ad=z-m&_nc_cid=0&_nc_zt=23&_nc_ht=scontent-lhr6-1.cdninstagram.com&_nc_gid=p2QmBt5lFhppqiglxguuAA&oh=00_AfisjX79-Vv4jimmmbUUTdhYnAEU8cXkJlGGs8L90uL8tA&oe=693114C5;Bu hafta, minik kahramanlarımızın yanında olduğumuzu hatırlamak ve onları daha güçlü kılmak için önemli bir fırsat.  Tedavi sürecindeki tüm çocuklarımızın umut, sevgi ve dayanışma ile çevrelendiği bir dünya için hep birlikte çalışalım. 💛🎗️;
https://www.instagram.com/p/DQhnG9fjKDQ/;Carousel;269;1;0;2025-11-01 22:13:41;https://scontent-lhr6-1.cdninstagram.com/v/t51.82787-15/573337512_18394915627127316_2957657900277908595_n.jpg?stp=dst-jpg_e35_tt6&_nc_cat=109&ig_cache_key=Mzc1NjQ1NTU2Mjk0NzkxMDYxMw%3D%3D.3-ccb7-5&ccb=7-5&_nc_sid=58cdad&efg=eyJ2ZW5jb2RlX3RhZyI6InhwaWRzLjg1NHg2NDAuc2RyLkMzIn0%3D&_nc_ohc=5sgzHkXW4q4Q7kNvwGNmZBD&_nc_oc=Adk34qjj3412YALVn8ANxjxz805r9ScphHfpMGKEPxKuju8I8ch529HzjBLd1hm8d1E&_nc_ad=z-m&_nc_cid=0&_nc_zt=23&_nc_ht=scontent-lhr6-1.cdninstagram.com&_nc_gid=p2QmBt5lFhppqiglxguuAA&oh=00_AfhWRbw-uxPRBwZhM-gAqysRYyOHapnvFwH0bNB1xGAXKQ&oe=69313291;💍 Bugün hayatlarını birleştiren Elif Nur ve Batuhan çiftimizin nikâh törenlerine katılarak mutluluklarına ortak olduk.  Kendilerine bir ömür boyu sağlık, huzur ve mutluluk diliyorum. 💐✨;
https://www.instagram.com/p/DQhTT0XjElJ/;Photo;172;13;0;2025-11-01 19:20:40;https://scontent-lhr8-2.cdninstagram.com/v/t51.82787-15/573109316_18394899448127316_8802981799782596972_n.jpg?stp=dst-jpg_e35_tt6&_nc_cat=101&ig_cache_key=Mzc1NjM2ODQ4ODk4NzExNzg5Nw%3D%3D.3-ccb7-5&ccb=7-5&_nc_sid=58cdad&efg=eyJ2ZW5jb2RlX3RhZyI6InhwaWRzLjEwODB4ODEwLnNkci5DMyJ9&_nc_ohc=ZRQwY9OeiiwQ7kNvwE3qncH&_nc_oc=AdnmhW04CKIeHa_SF1EeLVEpgdXCgW6YktTpVm8zIKSEJwqgajJFp1RodPGV_H9XSyY&_nc_ad=z-m&_nc_cid=0&_nc_zt=23&_nc_ht=scontent-lhr8-2.cdninstagram.com&_nc_gid=p2QmBt5lFhppqiglxguuAA&oh=00_Afgl0BV4pOgD3XwD-ZG24D03NuF8nuXlsZTomq_Z2EM2Zg&oe=69312664;Yalova’mızın kıymetli iş insanlarından, Hotel Ülke’nin sahibi Cantürk Yılmaz’ın vefatını derin bir üzüntüyle öğrenmiş bulunuyorum.  Şehrimizin ekonomik ve sosyal hayatına katkılarıyla anılacak olan merhuma Allah’tan rahmet, kederli ailesine, yakınlarına ve tüm sevenlerine sabır ve başsağlığı diliyorum.  Mekânı cennet olsun.;
https://www.instagram.com/p/DQhMhi_DDBw/;Reels;216;3;8727;2025-11-01 18:23:09;https://scontent-lhr8-1.cdninstagram.com/v/t51.71878-15/573411254_1408049644370962_2603036383979112352_n.jpg?stp=dst-jpg_e15_tt6&_nc_cat=107&ig_cache_key=Mzc1NjMzODY0NjA2OTU1NTMxMg%3D%3D.3-ccb7-5&ccb=7-5&_nc_sid=58cdad&efg=eyJ2ZW5jb2RlX3RhZyI6InhwaWRzLjY0MHgzNjAuc2RyLkMzIn0%3D&_nc_ohc=xuwQ5rJ64HIQ7kNvwEndCVl&_nc_oc=AdlBdvaBMeT9tKAP1iSDUVf9Jh2XKPZppah5xChu155mqhHlXXyBkcSiYq27ZrOJ7xI&_nc_ad=z-m&_nc_cid=0&_nc_zt=23&_nc_ht=scontent-lhr8-1.cdninstagram.com&_nc_gid=p2QmBt5lFhppqiglxguuAA&oh=00_AfgOET5zIScW8hoUBIVbedA7QYk3E1Jl9c00SnrucRqguQ&oe=6931290F;Sonuna kadar Cumhuriyet! 🫶 Sonuna kadar Laiklik! 🫶 Sonuna kadar Eşitlik! 🫶 Sonuna kadar Özgürlük! 🫶  🇹🇷 29 Ekim Cumhuriyet Bayramımız kutlu olsun! Bizlere muhteşem bir final gecesi yaşatan değerli sanatçımız Fatma Turgut’a bir kez daha teşekkür ediyorum.  Ata’mızın kenti Yalova’da Cumhuriyetin ışığı her zaman parlayacak! ✨;
https://www.instagram.com/p/DQhCV5HDGyf/;Reels;112;5;24879;2025-11-01 16:54:08;https://scontent-lhr8-2.cdninstagram.com/v/t51.71878-15/572567018_4317966818436722_8499641040761087393_n.jpg?stp=dst-jpg_e15_tt6&_nc_cat=103&ig_cache_key=Mzc1NjI5Mzg2NDcyNzI3NjcwMw%3D%3D.3-ccb7-5&ccb=7-5&_nc_sid=58cdad&efg=eyJ2ZW5jb2RlX3RhZyI6InhwaWRzLjY0MHgzNjAuc2RyLkMzIn0%3D&_nc_ohc=IVAXw4iiMlYQ7kNvwHnZbkG&_nc_oc=AdnX1HvbJH5vEZDnRNMfB8SM5jcm7TGB8IvbLYqWcn5tRdOkRHHs-viQqBJmUo2xcpI&_nc_ad=z-m&_nc_cid=0&_nc_zt=23&_nc_ht=scontent-lhr8-2.cdninstagram.com&_nc_gid=p2QmBt5lFhppqiglxguuAA&oh=00_AfiEr7_ACXiAiM2R5tfjnbWjOFxXNxHXGkLYHZZ4UWZVUg&oe=69311155;Bu güzel şehir için çalışmalarımıza devam ediyoruz. 💚❤️  📍Hüseyin Altan Caddesi 📍Mustafa Kemal Paşa Mahallesi 236/3 Sokak  Her şey daha güzel bir #Yalova için!;
https://www.instagram.com/p/DQg9VXfDGEO/;Carousel;149;0;0;2025-11-01 16:08:38;https://scontent-lhr6-1.cdninstagram.com/v/t51.82787-15/572127910_18394877200127316_6138006833653178414_n.jpg?stp=dst-jpg_e35_tt6&_nc_cat=102&ig_cache_key=Mzc1NjI3MTgzMDUyMTYyNzc4NQ%3D%3D.3-ccb7-5&ccb=7-5&_nc_sid=58cdad&efg=eyJ2ZW5jb2RlX3RhZyI6InhwaWRzLjEyMDB4OTAwLnNkci5DMyJ9&_nc_ohc=xNP_Ijsa9V4Q7kNvwFa73ij&_nc_oc=Adk2jqzdPpsVzu3QKsqDnN5ki7VbuRB3_Z6O3khqdEHebbgpnSdZsPgvA98eFQoIMfY&_nc_ad=z-m&_nc_cid=0&_nc_zt=23&_nc_ht=scontent-lhr6-1.cdninstagram.com&_nc_gid=p2QmBt5lFhppqiglxguuAA&oh=00_AfgpxsQm_j3cs0Vs53QTJKj4N9pO5anmKCEkR5TRGWklew&oe=69310DC6;Şehrimizde hizmete giren MY Grup Craft Consept’in açılışını gerçekleştirdik.  Şehrimiz adına değerli bir yatırıma imza atan Yusuf ve Muhammet Örnek kardeşlere hayırlı, bereketli kazançlar diliyorum.;
https://www.instagram.com/p/DQgxPhfjIXt/;Photo;139;1;0;2025-11-01 14:22:59;https://scontent-lhr8-1.cdninstagram.com/v/t51.82787-15/572492904_18394866487127316_3895925563529264517_n.jpg?stp=dst-jpg_e35_tt6&_nc_cat=108&ig_cache_key=Mzc1NjIxODY2MDI2MDk3MjAxMw%3D%3D.3-ccb7-5&ccb=7-5&_nc_sid=58cdad&efg=eyJ2ZW5jb2RlX3RhZyI6InhwaWRzLjEzNTB4MTY4OC5zZHIuQzMifQ%3D%3D&_nc_ohc=q52DaGlOcKgQ7kNvwFTj4DA&_nc_oc=AdkCJRcKxIGXWzcx4t34jcRsD9wyo6dyyBqC1VSt3WtVfgvZfYTVDCjw_5H8D1YnCVI&_nc_ad=z-m&_nc_cid=0&_nc_zt=23&_nc_ht=scontent-lhr8-1.cdninstagram.com&_nc_gid=p2QmBt5lFhppqiglxguuAA&oh=00_Afg8rE36CVJllLraHb4YIUZ1qTxmiDFdMCiYChJgeQKsYw&oe=693134B3;Gazi Mustafa Kemal Atatürk’ün önderliğinde gerçekleşen Türk Harf Devrimi ile aydınlık bir geleceğin kapıları aralandı.   Bu büyük devrimin ışığında dilimizi korumaya ve yaşatmaya devam edeceğiz.  🇹🇷 1-7 Kasım Türk Harf Devrimi kutlu olsun.;
https://www.instagram.com/p/DQesA7ijPj6/;Reels;94;0;20363;2025-10-31 19:00:57;https://scontent-lhr6-2.cdninstagram.com/v/t51.71878-15/573835507_1863395410919536_7988288564846987246_n.jpg?stp=dst-jpg_e15_tt6&_nc_cat=104&ig_cache_key=Mzc1NTYzMjcxNzI1MDQ5MjY2Ng%3D%3D.3-ccb7-5&ccb=7-5&_nc_sid=58cdad&efg=eyJ2ZW5jb2RlX3RhZyI6InhwaWRzLjY0MHgzNjAuc2RyLkMzIn0%3D&_nc_ohc=LbE46F8wrCwQ7kNvwEhieqs&_nc_oc=AdmJqw0EWKC5UbveqxAib4pX_IMGeJ5D9UdOHwWWo3OcRqPtZudRp2kOh6V3mH39IX4&_nc_ad=z-m&_nc_cid=0&_nc_zt=23&_nc_ht=scontent-lhr6-2.cdninstagram.com&_nc_gid=p2QmBt5lFhppqiglxguuAA&oh=00_AfiHBweuBqWdWR473ECTHse_TTqkzJNL3AAx5rfMRTIq0g&oe=69312824;Milli ekonominin temeli ziraattir. -Gazi Mustafa Kemal Atatürk  Toprağın bereketi ve üretimin gücüyle Yalovalı çiftçilerimize destek olmaya devam edeceğiz. 🌾  Tüm ekonomik zorluklara rağmen, elini topraktan çekmeyen tüm üreticilerimize çalışmalarında kolaylıklar diliyorum.;
https://www.instagram.com/p/DQeczZyDHuJ/;Carousel;110;0;0;2025-10-31 16:45:54;https://scontent-lhr8-2.cdninstagram.com/v/t51.82787-15/572380690_18394756393127316_5724124112472325590_n.jpg?stp=dst-jpg_e35_tt6&_nc_cat=103&ig_cache_key=Mzc1NTU2NTgwOTg1NTY3Mjc4OA%3D%3D.3-ccb7-5&ccb=7-5&_nc_sid=58cdad&efg=eyJ2ZW5jb2RlX3RhZyI6InhwaWRzLjEwNTB4Nzg4LnNkci5DMyJ9&_nc_ohc=s30rve9mA8UQ7kNvwH37KgV&_nc_oc=AdkVUSJCAtc2tSV29Pb1q7GXXsH7FErl0txe3jum3YKTyorQLbZw-vBYOjsKaWqHpEw&_nc_ad=z-m&_nc_cid=0&_nc_zt=23&_nc_ht=scontent-lhr8-2.cdninstagram.com&_nc_gid=p2QmBt5lFhppqiglxguuAA&oh=00_AfjOQM_jl2dIOR4suE1zGc6J-gmddla5H9hP5O1Z2NO-IQ&oe=69312B76;Özbekistan Jizzakh Vali Vekili Sayidov Ziyadin ve beraberindeki heyeti, iş insanı Erdoğan Sancar ile birlikte belediyemizde ağırladık.  Otomotiv devleri BYD, KIA ve Chevrolet’e ev sahipliği yapan, ileri biyolojik arıtma projeleriyle dikkat çeken Jizzakh şehriyle kardeş şehir ve iş birliği olanaklarını görüştük.  İki şehir arasında dostluk köprülerini güçlendirecek verimli bir buluşma gerçekleştirdik. Nazik ziyaretleri için Sayın Sayidov Ziyadin’e, değerli heyetine ve katkıları için Erdoğan Sancar’a teşekkür ediyorum.;
https://www.instagram.com/p/DQeIDKxjIFT/;Carousel;276;4;0;2025-10-31 13:44:33;https://scontent-lhr8-2.cdninstagram.com/v/t51.82787-15/572113001_18394739464127316_3864173627029558203_n.jpg?stp=dst-jpg_e35_tt6&_nc_cat=103&ig_cache_key=Mzc1NTQ3NDUyNjYwMDQ1MzU3Nw%3D%3D.3-ccb7-5&ccb=7-5&_nc_sid=58cdad&efg=eyJ2ZW5jb2RlX3RhZyI6InhwaWRzLjEwNjN4Nzk2LnNkci5DMyJ9&_nc_ohc=RtlCmePOksEQ7kNvwFIgCOP&_nc_oc=AdmTnxmqbBgO_V8ngk00rjUGqo0GoANvco9pABLoB-W8UFaYMQQQO6gxVmqli2IfspQ&_nc_ad=z-m&_nc_cid=0&_nc_zt=23&_nc_ht=scontent-lhr8-2.cdninstagram.com&_nc_gid=p2QmBt5lFhppqiglxguuAA&oh=00_AfiaDHKVkjcApw3-x2vFlb2Na8vOyYnlbXF9VvrX6VuPTA&oe=69312D6D;Yalova Ziraat Odamızla birlikte tarımsal üretimi desteklemek, yerli üreticinin yanında olmak ve kentte sürdürülebilir tarımı teşvik etmek amacıyla çiftçilerimizin her zaman yanındayız. 🌾  Bugün, 14 ton sertifikalı Albaşak buğday tohumunu çiftçilerimize ücretsiz olarak dağıttık.   Sağladığımız bu destekle, üreticilerimizin girdi maliyetlerini azaltırken, kaliteli ve verimli üretimi artırmayı hedefliyoruz. Dayanışma ruhuyla şehrimizin tarımsal üretim çalışmalarına destek olmaya devam edeceğiz.;
https://www.instagram.com/p/DQd9nOCjDOo/;Carousel;370;21;0;2025-10-31 12:13:21;https://scontent-lax7-1.cdninstagram.com/v/t51.82787-15/572130598_18394731358127316_7652576771778492085_n.jpg?stp=dst-jpg_e35_tt6&_nc_cat=101&ig_cache_key=Mzc1NTQyODYyODU2NjY5MjI1OQ%3D%3D.3-ccb7-5&ccb=7-5&_nc_sid=58cdad&efg=eyJ2ZW5jb2RlX3RhZyI6InhwaWRzLjExMDF4ODI1LnNkci5DMyJ9&_nc_ohc=DJUfjRxovF8Q7kNvwGUtKhN&_nc_oc=Adl-7tyzhw96agvMxDwI6quu-O-023G4EDptmLM5eszJ2CEied36jHKRVJTWTzQi4BU&_nc_ad=z-m&_nc_cid=0&_nc_zt=23&_nc_ht=scontent-lax7-1.cdninstagram.com&_nc_gid=3IgSdzui0j1vs1eClclBJA&oh=00_Afg_F6PnfHDGxK5ESxQqAFEWAuAfwLE-VVYZuiQlVjuYyw&oe=6931341E;📍Mustafakemalpaşa Mahallesi  🏗️ Mustafakemalpaşa Mahallemizde yürütülen altyapı ve üstyapı çalışmalarını, Başkan Yardımcımız Murat Tiryaki ve ilgili müdürlerimizle birlikte yerinde inceledik.   Hüseyin Altan Caddesi’nde asfaltlama çalışmalarımız tamamlanmak üzere, 236/3 Sokak’ta ise istinat duvarı yapımımız tüm hızıyla devam ediyor.   Kentimizin her noktasında yaşam kalitesini artırmak, ulaşımı güvenli hale getirmek ve altyapı sorunlarını kalıcı şekilde çözmek için tüm ekiplerimizle birlikte çalışmalarımıza ara vermeden devam ediyoruz. 💪;
https://www.instagram.com/p/DQd1FabDLCS/;Carousel;114;0;0;2025-10-31 10:58:50;https://scontent-lax3-1.cdninstagram.com/v/t51.82787-15/573555251_18394725694127316_4836837772534123219_n.jpg?stp=dst-jpg_e35_tt6&_nc_cat=110&ig_cache_key=Mzc1NTM5MTEyMzY3MDczOTk0Ng%3D%3D.3-ccb7-5&ccb=7-5&_nc_sid=58cdad&efg=eyJ2ZW5jb2RlX3RhZyI6InhwaWRzLjEwNjJ4Nzk3LnNkci5DMyJ9&_nc_ohc=f-o_pEtvT3cQ7kNvwGprNKN&_nc_oc=AdkSSOzg2bXEUUuVPSY-s0aH6rr_ni_3PbR3J1Et0VbxXhCDcSFkyiSK0Pw1Hz60BS8&_nc_ad=z-m&_nc_cid=0&_nc_zt=23&_nc_ht=scontent-lax3-1.cdninstagram.com&_nc_gid=3IgSdzui0j1vs1eClclBJA&oh=00_Afjlej06eMRntc_uK1XLzW2ffu8ytkCG-shD7M7FHHvmBw&oe=693117B1;Kardeş şehrimiz Bulgaristan/Smolyan’dan gelen heyeti belediyemizde ağırladık.  Smolyan Belediye Başkan Vekili Mariana Aleksandrova Tsekova, köy muhtarları ve Yalova Balkan Göçmenleri Kültür ve Dayanışma Derneği (BAL-GÖÇ) Yalova Şube Başkanı Lütfü Özgür ile birlikte iki şehir arasındaki dostluk ve iş birliğini güçlendirecek verimli bir görüşme gerçekleştirdik.  🤝 Sayın Tsekova’ya nazik ziyaretleri ve anlamlı hediyeleri için teşekkür ediyorum. Dostluk köprülerimizi hep birlikte daha da sağlamlaştıracağız. 💫;
https://www.instagram.com/p/DQdwS__DHY-/;Photo;89;0;0;2025-10-31 10:17:00;https://scontent-lax3-2.cdninstagram.com/v/t51.82787-15/572091128_18394722850127316_3609465414370279706_n.jpg?stp=dst-jpg_e35_tt6&_nc_cat=106&ig_cache_key=Mzc1NTM3MDA3NjE4MzQ5MjE1OA%3D%3D.3-ccb7-5&ccb=7-5&_nc_sid=58cdad&efg=eyJ2ZW5jb2RlX3RhZyI6InhwaWRzLjEzNTB4MTY4OC5zZHIuQzMifQ%3D%3D&_nc_ohc=OUYv1yYARkUQ7kNvwFIKVM4&_nc_oc=AdkheIijFFVqepquax8DUM_PuTDY_OGstqdsh6Dpf4pYPmdVt9btOoTzzWlmwsEjQME&_nc_ad=z-m&_nc_cid=0&_nc_zt=23&_nc_ht=scontent-lax3-2.cdninstagram.com&_nc_gid=3IgSdzui0j1vs1eClclBJA&oh=00_AfiRED4clPl8Ff4N0k6UsVD4bc4Bv359XR6_lbwx7U2KOg&oe=69312F19;Türk siyasetinin nezaketiyle, bilimiyle ve demokrasiye olan inancıyla hatırladığımız değerli devlet insanı Erdal İnönü’yü vefatının yıldönümünde saygı, sevgi ve rahmetle anıyorum.  Bilimin ışığını siyasete taşıyan örnek kişiliğiyle, Cumhuriyet değerlerine yaptığı katkılar daima hatırlanacaktır.;
https://www.instagram.com/p/DQcpqQjDE4-/;Carousel;240;0;0;2025-10-30 23:59:46;https://scontent-lax3-2.cdninstagram.com/v/t51.82787-15/573882456_18394670128127316_3191763833984663462_n.jpg?stp=dst-jpg_e35_tt6&_nc_cat=100&ig_cache_key=Mzc1NTA1OTM5NTQxMjM2NjM2OQ%3D%3D.3-ccb7-5&ccb=7-5&_nc_sid=58cdad&efg=eyJ2ZW5jb2RlX3RhZyI6InhwaWRzLjEzNjV4OTEwLnNkci5DMyJ9&_nc_ohc=dA9hckFpO2gQ7kNvwHJqM5b&_nc_oc=AdkGZtYFq4CmmZU8FMLm2LqpK9Fgy4YqFu47hEW8dr0OkqnJPcxxIrV_MIM82Ol3FSk&_nc_ad=z-m&_nc_cid=0&_nc_zt=23&_nc_ht=scontent-lax3-2.cdninstagram.com&_nc_gid=3IgSdzui0j1vs1eClclBJA&oh=00_Afi2vcs0-41CqtOBVlBNd3o8W1Y_UNvQN84JA1pI7G-j3w&oe=69311995;Teşekkürler #Yalova! 🇹🇷  29 Ekim Cumhuriyet Bayramı etkinliklerimize coşkuyla, gururla ve heyecanla katılan tüm hemşehrilerimize şükranlarımı sunuyorum.  Bu akşam, Cumhuriyet Meydanımızda ülkemizin en önemli ve güçlü seslerinden biri olan Fatma Turgut ile, şehrimizin sevilen grubu Dilara ve Enes’i ağırladık. Tüm sanatçılarımıza bu harika gece içim teşekkür ediyorum.  Ata’mızın kenti Yalova’da Cumhuriyetimizin ışığı sonsuza dek parlayacak. ✨;
https://www.instagram.com/p/DQcjkR1jO1y/;Carousel;770;5;0;2025-10-30 23:06:31;https://scontent-lax3-1.cdninstagram.com/v/t51.82787-15/572656527_18394665220127316_4319549474140223148_n.jpg?stp=dst-jpg_e35_tt6&_nc_cat=109&ig_cache_key=Mzc1NTAzMjYwNzUzMzU5MzU2Nw%3D%3D.3-ccb7-5&ccb=7-5&_nc_sid=58cdad&efg=eyJ2ZW5jb2RlX3RhZyI6InhwaWRzLjE0NDB4MTA4MC5zZHIuQzMifQ%3D%3D&_nc_ohc=OABJ0KO2uWUQ7kNvwHc-Vc5&_nc_oc=AdmZQVzDZTJaw_IxR3QVg4dkwjrTZ_yOeVHsZyrJqwvWbcxsUK-dGruICmLX7UngUhw&_nc_ad=z-m&_nc_cid=0&_nc_zt=23&_nc_ht=scontent-lax3-1.cdninstagram.com&_nc_gid=3IgSdzui0j1vs1eClclBJA&oh=00_AfjTvBwMtljv5_UmM4ElpjTR0f5zxndM_W84CJ1anpWrKA&oe=693120DB;🎓🇹🇷 Cumhuriyetimizin 102. yılı dolayısıyla Yalova Üniversitesi tarafından düzenlenen Cumhuriyet Balosu’na katılım sağladık.   Cumhuriyetimizin değerlerini yaşatan, Atatürk’ün izinde aydınlık bir geleceğe yürüyen gençlerimizle bir arada olmaktan büyük mutluluk duyuyorum.  Cumhuriyetimizin aydınlattığı yolda gençlerimizle birlikte yürümeye devam edeceğiz.✨;
