﻿PostLink;PostTürü;BeğeniSayısı;YorumSayısı;Görüntülenme Sayısı;Tarih;DisplayPhoto;Caption;Takipçi
https://www.instagram.com/p/DRc83NeiCGk/;Reels;2422;61;115038;2025-11-24 23:19:47;https://scontent-lhr8-2.cdninstagram.com/v/t51.82787-15/586701327_17969648342981091_7936675105759392391_n.jpg?stp=dst-jpg_e15_tt6&_nc_cat=103&ig_cache_key=Mzc3MzE1ODI2NDY2MjQwMTQ0NDE3OTY5NjQ4MzM5OTgxMDkx.3-ccb7-5&ccb=7-5&_nc_sid=58cdad&efg=eyJ2ZW5jb2RlX3RhZyI6InhwaWRzLjcyMHgxMjgwLnNkci5DMyJ9&_nc_ohc=1oJ6QcZNvpYQ7kNvwE0xNAR&_nc_oc=AdlRbpMXHygMucM-08vBoEEqz6AKQOX2gB80nvg6Nk0ol6mg-U9Py4SliaQD7nhQQbu8Xk7uFLdlsZnkDQCTwY7h&_nc_ad=z-m&_nc_cid=0&_nc_zt=23&_nc_ht=scontent-lhr8-2.cdninstagram.com&_nc_gid=MNgWkeFfK-5pE6xlviWt2g&oh=00_Afg9h1UfCbuZRkNWk7kCtqgr3SnPnsVepeii8FZeKd2OBQ&oe=69312526;Hatay’ımızda en zor günlerde bile hayat hep devam etti.  Çünkü bu şehirde ne eğitim durdu ne de üretim.  Esnafımıza ve öğretmenlerimize minnettarız, şehrimiz sizinle ayağa kalkıyor.;249989
https://www.instagram.com/p/DRUsZIECAeG/;Reels;14460;319;1783209;2025-11-21 18:21:20;https://scontent-lhr6-1.cdninstagram.com/v/t51.82787-15/587535527_17969683595981091_5482383518222205236_n.jpg?stp=dst-jpg_e15_tt6&_nc_cat=102&ig_cache_key=Mzc3MDgzNDAyODcwNjkyNDQyMjE3OTY5NjgzNTg5OTgxMDkx.3-ccb7-5&ccb=7-5&_nc_sid=58cdad&efg=eyJ2ZW5jb2RlX3RhZyI6InhwaWRzLjcyMHgxMjgwLnNkci5DMyJ9&_nc_ohc=fT8JdaBHcNUQ7kNvwFYelPD&_nc_oc=AdkCypdpdOIfgOjaRvr_sjnMjwi-PXxolqu4zdvY9qeG4MNlxJbuTdqDaJgVgy5cEh2c20UKmi8b6imQvd8fsWyN&_nc_ad=z-m&_nc_cid=0&_nc_zt=23&_nc_ht=scontent-lhr6-1.cdninstagram.com&_nc_gid=MNgWkeFfK-5pE6xlviWt2g&oh=00_AfgDmSYpOTgeWnBAXC7ZTHSysUbzeBGPfRRmqjmn_Ssyfw&oe=69310260;Vatandaşımız için her şeyin en iyisini düşünmek zorundayız.  Yeni otobüslerimiz Hatay’ımıza hayırlı olsun.;
https://www.instagram.com/p/DRSLsdciCvS/;Reels;10104;451;519800;2025-11-20 18:57:08;https://scontent-lhr8-2.cdninstagram.com/v/t51.71878-15/583518851_1104369058260161_5078729790409556550_n.jpg?stp=dst-jpg_e15_tt6&_nc_cat=103&ig_cache_key=Mzc3MDEyNzI3MTg0ODMyNDA1MA%3D%3D.3-ccb7-5&ccb=7-5&_nc_sid=58cdad&efg=eyJ2ZW5jb2RlX3RhZyI6InhwaWRzLjY0MHgxMTM2LnNkci5DMyJ9&_nc_ohc=wbs_QoRYcRcQ7kNvwGqwsEa&_nc_oc=Admhhdem6TGXR1O5lNjVlZoZQlodY7Y09asOfQbw78YxO-ZjZ3zfRatrszjB23TLLEXW3g3e4h1FsHtdDtHjVby_&_nc_ad=z-m&_nc_cid=0&_nc_zt=23&_nc_ht=scontent-lhr8-2.cdninstagram.com&_nc_gid=MNgWkeFfK-5pE6xlviWt2g&oh=00_Afh6RHQxxGNnTZD3Dwc-08jqRVIgbIvtcpXwLZzq4PeqrA&oe=69311462;Kimse Hatay’dan büyük değil.   Firmanın faaliyeti durduruldu. Kanunların elverdiği en üst sınırdan ceza kesildi.  Denetimlerimiz sürüyor. Bu şehirde başıboşluğa müsaade yok.  Herkes hesabını ona göre yapsın.;
https://www.instagram.com/p/DRR2rHeiPSb/;Reels;14469;293;693572;2025-11-20 15:53:43;https://scontent-lhr6-2.cdninstagram.com/v/t51.71878-15/586854263_842843488247039_1573109793623218104_n.jpg?stp=dst-jpg_e15_tt6&_nc_cat=100&ig_cache_key=Mzc3MDAzNDgyMDU2MzM5OTgzNQ%3D%3D.3-ccb7-5&ccb=7-5&_nc_sid=58cdad&efg=eyJ2ZW5jb2RlX3RhZyI6InhwaWRzLjY0MHg4MTAuc2RyLkMzIn0%3D&_nc_ohc=eZwI6dKYfPMQ7kNvwHEHOkz&_nc_oc=Adkh0Nt_zSXt0i8fM73EvysXxUiHJ3MCwDURZA4k5gxaBDOw5WbVRbI3g2ogX21dkRJkQq8r-SsxKiXhkIk0QANF&_nc_ad=z-m&_nc_cid=0&_nc_zt=23&_nc_ht=scontent-lhr6-2.cdninstagram.com&_nc_gid=MNgWkeFfK-5pE6xlviWt2g&oh=00_AfidM4g0mwsC847PIovVVR0Ob3B8NPWkhdALV6U3mNmeLg&oe=6930F9D7;Göreceğiz.;
https://www.instagram.com/p/DRPG13CCAet/;Reels;6772;158;494834;2025-11-19 14:17:31;https://scontent-lhr8-2.cdninstagram.com/v/t51.71878-15/582650135_1648862182758826_7529251996148876489_n.jpg?stp=dst-jpg_e15_tt6&_nc_cat=103&ig_cache_key=Mzc2OTI2MTUwMjYzMzYwOTEzMw%3D%3D.3-ccb7-5&ccb=7-5&_nc_sid=58cdad&efg=eyJ2ZW5jb2RlX3RhZyI6InhwaWRzLjY0MHgxMTM2LnNkci5DMyJ9&_nc_ohc=3r2vgjLbM4wQ7kNvwFdMhrJ&_nc_oc=Adl31vCiwn-zMzLf4lT8u5boF3uC_PkQtx3taCi2OEa_06UnglwllBA7dxT_NkAGYm_ZzD3_j0lh4j1i4h4LdH5h&_nc_ad=z-m&_nc_cid=0&_nc_zt=23&_nc_ht=scontent-lhr8-2.cdninstagram.com&_nc_gid=MNgWkeFfK-5pE6xlviWt2g&oh=00_AfjEWmuae6mlCjRVBFWgGQlDQJdzqa_t47fz02lYUeTDTA&oe=69312AC9;Hizmetlerimizi hızlandırmak için, işaretli yere basılı tutun.😊;
https://www.instagram.com/p/DREO3zZCJfQ/;Photo;775;14;0;2025-11-15 08:55:19;https://scontent-lhr6-2.cdninstagram.com/v/t51.82787-15/581019482_17968625990981091_7291883791476268559_n.jpg?stp=dst-jpg_e35_tt6&_nc_cat=104&ig_cache_key=Mzc2NjIwMDU5NTc5MTc3OTc5Mg%3D%3D.3-ccb7-5&ccb=7-5&_nc_sid=58cdad&efg=eyJ2ZW5jb2RlX3RhZyI6InhwaWRzLjE0NDB4MTgwMC5zZHIuQzMifQ%3D%3D&_nc_ohc=WJYKTDpUt1IQ7kNvwEsgaBv&_nc_oc=AdnHRREksZXjdVZPmKA-Lk494nGro4i_5qJtVszrUseSjLfI4qOqBp9RDEVPYlFOazu_XVSH8JKvYgPyhJtVunQm&_nc_ad=z-m&_nc_cid=0&_nc_zt=23&_nc_ht=scontent-lhr6-2.cdninstagram.com&_nc_gid=MNgWkeFfK-5pE6xlviWt2g&oh=00_Afj6QTRvETQJWFETt2ikG3Opiwa_rM56HwYW1Idfv_8CmA&oe=6931180F;Hassa’mızın düşman işgalinden kurtuluşunun yıl dönümü kutlu olsun. 🇹🇷  Bu toprakları bizlere vatan kılan aziz kahramanlarımızı rahmet ve minnetle anıyorum.  Onlardan aldığımız ilhamla Hatay’ımız için gece gündüz çalışıyoruz.;
https://www.instagram.com/p/DQ3grBgCMva/;Reels;14565;222;262617;2025-11-10 10:21:05;https://scontent-lhr6-1.cdninstagram.com/v/t51.82787-15/581255382_17968141478981091_127357405022986879_n.jpg?stp=dst-jpg_e15_tt6&_nc_cat=109&ig_cache_key=Mzc2MjYxOTcwNzcyODM4MjkzODE3OTY4MTQxNDc1OTgxMDkx.3-ccb7-5&ccb=7-5&_nc_sid=58cdad&efg=eyJ2ZW5jb2RlX3RhZyI6InhwaWRzLjcyMHgxMjgwLnNkci5DMyJ9&_nc_ohc=v6tC0iCsgG0Q7kNvwGfoKQs&_nc_oc=AdkVcAdbeU44aJ4VXZxYRBiNm5vyzQVf5MKajBH7-RvhaSuPL2806J6wzulc3bm71iqrqvFMy7uyZiZ2LxgbeUUr&_nc_ad=z-m&_nc_cid=0&_nc_zt=23&_nc_ht=scontent-lhr6-1.cdninstagram.com&_nc_gid=MNgWkeFfK-5pE6xlviWt2g&oh=00_AfgujJKGlkm83RBsMAPxFiQMveX3KOGL5FETHLrjZ0jf8g&oe=6931102B;O, Hatay’ı hiçbir zaman unutmadı. Biz de onu…  Gazi Mustafa Kemal Atatürk’ü rahmet ve minnetle anıyoruz.;
https://www.instagram.com/p/DQ3RF4ZCJTH/;Photo;1979;20;0;2025-11-10 08:04:35;https://scontent-lhr6-1.cdninstagram.com/v/t51.82787-15/576077637_17968126817981091_1081160116619903943_n.jpg?stp=dst-jpg_e35_tt6&_nc_cat=109&ig_cache_key=Mzc2MjU1MTE4NDYyODk0NjExOQ%3D%3D.3-ccb7-5&ccb=7-5&_nc_sid=58cdad&efg=eyJ2ZW5jb2RlX3RhZyI6InhwaWRzLjE0NDB4MTgwMC5zZHIuQzMifQ%3D%3D&_nc_ohc=ZhPpW-0W8OMQ7kNvwGtcSFc&_nc_oc=AdkPhCbXIoygg2iUUz8S8wa23z7Z-08AUQ7qmqWkUYnIdmtyayFUmG97jaO2c_AMPqndEDRJdrCa1Drr5Duz66JS&_nc_ad=z-m&_nc_cid=0&_nc_zt=23&_nc_ht=scontent-lhr6-1.cdninstagram.com&_nc_gid=MNgWkeFfK-5pE6xlviWt2g&oh=00_AfgrvSv8UAA4TlTPuPU-1leD8nl3uPTwhJNV_XIG2P5BvQ&oe=693104CD;Cumhuriyetimizin kurucusu Gazi Mustafa Kemal Atatürk’ü, ebediyete irtihalinin yıl dönümünde saygı ve rahmetle anıyorum.  ‘Şahsi meselem’ dediği Hatay’ımızı onun kararlılığına yakışır bir şekilde ayağa kaldırmak için çalışıyoruz, çalışacağız.;
https://www.instagram.com/p/DQzF8CtiLqo/;Reels;4291;141;186195;2025-11-08 17:10:40;https://scontent-lhr8-1.cdninstagram.com/v/t51.82787-15/574481482_17968079309981091_8648007366907631000_n.jpg?stp=dst-jpg_e15_tt6&_nc_cat=108&ig_cache_key=Mzc2MTM3NjIzMDA5NzA3NDg1NjE3OTY4MDc5MzAzOTgxMDkx.3-ccb7-5&ccb=7-5&_nc_sid=58cdad&efg=eyJ2ZW5jb2RlX3RhZyI6InhwaWRzLjcyMHgxMjgwLnNkci5DMyJ9&_nc_ohc=7FtKhy24n68Q7kNvwEEWlGS&_nc_oc=AdkjPtVC9mbyUJv3UWLp1Gun-bOXTmTnJVcavSA2Bf7j8efQb8rHl3WKU-95vQqATBi7_3UrZx2Yx7oKI7wYAAzh&_nc_ad=z-m&_nc_cid=0&_nc_zt=23&_nc_ht=scontent-lhr8-1.cdninstagram.com&_nc_gid=MNgWkeFfK-5pE6xlviWt2g&oh=00_Afghat7ol3rwdUEFfNAhEdiKW7RAXtHRheB_EUUIYfko6g&oe=69312D7A;Kaynaklarımız sınırlı, sorumluluğumuz büyük.  Her isteyeni belediyede işe almak mümkün değil ama kimseyi de yalnız bırakamayız.  İş arayan hemşehrilerimizi HAKİM projemizle işverenlerle buluşturuyor, istihdama katkı sağlıyoruz.;
https://www.instagram.com/p/DQuD3tBCLC2/;Reels;4494;89;151687;2025-11-06 18:16:36;https://scontent-lhr6-2.cdninstagram.com/v/t51.82787-15/573154469_17967773318981091_5207633904341658877_n.jpg?stp=dst-jpg_e15_tt6&_nc_cat=105&ig_cache_key=Mzc1OTk1OTc2MDk0NzQyNTQ2MjE3OTY3NzczMzA5OTgxMDkx.3-ccb7-5&ccb=7-5&_nc_sid=58cdad&efg=eyJ2ZW5jb2RlX3RhZyI6InhwaWRzLjcyMHgxMjgwLnNkci5DMyJ9&_nc_ohc=fJWB00Zw_SYQ7kNvwGAe9Rf&_nc_oc=AdnAFOsAoWv7csEYHEcVrVmZQ-UBYtmvQXTXlScztQvVEdDsNGAknGHvQztcrJTr9OmFq2cdrb9PxqfXidyu7zVf&_nc_ad=z-m&_nc_cid=0&_nc_zt=23&_nc_ht=scontent-lhr6-2.cdninstagram.com&_nc_gid=MNgWkeFfK-5pE6xlviWt2g&oh=00_Afj95YJY3hQ5soFwwV4zQ2MQPQ_7tQ4RyCKB5AxHiBolrQ&oe=69311AF4;Yıkılmış bir şehri yeniden ayağa kaldırmak hiç kolay değildi.  Emekle, sabırla, dualarla büyük bir yol katettik.   Bitmedi, az kaldı… Çok daha güzel günler bizi bekliyor Hatay’ım. ❤️;
https://www.instagram.com/p/DQtxyeECMoH/;Photo;2985;112;0;2025-11-06 15:37:53;https://scontent-lhr6-1.cdninstagram.com/v/t51.82787-15/573115270_17967748217981091_336638047030377648_n.jpg?stp=dst-jpg_e35_tt6&_nc_cat=110&ig_cache_key=Mzc1OTg4MDIzNjQ1NzA1MjY3OQ%3D%3D.3-ccb7-5&ccb=7-5&_nc_sid=58cdad&efg=eyJ2ZW5jb2RlX3RhZyI6InhwaWRzLjEwMjJ4MTI4MS5zZHIuQzMifQ%3D%3D&_nc_ohc=ubia8deom9kQ7kNvwHgzoI0&_nc_oc=Adnec6Tb_P-_LFvr4ysxcgGgxOtnr_CoV2_cEBPhEJCp1WoSl8V-z3_78iOKiQ8xrlUAYp6Hp52IRDQjBDJ6cL0V&_nc_ad=z-m&_nc_cid=0&_nc_zt=23&_nc_ht=scontent-lhr6-1.cdninstagram.com&_nc_gid=MNgWkeFfK-5pE6xlviWt2g&oh=00_Afjo9Xh7ksl8HkD4EOCqm6sPPk4ydMZfHt1hcfVDskXTVA&oe=693117FB;Asrın Felaketi’nin ardından Hatay’ımızı yeniden ayağa kaldırmanın gururunu yaşıyoruz.  500 bin konutluk büyük projenin Hatay etabında 13.289 konutumuz vatandaşımızla buluşacak.  Sn. Cumhurbaşkanımız @rterdogan’a ve tüm Bakanlarımıza destekleri için minnettarız.;
https://www.instagram.com/p/DQrI1RZiDeB/;Reels;3828;93;171064;2025-11-05 15:02:00;https://scontent-lhr8-2.cdninstagram.com/v/t51.82787-15/574084748_17967670151981091_3377236628731025698_n.jpg?stp=dst-jpg_e15_tt6&_nc_cat=101&ig_cache_key=Mzc1OTEzNzE1OTE1NzEzNTIzMzE3OTY3NjcwMTQ1OTgxMDkx.3-ccb7-5&ccb=7-5&_nc_sid=58cdad&efg=eyJ2ZW5jb2RlX3RhZyI6InhwaWRzLjcyMHgxMjgwLnNkci5DMyJ9&_nc_ohc=2iVm1UGxUYIQ7kNvwHp6WsS&_nc_oc=AdntxWc8oetC4Mnku__tou0llGHMi8tYDcKxU4-NxsRW5VQEbyOLgJTjq6jT0cyFPXuhuz1FQvQGXpOhR6ERFRsK&_nc_ad=z-m&_nc_cid=0&_nc_zt=23&_nc_ht=scontent-lhr8-2.cdninstagram.com&_nc_gid=MNgWkeFfK-5pE6xlviWt2g&oh=00_Afgun5dyOr-x7YPh0fDawV82LwDYdJXYzIRTi7p53B3Slg&oe=69311371;Su, kanalizasyon, yol… Tüm sorunları adım adım çözüyoruz.  Her ilçede Büyükşehir’in makineleri durmaksızın çalışıyor.  Hatay’ımızı artık hak ettiği gibi büyükşehir havasına kavuşturuyoruz.;
https://www.instagram.com/p/DQpI_zHiN_I/;Reels;7327;236;228467;2025-11-04 20:25:06;https://scontent-den2-1.cdninstagram.com/v/t51.82787-15/571218199_17967620918981091_3800602879872241266_n.jpg?stp=dst-jpg_e15_tt6&_nc_cat=107&ig_cache_key=Mzc1ODU3NDkzMjYwMzc1NjQ4ODE3OTY3NjIwOTE1OTgxMDkx.3-ccb7-5&ccb=7-5&_nc_sid=58cdad&efg=eyJ2ZW5jb2RlX3RhZyI6InhwaWRzLjcyMHgxMjgwLnNkci5DMiJ9&_nc_ohc=nYfSwoB--bAQ7kNvwFlQNdZ&_nc_oc=Admyc4iPU10aoQOZmvRPH0jDADVYl43Y9hhOa8vHVop5wjGuumu1Gilzw5MBVP17KLGeL5vlMmliNz67-MU6dJa_&_nc_ad=z-m&_nc_cid=0&_nc_zt=23&_nc_ht=scontent-den2-1.cdninstagram.com&_nc_gid=IXvoWJYeezpwE_brV2MWxw&oh=00_AfhUZVdqguk_omHfaQKwu_tt4J9fTYd2RmRyYjg1BeB3VA&oe=6931127F;Hatay’da afetin boyutu çok büyüktü, ancak biz de yılmadan çalıştık ve %85’i yıkılmış olan şehrimizi yeniden ayağa kaldırdık.  Başta Sn. Cumhurbaşkanımız @rterdogan olmak üzere, tüm Bakanlarımıza destekleri için minnettarım.;
https://www.instagram.com/p/DQpAHVRiPHv/;Reels;7633;198;330209;2025-11-04 19:07:09;https://scontent-den2-1.cdninstagram.com/v/t51.82787-15/572153706_17967620891981091_6670809169109479360_n.jpg?stp=dst-jpg_e15_tt6&_nc_cat=111&ig_cache_key=Mzc1ODUzNTg2Nzg5NjQ5MjUyNzE3OTY3NjIwODg1OTgxMDkx.3-ccb7-5&ccb=7-5&_nc_sid=58cdad&efg=eyJ2ZW5jb2RlX3RhZyI6InhwaWRzLjcyMHgxMjgwLnNkci5DMyJ9&_nc_ohc=HbGTlFNe5CwQ7kNvwEPtq6Q&_nc_oc=AdkYgW2tM2MdIUTMe4VMx7jNfcovnhwCBlvyTOzR6rrqUWdLsk0u_kCFsrte_0Xy3IIjdNsjQH35YqbqeEeQ6fUX&_nc_ad=z-m&_nc_cid=0&_nc_zt=23&_nc_ht=scontent-den2-1.cdninstagram.com&_nc_gid=IXvoWJYeezpwE_brV2MWxw&oh=00_AfhgGo4srGhhbpSiOtjDz5bTBrK2mHQg6q4rCIDLSCHzUw&oe=693106F2;Hatay’ımızın ulaşımına nefes aldıracak raylı sistemin müjdesini veriyoruz.  Şimdiden tüm hemşehrilerime hayırlı olsun.;
https://www.instagram.com/p/DQoiN8PCB4E/;Carousel;1728;19;0;2025-11-04 14:45:37;https://scontent-den2-1.cdninstagram.com/v/t51.82787-15/574076078_17967535448981091_5217529359702233108_n.jpg?stp=dst-jpg_e35_tt6&_nc_cat=109&ig_cache_key=Mzc1ODQwNDM2NDkxNDkzNDI4Mg%3D%3D.3-ccb7-5&ccb=7-5&_nc_sid=58cdad&efg=eyJ2ZW5jb2RlX3RhZyI6InhwaWRzLjg1M3g1Njguc2RyLkMzIn0%3D&_nc_ohc=HM4v3gqXs1IQ7kNvwEWtNlB&_nc_oc=AdntW6JRpHk1Yq3Tc6BH4YpLUgnYvRqfFYZ_8euB5c8lB2VAI_SMhTnW4uAP4uJagbHUJ0ffhSyzFYv0EvSaX3YY&_nc_ad=z-m&_nc_cid=0&_nc_zt=23&_nc_ht=scontent-den2-1.cdninstagram.com&_nc_gid=IXvoWJYeezpwE_brV2MWxw&oh=00_Afip7ctW2M-83PoLpqBYyrit8C-yPjYcuUzJboPu2i40_g&oe=69311478;Onlar, şehrimizin ayağa kalkış yolculuğunda hep bizimleydi…  Çevre Şehircilik ve İklim Değişikliği Bakanımız Sn. @muratkurum’un başkanlığında yerli ve yabancı basın temsilcileriyle buluştuk.  Hatay’ımızın yarınlarını inşa ederken, gerçeği en güçlü şekilde aktarmayı sürdüreceğiz.;
https://www.instagram.com/p/DQjQt-KiJja/;Reels;9645;170;427812;2025-11-02 13:36:57;https://scontent-den2-1.cdninstagram.com/v/t51.82787-15/573720938_17967342755981091_4745079869996327741_n.jpg?stp=dst-jpg_e15_tt6&_nc_cat=108&ig_cache_key=Mzc1NjkyMDA0MjAyNjQ3MzY5MDE3OTY3MzQyNzQ5OTgxMDkx.3-ccb7-5&ccb=7-5&_nc_sid=58cdad&efg=eyJ2ZW5jb2RlX3RhZyI6InhwaWRzLjcyMHgxMjgwLnNkci5DMyJ9&_nc_ohc=cK8vyIv0sj8Q7kNvwGUlt7E&_nc_oc=AdniXbnc7gJDJJMMIreKLgGGKyuT8vDnoN4XmTKoyJuvlg5m4C2QYKhoyXGpLQ-DgqJNzxK-vtUKQrScYt-7lLW0&_nc_ad=z-m&_nc_cid=0&_nc_zt=23&_nc_ht=scontent-den2-1.cdninstagram.com&_nc_gid=IXvoWJYeezpwE_brV2MWxw&oh=00_AfiLIzDzo1OyU9Mzx2bocOiXSuN-vGIjIzR3a8ypXQ9zmg&oe=693110CC;Her yemeği iyi yaparım ama zahter salatası bir başka. ☺️;
https://www.instagram.com/p/DQhG5HOCCHO/;Reels;3427;132;107142;2025-11-01 17:32:53;https://scontent-den2-1.cdninstagram.com/v/t51.82787-15/570714977_17967335075981091_2239860071990399249_n.jpg?stp=dst-jpg_e15_tt6&_nc_cat=102&ig_cache_key=Mzc1NjMxMzg3NzI0NDU1MTYzMDE3OTY3MzM1MDY5OTgxMDkx.3-ccb7-5&ccb=7-5&_nc_sid=58cdad&efg=eyJ2ZW5jb2RlX3RhZyI6InhwaWRzLjcyMHgxMjgwLnNkci5DMyJ9&_nc_ohc=1Q5ZU9yuPQ8Q7kNvwE9xyHw&_nc_oc=AdnwcdBr0OzUBfmyuA4f1ivK1_ht6lmZc7G5_nbI2X8rGGNPjlgVj5uXl2TsRAILsKyagc05IKhRxJBdFDO64Kp6&_nc_ad=z-m&_nc_cid=0&_nc_zt=23&_nc_ht=scontent-den2-1.cdninstagram.com&_nc_gid=IXvoWJYeezpwE_brV2MWxw&oh=00_Afi8XnJysUTM48KNhG-C5N4gqixD_S5d3votZeqOpfeCpg&oe=6931244A;"Hatay Tanıtım Günleri’nin açılışında İstanbul’daki Hataylı kardeşlerimizle buluştuk.  Tüm hemşehrilerime sesleniyorum; Hatay sizi bekliyor.  Gelin, çocuklarınızla yeniden o sokaklarda yürüyün. Bu şehir sizin emeğinizle yeniden yükselecek.🤍";
