﻿PostLink;PostTürü;BeğeniSayısı;YorumSayısı;Görüntülenme Sayısı;Tarih;DisplayPhoto;Caption;Takipçi
https://www.instagram.com/p/DRpWdjRjAht/;Photo;895;9;0;2025-11-29 18:53:32;https://scontent.cdninstagram.com/v/t51.82787-15/588657892_18542494777008793_3063855508358335691_n.jpg?stp=dst-jpg_e35_tt6&_nc_cat=101&ig_cache_key=Mzc3NjY0ODU1MDI5MDI5NDg5Mw%3D%3D.3-ccb7-5&ccb=7-5&_nc_sid=58cdad&efg=eyJ2ZW5jb2RlX3RhZyI6InhwaWRzLjE0NDB4OTU5LnNkci5DMyJ9&_nc_ohc=YOLuhX21LlcQ7kNvwH0_uSv&_nc_oc=AdkrRkGb8qx0rFa7tzX8Eoq8pnRSv_3eGFxkDGgTiynpOgWs0m59k6UE6z4lwKJS81M&_nc_ad=z-m&_nc_cid=1001&_nc_zt=23&_nc_ht=scontent.cdninstagram.com&_nc_gid=ERi71QZmvjJhxfm5fjaasg&oh=00_Afg1rYam8Gg_O48waNuzHbU_FVM8eVoebGWqf301DX26-A&oe=6931205D;İktidar yürüyüşümüzün bu kritik eşiğinde, muhalefetteki son kurultayımızda partimizin tarihindeki en yüksek oyla yeniden Genel Başkanlığa seçilen Sayın Özgür Özel’i yürekten tebrik ediyor, her daim yanında olacağımız onurlu mücadelesinde kendisine üstün başarılar diliyorum.  @chp  @eczozgurozel;235637
https://www.instagram.com/p/DRo4hv2DNrS/;Carousel;1159;5;0;2025-11-29 14:31:58;https://scontent.cdninstagram.com/v/t51.82787-15/588169177_18542460244008793_6001022653710455233_n.jpg?stp=dst-jpg_e35_tt6&_nc_cat=111&ig_cache_key=Mzc3NjUxNjg4NTc5NDUyMzU2OQ%3D%3D.3-ccb7-5&ccb=7-5&_nc_sid=58cdad&efg=eyJ2ZW5jb2RlX3RhZyI6InhwaWRzLjE0NDB4OTU5LnNkci5DMyJ9&_nc_ohc=1lM6aI8qaQ0Q7kNvwET1VQC&_nc_oc=AdkZVj7zoGZWrcOlFcs7AlpVGadu8ZTG7b7Zc5GuZZ6W_o4wgbKYYSFJSbpmEToB3_k&_nc_ad=z-m&_nc_cid=1001&_nc_zt=23&_nc_ht=scontent.cdninstagram.com&_nc_gid=ERi71QZmvjJhxfm5fjaasg&oh=00_AfiAggxGBiJlqbNcvxB44VOSmfP5U1l7uoRJwWCvPpjTSw&oe=6930F701;"Cumhuriyet Halk Partimizin 39. Olağan Kurultayı’nın ikinci günündeyiz.  Genel Başkanımız Sayın Özgür Özel liderliğinde; cesaretimizi tarihimizden, gücümüzü dayanışmadan, umudumuzu ise bu ülkenin aydınlık yarınlarına inanan milyonlardan alıyoruz.  Türkiye’nin değiştiren ve dönüştüren büyük hikâyesini hep birlikte yazacak, bu yolculuğun sonunda iktidar olacağız.  #ŞimdiİktidarZamanı  @chp  @eczozgurozel";
https://www.instagram.com/p/DRmVXBgDMkH/;Carousel;968;9;0;2025-11-28 14:46:11;https://scontent.cdninstagram.com/v/t51.82787-15/590822096_18542312452008793_5540183423317209357_n.jpg?stp=dst-jpg_e35_tt6&_nc_cat=110&ig_cache_key=Mzc3NTc5OTI2NDc5MDk4OTIzMQ%3D%3D.3-ccb7-5&ccb=7-5&_nc_sid=58cdad&efg=eyJ2ZW5jb2RlX3RhZyI6InhwaWRzLjEzNjR4OTA4LnNkci5DMyJ9&_nc_ohc=pBK-Di5fshoQ7kNvwESKCjp&_nc_oc=AdmLAhJGRbNUxj3FGoetT_SOl6_Slnm0mS4Gl6PqrXMqSSv_TsU6Bl0mOJTIYACByio&_nc_ad=z-m&_nc_cid=1001&_nc_zt=23&_nc_ht=scontent.cdninstagram.com&_nc_gid=ERi71QZmvjJhxfm5fjaasg&oh=00_AfinlIoet6D_z_pw77zz65AgRIcYrHpeNNqeFthGGRGpgw&oe=69310783;Cumhuriyet Halk Partimizin 39’uncu Olağan Kurultay’ını Genel Başkanımız Sayın Özgür Özel liderliğinde gerçekleştiriyoruz.  Daha adil, daha demokratik ve daha aydınlık bir Türkiye için çalışmaya devam ediyoruz.  #ŞimdiİktidarZamanı  @chp  @eczozgurozel;
https://www.instagram.com/p/DRiA0zpDJv8/;Reels;2096;32;46063;2025-11-26 22:30:37;https://scontent.cdninstagram.com/v/t51.82787-15/588246445_18542080000008793_5103736548177703113_n.jpg?stp=dst-jpg_e15_tt6&_nc_cat=110&ig_cache_key=Mzc3NDU4MzA2NjU1MjIxMjQ3NjE4NTQyMDc5OTk0MDA4Nzkz.3-ccb7-5&ccb=7-5&_nc_sid=58cdad&efg=eyJ2ZW5jb2RlX3RhZyI6InhwaWRzLjcyMHgxMjgwLnNkci5DMyJ9&_nc_ohc=wR8DXRA7LDYQ7kNvwEV_mWU&_nc_oc=AdkNxgpZgrFq8CaRXkd2lfQh83eLh4BlJqRQGccqDCsg-hOcfqXUJTcOlR7RikKYnZU&_nc_ad=z-m&_nc_cid=1001&_nc_zt=23&_nc_ht=scontent.cdninstagram.com&_nc_gid=ERi71QZmvjJhxfm5fjaasg&oh=00_AfhQIuD7ldtCPzMDyjB_meB9i2xieE8YusbDuN0UhLz0Mw&oe=693124EA;Yeniden Yeşeren Her Filiz Umudu Çoğaltıyor!🎹🌱  Sanat Akademisi Piyano ve Çok Sesli Çocuk Korosu öğrencilerimiz ile Bursa Elena Çekiç Müzik Akademisi öğrencilerinin Şeyh Edebali Kültür ve Kongre Merkezi’nde gerçekleştirdiği Genç Piyanistler ‘Türkiye İçin Umut Konseri ile doğaya saygımızı genç sanatçılarımız aracılığıyla sunduk.;
https://www.instagram.com/p/DRff1qijMKP/;Carousel;1823;6;0;2025-11-25 23:03:04;https://scontent.cdninstagram.com/v/t51.82787-15/588602286_18541928839008793_5531523063569779464_n.jpg?stp=dst-jpg_e35_tt6&_nc_cat=107&ig_cache_key=Mzc3Mzg3NTAyNjM3OTE2NTA2Ng%3D%3D.3-ccb7-5&ccb=7-5&_nc_sid=58cdad&efg=eyJ2ZW5jb2RlX3RhZyI6InhwaWRzLjEwNjV4NzEwLnNkci5DMyJ9&_nc_ohc=h_5ZSEBuEmgQ7kNvwFXu0X6&_nc_oc=AdlTUdLaA0gfaRv8tpUex8MP7_sag6jQ1_H3JKstYUnNC2rD62_htGnt3aB6fnS2nxE&_nc_ad=z-m&_nc_cid=1001&_nc_zt=23&_nc_ht=scontent.cdninstagram.com&_nc_gid=ERi71QZmvjJhxfm5fjaasg&oh=00_Afgy0xMh942HSMwCVgcjXkhg0YJBxi70B5p6lW0vuDOXKQ&oe=6930FA51;"Emekli öğretmenlerimizle bir arada olmanın gururunu ve mutluluğunu yaşadık. Onlara duyduğumuz saygı ve sevgi, hiçbir sözle ölçülemeyecek kadar büyük. İyi ki hayatımıza dokundular; iyi ki yolumuzu bilgiyle, emekle ve yürekleriyle aydınlattılar.🌼";
https://www.instagram.com/p/DReKVfajOqn/;Reels;1229;14;59559;2025-11-25 10:37:04;https://scontent.cdninstagram.com/v/t51.71878-15/584400987_2036931113751659_5367144845734905641_n.jpg?stp=dst-jpg_e15_tt6&_nc_cat=104&ig_cache_key=Mzc3MzQ5ODk5NTA4ODYxNjEwMw%3D%3D.3-ccb7-5&ccb=7-5&_nc_sid=58cdad&efg=eyJ2ZW5jb2RlX3RhZyI6InhwaWRzLjY0MHgxMTM2LnNkci5DMiJ9&_nc_ohc=P7sN0xQAVUEQ7kNvwEcQhTG&_nc_oc=AdnABPiMEOx4Zvi8G0rPBpFbb0baQBKG1PZ_76pH_adxjTMACqr9t269igLWxEaUR-4&_nc_ad=z-m&_nc_cid=1001&_nc_zt=23&_nc_ht=scontent.cdninstagram.com&_nc_gid=ERi71QZmvjJhxfm5fjaasg&oh=00_AfiF8KYKbh2__TMscq3zQ2O6-WLvM3t9k81rxQPVrmLMHw&oe=6930F5BC;Kadına Yönelik Şiddeti Asla Kabul Etmiyoruz, Etmeyeceğiz!;
https://www.instagram.com/p/DRcl0szDL7L/;Carousel;2133;8;0;2025-11-24 19:57:38;https://scontent.cdninstagram.com/v/t51.82787-15/587019672_18541750759008793_3182703104726085453_n.jpg?stp=dst-jpg_e35_tt6&_nc_cat=110&ig_cache_key=Mzc3MzA1NjkzMDYzMDM3NDY0OQ%3D%3D.3-ccb7-5&ccb=7-5&_nc_sid=58cdad&efg=eyJ2ZW5jb2RlX3RhZyI6InhwaWRzLjE0NDB4OTU5LnNkci5DMyJ9&_nc_ohc=kstRSK7L6_MQ7kNvwFFNPWt&_nc_oc=AdlRM2tnqT0tm5bpqVHTWYgnrr57O8F0P6vnwq1NaS0OCScF7LIThCAZ8bCSptXtpnY&_nc_ad=z-m&_nc_cid=1001&_nc_zt=23&_nc_ht=scontent.cdninstagram.com&_nc_gid=ERi71QZmvjJhxfm5fjaasg&oh=00_AfiFs8w8nAC1xyyV2Lx0f39gu8V66OvClX5xcSwA_1wAlA&oe=6930FEF9;Bilecik Belediyesi Çocuk Sosyal Tesislerimizde ve belediyemiz bünyesinde hizmet veren öğretmenlerimizle bir araya gelerek 24 Kasım Öğretmenler Günü’nü kutladık.🌼  Başöğretmen Mustafa Kemal Atatürk başta olmak üzere tüm öğretmenlerimizin Öğretmenler Günü’nü kutluyor, emekleri ve özverileri için öğretmenlerimize teşekkürlerimi sunuyorum.;
https://www.instagram.com/p/DRbqUQKDK95/;Carousel;4455;21;0;2025-11-24 11:17:39;https://scontent.cdninstagram.com/v/t51.82787-15/587119002_18541686181008793_599585609998692901_n.jpg?stp=dst-jpg_e35_tt6&_nc_cat=102&ig_cache_key=Mzc3Mjc5NTIxNjE2MDY3OTQzMA%3D%3D.3-ccb7-5&ccb=7-5&_nc_sid=58cdad&efg=eyJ2ZW5jb2RlX3RhZyI6InhwaWRzLjE0NDB4MTkyMC5zZHIuQzMifQ%3D%3D&_nc_ohc=WKLI1nZoEx0Q7kNvwEVwxGd&_nc_oc=AdmaLyuWUuJ507TX985rOkiZtaR18ytZAbgGFuDGaH_qiO6uUPCU-dGxO1tEF9A0FcM&_nc_ad=z-m&_nc_cid=1001&_nc_zt=23&_nc_ht=scontent.cdninstagram.com&_nc_gid=ERi71QZmvjJhxfm5fjaasg&oh=00_AfjO-2NW86BWngleEF0OblLPSdKIeGJTutyox7ODd8yNBw&oe=693100E2;24 Kasım Öğretmenler Günü’nde Cumhuriyet Meydanı’nda düzenlenen Çelenk Sunma Törenine il protokolü ile birlikte katılarak Başöğretmen Gazi Mustafa Kemal Atatürk’e minnet ve saygımızı sunduk.  Ülkemizin aydınlık yarınlarını inşa eden ve üzerimizde emekleri büyük olan tüm öğretmenlerimizin 24 Kasım Öğretmenler Günü’nü kutluyor,  fedakâr öğretmenlerimize gönülden teşekkür ediyoruz.;
https://www.instagram.com/p/DRbasi9jCoX/;Photo;734;0;0;2025-11-24 09:01:10;https://scontent.cdninstagram.com/v/t51.82787-15/587118993_18541673896008793_8121914574142134325_n.jpg?stp=dst-jpg_e35_tt6&_nc_cat=102&ig_cache_key=Mzc3MjcyNjUyMzI1OTAwNTQ2Mw%3D%3D.3-ccb7-5&ccb=7-5&_nc_sid=58cdad&efg=eyJ2ZW5jb2RlX3RhZyI6InhwaWRzLjE0NDB4MTgwMC5zZHIuQzMifQ%3D%3D&_nc_ohc=VoQB3iXXZ0gQ7kNvwHlrE0W&_nc_oc=AdmtsGR0I3BEfNCia6l_JI_qrRZPVI81hIzxpBll1q_4eTHz-ftKC6Ylh8NU_PDMVUk&_nc_ad=z-m&_nc_cid=1001&_nc_zt=23&_nc_ht=scontent.cdninstagram.com&_nc_gid=ERi71QZmvjJhxfm5fjaasg&oh=00_Afj3gbnOALViReUUQ13O0FQXbB6kUbIu3fNBP3-euYsZ4Q&oe=6931267B;Başöğretmen Gazi Mustafa Kemal Atatürk başta olmak üzere ülkemizin yarınlarını inşa eden tüm öğretmenlerimizin 24 Kasım Öğretmenler Günü’nü kutluyor, ebediyete intikal etmiş kıymetli öğretmenlerimizi saygı, minnet ve rahmetle anıyorum.;
https://www.instagram.com/p/DRWukSqDCBs/;Reels;34475;856;654813;2025-11-22 13:20:17;https://scontent.cdninstagram.com/v/t51.71878-15/584392892_811861885082412_5728583007611255034_n.jpg?stp=dst-jpg_e15_tt6&_nc_cat=108&ig_cache_key=Mzc3MTQwNjU0MjA0MjgzMzAwNA%3D%3D.3-ccb7-5&ccb=7-5&_nc_sid=58cdad&efg=eyJ2ZW5jb2RlX3RhZyI6InhwaWRzLjY0MHgxMTM2LnNkci5DMyJ9&_nc_ohc=9HiEZZSnzG4Q7kNvwHmaSZ0&_nc_oc=AdlUITZvX6QuHSMQMntnCiztkzzu6YmChnv6k49QtF4ae0EQ_J8Z46ZBzWWI1F35fco&_nc_ad=z-m&_nc_cid=1001&_nc_zt=23&_nc_ht=scontent.cdninstagram.com&_nc_gid=ERi71QZmvjJhxfm5fjaasg&oh=00_Afj19NR--VXMu6wady-EkAAHT2LvDrTB57R_4f_MCuRDjw&oe=69312C8E;+1 Mutluluk Kafemizde emek veren çalışma arkadaşlarımız bizlere güzel bir buluşma yaşattı.🌼🤍  Gülümsemeleriyle günümüze ışık katan tüm arkadaşlarıma yürekten teşekkür ediyorum.;
https://www.instagram.com/p/DRU3dZgDKWC/;Carousel;1725;9;0;2025-11-21 19:57:49;https://scontent.cdninstagram.com/v/t51.82787-15/584545988_18541265284008793_8337805505298686257_n.jpg?stp=dst-jpg_e35_tt6&_nc_cat=105&ig_cache_key=Mzc3MDg4MjY5MjQ5MDIyNzk1MQ%3D%3D.3-ccb7-5&ccb=7-5&_nc_sid=58cdad&efg=eyJ2ZW5jb2RlX3RhZyI6InhwaWRzLjE0NDB4OTU5LnNkci5DMyJ9&_nc_ohc=aK7RoR15PeUQ7kNvwFqgLFF&_nc_oc=AdlZKmZrtuDBqkem8aJDHBWsxcVuRzaLltjHk_sKWP1JEW-0VefcWMFr5OQuV6jvG0Q&_nc_ad=z-m&_nc_cid=1001&_nc_zt=23&_nc_ht=scontent.cdninstagram.com&_nc_gid=ERi71QZmvjJhxfm5fjaasg&oh=00_Afgp9dpzpmtNcIRHaqqaBrnpWsUS0YjcsP3jDoaCgWndTQ&oe=6930FB96;Geleneksel hale gelen ve her yılbaşında Sanat Sokağımızda düzenlediğimiz Yılbaşı Çarşısı için hazırlıklarımız başladı.  El emeği ürünlerin, ışıl ışıl bir atmosferin ve yeni yıla dair umutlarımızın bir araya geleceği Sanat Sokağı Yılbaşı Çarşısı’nda buluşmak dileğiyle.🎉✨  @sanatsokagibilecik;
https://www.instagram.com/p/DRUsPA_DKOY/;Carousel;1007;5;0;2025-11-21 18:19:44;https://scontent.cdninstagram.com/v/t51.82787-15/587034632_18541251340008793_7129349471125109554_n.jpg?stp=dst-jpg_e35_tt6&_nc_cat=103&ig_cache_key=Mzc3MDgzMzMyODM2NzQ2OTEwMw%3D%3D.3-ccb7-5&ccb=7-5&_nc_sid=58cdad&efg=eyJ2ZW5jb2RlX3RhZyI6InhwaWRzLjE0NDB4OTYwLnNkci5DMyJ9&_nc_ohc=9c2qmeXq-K0Q7kNvwGPqnOQ&_nc_oc=AdkosylIiFwqqBlDHFjFz932WMJ92iiX3VdoXMzaN29uyzPvAnXFDxEBnBfR0vnAnvg&_nc_ad=z-m&_nc_cid=1001&_nc_zt=23&_nc_ht=scontent.cdninstagram.com&_nc_gid=ERi71QZmvjJhxfm5fjaasg&oh=00_AfhRyE80_gGUXvjH_yI5W1Nesh4LrlJY07K1wR_bemFhRA&oe=69310A11;Karasu İçme ve Kullanma Suyu İşletme Birliği Olağan Meclis Toplantımızı ilçe belediye başkanlarımızın katılımlarıyla Vadipark Sosyal Tesilerimizde gerçekleştirdik.  İş birliği, dayanışma ve ortak akılla hareket ederek bölgemizin su yönetimini daha güçlü bir yapıya kavuşturmak adına gerçekleştirdiğimiz ve tüm kararların oy birliğiyle kabul edildiği toplantımızın şehrimiz ve bölgemiz için hayırlı olmasını diliyorum.;
https://www.instagram.com/p/DRSNmNmjDzq/;Carousel;3050;17;0;2025-11-20 19:13:32;https://scontent.cdninstagram.com/v/t51.82787-15/584113426_18541104538008793_7545204366885648788_n.jpg?stp=dst-jpg_e35_tt6&_nc_cat=100&ig_cache_key=Mzc3MDEzNTYzMDA1NjMwNDYxMA%3D%3D.3-ccb7-5&ccb=7-5&_nc_sid=58cdad&efg=eyJ2ZW5jb2RlX3RhZyI6InhwaWRzLjE0NDB4OTU5LnNkci5DMyJ9&_nc_ohc=O3oUJ8FcKJoQ7kNvwG6qqFZ&_nc_oc=AdnpjfdNsbxwHx50OvM7ShSxbe4jT8kRPyKbpG97ojmFPQglsz1Qb2Jlm5aIrhqwTMA&_nc_ad=z-m&_nc_cid=1404&_nc_zt=23&_nc_ht=scontent.cdninstagram.com&_nc_gid=TcU6t0y4ONyWbPZ6dPwOWQ&oh=00_AfjHl0FfG3Gr4f2VfQhCKHfXggv9AXY-IjrmaMhtWmWbiw&oe=6931000B;"Karayolları Genel Müdürlüğü tarafından Hamsu Köprüsü’nde sürdürülen çalışmalar ile belediyemizce eş zamanlı olarak bölgede sürdürülen çevre düzenlemelerini yerinde inceledik. Ardından bölge esnafımızı ziyaret edip sohbet ettik; taleplerini, önerilerini ve ihtiyaçlarını dinledik.";
https://www.instagram.com/p/DRR9YEEDAdo/;Carousel;1463;13;0;2025-11-20 16:51:48;https://scontent.cdninstagram.com/v/t51.82787-15/584151724_18541085815008793_8896670777163255598_n.jpg?stp=dst-jpg_e35_tt6&_nc_cat=100&ig_cache_key=Mzc3MDA2NDI4NDkwMzMxMDM3Mg%3D%3D.3-ccb7-5&ccb=7-5&_nc_sid=58cdad&efg=eyJ2ZW5jb2RlX3RhZyI6InhwaWRzLjE0NDB4OTU5LnNkci5DMyJ9&_nc_ohc=7pWoZFkzwFEQ7kNvwEJd5u0&_nc_oc=AdkblC-Y3g-Ax0avof5mQn-tXRZvHHDZ7jYb1yqN2d_LXfRpU7yzSxivURuQLRb3VLM&_nc_ad=z-m&_nc_cid=1404&_nc_zt=23&_nc_ht=scontent.cdninstagram.com&_nc_gid=TcU6t0y4ONyWbPZ6dPwOWQ&oh=00_AfjU8Cd67ROisS2OYk2M6_XKw6-wDh4VSWd0jKT5CeiOpg&oe=69310325;Şehit hemşehrimiz Hv. Uçk. Bkm. Astsubay Üstçavuş İlhan ONGAN için okutulan Mevlide katıldık.  Şehit hemşehrimiz İlhan ONGAN ile birlikte tüm şehitlerimize bir kez daha Allah’tan rahmet, ailelerine, yakınlarına ve milletimize başsağlığı diliyorum.🇹🇷;
https://www.instagram.com/p/DRNR7mdjCoI/;Carousel;1069;2;0;2025-11-18 21:15:12;https://scontent.cdninstagram.com/v/t51.82787-15/580996180_18540827005008793_3763694952899704093_n.jpg?stp=dst-jpg_e35_tt6&_nc_cat=100&ig_cache_key=Mzc2ODc0NzMxNDczNjA2OTc4Mg%3D%3D.3-ccb7-5&ccb=7-5&_nc_sid=58cdad&efg=eyJ2ZW5jb2RlX3RhZyI6InhwaWRzLjg1M3g1Njguc2RyLkMzIn0%3D&_nc_ohc=ktdaXVoNuAUQ7kNvwH6D5v0&_nc_oc=AdlrnTn5_mFolc_tkV8v5VPr8b4pwUzYwm0A-6d0psvLrBmaBmL52uKBteBgtF4A_0g&_nc_ad=z-m&_nc_cid=1404&_nc_zt=23&_nc_ht=scontent.cdninstagram.com&_nc_gid=TcU6t0y4ONyWbPZ6dPwOWQ&oh=00_AfjOl3W_1kaB9--HKE6CCDsgCPP2UL386CNBhIDCOhhAkA&oe=69311D0A;Genel Başkanımız Sayın Özgür Özel başkanlığında İl Belediye Başkanları Toplantımızı gerçekleştirdik. Ardından Grup Başkanvekillerimiz olan İstanbul Milletvekilimiz Gökhan Günaydın ve Mersin Milletvekilimiz Ali Mahir Başarır’ı ziyaret ettik.   Vatandaşlarımızın önceliklerini ele aldığımız, ortak aklı ve dayanışmayı güçlendiren toplantımızın şehirlerimiz için hayırlı olmasını diliyorum.  @eczozgurozel  @gokhangunaydin06  @alimahirbasarir;
https://www.instagram.com/p/DRMsS20jGRm/;Carousel;1476;7;0;2025-11-18 15:46:20;https://scontent.cdninstagram.com/v/t51.82787-15/581861703_18540788185008793_5017052761276066944_n.jpg?stp=dst-jpg_e35_tt6&_nc_cat=108&ig_cache_key=Mzc2ODU4MTc4NDczMzUzMzA0Mg%3D%3D.3-ccb7-5&ccb=7-5&_nc_sid=58cdad&efg=eyJ2ZW5jb2RlX3RhZyI6InhwaWRzLjE0NDB4OTU5LnNkci5DMyJ9&_nc_ohc=z_ZbFLmrAEwQ7kNvwHcqH9Z&_nc_oc=AdkzFyxdpW91SsO8_PDu69lY-JPBWEicK93MbuyUPKL3x8UCcomKMrD5fTQiwaB2G-k&_nc_ad=z-m&_nc_cid=1404&_nc_zt=23&_nc_ht=scontent.cdninstagram.com&_nc_gid=TcU6t0y4ONyWbPZ6dPwOWQ&oh=00_AfigTHcfrEh8PQUQci_kAL56iVtuEVR9U1TCgzYMg2iM2w&oe=6930FA28;Genel Başkanımız Sayın Özgür Özel liderliğinde toplanan Cumhuriyet Halk Partisi TBMM Grup Toplantısı’na katıldık.  Ülkemizin ve halkımızın sorunlarını gündeme taşımaya, bu sorunlara kalıcı çözümler üretmek için mücadele etmeye devam edeceğiz.  @chp  @eczozgurozel;
https://www.instagram.com/p/DRJvmylDBHp/;Reels;640;24;42766;2025-11-17 12:20:18;https://scontent.cdninstagram.com/v/t51.71878-15/583212882_2343628742743455_3555289990778944434_n.jpg?stp=dst-jpg_e15_tt6&_nc_cat=111&ig_cache_key=Mzc2Nzc1MTkzNzEwNjkwNzYyNQ%3D%3D.3-ccb7-5&ccb=7-5&_nc_sid=58cdad&efg=eyJ2ZW5jb2RlX3RhZyI6InhwaWRzLjY0MHgxMTM2LnNkci5DMyJ9&_nc_ohc=-O7agZSVgTYQ7kNvwGy-sVn&_nc_oc=AdmaY0dmvZ3LL-eQBrUt03mJ68C_p44OIIO6QLOIuDjPea29_-u4siXLhD8mbwWMZLI&_nc_ad=z-m&_nc_cid=1404&_nc_zt=23&_nc_ht=scontent.cdninstagram.com&_nc_gid=TcU6t0y4ONyWbPZ6dPwOWQ&oh=00_Afh8gsQEUu5YJ_Di-PvDvDS17tHs0lvtXezjsHflpnRqSg&oe=69311FDC;Yenidoğan Bebek Çantası ile Annelerin ve Bebeklerin Yanındayız!🛍️🌼;
https://www.instagram.com/p/DRHuL19DPBq/;Photo;333;9;0;2025-11-16 17:26:39;https://scontent.cdninstagram.com/v/t51.82787-15/582243984_18540506248008793_8559007552828676276_n.jpg?stp=dst-jpg_e35_tt6&_nc_cat=100&ig_cache_key=Mzc2NzE4MjczNzMwNTAzODk1NA%3D%3D.3-ccb7-5&ccb=7-5&_nc_sid=58cdad&efg=eyJ2ZW5jb2RlX3RhZyI6InhwaWRzLjE0NDB4MTgwMC5zZHIuQzMifQ%3D%3D&_nc_ohc=A5XFaxZldlYQ7kNvwFsg_lU&_nc_oc=AdlkLEu-JDBWfzmMmqnrCtUi_gejVgwUmrr9eSQBzcY3lBTqiFKl-Vk8lcHenTW16e0&_nc_ad=z-m&_nc_cid=1404&_nc_zt=23&_nc_ht=scontent.cdninstagram.com&_nc_gid=TcU6t0y4ONyWbPZ6dPwOWQ&oh=00_AfgJzGFPbcdPSsLgNieZnuc2MOeaKpUsGl5PUqIoN2AQWg&oe=69310D13;"Sevgili Öğrenciler; Eğitim hayatınızın her anında sizlerin yanında olmaya devam ediyoruz.📚  Bi’genç Üniversiteli Projesi ile 25 Yaş Altı Üniversite Öğrencilerine 4000 TL+4000 TL Toplam 8.000 TL Eğitim Desteği Veriyoruz!  Başvuru Tarihleri: 🗓️17-28 Kasım 2025  Başvuru ve detaylar için:  bigencuniversiteli.bilecik.bel.tr";
https://www.instagram.com/p/DRCng3qDOlu/;Carousel;4710;43;0;2025-11-14 17:52:09;https://scontent.cdninstagram.com/v/t51.82787-15/581529675_18540201322008793_3822345504724239377_n.jpg?stp=dst-jpg_e35_tt6&_nc_cat=110&ig_cache_key=Mzc2NTc0NjAwOTAyOTQ4NTE4Mg%3D%3D.3-ccb7-5&ccb=7-5&_nc_sid=58cdad&efg=eyJ2ZW5jb2RlX3RhZyI6InhwaWRzLjE0NDB4OTU5LnNkci5DMyJ9&_nc_ohc=k26eSYveKvoQ7kNvwHr2P-S&_nc_oc=AdmEikd3joiGBb1ifRZWJAjpXWeZKE_nnVCeL8l_t08PwckW8N97eVunTFFIMQ7Wj6Q&_nc_ad=z-m&_nc_cid=1404&_nc_zt=23&_nc_ht=scontent.cdninstagram.com&_nc_gid=TcU6t0y4ONyWbPZ6dPwOWQ&oh=00_Afj3sML8tUIOBXeaGjd3lpc4-Rwnzaf-3lTbtWDVIS7QGQ&oe=69312475;Şehit hemşehrimiz Hv. Uçk. Bkm. Astsubay Üstçavuş İlhan ONGAN için Cumhuriyet Meydanı’nda düzenlenen törende binlerce Bilecikliyle tek yürek olduk. Aziz şehidimizi Bilecik Şehitliği’nde dualarla ebedi istirahatgahına uğurladık.  Şehit hemşehrimiz İlhan ONGAN ile birlikte tüm şehitlerimize Allah’tan rahmet, ailelerine, yakınlarına ve milletimize başsağlığı diliyorum.🇹🇷;
https://www.instagram.com/p/DRB-H8RDE1B/;Carousel;4820;85;0;2025-11-14 11:50:29;https://scontent.cdninstagram.com/v/t51.82787-15/581829805_18540160975008793_1371661615186814460_n.jpg?stp=dst-jpg_e35_tt6&_nc_cat=109&ig_cache_key=Mzc2NTU2Mzk3NzM0MzIwMzkyNw%3D%3D.3-ccb7-5&ccb=7-5&_nc_sid=58cdad&efg=eyJ2ZW5jb2RlX3RhZyI6InhwaWRzLjE0NDB4OTU5LnNkci5DMyJ9&_nc_ohc=keG8IyyQBSYQ7kNvwEWYFlu&_nc_oc=AdlMDVu1YTkj4mIxZf4m_Og73VkOhNOmVsTd2QPebWRSt4GcKUROc-7W-Q6LX2_SE9o&_nc_ad=z-m&_nc_cid=1404&_nc_zt=23&_nc_ht=scontent.cdninstagram.com&_nc_gid=TcU6t0y4ONyWbPZ6dPwOWQ&oh=00_AfjM4RqGTVBxaM0Np_Hc5hWlcBfJiWL9e4h-DlLBsdT7IQ&oe=6930FB8D;Gürcistan’da düşen askeri kargo uçağında şehit olan hemşehrimiz Hv. Uçk. Bkm. Astsubay Üstçavuş İlhan ONGAN’ın naaşını Eskişehir’den teslim aldık ve onu sonsuz istirahatine uğurlamak üzere şehrimize getiriyoruz.  Ruhu şad olsun. Milletimizin başı sağ olsun. 🇹🇷;
https://www.instagram.com/p/DRAGAueDOxy/;Photo;3675;112;0;2025-11-13 18:20:55;https://scontent.cdninstagram.com/v/t51.82787-15/582677283_18540022057008793_3102111486766264863_n.jpg?stp=dst-jpg_e35_tt6&_nc_cat=108&ig_cache_key=Mzc2NTAzNTcyNjY1NzA4ODYyNg%3D%3D.3-ccb7-5&ccb=7-5&_nc_sid=58cdad&efg=eyJ2ZW5jb2RlX3RhZyI6InhwaWRzLjEzNTB4MTY4OC5zZHIuQzMifQ%3D%3D&_nc_ohc=9GQT1CZ_OB0Q7kNvwErb3YW&_nc_oc=Admcvl1R25SrWN76rgn__icvW5bY-O5HHwzLGO4ocEtsaIy1jcIPcNPhxX7Nfx_1Kw0&_nc_ad=z-m&_nc_cid=1404&_nc_zt=23&_nc_ht=scontent.cdninstagram.com&_nc_gid=TcU6t0y4ONyWbPZ6dPwOWQ&oh=00_Afi-OULlyXtMlSSGjHFLTP5_E5bDMjfGkPELwlWGbmbqyA&oe=693121C5;ŞEHİDİMİZİ UĞURLUYORUZ!  Gürcistan’da düşen askeri kargo uçağında şehit olan hemşehrimiz Hv. Uçk. Bkm. Astsubay Üstçavuş İlhan Ongan’ın cenazesi 14 Kasım 2025 Cuma günü, yarın, ikindi namazına müteakip Cumhuriyet Meydanı’ndan kaldırılacaktır.  Aziz Şehidimiz ardından Bilecik Şehitliği’ne defnedilecektir.  Tüm Vatandaşlarımıza Duyurulur.;
https://www.instagram.com/p/DQ7YK0EjNEs/;Photo;21381;1234;0;2025-11-11 22:23:23;https://scontent.cdninstagram.com/v/t51.82787-15/579452733_18538936438008793_5749405382300335519_n.jpg?stp=dst-jpg_e35_tt6&_nc_cat=104&ig_cache_key=Mzc2MzcwODIwOTgyMDEyNzUzMg%3D%3D.3-ccb7-5&ccb=7-5&_nc_sid=58cdad&efg=eyJ2ZW5jb2RlX3RhZyI6InhwaWRzLjk1MXgxMDk2LnNkci5DMyJ9&_nc_ohc=aUMVDOrMydwQ7kNvwGz9iTy&_nc_oc=Adn8p11OJmmf35N25567VnE-_B7GRPCOZEqg7GDZmU9Har4cYSlT1WqYkfFis8pCXHs&_nc_ad=z-m&_nc_cid=1404&_nc_zt=23&_nc_ht=scontent.cdninstagram.com&_nc_gid=TcU6t0y4ONyWbPZ6dPwOWQ&oh=00_Afi8F8yqqhcEnSg69tJQgxIQk_HMfF7Gt0IKlbC7lXYmUw&oe=69311CF9;ŞEHİDİMİZ VAR BİLECİK!  Gürcistan’da düşen askeri kargo uçağında Cumhuriyet Mahallemizden hemşehrimiz Hv. Uçk. Bkm. Astsubay  Üstçavuş İlhan Ongan’ın şehit olduğu haberini derin bir üzüntüyle öğrendim.   Şehidimize Allah’tan rahmet, ailesine, şehrimize ve milletimize başsağlığı diliyorum.🇹🇷;
https://www.instagram.com/p/DQ6OKv1DHJ4/;Reels;2297;30;64520;2025-11-11 11:39:05;https://scontent.cdninstagram.com/v/t51.71878-15/575733471_3935246476721956_3449893873189164023_n.jpg?stp=dst-jpg_e15_tt6&_nc_cat=108&ig_cache_key=Mzc2MzM4Mjc0OTgyMzI2NzQ0OA%3D%3D.3-ccb7-5&ccb=7-5&_nc_sid=58cdad&efg=eyJ2ZW5jb2RlX3RhZyI6InhwaWRzLjY0MHgxMTM2LnNkci5DMyJ9&_nc_ohc=yZREj5F7WjAQ7kNvwHOZd1r&_nc_oc=Adk-fTHbqckXzhrsVTht2wZajvjjPKpJA9RI1YAZ0wfodJvgjiXmRcegwKhISwXRRhY&_nc_ad=z-m&_nc_cid=1404&_nc_zt=23&_nc_ht=scontent.cdninstagram.com&_nc_gid=TcU6t0y4ONyWbPZ6dPwOWQ&oh=00_Afj51NMuef24rmFnb1oMz46Pc8LZ9cwADmdrBQl74NW7Gg&oe=69311072;Pelitözü Mahallemizde kilit-parke çalışmalarımıza devam ediyoruz.  Tüm mahallelerimizde vatandaşlarımızın konforunu için çalışıyor, şehrimizi adım adım daha yaşanabilir ve daha estetik bir kent haline getiriyoruz.;
https://www.instagram.com/p/DQ4Qp1sDPLs/;Reels;841;3;38198;2025-11-10 17:22:43;https://scontent.cdninstagram.com/v/t51.71878-15/576537667_1542257913576158_4606279610128358848_n.jpg?stp=dst-jpg_e15_tt6&_nc_cat=109&ig_cache_key=Mzc2MjgzMDczMjU1ODEzNjA0NA%3D%3D.3-ccb7-5&ccb=7-5&_nc_sid=58cdad&efg=eyJ2ZW5jb2RlX3RhZyI6InhwaWRzLjY0MHgxMTM2LnNkci5DMyJ9&_nc_ohc=n2GBGNqKuKYQ7kNvwHqrlzP&_nc_oc=AdnZ2g_ls3H8J99mX5_sn-HeTb8T-5DwsmV8BaRUASjy-ul0NuKmwDC2kcOre-d1ENE&_nc_ad=z-m&_nc_cid=1404&_nc_zt=23&_nc_ht=scontent.cdninstagram.com&_nc_gid=TcU6t0y4ONyWbPZ6dPwOWQ&oh=00_AfiUxrTbU7rkDSAslJHlMcsEmRSjHxLjFPgi08v9vhzB7Q&oe=69310365;Minik Kalplerin İçinde Büyük Bir Sevgidir Atatürk!♾️🇹🇷  Çocuk Sosyal Tesislerimizde öğrenim gören çocuklarımızla birlikte Gazi Mustafa Kemal Atatürk’ü büyük bir sevgi ve derin bir özlemle andık.;
https://www.instagram.com/p/DQ4H2siDN-9/;Carousel;2540;4;0;2025-11-10 16:03:06;https://scontent-yyz1-1.cdninstagram.com/v/t51.82787-15/579452736_18538502500008793_1640499933296479124_n.jpg?stp=dst-jpg_e35_tt6&_nc_cat=111&ig_cache_key=Mzc2Mjc5MjAyMjAwMTExMzkxOQ%3D%3D.3-ccb7-5&ccb=7-5&_nc_sid=58cdad&efg=eyJ2ZW5jb2RlX3RhZyI6InhwaWRzLjE0NDB4OTU5LnNkci5DMyJ9&_nc_ohc=BWkYmjiFWrsQ7kNvwGwz5p8&_nc_oc=Adkb0VmvLJeChMXFQ8qs13a5IKaxAdtHlPKLDktGZYF0FBDIWNZoi-BRWueGNArZAWA&_nc_ad=z-m&_nc_cid=0&_nc_zt=23&_nc_ht=scontent-yyz1-1.cdninstagram.com&_nc_gid=HpvYyMz9RSb7U27gmSFShA&oh=00_AfjpvTV2sMgu-PZm3vzPbQ5nKHCaSTQc5-sxOQ_BoPeu0g&oe=69310975;"Ulu Önder Gazi Mustafa Kemal Atatürk’ün ebediyete intikalinin 87’nci yıl dönümünde, Atatürk Parkı’nda kurduğumuz Anı Duvarı’nda vatandaşlarımızla birlikte Ata’mıza olan sevgi, minnet ve özlemimizi paylaştık. Ardından vatandaşlarımıza lokma ikramında bulunduk.  Cumhuriyetimizin kurucusu, büyük önderimiz Gazi Mustafa Kemal Atatürk’ü sonsuz saygı, sevgi ve minnetle anıyor; etkinliğimize katılım sağlayan tüm vatandaşlarımıza gönülden teşekkür ediyorum.";
https://www.instagram.com/p/DQ32s2jDJ37/;Carousel;1612;2;0;2025-11-10 13:33:13;https://scontent-yyz1-1.cdninstagram.com/v/t51.82787-15/576017074_18538484326008793_4404074879507341586_n.jpg?stp=dst-jpg_e35_tt6&_nc_cat=105&ig_cache_key=Mzc2MjcxNjU4MDAzNjQ4Nzk2NQ%3D%3D.3-ccb7-5&ccb=7-5&_nc_sid=58cdad&efg=eyJ2ZW5jb2RlX3RhZyI6InhwaWRzLjE0NDB4OTU5LnNkci5DMyJ9&_nc_ohc=wVYosl9rKvIQ7kNvwG9-6Jk&_nc_oc=Adk4c9Q0IUuIi5V4RgH36nWnosSc5EiyLe9xJHbBbISbrk1g01JEB6TeXqbgvKugyIE&_nc_ad=z-m&_nc_cid=0&_nc_zt=23&_nc_ht=scontent-yyz1-1.cdninstagram.com&_nc_gid=HpvYyMz9RSb7U27gmSFShA&oh=00_AfgwrMdFbEPI54FWK4oYURrADShAf4m4NbCH2mtoG6j8Tg&oe=693107CD;"Gazi Mustafa Kemal Atatürk’ün ebediyete intikalinin 87’nci yıl dönümü dolayısıyla Şeyh Edebali Kültür ve Kongre Merkezi’nde düzenlenen anma programına Valimiz Faik Oktay Sözer, il protokolü ve vatandaşlarımızla birlikte katıldık.   Ata’mızı sonsuz bir saygı, derin bir sevgi ve büyük bir minnetle anıyor; bizlere emanet ettiği tüm değerleri yaşatmak için çalışmaya devam ediyoruz.🇹🇷♾️";
https://www.instagram.com/p/DQ3d2FYDFTq/;Carousel;14511;60;0;2025-11-10 09:56:01;https://scontent-yyz1-1.cdninstagram.com/v/t51.82787-15/580472981_18538451857008793_7779322649750338501_n.jpg?stp=dst-jpg_e35_tt6&_nc_cat=104&ig_cache_key=Mzc2MjYwNzI2MzUwNTUwNzA2Ng%3D%3D.3-ccb7-5&ccb=7-5&_nc_sid=58cdad&efg=eyJ2ZW5jb2RlX3RhZyI6InhwaWRzLjE0NDB4MTkyMC5zZHIuQzMifQ%3D%3D&_nc_ohc=ZB06iWQo1w8Q7kNvwESIR2x&_nc_oc=AdkiR5niT2ifpPFuUJN2DC1HxWP0pFCj6JUw5bTnpUAsPX8Z16_iqRhu71raJyq9Wzo&_nc_ad=z-m&_nc_cid=0&_nc_zt=23&_nc_ht=scontent-yyz1-1.cdninstagram.com&_nc_gid=HpvYyMz9RSb7U27gmSFShA&oh=00_AfiwItCqp693LaggFQAcaN0i4IkEbKxGuTzW6ND9BoGlmA&oe=69310BAD;"Cumhuriyetimizin kurucusu, Ulu Önder Gazi Mustafa Kemal Atatürk’ün ebediyete intikalinin 87’nci yıl dönümünde; Valimiz Faik Oktay Sözer, il protokolü ve vatandaşlarımızın katılımlarıyla çelenk sunma ve anma törenimizi gerçekleştirdik. 🇹🇷  Ata’mızı saygı, sevgi ve minnetle anıyor; onun fikirlerini ve mirasını hayatın her alanında görünür kılmak için durmadan çalışmaya devam ediyoruz.♾️";
https://www.instagram.com/p/DQ3UHCmDIHP/;Photo;1125;8;0;2025-11-10 08:30:57;https://scontent-yyz1-1.cdninstagram.com/v/t51.82787-15/580964880_18538445455008793_6099143913617614998_n.jpg?stp=dst-jpg_e35_tt6&_nc_cat=104&ig_cache_key=Mzc2MjU2NDQ1ODQ0MzczNTUwMw%3D%3D.3-ccb7-5&ccb=7-5&_nc_sid=58cdad&efg=eyJ2ZW5jb2RlX3RhZyI6InhwaWRzLjE0NDB4MTgwMC5zZHIuQzMifQ%3D%3D&_nc_ohc=l9tObsuYfUwQ7kNvwHJpgeK&_nc_oc=AdkejPwyAlcf6GtbGQAh7H0VYEEgjWndDKRsY-mqZC3hPszduNhMGeFV0Pjr3fKEijc&_nc_ad=z-m&_nc_cid=0&_nc_zt=23&_nc_ht=scontent-yyz1-1.cdninstagram.com&_nc_gid=HpvYyMz9RSb7U27gmSFShA&oh=00_AfjGaXWJZYzWX0LLtwhIQ0y4eGndW1kOtCUJU-Rm13PIEA&oe=6930FEAB;Saygı, Sevgi ve Özlemle...♾️;
https://www.instagram.com/p/DQ2UxiGDBmJ/;Carousel;3671;11;0;2025-11-09 23:17:31;https://scontent-yyz1-1.cdninstagram.com/v/t51.82787-15/575304128_18538322953008793_4274777868455812471_n.jpg?stp=dst-jpg_e35_tt6&_nc_cat=106&ig_cache_key=Mzc2MjI4NTg5MDUwNTU4Mzk0Nw%3D%3D.3-ccb7-5&ccb=7-5&_nc_sid=58cdad&efg=eyJ2ZW5jb2RlX3RhZyI6InhwaWRzLjE0NDB4OTU5LnNkci5DMyJ9&_nc_ohc=Tw-reMpSTTYQ7kNvwGYzWQS&_nc_oc=Admsd5eF4nObN4dOw-SKZeCz_XJIMZp--Shf2VX1CrSfvk4BceJVUQXjcr7BCgLjT7E&_nc_ad=z-m&_nc_cid=0&_nc_zt=23&_nc_ht=scontent-yyz1-1.cdninstagram.com&_nc_gid=HpvYyMz9RSb7U27gmSFShA&oh=00_AfiacOdNVt1_aDmyJsd0TQp1FDoCymdHZ5nMteM45blypw&oe=69311A78;"Şeyh Edebali Kültür ve Kongre Merkezi’nde, Sanat Akademimizin değerli sanatçılarıyla Atatürk’ün Sevdiği Şarkıları hep birlikte söyledik.🎵  Şarkılarda, sözlerde, her nefeste; O’nun ışığıyla yaşamaya devam edecek, yaşamın her alanında onun fikirlerini yaşatmaya devam edeceğiz.♾️";
https://www.instagram.com/p/DQ17OMzCMnH/;Reels;1619;24;54427;2025-11-09 19:35:56;https://scontent-yyz1-1.cdninstagram.com/v/t51.71878-15/576074604_1505809717413434_5011721050254891481_n.jpg?stp=dst-jpg_e15_tt6&_nc_cat=103&ig_cache_key=Mzc2MjE3MzUyNDI5NTg2MjcyNw%3D%3D.3-ccb7-5&ccb=7-5&_nc_sid=58cdad&efg=eyJ2ZW5jb2RlX3RhZyI6InhwaWRzLjY0MHgxMTM2LnNkci5DMyJ9&_nc_ohc=hYfoVncArrAQ7kNvwEOuuX-&_nc_oc=AdntX3ZDlVp4cyHW-FD-tURC7LF1piOFgn52k33L9yh1TmqJgxVFquhPn5WVi0yzKE0&_nc_ad=z-m&_nc_cid=0&_nc_zt=23&_nc_ht=scontent-yyz1-1.cdninstagram.com&_nc_gid=HpvYyMz9RSb7U27gmSFShA&oh=00_Afh5r8AUSb3Rs9bzrbIS1T0quAsdU6xEVcDnoxH_Ihb-1g&oe=693107D8;Ata’mızın Huzurundayız, Ata’mızın İzindeyiz!♾️;
https://www.instagram.com/p/DQ1lz-fiKBT/;Reels;1452;13;34438;2025-11-09 16:28:08;https://scontent-yyz1-1.cdninstagram.com/v/t51.71878-15/579687222_1417984960059236_1911949121823079861_n.jpg?stp=dst-jpg_e15_tt6&_nc_cat=106&ig_cache_key=Mzc2MjA3OTM2MzI1MzE4MjU0Nw%3D%3D.3-ccb7-5&ccb=7-5&_nc_sid=58cdad&efg=eyJ2ZW5jb2RlX3RhZyI6InhwaWRzLjY0MHgxMTM2LnNkci5DMyJ9&_nc_ohc=HtRxx2ZGnGAQ7kNvwF_CzN4&_nc_oc=AdmJaYfxuZNv6CyhXjCG8g4Ec3OBT8eKf-a_pqUVR9PFmmz-2KNT9IU0lDvR12gnhMA&_nc_ad=z-m&_nc_cid=0&_nc_zt=23&_nc_ht=scontent-yyz1-1.cdninstagram.com&_nc_gid=HpvYyMz9RSb7U27gmSFShA&oh=00_Afj_CxcUo87jgMztlTT7p466LDL2IPUR86zX1BPnTuGkjQ&oe=6930F9F7;Atatürk Demek...♾️;
https://www.instagram.com/p/DQ1FJHUjB4W/;Reels;2726;47;69547;2025-11-09 11:43:21;https://scontent-yyz1-1.cdninstagram.com/v/t51.71878-15/576108206_1199830662053473_7884194409548506438_n.jpg?stp=dst-jpg_e15_tt6&_nc_cat=108&ig_cache_key=Mzc2MTkzNTY4MDMwNjY4MzQxNA%3D%3D.3-ccb7-5&ccb=7-5&_nc_sid=58cdad&efg=eyJ2ZW5jb2RlX3RhZyI6InhwaWRzLjY0MHgxMTM2LnNkci5DMyJ9&_nc_ohc=iWfuv4RzT_cQ7kNvwEP1utX&_nc_oc=Adk6eAUZvoiJC_vNr2zsDqqyGYJ6rgOlXYjHOgqc7voUz9Ch5Dt3vtTUDQyIfjScYsw&_nc_ad=z-m&_nc_cid=0&_nc_zt=23&_nc_ht=scontent-yyz1-1.cdninstagram.com&_nc_gid=HpvYyMz9RSb7U27gmSFShA&oh=00_AfitxmaHGS5DZYJhlayIULz2vnUrWXUp4sVaRcCclxO-Nw&oe=69310546;Can dostlarımızın yaşam hakkını korumak en büyük sorumluluğumuz!🐶🐱  Sokak Hayvanları Tedavi ve Rehabilitasyon Merkezimizde oluşturduğumuz yeni barınma alanıyla, daha fazla can dostumuza sağlık, güven ve sevgi dolu bir yuva sunmaya devam ediyoruz.;
https://www.instagram.com/p/DQzqsIUjFup/;Carousel;2925;7;0;2025-11-08 22:31:18;https://scontent-yyz1-1.cdninstagram.com/v/t51.82787-15/575192596_18537984151008793_7704070610847229030_n.jpg?stp=dst-jpg_e35_tt6&_nc_cat=109&ig_cache_key=Mzc2MTUzNzg1NzQyNTc5NjIxMQ%3D%3D.3-ccb7-5&ccb=7-5&_nc_sid=58cdad&efg=eyJ2ZW5jb2RlX3RhZyI6InhwaWRzLjE0NDB4OTU5LnNkci5DMyJ9&_nc_ohc=yBwOZGd-96sQ7kNvwHaExa3&_nc_oc=Adn6DLj6eZyuoaInQF_g5lYs0gBtHiRm4RvOWX-uOPfFMcPhLMmngjVchR0x-q0F7_s&_nc_ad=z-m&_nc_cid=0&_nc_zt=23&_nc_ht=scontent-yyz1-1.cdninstagram.com&_nc_gid=HpvYyMz9RSb7U27gmSFShA&oh=00_AfjEVGE8kPx5-1MXJWsuw_hp3mS0G-zwqwPLYQtx92j5Qw&oe=6931162A;Çocukluk arkadaşım Mert Kurtulmuş ve Esra Uçak’ın hayatlarını birleştirdikleri bu özel günde nikah şahidi olarak  yanlarında olmak benim için büyük bir mutluluktu.  Onlara bir ömür boyu sevgi, huzur ve mutluluk diliyorum.💐;
https://www.instagram.com/p/DQv5n3ejBcI/;Carousel;2358;7;0;2025-11-07 11:24:49;https://scontent-yyz1-1.cdninstagram.com/v/t51.82787-15/574026429_18537576775008793_3946899324739319788_n.jpg?stp=dst-jpg_e35_tt6&_nc_cat=106&ig_cache_key=Mzc2MDQ3NzYzNTc3Mjk5ODg3OA%3D%3D.3-ccb7-5&ccb=7-5&_nc_sid=58cdad&efg=eyJ2ZW5jb2RlX3RhZyI6InhwaWRzLjE0NDB4OTU5LnNkci5DMyJ9&_nc_ohc=IHPalEigjhMQ7kNvwHV1ZMn&_nc_oc=AdmLp2aS_ihOPEF62xSJV1nX0br_LPiWhlXvL7MVfGKP6ValMuTWgSzSsRKptK0RnxQ&_nc_ad=z-m&_nc_cid=0&_nc_zt=23&_nc_ht=scontent-yyz1-1.cdninstagram.com&_nc_gid=HpvYyMz9RSb7U27gmSFShA&oh=00_Afgdt1uLhxN87bEdgnfoiYymhwD8IW-ACEorh3j6bqwf_A&oe=69310FCC;"Altyapı çalışmalarını tamamladığımız Keloğlan Parkı’nda devam eden baskı beton ve zemin düzenleme çalışmalarını yerinde inceledik.   Çalışmalarımız tamamlandığında, uzun süredir atıl durumda olan bu alanı daha verimli hale getirerek, modern ve estetik bir görünüme kavuşturacak; vatandaşlarımızın keyifle vakit geçirebileceği bir yaşam alanı olarak yeniden şehrimize kazandıracağız.";
https://www.instagram.com/p/DQuCF2QDPO6/;Carousel;2691;18;0;2025-11-06 18:00:20;https://scontent-yyz1-1.cdninstagram.com/v/t51.82787-15/573716783_18537368092008793_2978401503156690088_n.jpg?stp=dst-jpg_e35_tt6&_nc_cat=106&ig_cache_key=Mzc1OTk1MTkyOTYwMzI3NjQwMQ%3D%3D.3-ccb7-5&ccb=7-5&_nc_sid=58cdad&efg=eyJ2ZW5jb2RlX3RhZyI6InhwaWRzLjE0NDB4OTU5LnNkci5DMyJ9&_nc_ohc=4zAwrxv2v-kQ7kNvwE9V_GO&_nc_oc=Adn9WPTpKImWfGEnCx6g2sMYqC3ela14v21mESDKmzseAZwAY4koKAfECBm-G6nTenc&_nc_ad=z-m&_nc_cid=0&_nc_zt=23&_nc_ht=scontent-yyz1-1.cdninstagram.com&_nc_gid=HpvYyMz9RSb7U27gmSFShA&oh=00_AfhCmbLZYQzQe9gc0VFUd1CVxuOR1q_LOYQS1TzcoBNg3A&oe=69312B47;Kasım Ayı Belediye Meclisi Toplantısı’nın 2’inci birleşimini gerçekleştirdik.  Alınan kararların şehrimize hayırlı olmasını diliyorum.;
https://www.instagram.com/p/DQtlGJmDBHj/;Carousel;7423;37;0;2025-11-06 13:46:58;https://scontent-yyz1-1.cdninstagram.com/v/t51.82787-15/573863299_18537294172008793_5516783158485213312_n.jpg?stp=dst-jpg_e35_tt6&_nc_cat=106&ig_cache_key=Mzc1OTgyNDQwMzkzNzY4MzQ3MA%3D%3D.3-ccb7-5&ccb=7-5&_nc_sid=58cdad&efg=eyJ2ZW5jb2RlX3RhZyI6InhwaWRzLjE0NDB4MTkyMC5zZHIuQzMifQ%3D%3D&_nc_ohc=HZljpklELe8Q7kNvwGCM4xD&_nc_oc=Adni3Swv_To-sMApDTUytKAaXS1P6bwbTNVwMvip3cf1cUuNk2xI8eV5M0_7IgcVnNQ&_nc_ad=z-m&_nc_cid=0&_nc_zt=23&_nc_ht=scontent-yyz1-1.cdninstagram.com&_nc_gid=HpvYyMz9RSb7U27gmSFShA&oh=00_AfjgCv0hAXqvHsSopOlIy07HPwVvxNs11VLhPSdZXrmZLg&oe=69310A44;"Eskişehir’de, Genel Başkanımız Sayın Özgür Özel’in katılımlarıyla düzenlenen ‘Her Gencin Hakkı: Nitelikli, Özerk, Demokratik ve Yaşanabilir Üniversite’ başlıklı panelde, gençlerin eğitimde eşitlik, özgür düşünce ve katılımcı yönetim taleplerini dinledik; birlikte daha özgür, daha adil bir geleceği nasıl inşa edebileceğimizi konuştuk.  Üniversiteler, gençlerin yalnızca meslek değil; düşünce, hayal ve umut kazandıkları yerler olmalıdır. Bu yolda gençlerimizin yanında, onların sesine kulak veren bir yerel yönetim anlayışını savunmaya devam edeceğiz.  @eczozgurozel";
https://www.instagram.com/p/DQreFGgiDmZ/;Photo;664;3;0;2025-11-05 18:07:11;https://scontent-dus1-1.cdninstagram.com/v/t51.82787-15/574104343_18153435538408661_3761827525230867384_n.jpg?stp=dst-jpg_e35_tt6&_nc_cat=105&ig_cache_key=Mzc1OTIzMDYwNTk1MTc3NzE3Nw%3D%3D.3-ccb7-5&ccb=7-5&_nc_sid=58cdad&efg=eyJ2ZW5jb2RlX3RhZyI6InhwaWRzLjE0NDB4MTgwMC5zZHIuQzMifQ%3D%3D&_nc_ohc=JOmkt-2T_5IQ7kNvwEZ_Ibn&_nc_oc=AdnlhiGpJ0EquvOGT6EOb5lk1Jrd9vhq1ZJ0R3-n0D1hsf6iNCpDsiFySLrwVgE9sVk&_nc_ad=z-m&_nc_cid=0&_nc_zt=23&_nc_ht=scontent-dus1-1.cdninstagram.com&_nc_gid=50j_iYBXwYLIn1PziD9EZA&oh=00_AfjDWLrhrfEOiuScpW9nKlNynJkxk3jaVb4hY8mjxJCB9w&oe=6931239B;Ata’mızı Sevdiği Şarkılarla Anıyoruz!🎵  Sanat Akademimizin Türk Sanat Müziği Korosu tarafından gerçekleştirilecek “Atatürk’ün Sevdiği Şarkılar” konserine tüm vatandaşlarımız davetlidir.   🗓️9 Kasım 2025 Pazar 🕐20.30 📍Şeyh Edebali Kültür ve Kongre Merkezi;
https://www.instagram.com/p/DQoxNTTjIWn/;Carousel;1700;5;0;2025-11-04 16:56:36;https://scontent-dus1-1.cdninstagram.com/v/t51.82787-15/572678474_18536933626008793_5025217094709075122_n.jpg?stp=dst-jpg_e35_tt6&_nc_cat=102&ig_cache_key=Mzc1ODQ3MDI5ODYwMjM2NTk0NQ%3D%3D.3-ccb7-5&ccb=7-5&_nc_sid=58cdad&efg=eyJ2ZW5jb2RlX3RhZyI6InhwaWRzLjE0NDB4OTU5LnNkci5DMyJ9&_nc_ohc=I67UJYvlELkQ7kNvwE2CmNw&_nc_oc=AdmG1I6HeelGed3yHsCTmw89V7FanvSt0_BNZg94MfKXKahZVQU6Jkg39sVMU2IJXsk&_nc_ad=z-m&_nc_cid=0&_nc_zt=23&_nc_ht=scontent-dus1-1.cdninstagram.com&_nc_gid=50j_iYBXwYLIn1PziD9EZA&oh=00_Afi9OGQY34flEZgE0XXtL9Ypdvx6H5CksDcNqpU-Yt_5FA&oe=69310CB8;Yüreklerindeki Cumhuriyet coşkusunu şiirlerine ve resimlerine el emeğiyle yansıtan çocuklarımızı belediyemizde ağırlayarak ödüllerini takdim ettik.  Cumhuriyetimizin ışığını sanatlarıyla büyüten tüm çocuklarımıza yürekten teşekkür ediyor, gözlerindeki o heyecanı ve Cumhuriyet sevgisini daima korumalarını diliyorum.;
https://www.instagram.com/p/DQoutGcDDDf/;Photo;806;1;0;2025-11-04 16:34:44;https://scontent-dus1-1.cdninstagram.com/v/t51.82787-15/574041038_18536930434008793_2843190834740384647_n.jpg?stp=dst-jpg_e35_tt6&_nc_cat=109&ig_cache_key=Mzc1ODQ1OTI5ODQ2OTY1NDc1MQ%3D%3D.3-ccb7-5&ccb=7-5&_nc_sid=58cdad&efg=eyJ2ZW5jb2RlX3RhZyI6InhwaWRzLjE0NDB4OTU5LnNkci5DMyJ9&_nc_ohc=lmiKIY_J6TMQ7kNvwGi9YPy&_nc_oc=Adlhpq0jxdy00M4f9IiuF-r3gDO7q8JM3ZF5hQX1LlbPTyB2DrH9XdmKaDVE7pWR6Bs&_nc_ad=z-m&_nc_cid=0&_nc_zt=23&_nc_ht=scontent-dus1-1.cdninstagram.com&_nc_gid=50j_iYBXwYLIn1PziD9EZA&oh=00_Afi92tSi1XNtEAWsKoMVzWaVVn_EcjvQ1HZGrCPZkTyAZQ&oe=6930F732;"Bilecik Kadın Girişimi Üretim ve İşletme Kooperatifimizin yeni yönetimini belediyemizde ağırladık.  Kadın emeğiyle büyüyen, üretimle güçlenen bir Bilecik için yeni yönetimle birlikte daha enerjik, daha üretken bir döneme adım atıyoruz. Yeni projelerimiz, özgün ürünlerimiz ve dayanışma ruhumuzla şehrimize değer katmaya; kadınların gücüyle Bilecik’in geleceğini birlikte inşa etmeye devam edeceğiz. 🌼";
https://www.instagram.com/p/DQmdVeQjEMa/;Carousel;2246;16;0;2025-11-03 19:24:29;https://scontent-dus1-1.cdninstagram.com/v/t51.82787-15/574093699_18536798935008793_945157486933719334_n.jpg?stp=dst-jpg_e35_tt6&_nc_cat=111&ig_cache_key=Mzc1NzgxOTk1MDU2OTEyNDUzOA%3D%3D.3-ccb7-5&ccb=7-5&_nc_sid=58cdad&efg=eyJ2ZW5jb2RlX3RhZyI6InhwaWRzLjE0NDB4OTQ0LnNkci5DMyJ9&_nc_ohc=qZDaERKsjScQ7kNvwFrVm27&_nc_oc=AdkkafegXihpHacr6rZCELdeV8oJG5RZvYQ40hcaKnV3Icv8PY_pRASMu1jVOawWlsk&_nc_ad=z-m&_nc_cid=0&_nc_zt=23&_nc_ht=scontent-dus1-1.cdninstagram.com&_nc_gid=50j_iYBXwYLIn1PziD9EZA&oh=00_AfgBGbRlUyT3xqWkJuHr-jXG6K3AhMcUtlstUuHndNrDig&oe=69312818;Kasım Ayı Belediye Meclisi Toplantısı’nın 1'inci birleşimini gerçekleştirdik.  Alınan kararların şehrimize hayırlı olmasını diliyorum.;
https://www.instagram.com/p/DQgcWxzjOXC/;Photo;999;6;0;2025-11-01 11:20:28;https://scontent-dus1-1.cdninstagram.com/v/t51.82787-15/572835070_18536393722008793_5456130127963659832_n.jpg?stp=dst-jpg_e35_tt6&_nc_cat=101&ig_cache_key=Mzc1NjEyNjc5OTgzNjAxNDAxOA%3D%3D.3-ccb7-5&ccb=7-5&_nc_sid=58cdad&efg=eyJ2ZW5jb2RlX3RhZyI6InhwaWRzLjEzNTB4MTY4OC5zZHIuQzMifQ%3D%3D&_nc_ohc=ltTzfjFgafcQ7kNvwGdsxDr&_nc_oc=AdkbJykKDgBvbfGCrEpHlZvizZmIRK5Qwz8rhhhU-bmhZiQVk-C2A5wxfObgjzLJWCE&_nc_ad=z-m&_nc_cid=0&_nc_zt=23&_nc_ht=scontent-dus1-1.cdninstagram.com&_nc_gid=50j_iYBXwYLIn1PziD9EZA&oh=00_AfiUaL1thHjtlvORUVZMRnXEwtYM1w8AI8ZcJTLyUXPT4A&oe=6931227D;“Egemenlik Kayıtsız Şartsız Milletindir!”  Halk iradesinin zincirlerini kırarak, Cumhuriyetin ilk adımını atan saltanatın kaldırılmasının 103’üncü yılını kutluyor, başta Gazi Mustafa Kemal Atatürk olmak üzere bu büyük devrimin gerçekleşmesinde emeği geçen tüm devlet adamlarımızı saygı ve minnetle anıyorum.;
https://www.instagram.com/p/DQe18fOjGJN/;Reels;12162;162;256025;2025-10-31 20:27:01;https://scontent-dus1-1.cdninstagram.com/v/t51.71878-15/573620220_2659959174350392_1333094602072789813_n.jpg?stp=dst-jpg_e15_tt6&_nc_cat=109&ig_cache_key=Mzc1NTY3NjM5MjQzNzM0Mjc5Nw%3D%3D.3-ccb7-5&ccb=7-5&_nc_sid=58cdad&efg=eyJ2ZW5jb2RlX3RhZyI6InhwaWRzLjY0MHgxMTM2LnNkci5DMyJ9&_nc_ohc=kx-19tizSDIQ7kNvwFx2UJf&_nc_oc=Adm7Pt0U6YyBDK7CtDuFXy3CcS2yUOb14MxDHfeGHDTnDOy_Qx261FLxeatjeNDgW5c&_nc_ad=z-m&_nc_cid=0&_nc_zt=23&_nc_ht=scontent-dus1-1.cdninstagram.com&_nc_gid=50j_iYBXwYLIn1PziD9EZA&oh=00_AfhYghlGILCSfKs547Jj78tR6NHGDNYJzinKK0JLj9Qrag&oe=69310203;Beşiktaş Mahallesi Semt Pazarı’nda esnaf ve vatandaşlarımızla bir araya geldik. Tezgahları ziyaret ettik, sohbet ettik. İstek ve önerilerini not almayı da unutmadık.   Bizleri çok güzel karşılayan değerli esnafımıza ve kıymetli vatandaşlarımıza teşekkürlerimi sunuyorum.;
https://www.instagram.com/p/DQejxhZDFSA/;Carousel;2142;5;0;2025-10-31 17:46:49;https://scontent-dus1-1.cdninstagram.com/v/t51.82787-15/573362955_18536263108008793_3843631838088173952_n.jpg?stp=dst-jpg_e35_tt6&_nc_cat=102&ig_cache_key=Mzc1NTU5NjQ2MzA3MDgyMzgyMg%3D%3D.3-ccb7-5&ccb=7-5&_nc_sid=58cdad&efg=eyJ2ZW5jb2RlX3RhZyI6InhwaWRzLjE0NDB4OTU5LnNkci5DMyJ9&_nc_ohc=XtxclDnnu5IQ7kNvwGPsqWn&_nc_oc=Adn9CQksLPkpdAitCSuHPkFN7v8aJ_zoQY5MNdlwDtru5_m_k0PjYu2TttQdfJ3jydE&_nc_ad=z-m&_nc_cid=0&_nc_zt=23&_nc_ht=scontent-dus1-1.cdninstagram.com&_nc_gid=50j_iYBXwYLIn1PziD9EZA&oh=00_Afh01oe_ReDFRx7PKfvA8PrzLIXkBoPK1hxKln9axaRBJQ&oe=693109C7;Elimizdeki imkânları en verimli şekilde değerlendirmek ve hizmet kalitemizi artırmak amacıyla, atıl durumda bulunan malzeme depolarımızda kapsamlı bir yenileme çalışması gerçekleştirdik.  Tamamladığımız düzenlemelerle artık çalışma alanlarımızda dijital stok sistemi kullanarak, daha düzenli ve verimli şekilde şehrimize hizmet etmeye devam edeceğiz.;
