﻿PostLink;PostTürü;BeğeniSayısı;YorumSayısı;Görüntülenme Sayısı;Tarih;DisplayPhoto;Caption;Takipçi
https://www.instagram.com/p/DRpWWFejGhO/;Photo;92;2;0;2025-11-29 18:52:31;https://scontent-ord5-2.cdninstagram.com/v/t51.82787-15/588086978_18063760847441977_4416495743188002141_n.webp?_nc_cat=103&ig_cache_key=Mzc3NjY0ODAzNzI1OTgzMTM3NA%3D%3D.3-ccb7-5&ccb=7-5&_nc_sid=58cdad&efg=eyJ2ZW5jb2RlX3RhZyI6InhwaWRzLjE0NDB4MTkyMC5zZHIuQzMifQ%3D%3D&_nc_ohc=vWSpVmHiEtoQ7kNvwFL0x_j&_nc_oc=AdmuyWCnnMzXB02lLfiS0bp1DT6uNcwVVoOJuCPO-1DKHgweBPZhyQPFZQEHcGh5z37N4SnDJjlsIrxR0tjOFqt_&_nc_ad=z-m&_nc_cid=0&_nc_zt=23&_nc_ht=scontent-ord5-2.cdninstagram.com&_nc_gid=Hx_d-YYu2qXEYo6T1EcX3g&oh=00_AfivdqUY5xkhK91rnMnjTlAZBK2SHrDblpdCtzMLWS_3Yw&oe=69310B26;"""Şimdi İktidar Zamanı""  “Cumhuriyet Halk Partimizin bugün gerçekleştirilen kurultayında geçerli oyların tamamını alarak yeniden  Genel Başkanımız seçilen Sayın Özgür Özel’i yürekten kutluyorum. Partimize yeni bir soluk, ülkemize yeni bir umut olacağına inandığımız bu önemli süreçte göstermiş olduğu liderlik için kendisine teşekkür ediyorum. Demokrasi, adalet ve eşitlik mücadelesini büyütme kararlılığıyla çıktığı bu yolda, Sinop olarak kendisinin yanında olduğumuzu ifade etmek isterim. Ülkemizin aydınlık yarınları için hep birlikte çalışmaya devam edeceğiz. Kurultayımızın partimize, ülkemize ve tüm yurttaşlarımıza hayırlı olmasını diliyorum.”  Metin Gürbüz Sinop Belediye Başkanı";11333
https://www.instagram.com/p/DRpBNqSDBv7/;Carousel;87;2;0;2025-11-29 15:47:52;https://scontent-ord5-2.cdninstagram.com/v/t51.82787-15/589354305_18063745151441977_5028201487627611764_n.webp?_nc_cat=105&ig_cache_key=Mzc3NjU1NTA4NzQ3MzQxNjgyNQ%3D%3D.3-ccb7-5&ccb=7-5&_nc_sid=58cdad&efg=eyJ2ZW5jb2RlX3RhZyI6InhwaWRzLjE0Mzh4OTU5LnNkci5DMyJ9&_nc_ohc=ho6AVUv6XdMQ7kNvwGYrkfu&_nc_oc=AdmbcZmJaV0z7oDGzSjCyx1ZNUnnNkhX11O7C6yqx90ymP0Sla_59ykSVcRYAmA8IZSF3Z3HwS4KtEN2qllV_Ip4&_nc_ad=z-m&_nc_cid=0&_nc_zt=23&_nc_ht=scontent-ord5-2.cdninstagram.com&_nc_gid=Hx_d-YYu2qXEYo6T1EcX3g&oh=00_Afh_d0xQcFAkza_FnwnIq6zOqTvdsc1N60aFBhCMDYgLIg&oe=69312801;"""Şimdi İktidar Zamanı""  “Cumhuriyet Halk Partimizin 39. Olağan Kurultayı, yalnızca partimiz için değil, ülkemizin demokrasi yolculuğu için de tarihi bir dönüm noktası olmuştur.  Kurultayımızın, partimize ve ülkemize hayırlı olmasını diliyor; emeği geçen her bir yol arkadaşımı, katkı sunan her delegemizi ve bu büyük ailemizin tüm neferlerini yürekten selamlıyorum.”";
https://www.instagram.com/p/DRmkI8wiIov/;Photo;115;1;0;2025-11-28 16:55:20;https://scontent-ord5-3.cdninstagram.com/v/t51.82787-15/586685368_18542456170018606_8994398786950779248_n.webp?_nc_cat=109&ig_cache_key=Mzc3NTg2NDI4MjI2NTcxNzI5NQ%3D%3D.3-ccb7-5&ccb=7-5&_nc_sid=58cdad&efg=eyJ2ZW5jb2RlX3RhZyI6InhwaWRzLjExNTJ4MTQ0MC5zZHIuQzMifQ%3D%3D&_nc_ohc=U_we42SpPz4Q7kNvwGtZtKO&_nc_oc=AdkBFkqBGTqU9gMxJc9BjneLRgmdBMziBtbjucvvu0Vdvbav4IYx6wAzhNzU_d12YR11UuFHrcHYrxHOK8ts5Xhs&_nc_ad=z-m&_nc_cid=0&_nc_zt=23&_nc_ht=scontent-ord5-3.cdninstagram.com&_nc_gid=Hx_d-YYu2qXEYo6T1EcX3g&oh=00_Afhc8ha1ne3pyqarWGF48l7krz7bWfs4wLyl2ug5tELisg&oe=69310873;"📣 Eski Hal Binası, ""Yeni Ödeme Noktası""  ✅️ Yeni ödeme noktamız, 01 Aralık 2025 Pazartesi gününden itibaren Eski Hal Binası içerisinde hizmet vermeye başlayacaktır.  ✅️ Vatandaşlarımız, belediye veznemizde gerçekleştirdikleri tüm ödeme işlemlerini artık bu yeni noktadan da yapabileceklerdir.  ⚠️ Bu birim, yalnızca ödeme işlemlerinin gerçekleştirilmesine yönelik hizmet verecektir!";
https://www.instagram.com/p/DRmTlDuiDOp/;Photo;277;10;0;2025-11-28 14:30:37;https://scontent-ord5-2.cdninstagram.com/v/t51.82787-15/586657965_18542438446018606_6887036986777396162_n.webp?_nc_cat=105&ig_cache_key=Mzc3NTc5MTQ0NzEwMjk5MzMyMQ%3D%3D.3-ccb7-5&ccb=7-5&_nc_sid=58cdad&efg=eyJ2ZW5jb2RlX3RhZyI6InhwaWRzLjE0NDB4MTAzNC5zZHIuQzMifQ%3D%3D&_nc_ohc=TVi_Gr34ICkQ7kNvwHzJiuZ&_nc_oc=AdnM-mtnCYjzWwn9XkSc-YeQcnZaNhI9kx_0JOUwNo_bnq0JZIDmjnN-ocQtnUBx9J0UPkCEeLuiNxf8iasMacHz&_nc_ad=z-m&_nc_cid=0&_nc_zt=23&_nc_ht=scontent-ord5-2.cdninstagram.com&_nc_gid=Hx_d-YYu2qXEYo6T1EcX3g&oh=00_Afg7x_kUfCkfUFU8lzUIgqGw_kOBXCanVR7Xz3ZDGHrzqg&oe=69311E36;"Sinop Belediyesi, Sinop Ticaret ve Sanayi Odası, Kadın Girişimciler Kurulu iş birliğiyle; yerel üreticilerimizi desteklemek ve yeni yılı hep birlikte karşılamak üzere 01 – 31 Aralık 2025 tarihleri arasında Uğur Mumcu Meydanı’nda “Yılbaşı Pazarı” açılıyor! ✨🎄  Bu bir ay boyunca;  🍽️ Yeme–içme stantları, 🛍️ El emeği alışveriş ürünleri, 🎶 Birbirinden güzel konserler sizleri bekliyor!  Yeni yıl coşkusunu birlikte yaşamak, yerel üreticilerimize destek olmak ve keyifli anılar biriktirmek için tüm halkımızı Uğur Mumcu Meydanı’na davet ediyoruz! 🎉✨";
https://www.instagram.com/p/DRkBi0sCGgD/;Carousel;215;1;0;2025-11-27 17:14:33;https://scontent-ord5-2.cdninstagram.com/v/t51.82787-15/584409661_18542304562018606_4722718291756521938_n.webp?_nc_cat=104&ig_cache_key=Mzc3NTE0OTE2NTEyNzQ1NjA2MA%3D%3D.3-ccb7-5&ccb=7-5&_nc_sid=58cdad&efg=eyJ2ZW5jb2RlX3RhZyI6InhwaWRzLjE0Mzl4OTU5LnNkci5DMyJ9&_nc_ohc=sHG5MOmHVP0Q7kNvwHQr7w6&_nc_oc=AdmM50JHWREoqmnR34DkdIiqwpWJudJNmBFVkCAZzfn_OG6h0oISAo0Iy9BzgZoS32nmNgnO_GlCmsMeUV8O8WlB&_nc_ad=z-m&_nc_cid=0&_nc_zt=23&_nc_ht=scontent-ord5-2.cdninstagram.com&_nc_gid=Hx_d-YYu2qXEYo6T1EcX3g&oh=00_Afg8zVZdI-arHbcsl6rNne-HutrfY3vF8g_5pbk90Bhy3A&oe=693124CB;Sinop Hemşehrilik ve Dostluk Derneği Başkanı Ayla Tığlı, yeni Yönetim Kurulu Üyeleri ile birlikte Belediye Başkanımız Metin Gürbüz’ü makamında ziyaret etti.   Ziyaretten duyduğu memnuniyeti dile getiren Başkanımız Metin Gürbüz Dernek Başkanı Ayla Tığlı nezdinde konuklarına nazik ziyaretleri için teşekkür ederken, ziyaret çekilen hatıra fotoğrafı ile son buldu.;
https://www.instagram.com/p/DRkA2OmCGUx/;Photo;313;3;0;2025-11-27 17:08:27;https://scontent-ord5-3.cdninstagram.com/v/t51.82787-15/587491252_18542303725018606_794729357701681092_n.webp?_nc_cat=100&ig_cache_key=Mzc3NTE0NjExNDE2NTUzMTk1Mw%3D%3D.3-ccb7-5&ccb=7-5&_nc_sid=58cdad&efg=eyJ2ZW5jb2RlX3RhZyI6InhwaWRzLjEyODZ4OTU5LnNkci5DMyJ9&_nc_ohc=5DpfI66rH9IQ7kNvwEeEDWw&_nc_oc=AdlPXMSlc40tXLvcQEK1tUaHgBqxm-_UK_4juK_ktYrssfEGd-fmDrfxLJd0xmjfjrwQuGPAj69qW-rJElJMRDOG&_nc_ad=z-m&_nc_cid=0&_nc_zt=23&_nc_ht=scontent-ord5-3.cdninstagram.com&_nc_gid=Hx_d-YYu2qXEYo6T1EcX3g&oh=00_AfhhUtx9afxvAiFKqjjPLGSdGeE_7JtqiFxUCQ5eKBjtdA&oe=69312D32;Merhum Belediye Başkanımız Hamza İnce’nin ağabeyi emekli pilot Kemal İnce Belediye Başkanımız Metin Gürbüz’ü makamında ziyaret etti.   Başkanımız Metin Gürbüz nazik ziyareti için emekli pilot Kemal İnce’ye teşekkür etti.;
https://www.instagram.com/p/DRevF9oiLDR/;Carousel;251;2;0;2025-11-25 15:57:07;https://scontent-ord5-2.cdninstagram.com/v/t51.82787-15/584723167_18541994743018606_6546451309858951576_n.jpg?stp=dst-jpg_e35_tt6&_nc_cat=102&ig_cache_key=Mzc3MzY2MDY0MDk0NzI0MTY5NA%3D%3D.3-ccb7-5&ccb=7-5&_nc_sid=58cdad&efg=eyJ2ZW5jb2RlX3RhZyI6InhwaWRzLjE0NDB4OTYyLnNkci5DMyJ9&_nc_ohc=uyLX3guqzMwQ7kNvwEp0SCr&_nc_oc=Adk24ZJZzGtR379lI_5UIzR2ZaE1_OcGm6pD1KyBaJXi-Ei-WbXnUx0yhCc2otLT4NxvYnVkcA0d3sTlxXdzrp-B&_nc_ad=z-m&_nc_cid=0&_nc_zt=23&_nc_ht=scontent-ord5-2.cdninstagram.com&_nc_gid=Hx_d-YYu2qXEYo6T1EcX3g&oh=00_AfhRFT9v95moaRkYK4Vy6-PbAsCJwuKwTcx341c1b3jvwQ&oe=693121F2;"Belediye Başkanımız Metin Gürbüz il protokolü ile birlikte; Sinop Organize Sanayi Bölgesi’nde Doç.Dr. Güneş Koza Anaokulu temel atma törenine katıldı.   Başkanımız program sonunda anaokulu için girişimde bulunan Kıvanç Group Yönetim Kurulu Başkanı Bedri Koza ve tüm emeği geçenlere teşekkürlerini iletti.";
https://www.instagram.com/p/DRcrcFkiB2s/;Carousel;115;1;0;2025-11-24 20:46:42;https://scontent-ord5-3.cdninstagram.com/v/t51.82787-15/587461815_18541877503018606_18839742063349171_n.webp?_nc_cat=106&ig_cache_key=Mzc3MzA4MTYxMzY2NDU2NzMwNw%3D%3D.3-ccb7-5&ccb=7-5&_nc_sid=58cdad&efg=eyJ2ZW5jb2RlX3RhZyI6InhwaWRzLjE0NDB4ODEwLnNkci5DMyJ9&_nc_ohc=-bV_q4eFh4cQ7kNvwE4JiLi&_nc_oc=AdnfUiPOrYkC6ZfFez5jon9-g8w4kfseZR6mMtYpSfaqZY9yh0dvF_Ytv0OYKHy-K8oX4zrLCBZ471Zm7MKcxHly&_nc_ad=z-m&_nc_cid=0&_nc_zt=23&_nc_ht=scontent-ord5-3.cdninstagram.com&_nc_gid=Hx_d-YYu2qXEYo6T1EcX3g&oh=00_AfijHXhiIcGhmZqQ_Zv5c3ONGbpvHPbKaPIQ9Q9GUAVjJw&oe=69311CA5;Belediyemiz organizasyonu ile 22–24 Kasım tarihlerinde gerçekleşen  Karadeniz Bölge Üç Bant Şampiyonası bugün yapılan final müsabakalarıyla sona erdi.  Karadeniz’in farklı illerinden gelen 40 sporcu ile büyük bir heyecan yaşadık.  Dereceye giren sporcularımızı tebrik ediyor, başarılarının devamını diliyoruz:  🥇 1. Ömer Karakurt 🥈 2. Sıtkı Yüce 🥉 3. Nurettin Karakurt 🥉 3. Selahattin Kurbetli  Tüm sporcularımıza emekleri ve mücadeleleri için teşekkür ederiz.;
https://www.instagram.com/p/DRcqTQpDCYE/;Carousel;192;4;0;2025-11-24 20:36:46;https://scontent-ord5-3.cdninstagram.com/v/t51.82787-15/589084872_18063327206441977_2066896704852864949_n.jpg?stp=dst-jpg_e35_tt6&_nc_cat=106&ig_cache_key=Mzc3MzA3NjYxOTk2ODM5MjAwMQ%3D%3D.3-ccb7-5&ccb=7-5&_nc_sid=58cdad&efg=eyJ2ZW5jb2RlX3RhZyI6InhwaWRzLjExMjV4NjMzLnNkci5DMyJ9&_nc_ohc=xGnT7h95IIgQ7kNvwFC-End&_nc_oc=AdlHkVclLTIMBwUqPwBbLn6frC90UUAQRmUJCNnIS2tBVAj-yB-IZbcXdJGcneH7ieAUxjoMhKBfkD8qTwE617gZ&_nc_ad=z-m&_nc_cid=0&_nc_zt=23&_nc_ht=scontent-ord5-3.cdninstagram.com&_nc_gid=Hx_d-YYu2qXEYo6T1EcX3g&oh=00_AfiTiRLkZx9HuNbcPVl6tfb41vSGZIcqxGrJax3ybIR0NA&oe=69311C20;"“Karanlık yolları aydınlatacak adalet meşalesini her daim yanımızda taşıyoruz.”  86 milyonun vicdanına, Halkın adaletine güveniyoruz. Çiğ yemedik ki karnımız ağrısın; Dezenformasyon son bulsun, masumiyet karinesi korunsun. Onlar her gün, her saat konuşuyor bir de Ekrem başkan konuşsun. Dava TRT’de Canlı Yayınlansın!";
https://www.instagram.com/p/DRcVn1IiEq6/;Carousel;296;4;0;2025-11-24 17:36:04;https://scontent-ord5-3.cdninstagram.com/v/t51.82787-15/586519743_18541851835018606_1212053569027540054_n.webp?_nc_cat=100&ig_cache_key=Mzc3Mjk4NTY0OTc0MjIzNjAwOA%3D%3D.3-ccb7-5&ccb=7-5&_nc_sid=58cdad&efg=eyJ2ZW5jb2RlX3RhZyI6InhwaWRzLjE0Mzl4ODEwLnNkci5DMyJ9&_nc_ohc=BB-_5qBSMBAQ7kNvwFJN_67&_nc_oc=Adn0-lB2ONoWkirZDTsVc5CPp97l9F4WkOOcNmRSTjGlyvqfIjfzKYTuce409hJEfn4s2ti5kf2UAko465H_UaWo&_nc_ad=z-m&_nc_cid=0&_nc_zt=23&_nc_ht=scontent-ord5-3.cdninstagram.com&_nc_gid=Hx_d-YYu2qXEYo6T1EcX3g&oh=00_AfgpKtO0VVf-MCAHI2LNBiXqvzhZ3T1r9l5Z4PYfL5DaaQ&oe=693120EC;"Belediye Başkanımız Metin Gürbüz, 24 Kasım Öğretmenler Günü dolayısıyla Seydi Ali Reis Mesleki ve Teknik Anadolu Lisesi, Gazi Mustafa Kemal İlkokulu ve Mehmet Akif Ersoy Ortaokulu'nda görev yapan öğretmenlerimizi ziyaret ederek bu anlamlı günü birlikte paylaştı.   Eğitime adanmış yürekleriyle toplumumuzun yolunu aydınlatan tüm öğretmenlerimize emekleri, fedakârlıkları ve özverileri için bir kez daha teşekkür ediyor; 24 Kasım Öğretmenler Günü’nü en içten dileklerimizle kutluyoruz.";
https://www.instagram.com/p/DRcCK_ZiErY/;Carousel;157;0;0;2025-11-24 14:46:06;https://scontent-ord5-1.cdninstagram.com/v/t51.82787-15/587286246_18541829884018606_279835116579468262_n.jpg?stp=dst-jpg_e35_tt6&_nc_cat=111&ig_cache_key=Mzc3MjkwMDExODA2ODk5MjM2OQ%3D%3D.3-ccb7-5&ccb=7-5&_nc_sid=58cdad&efg=eyJ2ZW5jb2RlX3RhZyI6InhwaWRzLjE0NDB4OTY3LnNkci5DMyJ9&_nc_ohc=rwdEpR3vB2MQ7kNvwGEBgFA&_nc_oc=AdnqU5Hh2XpqX3JCa7LbVR6pRcl1wzL_25YZpm95MoMHL5opeS0RAWKJtf4TRn6xNfA9E_c12FYqoMWoqPtceh-5&_nc_ad=z-m&_nc_cid=0&_nc_zt=23&_nc_ht=scontent-ord5-1.cdninstagram.com&_nc_gid=Hx_d-YYu2qXEYo6T1EcX3g&oh=00_Afgzvp0V4EitVXgvmRw7HbOv0fRdr0klk70iF4XSMLBfwA&oe=6931021C;Belediye Başkanımız Metin Gürbüz, 24 Kasım Öğretmenler Günü dolayısıyla Sinop Kültür Merkezi’nde düzenlenen programa katıldı.  Programda Öğretmenler Günü için hazırlanan video gösterimleri, müzik ve şiir dinletileri yer alırken, aday öğretmenimizin yemin töreni de gerçekleştirildi. Hep birlikte söylenen marşlar ve toplu fotoğraf çekimi ile program sona erdi.;
https://www.instagram.com/p/DRZ6WmXCFJM/;Photo;165;3;0;2025-11-23 18:59:18;https://scontent-ord5-3.cdninstagram.com/v/t51.82787-15/587139499_18541705123018606_4377265836248125136_n.jpg?stp=dst-jpg_e35_tt6&_nc_cat=100&ig_cache_key=Mzc3MjMwMjgwMjYxNDI0MzkxNg%3D%3D.3-ccb7-5&ccb=7-5&_nc_sid=58cdad&efg=eyJ2ZW5jb2RlX3RhZyI6InhwaWRzLjEzNTB4MTY4Ny5zZHIuQzMifQ%3D%3D&_nc_ohc=mncXky5Uu3kQ7kNvwGC73Rc&_nc_oc=AdmqKijmvjPR5Zv3C7cWNvsejo4TwSeHJt_-1AcmkjzGJc1oH5c2_beCH7c8AI8o1bzLvNUKamxYikhI4gTYJ7PH&_nc_ad=z-m&_nc_cid=0&_nc_zt=23&_nc_ht=scontent-ord5-3.cdninstagram.com&_nc_gid=Hx_d-YYu2qXEYo6T1EcX3g&oh=00_AfhVQk95o0A9sT9HMv5pSgPApRG1igvXUjct1NI22o12wQ&oe=69311181;Başta Başöğretmenimiz Gazi Mustafa Kemal Atatürk olmak üzere tüm öğretmenlerimizin 24 Kasım Öğretmenler Günü’nü kutluyor, ebediyete intikal eden öğretmenlerimizi saygı ve rahmetle anıyorum.  Metin GÜRBÜZ/Sinop Belediye Başkanı;
https://www.instagram.com/p/DRZwjgDiHQx/;Carousel;98;0;0;2025-11-23 17:33:41;https://scontent.cdninstagram.com/v/t51.82787-15/584535395_18541692958018606_8552644916860567134_n.jpg?stp=dst-jpegr_e35_tt6&_nc_cat=101&ig_cache_key=Mzc3MjI1OTY5MDA5MzI3NTA0MQ%3D%3D.3-ccb7-5&ccb=7-5&_nc_sid=58cdad&efg=eyJ2ZW5jb2RlX3RhZyI6InhwaWRzLjE0NDB4ODA5Lmhkci5DMyJ9&_nc_ohc=aUb4LR076rcQ7kNvwHI6pGD&_nc_oc=AdkkX64ggA4tP3QI6Ot1NRRyp_60kK2six2vSDzksLyfjzZzV09vbjX4r1hPe1UNmoo&_nc_ad=z-m&_nc_cid=0&_nc_zt=23&_nc_ht=scontent.cdninstagram.com&_nc_gid=_lsFqJzeRjSH0o6U5JMPMg&oh=00_Afgos_NxF0PIn5nGjk3pizXbZKPIfiBKqdyPdnotJmH4sQ&oe=69311D6F;📌 Karadeniz Bölge Üç Bant Bilardo Şampiyonası devam ediyor, Sinop birbirinden güzel müsabakalara ev sahipliği yapıyor!  ✅Final müsabakaları yarın gerçekleşecek, dereceye giren sporculara kupaları takdim edilecek.   📍Modi Spor Kulübü;
https://www.instagram.com/p/DRXSqy7CF38/;Carousel;249;1;0;2025-11-22 18:34:03;https://scontent.cdninstagram.com/v/t51.82787-15/587016565_18541537258018606_4928801411548844558_n.jpg?stp=dst-jpg_e35_tt6&_nc_cat=107&ig_cache_key=Mzc3MTU2NTMwNDQ0MzM1ODA2OQ%3D%3D.3-ccb7-5&ccb=7-5&_nc_sid=58cdad&efg=eyJ2ZW5jb2RlX3RhZyI6InhwaWRzLjEyMDB4OTAwLnNkci5DMyJ9&_nc_ohc=Ezgo2jR8yMAQ7kNvwFG17AP&_nc_oc=AdkKgwK0qayuD7ssC_27jJ4znQ3ztRpa48yIGhUMw1dtaebUS6wiBAK-5ODfOdscmIQ&_nc_ad=z-m&_nc_cid=0&_nc_zt=23&_nc_ht=scontent.cdninstagram.com&_nc_gid=_lsFqJzeRjSH0o6U5JMPMg&oh=00_AfhohqurBdluQDH0YzI_e8cfSXJn2IONKcAcdn9ItzRy1A&oe=693126FC;"Belediye Başkanımız Metin Gürbüz Gerze Belediye Başkanı Osman Belovacıklı ile birlikte; yeni üyesi olduğumuz Çevreci Belediyeler Birliği 2025 yılı 2. Olağan Meclis Toplantısı’na katıldı.   Çevresel konularda deneyim ve iş birliğini güçlendirmeyi, doğayı ve çevreyi korumayı hedef edinen birliğin meclis toplantısı, Birlik Başkanı Ali Kemal Deveciler başkanlığında Bolu’da gerçekleştirildi.";
https://www.instagram.com/p/DRXN_LtCOTk/;Reels;122;2;12613;2025-11-22 17:54:31;https://scontent.cdninstagram.com/v/t51.71878-15/587711757_726942469834744_2190824978991977076_n.jpg?stp=dst-jpg_e15_tt6&_nc_cat=100&ig_cache_key=Mzc3MTU0NDcyOTQ0NDQ3NjEzMg%3D%3D.3-ccb7-5&ccb=7-5&_nc_sid=58cdad&efg=eyJ2ZW5jb2RlX3RhZyI6InhwaWRzLjY0MHgxMTM2LnNkci5DMyJ9&_nc_ohc=JVqIW3smwpQQ7kNvwFuc2mb&_nc_oc=AdmuXVsA0z3QgrNOfufdVxyOZNFm91_P6xKkklYXJHdumxXX6lpHvy-VT9OiB_XnZU8&_nc_ad=z-m&_nc_cid=0&_nc_zt=23&_nc_ht=scontent.cdninstagram.com&_nc_gid=_lsFqJzeRjSH0o6U5JMPMg&oh=00_AfjeE2QfhMVBcoffhhc-WTMyvS68xAd5WyGVPo4aip0zqw&oe=69311EBD;📌 Karadeniz Bölge Üç Bant Bilardo Şampiyonası Sinop’ta başladı!  ✅Üç gün boyunca devam edecek bu büyük heyecana tüm halkımız davetlidir!  📍Modi Spor Kulübü;
https://www.instagram.com/p/DRWS7vHjKND/;Photo;86;2;0;2025-11-22 09:17:08;https://scontent.cdninstagram.com/v/t51.82787-15/587109605_18063096305441977_7344430142487836483_n.jpg?stp=dst-jpg_e35_tt6&_nc_cat=111&ig_cache_key=Mzc3MTI4NTAwNzg0ODIxOTQ1OQ%3D%3D.3-ccb7-5&ccb=7-5&_nc_sid=58cdad&efg=eyJ2ZW5jb2RlX3RhZyI6InhwaWRzLjEzNTF4MTc5OC5zZHIuQzMifQ%3D%3D&_nc_ohc=d1l2XCKcMGQQ7kNvwEcnERQ&_nc_oc=Adnb83ezh1vryd7H9WC_uwivevD2gE_1t0M3Z4ukaWhgK9V9CV-GcXzJL0YhCzPhzac&_nc_ad=z-m&_nc_cid=0&_nc_zt=23&_nc_ht=scontent.cdninstagram.com&_nc_gid=_lsFqJzeRjSH0o6U5JMPMg&oh=00_AfjcDrkke0VAilEUAMhzqirA0F88bshsFME1b0IDtHlqRg&oe=69312FED;"Karanlık dehlizleri alın teriyle aydınlatan maden emekçilerinin diyarı Zonguldak’tayız!   Emeğe, emekçiye değer vermeyen, adaleti yok sayan düzene karşı sesimizi hep birlikte yükseltiyoruz.   Omuz omuza Cumhuriyet Halk Partisi’ni iktidara taşıyacak; alın terinin, adaletin ve millet iradesinin egemen olduğu bir düzeni hep birlikte kuracağız!  🗓️ 22 Kasım Cumartesi ⏰ 15.00 📍 Madenci Anıtı";
https://www.instagram.com/p/DRUbZmYiKeU/;Reels;643;104;30052;2025-11-21 16:37:25;https://scontent.cdninstagram.com/v/t51.71878-15/574523807_25268298596126731_4081249238455460186_n.jpg?stp=dst-jpg_e15_tt6&_nc_cat=110&ig_cache_key=Mzc3MDc1OTI5NDQ3MjQ2NDI3Ng%3D%3D.3-ccb7-5&ccb=7-5&_nc_sid=58cdad&efg=eyJ2ZW5jb2RlX3RhZyI6InhwaWRzLjY0MHgxMTM2LnNkci5DMyJ9&_nc_ohc=RL0GFitFm_EQ7kNvwGwCVKs&_nc_oc=AdmmmO30Yw_mJOkInmv-1nLr3vy98Hr1qBP5VkFAWSu6Yv7i4OBRoilamr2ccaZDcAI&_nc_ad=z-m&_nc_cid=0&_nc_zt=23&_nc_ht=scontent.cdninstagram.com&_nc_gid=_lsFqJzeRjSH0o6U5JMPMg&oh=00_AfjYNdc3jZ_BKtsT73HKMsQWBRRaIUZiCUWalBn-R-i-2A&oe=69311C7F;Belediye Başkanımız Metin Gürbüz, Yerel Yönetimler ve Dirençli Kentler Ziyaretleri kapsamında kentimize gelen Cumhuriyet Halk Partisi PM Üyesi Baran Bozoğlu, CHP İstanbul Milletvekili Nimet Özdemir, CHP Sinop İl Başkanı Av. Aykut Cem Yalçınkaya, CHP İl Kadın Kolları Başkanı Esin Tümer, CHP İl Yönetim Kurulu Üyeleri, Belediye Meclis Üyelerimiz ve Başkan Yardımcılarımız ile birlikte, Tarzan Kemal Doğal Yaşam Alanı’nı ziyaret etti.  Başkanımız Metin Gürbüz, misafirlerine Tarzan Kemal Yaşam Alanı’nı gezdirirken proje hakkında da bilgi verdi. Saha gezisi, günün anısına çekinilen toplu fotoğraf ile son buldu.;
https://www.instagram.com/p/DRUK4XOiGoF/;Carousel;226;13;0;2025-11-21 13:28:17;https://scontent.cdninstagram.com/v/t51.82787-15/587392094_18541336012018606_5732926674133495613_n.webp?_nc_cat=104&ig_cache_key=Mzc3MDY4NjYyMTAwODU2NzEwNQ%3D%3D.3-ccb7-5&ccb=7-5&_nc_sid=58cdad&efg=eyJ2ZW5jb2RlX3RhZyI6InhwaWRzLjE0Mzl4ODEwLnNkci5DMyJ9&_nc_ohc=lC5fzVVsUPEQ7kNvwFDv45D&_nc_oc=AdkKKbpJGmDofeq3qC-0_t2AjppO39jr7_nZUCtGXCYZdCkx8XiJBSHgW75hsCokQsg&_nc_ad=z-m&_nc_cid=0&_nc_zt=23&_nc_ht=scontent.cdninstagram.com&_nc_gid=_lsFqJzeRjSH0o6U5JMPMg&oh=00_AfjVGaa0T8V0OoNXnc-FILHyvYvODDUHu52vIXeVaX6Kcg&oe=693109A2;Belediye Başkanımız Metin Gürbüz, Yerel Yönetimler ve Dirençli Kentler Ziyaretleri kapsamında kentimize gelen Cumhuriyet Halk Partisi PM Üyesi Baran Bozoğlu, CHP İstanbul Milletvekili Nimet Özdemir, CHP Sinop İl Başkanı Av. Aykut Cem Yalçınkaya, CHP İl Kadın Kolları Başkanı Esin Tümer, CHP İl Yönetim Kurulu Üyeleri, Belediye Meclis Üyelerimiz ve Başkan Yardımcılarımız ile birlikte, Tarzan Kemal Doğal Yaşam Alanı'nı ziyaret etti.  Başkanımız Metin Gürbüz, misafirlerine Tarzan Kemal Yaşam Alanı'nı gezdirirken proje hakkında da bilgi verdi. Saha gezisi, günün anısına çekinilen toplu fotoğraf ile son buldu.;
https://www.instagram.com/p/DRR7bkAiFdi/;Carousel;261;0;0;2025-11-20 16:34:48;https://scontent.cdninstagram.com/v/t51.82787-15/586697070_18541206856018606_986307505496946128_n.jpg?stp=dst-jpg_e35_tt6&_nc_cat=109&ig_cache_key=Mzc3MDA1NTcyMTMzMzg2OTg2Mw%3D%3D.3-ccb7-5&ccb=7-5&_nc_sid=58cdad&efg=eyJ2ZW5jb2RlX3RhZyI6InhwaWRzLjE0NDB4OTU5LnNkci5DMiJ9&_nc_ohc=pbMrnI99Ag0Q7kNvwGZK6U4&_nc_oc=AdlNqYBTZZDQa79ME4YThNHLj31W41F261t3j6o-3dIJAJf_dIqkj--L_UniVDHaX2g&_nc_ad=z-m&_nc_cid=0&_nc_zt=23&_nc_ht=scontent.cdninstagram.com&_nc_gid=_lsFqJzeRjSH0o6U5JMPMg&oh=00_AfiO4D_YViJPo7xcWsafd96si2iyWX-u1W9zMhW5AtBm3A&oe=693113B4;Bir dizi çalışma ve ziyaretlerde bulunmak üzere kentimize gelen Cumhuriyet Halk Partisi PM Üyesi Baran Bozoğlu ve CHP İstanbul Milletvekili Nimet Özdemir, CHP Sinop İl Başkanı Av. Aykut Cem Yalçınkaya, CHP Sinop Merkez İlçe Başkanı Samet Bayrak, CHP İl Kadın Kolları Başkanı Esin Tümer, İl Yönetim Kurulu Üyeleri ve Belediye Meclis Üyelerimiz ile birlikte Belediye Başkanımız Metin Gürbüz’ü makamında ziyaret etti.  Başkanımız, nazik ziyaretleri için misafirlerine teşekkürlerini iletti. Günün anısına çekinilen fotoğraf ile ziyaret sona erdi.;
https://www.instagram.com/p/DRRsKYnjJ3I/;Carousel;199;2;0;2025-11-20 14:21:23;https://scontent.cdninstagram.com/v/t51.82787-15/583754885_18062938310441977_1370737676879500819_n.jpg?stp=dst-jpegr_e35_tt6&_nc_cat=104&ig_cache_key=Mzc2OTk4ODU4MTg0MzI5Nzk4MA%3D%3D.3-ccb7-5&ccb=7-5&_nc_sid=58cdad&efg=eyJ2ZW5jb2RlX3RhZyI6InhwaWRzLjE0NDB4ODEwLmhkci5DMyJ9&_nc_ohc=CsI8cUj-zRsQ7kNvwGqRTni&_nc_oc=AdmlFsb7LCI6vGwWQJJsCQ8Kz8hhWETR3qoLKkUp-3hAfOxOkBvn0eB-66xnNS_Eo2w&_nc_ad=z-m&_nc_cid=0&_nc_zt=23&_nc_ht=scontent.cdninstagram.com&_nc_gid=_lsFqJzeRjSH0o6U5JMPMg&oh=00_Afhz9q1KskCVRyM9YVuvJboHo4H7nHj_in6DyJ6MKfn4xQ&oe=69310091;Bir dizi çalışma ve ziyaretlerde bulunmak üzere kentimize gelen PM Üyemiz Baran Bozoğlu ve İstanbul Milletvekilimiz Nimet Özdemir’den oluşan Yerel Yönetimler ve Dirençli Kentler Birimimizin katılımıyla İl Başkanlığımızda düzenlenen basın toplantısına katıldık.   Kentimizin yarınları için hep birlikte çok çalışacağız.;
https://www.instagram.com/p/DRP_TuqiA9b/;Reels;1380;336;36981;2025-11-19 22:31:25;https://scontent.cdninstagram.com/v/t51.71878-15/582093883_2028215347935583_8893025294525955316_n.jpg?stp=dst-jpg_e15_tt6&_nc_cat=106&ig_cache_key=Mzc2OTUwOTg0NTgzODMzNTgzNQ%3D%3D.3-ccb7-5&ccb=7-5&_nc_sid=58cdad&efg=eyJ2ZW5jb2RlX3RhZyI6InhwaWRzLjY0MHgzNTYuc2RyLkMzIn0%3D&_nc_ohc=LgECtH2qrMsQ7kNvwEqba7n&_nc_oc=Adkf3Nv1qLoo7ionTNwcJ1T_3anc9EzM6Zgj29e0xgjQFsQ8xPwhGMiYt_1Nfe1YQic&_nc_ad=z-m&_nc_cid=0&_nc_zt=23&_nc_ht=scontent.cdninstagram.com&_nc_gid=_lsFqJzeRjSH0o6U5JMPMg&oh=00_AfgVpeimlSbAP6WwaNUuA2WWe_mi-VhnQ4SzOkB6S_ncNw&oe=6930FC87;Ankara dönüşünde, Kastamonu - Hanönü mevkiinde geçirmiş olduğumuz kazadan dolayı arayan, soran, merak eden tüm dostlarıma, kıymetli vatandaşlarıma teşekkür ediyorum.  Mesai arkadaşım Emin Gümüş'ün de benim de sağlık durumumuz gayet iyi. Yarın mesaimizin başında olacağız.  Tüm Sinop'lu hemşehrilerime saygı ve şükranlarımı sunarım.  Metin GÜRBÜZ / Sinop Belediye Başkanı;
https://www.instagram.com/p/DRPxKQQiIOR/;Photo;585;237;0;2025-11-19 20:26:34;https://scontent.cdninstagram.com/v/t51.82787-15/586693362_18541092064018606_5261191867251392334_n.webp?_nc_cat=107&ig_cache_key=Mzc2OTQ0NzYyMjA2MzQ1NzE2OQ%3D%3D.3-ccb7-5&ccb=7-5&_nc_sid=58cdad&efg=eyJ2ZW5jb2RlX3RhZyI6InhwaWRzLjE0NDB4MTgwMC5zZHIuQzMifQ%3D%3D&_nc_ohc=kpktor7kac4Q7kNvwH6RnJ6&_nc_oc=Adl8W9Ih9vN8L6Ok_l0c0SRqAodPR0BOLRH90BEq6FONhqjse_RmPXLg2bM8ZwZP08o&_nc_ad=z-m&_nc_cid=0&_nc_zt=23&_nc_ht=scontent.cdninstagram.com&_nc_gid=_lsFqJzeRjSH0o6U5JMPMg&oh=00_AfhmDB9o2O4UBmYagNP3aJtBsjoVsIc05kO0VCW21gjtlQ&oe=69311ECE;Belediye Başkanımız Metin GÜRBÜZ Ankara dönüşünde, Kastamonu'nun Hanönü ilçesi mevkiinde, makam aracının domuz sürüsüne çarpması sonucu kaza geçirmiştir. Başkanımızın ve makam şoförümüzün sağlık durumları son derece iyi olmakla birlikte kazada sadece maddi hasar oluşmuştur.  Kamuoyuna saygı ile duyururuz.;
https://www.instagram.com/p/DRNEGCrjIXZ/;Carousel;311;6;0;2025-11-18 19:14:18;https://scontent.cdninstagram.com/v/t51.82787-15/581985140_18062791349441977_3594735848105576838_n.webp?_nc_cat=107&ig_cache_key=Mzc2ODY4NjQ2MDQ4NTI5OTkzMA%3D%3D.3-ccb7-5&ccb=7-5&_nc_sid=58cdad&efg=eyJ2ZW5jb2RlX3RhZyI6InhwaWRzLjE0NDB4OTYwLnNkci5DMyJ9&_nc_ohc=8Bg6vTmroxAQ7kNvwFRe-mZ&_nc_oc=AdndEFo1q3uvFVaLVPMzvFJk5Tr_jCHCW_7KldDUPI0FQPIki5pahqMGvuX5V4hTyII&_nc_ad=z-m&_nc_cid=0&_nc_zt=23&_nc_ht=scontent.cdninstagram.com&_nc_gid=_lsFqJzeRjSH0o6U5JMPMg&oh=00_Afi_KI28aWyV15X33ZawJJu75PYJbqjR6Z6mvxG2Ura_KQ&oe=69311D92;Genel Başkanımız Sn. Özgür Özel ve Meclis Grubumuz ile birlikte, İl Belediye Başkanları toplantımızı gerçekleştirdik.  Başkanlarımızla bir araya gelerek, yerel yönetimlerdeki çalışmalarımızı, vatandaşlarımıza en iyi hizmeti sunma hedeflerimizi ve önümüzdeki dönemin stratejilerini ele aldık.  Halkçı belediyecilik anlayışımızla, kentlerimizi daha yaşanabilir kılmak ve milletimizin refahını artırmak için omuz omuza çalışmaya devam edeceğiz.;
https://www.instagram.com/p/DRMirbCCCEo/;Photo;344;24;0;2025-11-18 14:22:18;https://scontent.cdninstagram.com/v/t51.82787-15/582519812_18540894901018606_5122267455897881513_n.webp?_nc_cat=103&ig_cache_key=Mzc2ODUzOTUwNTc0NjI1NjE2OA%3D%3D.3-ccb7-5&ccb=7-5&_nc_sid=58cdad&efg=eyJ2ZW5jb2RlX3RhZyI6InhwaWRzLjE0NDB4MTgwMC5zZHIuQzMifQ%3D%3D&_nc_ohc=EVSed1Vcfc8Q7kNvwHG8N65&_nc_oc=AdkE0uwgVS6uP5RPiV7bwcT25NTqWneiUMXxzV8kaMguVsESBOwdqdvyfeJBmz9bn0E&_nc_ad=z-m&_nc_cid=0&_nc_zt=23&_nc_ht=scontent.cdninstagram.com&_nc_gid=_lsFqJzeRjSH0o6U5JMPMg&oh=00_AfjEbOkovvYrlL8IgQAtY94Q06wpqqoJh92G6ANcCRpDfw&oe=6931010E;TAZİYE  Belediyemize ait çöp kamyonunun çarpması sonucunda meydana gelen elim kazada hayatını kaybeden Fikriye Özdemir'e Allah'tan rahmet, kederli ailesine ve yakınlarına başsağlığı ve sabırlar diliyoruz.  Yaşanan bu üzücü olay hepimizi derinden sarsmıştır.  Kaza ile ilgili gerekli incelemeler adli makamlarca titizlikle yürütülmekte olup sürecin takipçisi olacağımızı  saygı ile duyururuz.  Metin Gürbüz / Sinop Belediye Başkanı;
https://www.instagram.com/p/DRH2BiGCLtf/;Reels;502;14;24691;2025-11-16 18:36:23;https://scontent-muc2-1.cdninstagram.com/v/t51.71878-15/582034309_723545166880327_2364373171337607220_n.jpg?stp=dst-jpg_e15_tt6&_nc_cat=105&ig_cache_key=Mzc2NzIxNzIxMzE1ODI0MzE2Nw%3D%3D.3-ccb7-5&ccb=7-5&_nc_sid=58cdad&efg=eyJ2ZW5jb2RlX3RhZyI6InhwaWRzLjY0MHgxMTM2LnNkci5DMyJ9&_nc_ohc=ME-P26liJmoQ7kNvwH_Q7XK&_nc_oc=AdnCcjJce2gmgXN2KOzwz5PRr_jn2SauawSAnEynAA4Do44GmC9OjReAoYV-mCppfugjaDPQBlQz1nxuzh0Y02Cl&_nc_ad=z-m&_nc_cid=0&_nc_zt=23&_nc_ht=scontent-muc2-1.cdninstagram.com&_nc_gid=XpaSz3UlzmjY-yRBWQIiRQ&oh=00_AfgetCne7zVe--YlQ1frY-jm2eH6ez7wzDeAvzJPKnaENQ&oe=69312B03;Sinop Lakerda Festivali’nde Final!  3006 yıllık geleneğin izinde, bu yıl altıncısı gerçekleştirilen Sinop Lakerda Festivali final yaptı.  Dört gün boyunca birbirinden güzel etkinliklere ev sahipliği yaparak yerli yabancı bir çok misafir ağırlayan festival, son gününde lakerda yarışması ile sona erdi.  Geleneksel yöntemlerle hazırladıkları lakerdalarla final yarışmasında, birinci seçilen Nihat Kahya’yı, ikinci seçilen Cemal Akdemir’i, üçüncü seçilen Sezer Ünaldı’yı tebrik ediyor, başarılarının devamını diliyoruz.  Festivale katılan, emeği geçen herkese teşekkür ediyoruz.;
https://www.instagram.com/p/DRHzemOCOf6/;Carousel;234;2;0;2025-11-16 18:12:54;https://scontent-muc2-1.cdninstagram.com/v/t51.82787-15/581450865_18540570289018606_618527283561055505_n.webp?_nc_cat=110&ig_cache_key=Mzc2NzIwNTk5Mzc3MjUyMzk5Mg%3D%3D.3-ccb7-5&ccb=7-5&_nc_sid=58cdad&efg=eyJ2ZW5jb2RlX3RhZyI6InhwaWRzLjE0Mzl4ODEwLnNkci5DMyJ9&_nc_ohc=1Sm8YyAIOh0Q7kNvwFUxPa_&_nc_oc=AdmFqxj1riTboHnfvJn4zwns3n8VAd7SwP9Sb4qMFMBXoaneWO4d4yX85djl-dcq69ekLqVWAC9_nTHPnwh9O7V4&_nc_ad=z-m&_nc_cid=0&_nc_zt=23&_nc_ht=scontent-muc2-1.cdninstagram.com&_nc_gid=XpaSz3UlzmjY-yRBWQIiRQ&oh=00_Afjw7a-M38cOxL2j6Zntqg3ppOVF7g5dUc8qoW5Dta5Jug&oe=69310542;📌 Sinop Lakerda Festivali'nde Final!  3006 yıllık geleneğin izinde, bu yıl altıncısı gerçekleştirilen Sinop Lakerda Festivali final yaptı.  Dört gün boyunca birbirinden güzel etkinliklere ev sahipliği yaparak yerli yabancı bir çok misafir ağırlayan festival, 4. gününde lakerda yarışması ile sona erdi.  Geleneksel yöntemlerle hazırladıkları lakerdalarla final yarışmasında, birinci seçilen Nihat Kahya'yı, ikinci seçilen Cemal Akdemir'i, üçüncü seçilen Sezer Ünaldı'yı tebrik ediyor, başarılarının devamını diliyoruz.  Festivale katılan, emeği geçen herkese teşekkür ediyoruz.;
https://www.instagram.com/p/DRHlTlMCBjd/;Reels;242;3;16333;2025-11-16 16:17:11;https://scontent-muc2-1.cdninstagram.com/v/t51.71878-15/583012230_1848037539185116_5364220326532326437_n.jpg?stp=dst-jpg_e15_tt6&_nc_cat=105&ig_cache_key=Mzc2NzE0MzY4NjYzOTk4MjgxMw%3D%3D.3-ccb7-5&ccb=7-5&_nc_sid=58cdad&efg=eyJ2ZW5jb2RlX3RhZyI6InhwaWRzLjY0MHgxMTM2LnNkci5DMyJ9&_nc_ohc=1tZRz6DHENEQ7kNvwHGnyuA&_nc_oc=AdkfYCcm-dhDBavi8OqhxgPo4xy9CTOtYoRZoxmKMSg8KdhzpwNYJMkDZsO8Flw38yBlvoIfFPBdu8kzquiMeFD9&_nc_ad=z-m&_nc_cid=0&_nc_zt=23&_nc_ht=scontent-muc2-1.cdninstagram.com&_nc_gid=XpaSz3UlzmjY-yRBWQIiRQ&oh=00_AfiUJ3g1M1Saf1LIrmMHn12m0XDM31uNPyIrfTNAVV29yw&oe=693110E5;Sinop’ta 3️⃣0️⃣0️⃣6️⃣ Yıllık Gelenek!  Lakerda Festivali’nin dördüncü gününde lakerda ve festival üzerine röportajlarımız devam ediyor.   Şef ve İşletmeci Maria Ekmekçioğlu, Yazar ve Tadımcı Elvan Uysal Bottoni, Yemek Kültürü Yazarı Nazlı Pişkin, röportajları ile sizlerleyiz.;
https://www.instagram.com/p/DRHiyshiMRG/;Reels;244;0;17368;2025-11-16 15:48:24;https://scontent-muc2-1.cdninstagram.com/v/t51.71878-15/581812745_3499525263536765_7560332316865675721_n.jpg?stp=dst-jpg_e15_tt6&_nc_cat=107&ig_cache_key=Mzc2NzEzMjYzMDY4MTE3NTExMA%3D%3D.3-ccb7-5&ccb=7-5&_nc_sid=58cdad&efg=eyJ2ZW5jb2RlX3RhZyI6InhwaWRzLjY0MHgxMTM2LnNkci5DMyJ9&_nc_ohc=JgDOQHOsEdkQ7kNvwG8sGlr&_nc_oc=Adk8c5QEbEwgoZGWZ9rXaogp2A9B29HZr8u_cs3CNxW7GKL07Nl_7u0oh041iCEzzbi98QwzlxBncYnKdg64sMCE&_nc_ad=z-m&_nc_cid=0&_nc_zt=23&_nc_ht=scontent-muc2-1.cdninstagram.com&_nc_gid=XpaSz3UlzmjY-yRBWQIiRQ&oh=00_AfjLf42qhlT4-E-gyTIJ7Wq6b0B_jxWAY_tH2eJRyvdIbg&oe=693130CD;3️⃣0️⃣0️⃣6️⃣ Yıllık Gelenek!  📌Sinop Lakerda Festivali 4. Gün  Levon Bağış & Tan Morgül ile Festival ve Lakerda üzerine sohbet gerçekleştirdik.;
https://www.instagram.com/p/DRFL2DgiGZ9/;Reels;452;6;20558;2025-11-15 17:48:51;https://scontent-muc2-1.cdninstagram.com/v/t51.71878-15/584369499_741282375651246_2825974310987313529_n.jpg?stp=dst-jpg_e15_tt6&_nc_cat=104&ig_cache_key=Mzc2NjQ2ODc1NjQ5NTY4OTM0MQ%3D%3D.3-ccb7-5&ccb=7-5&_nc_sid=58cdad&efg=eyJ2ZW5jb2RlX3RhZyI6InhwaWRzLjY0MHgxMTM2LnNkci5DMiJ9&_nc_ohc=f6qJzOxw5EcQ7kNvwGOeivY&_nc_oc=Adl9X5v--chOeaz86VAxR6UkFmo3S_JGNQUp5MYSEptCHwsYiM1BBV3xWr1DBMkO7lwA7pQEeZOHMblfn4TccKG5&_nc_ad=z-m&_nc_cid=0&_nc_zt=23&_nc_ht=scontent-muc2-1.cdninstagram.com&_nc_gid=XpaSz3UlzmjY-yRBWQIiRQ&oh=00_AfgNGGddmGlELEE1OtY9136TDgJxx7wBDj0q63-2f2xSGw&oe=6931131B;📌Lakerda Festivali yerli ve yabancı çok sayıda misafiri kentimizde ağırlamayı sürdürüyor.   ✅Dopdolu programıyla Lakerda Festivali sizleri bu güzel etkinliğe davet ediyor!;
https://www.instagram.com/p/DRE_RGViLD5/;Reels;239;7;15172;2025-11-15 16:02:23;https://scontent-muc2-1.cdninstagram.com/v/t51.71878-15/581849059_4383421121890412_7476453727151791512_n.jpg?stp=dst-jpg_e15_tt6&_nc_cat=100&ig_cache_key=Mzc2NjQxMzQ0MDM1MzYxMjAyNQ%3D%3D.3-ccb7-5&ccb=7-5&_nc_sid=58cdad&efg=eyJ2ZW5jb2RlX3RhZyI6InhwaWRzLjY0MHgzNjAuc2RyLkMzIn0%3D&_nc_ohc=cEmsA0LKbvcQ7kNvwHOTTmK&_nc_oc=Adk396kjCC-8uymyzUJGHPj5ceiby69Aw2erQZVzarReje0MTYdrrjzbfR7KRtuChT9wDAKXTNhhr85Qv3nKTbJD&_nc_ad=z-m&_nc_cid=0&_nc_zt=23&_nc_ht=scontent-muc2-1.cdninstagram.com&_nc_gid=XpaSz3UlzmjY-yRBWQIiRQ&oh=00_AfjEJkoHN92j4t2j04GkJH40tl_cnyg8S00_t0apxOvmhQ&oe=693121E4;🌊Türkiye’nin kaptan köşkü Sinop’ta 3️⃣0️⃣0️⃣6️⃣ Yıllık Gelenek !  ➡️Lakerda Festivali üçüncü gününde paneller, söyleşiler, atölyeler ve çok sayıda etkinlikle tüm hızıyla devam ediyor!  ✅Hafta sonunu dopdolu geçirmek isteyenler Lakerda Festivali’nde buluşuyor!;
https://www.instagram.com/p/DREzgQYCDmy/;Carousel;464;5;0;2025-11-15 14:15:24;https://scontent-muc2-1.cdninstagram.com/v/t51.82787-15/581672609_18540377266018606_1631938338152227721_n.jpg?stp=dst-jpegr_e35_tt6&_nc_cat=104&ig_cache_key=Mzc2NjM2MTY4MzkzNDExNjM4NA%3D%3D.3-ccb7-5&ccb=7-5&_nc_sid=58cdad&efg=eyJ2ZW5jb2RlX3RhZyI6InhwaWRzLjE0NDB4ODEwLmhkci5DMyJ9&_nc_ohc=3vzydeR9OPAQ7kNvwHdtTz0&_nc_oc=AdmAqmadxGuJgpeH7E5NuF1DNrHrcEQCozLvkveQDib-9-Tdo7engp4C6t2jsqevZGK06k3j8XfTZB_nb4KOTtpc&_nc_ad=z-m&_nc_cid=0&_nc_zt=23&_nc_ht=scontent-muc2-1.cdninstagram.com&_nc_gid=XpaSz3UlzmjY-yRBWQIiRQ&oh=00_Afi0TS9D3rv5vHBDlffjjKj0iBPdEFvw-pvohCjlCrP4iA&oe=6931008E;📢Hafta sonunu dopdolu geçirmek isteyenler Lakerda Festivali’nde buluşuyor!  ➡️Festival, üçüncü gününde de misafirlerini ağırlamaya devam ediyor.  📌Paneller, söyleşiler, atölyeler, çocuk etkinlikleri ve sergiler sizleri bekliyor!;
https://www.instagram.com/p/DRDL_pwiPCw/;Reels;247;3;14158;2025-11-14 23:14:17;https://scontent-muc2-1.cdninstagram.com/v/t51.71878-15/582707468_1125283139722627_7991731966670994343_n.jpg?stp=dst-jpg_e15_tt6&_nc_cat=106&ig_cache_key=Mzc2NTkwNjQ2NjA4ODIxODgwMA%3D%3D.3-ccb7-5&ccb=7-5&_nc_sid=58cdad&efg=eyJ2ZW5jb2RlX3RhZyI6InhwaWRzLjY0MHgzNjAuc2RyLkMzIn0%3D&_nc_ohc=FF5qMOOOiTcQ7kNvwGsEEOo&_nc_oc=Adnc4kmlVlD5cgG0d2pmvaqQY8DtdFr-d8uQOP9YLvkyaCzlxXMrG5uCbFiyYg6uzM4p70aoK6d7vk742knro9UT&_nc_ad=z-m&_nc_cid=0&_nc_zt=23&_nc_ht=scontent-muc2-1.cdninstagram.com&_nc_gid=XpaSz3UlzmjY-yRBWQIiRQ&oh=00_AfjVmnAOSG48dilSI9WML4D5MrCX9w5IvJL-FwPoO53CRA&oe=69313109;📌Sinop’ta 3006 Yıllık Gelenek!   ➡️Sinop Lakerda Festivali resmi açılış programı Belediye Başkanımız Metin Gürbüz ve protokol üyelerinin katılımıyla gerçekleştirildi. Devamında İklim Tamkan Vox Maris/ Denizin Sesi dinletisi ile izleyicileri büyüledi.   ⛵️Ardından toplanan paraların Mehmetçik Vakfı’na bağışlanacağı Geleneksel Helesa Yürüyüşü hep birlikte yapıldı, Uğur Mumcu Meydanı’nda toplanan kalabalık sellim başı Murat İlkılıç’a eşlik ederek Festival Çadırı’na kadar yürüdü.   📢Bu hafta sonunu dopdolu geçirmek isteyenler Lakerda Festivali’nde buluşuyor!;
https://www.instagram.com/p/DRDK8F_CDJW/;Carousel;374;6;0;2025-11-14 23:01:42;https://scontent-muc2-1.cdninstagram.com/v/t51.82787-15/580762506_18540292987018606_1919656642782561709_n.jpg?stp=dst-jpg_e35_tt6&_nc_cat=110&ig_cache_key=Mzc2NTkwMTgwMDk2NTIwNDcyMA%3D%3D.3-ccb7-5&ccb=7-5&_nc_sid=58cdad&efg=eyJ2ZW5jb2RlX3RhZyI6InhwaWRzLjE0NDB4OTYwLnNkci5DMyJ9&_nc_ohc=K6Etzt1pktEQ7kNvwH7bRY7&_nc_oc=AdkBQOYnws0RWlaogfe-JOjkf3Zvtb3AS3Gs_46ddpyxNxqj5ywduswxH8_NkoP_N-VlWdnF0_hiX98o5knKLdtL&_nc_ad=z-m&_nc_cid=0&_nc_zt=23&_nc_ht=scontent-muc2-1.cdninstagram.com&_nc_gid=XpaSz3UlzmjY-yRBWQIiRQ&oh=00_AfggLWFiQQIaKa7QhlxFs_TP3RcK4z4RALMlwHywoeYKBA&oe=69310853;📌Sinop’ta 3006 Yıllık Gelenek!   ➡️Sinop Lakerda Festivali resmi açılış programı Belediye Başkanımız Metin Gürbüz ve protokol üyelerinin katılımıyla gerçekleştirildi. Devamında İklim Tamkan Vox Maris/ Denizin Sesi dinletisi ile izleyicileri büyüledi.   ⛵️Ardından toplanan paraların Mehmetçik Vakfı’na bağışlanacağı Geleneksel Helesa Yürüyüşü hep birlikte yapıldı, Uğur Mumcu Meydanı’nda toplanan kalabalık sellim başı Murat İlkılıç’a eşlik ederek Festival Çadırı’na kadar yürüdü.   📢Bu hafta sonunu dopdolu geçirmek isteyenler Lakerda Festivali’nde buluşuyor!;
https://www.instagram.com/p/DRC2oviCBsY/;Reels;12291;461;147693;2025-11-14 20:06:41;https://scontent-muc2-1.cdninstagram.com/v/t51.82787-15/581186354_18540271447018606_4060595989408561779_n.jpg?stp=dst-jpg_e15_tt6&_nc_cat=111&ig_cache_key=Mzc2NTgxMjUzMjc2MjY0NzMyMDE4NTQwMjcxNDQ0MDE4NjA2.3-ccb7-5&ccb=7-5&_nc_sid=58cdad&efg=eyJ2ZW5jb2RlX3RhZyI6InhwaWRzLjU0MHg5NjAuc2RyLkMzIn0%3D&_nc_ohc=wqRq1abdi9gQ7kNvwEj-nBE&_nc_oc=Adny32iiSxe13qpOJChfjoge6BWZ1QvqDhNQO4zDHKX9l_D2fuCPV6OOO_DdW3PA71OnUXOP3cjNkG6uSVejLSBK&_nc_ad=z-m&_nc_cid=0&_nc_zt=23&_nc_ht=scontent-muc2-1.cdninstagram.com&_nc_gid=XpaSz3UlzmjY-yRBWQIiRQ&oh=00_AfiIu9CjKbTLn0jIdZ3J2S-Du-JhN7i3nwQAJpJ7LRlJ2Q&oe=693120EB;Tüm vatandaşlarımızı, yarın sabah saat 10:00'da, Serhan Asker'in sunumuyla Halk Tv'de Görkemli Hatıralar Programı'nı izlemeye davet ediyoruz.;
https://www.instagram.com/p/DRCZTeJiN8H/;Reels;326;4;15141;2025-11-14 15:55:05;https://scontent-muc2-1.cdninstagram.com/v/t51.71878-15/581739105_915772571022246_7977534228466259234_n.jpg?stp=dst-jpg_e15_tt6&_nc_cat=103&ig_cache_key=Mzc2NTY4MzUyNzY0MDIxMTIwNw%3D%3D.3-ccb7-5&ccb=7-5&_nc_sid=58cdad&efg=eyJ2ZW5jb2RlX3RhZyI6InhwaWRzLjY0MHgzNjAuc2RyLkMzIn0%3D&_nc_ohc=7jIp8KGk_EIQ7kNvwE_6Qyc&_nc_oc=Adn45tefQtcvn0fDXrRqHsheUpIVtKxqA14rSV6dlcvkJXNjNugEyDuMa0rolZlJgFE8z5L2A_rUiOo7ph5Yu3sg&_nc_ad=z-m&_nc_cid=0&_nc_zt=23&_nc_ht=scontent-muc2-1.cdninstagram.com&_nc_gid=XpaSz3UlzmjY-yRBWQIiRQ&oh=00_AfiUpR2cCT6ORCVMBf_jx88rVO7uYPJR1C7gycn9GzIYEg&oe=6931177F;📌3006 yıllık bir geleneğin izinde denizin lezzetini Sinop’un ruhuyla buluşturan festival Lakerda Festivali’ne hoş geldiniz!  ➡️Lakerda festivali dopdolu programıyla sizlerle buluşuyor, 17.00’de resmi açılışta ardından Helesa Yürüyüşü’nde görüşmek üzere👋;
https://www.instagram.com/p/DRCN0xKiIDc/;Reels;502;17;19805;2025-11-14 14:08:31;https://scontent-muc2-1.cdninstagram.com/v/t51.71878-15/583697802_1553800962419696_8049593228729643363_n.jpg?stp=dst-jpg_e15_tt6&_nc_cat=102&ig_cache_key=Mzc2NTYzMzAzOTI0MjY1ODAxMg%3D%3D.3-ccb7-5&ccb=7-5&_nc_sid=58cdad&efg=eyJ2ZW5jb2RlX3RhZyI6InhwaWRzLjY0MHgxMTM2LnNkci5DMyJ9&_nc_ohc=yokI_6AnUo4Q7kNvwE0ctvl&_nc_oc=AdmpcDv_UxnFD7k0phVE0rRKERkz91u5AWSnjtyp4-EVxhHjZr_khwsP0oDqR2WczwAToOGskX16ixp7UKTXG4v4&_nc_ad=z-m&_nc_cid=0&_nc_zt=23&_nc_ht=scontent-muc2-1.cdninstagram.com&_nc_gid=XpaSz3UlzmjY-yRBWQIiRQ&oh=00_AfgMJS9qP_QSB7b9oZCW_uXnDQW2j5IWpCnQy_ZHJ7q_nw&oe=693105B7;"3️⃣0️⃣0️⃣6️⃣ yıllık gelenek Lakerda Festivali kortej yürüyüşü gerçekleştirildi!  🗓️13-16 Kasım tarihleri arasında atölyeler, sergi ve söyleşiler, sürpriz konuklar ve çok sayıda etkinlikle Lakerda Festivali; Festival Çadırı ve Sabahattin Ali Kültür Merkezimizde misafirlerini ağırlayacak!  ⌚️17.00’de resmi açılışa ve devamında Helesa Yürüyüşü’ne davetlisiniz!";
https://www.instagram.com/p/DRB8RvnCPLm/;Reels;408;12;21004;2025-11-14 11:35:19;https://scontent.cdninstagram.com/v/t51.71878-15/581793617_3954556561521762_7358019854745208375_n.jpg?stp=dst-jpg_e15_tt6&_nc_cat=100&ig_cache_key=Mzc2NTU1NTg2NTYwMDk3OTY4Ng%3D%3D.3-ccb7-5&ccb=7-5&_nc_sid=58cdad&efg=eyJ2ZW5jb2RlX3RhZyI6InhwaWRzLjY0MHgzNjAuc2RyLkMzIn0%3D&_nc_ohc=VrW6ZKepYxwQ7kNvwGaZXW8&_nc_oc=AdmG4iIbxFLxOJQ2kWbhAhvl3xTnd6HaJiSBYFKB6yOxY_yLLC8LdG-nL2Tvq76W8pfUYmQiOC-BiWdOB9RvxZLl&_nc_ad=z-m&_nc_cid=0&_nc_zt=23&_nc_ht=scontent.cdninstagram.com&_nc_gid=fjZ9upyLIafcXLfWIfykfg&oh=00_AfggTBTHNs3xYEDL3bAceHB1U9cRONNcRZNMmUkTsQ5RZw&oe=69311632;📣 Sinop Kamuoyuna Duyuru;
https://www.instagram.com/p/DRAiRZBiCiE/;Photo;250;5;0;2025-11-13 22:27:52;https://scontent.cdninstagram.com/v/t51.82787-15/582343179_18540103003018606_5146899804869384080_n.webp?_nc_cat=105&ig_cache_key=Mzc2NTE2MDAxNzE2MzQ2Mjc4OA%3D%3D.3-ccb7-5&ccb=7-5&_nc_sid=58cdad&efg=eyJ2ZW5jb2RlX3RhZyI6InhwaWRzLjE0NDB4MTgwMC5zZHIuQzMifQ%3D%3D&_nc_ohc=njxsxGgm2AgQ7kNvwEn58VO&_nc_oc=AdlKNMLA3eQeInEgozqwxEr_Pl_k5AXD-zvylcDjeDFlc3wmsMLuqqylFuHUqif9XnP3EWS8rav694_ub36moz23&_nc_ad=z-m&_nc_cid=0&_nc_zt=23&_nc_ht=scontent.cdninstagram.com&_nc_gid=fjZ9upyLIafcXLfWIfykfg&oh=00_AfjmkCL3Gi6Rrzc0dz_loRRPtygrEIdx8zdZSFAeVTk0Rg&oe=6930FD72;Hırvatistan’da telsiz irtibatı kesilen ve maalesef enkazına ulaşılan Orman Genel Müdürlüğümüze ait yangın söndürme uçağında görev yapan kahraman personelimizin acı haberini derin bir üzüntüyle  öğrenmiş bulunmaktayım.  Hayatını kaybeden fedakâr personelimize Allah’tan rahmet, ailelerine ve Orman Genel Müdürlüğü  camiamıza sabır ve başsağlığı diliyorum.  Milletimizin başı sağ olsun.;
https://www.instagram.com/p/DQ_mvwECDfi/;Carousel;198;2;0;2025-11-13 13:47:43;https://scontent.cdninstagram.com/v/t51.82787-15/581271930_18539734543018606_8199172404250767501_n.webp?_nc_cat=107&ig_cache_key=Mzc2NDg5ODE5NDAwMjU4OTA3NQ%3D%3D.3-ccb7-5&ccb=7-5&_nc_sid=58cdad&efg=eyJ2ZW5jb2RlX3RhZyI6InhwaWRzLjE0Mzl4MTAxMi5zZHIuQzMifQ%3D%3D&_nc_ohc=QbGOEi30ITAQ7kNvwGx5KED&_nc_oc=Adn7VYk1VAsZ-lpjpoxVVcQ1lkWoTjY0V6Q23KJUghrAIIYPmQaZRLt5XHaXuYLwaAcXgQkTYO1WAtgrjF_eJwY4&_nc_ad=z-m&_nc_cid=0&_nc_zt=23&_nc_ht=scontent.cdninstagram.com&_nc_gid=fjZ9upyLIafcXLfWIfykfg&oh=00_AfhFw9F1e8SBJIu-h9VieewM46Zhb63pJ-x8MXdByj5mGA&oe=693126C5;📌 Saha ve Birim Ziyaretleri  Belediye Başkanımız Metin Gürbüz, Başkan Yardımcılarımız ve İlgili Birim Müdürlerimiz ile birlikte birim ziyaretleri gerçekleştirdi.  📍Belediyemiz bünyesinde faaliyet göstermekte olan, geri dönüşebilen atıkları toplama tesisimiz ziyaret edildi. Başkanımız, tesisimizi gezerek ilgili birim müdürümüzden tesisin faaliyetleri hakkında bilgi aldı.  📍Destek Hizmetleri Müdürlüğümüz ziyaret edilerek ekipmanlarımız ve çalışmalar hakkında ilgili birim müdürlerimiz tarafından Başkanımıza bilgi aktarıldı.  📍Son olarak, Katı Atık Düzenli Depolama ve Bertaraf tesisi ziyaret edilerek, tesisin faaliyetleri hakkında bilgi alındı.;
https://www.instagram.com/p/DQ98Vl8iECv/;Photo;237;9;0;2025-11-12 22:17:55;https://scontent.cdninstagram.com/v/t51.82787-15/580480400_18539328436018606_2887639223124640058_n.webp?_nc_cat=111&ig_cache_key=Mzc2NDQzMDIzMDE5NTI5MDI4Nw%3D%3D.3-ccb7-5&ccb=7-5&_nc_sid=58cdad&efg=eyJ2ZW5jb2RlX3RhZyI6InhwaWRzLjE0NDB4MTgwMC5zZHIuQzMifQ%3D%3D&_nc_ohc=yRbQMny2mqoQ7kNvwExL0XD&_nc_oc=AdnjkDJuTQ6IMEinqJuhN0r39cc396M5dfefIQXA5mmhvP3BJWUzPyVgTh9zfq9rZNUI3WryN9rnby3IOcMzC9Zf&_nc_ad=z-m&_nc_cid=0&_nc_zt=23&_nc_ht=scontent.cdninstagram.com&_nc_gid=fjZ9upyLIafcXLfWIfykfg&oh=00_Afi3UHlrqf_BdP7h_kED4ALnjplBQk8pT2vfucsjpDmc6Q&oe=69311690;Sanat hayatı boyunca klasik Türk müziğine eşsiz bir değer katan, sesiyle nesillerin hafızasında yer edinen Muazzez Abacı, daima sevgiyle ve saygıyla anılacaktır.  Kıymetli sanatçımıza Allah’tan rahmet, ailesine, sevenlerine ve tüm sanat camiamıza başsağlığı diliyorum.;
https://www.instagram.com/p/DQ9T9b_iKlQ/;Carousel;317;9;0;2025-11-12 16:25:05;https://scontent.cdninstagram.com/v/t51.82787-15/579660774_18539195122018606_7617542884421486177_n.jpg?stp=dst-jpg_e35_tt6&_nc_cat=104&ig_cache_key=Mzc2NDI1MjYzMjA5ODA3NzQzOA%3D%3D.3-ccb7-5&ccb=7-5&_nc_sid=58cdad&efg=eyJ2ZW5jb2RlX3RhZyI6InhwaWRzLjEwNjF4NzA0LnNkci5DMyJ9&_nc_ohc=j-C0pnGYzH0Q7kNvwFuJ0Xo&_nc_oc=AdluG8b4MijhDlGAfwNfeAyId8htvFVM53Q5ibbebGRTeABpPIzKTKwQ2mW3Z1Lu1O_5wLLpy81kfsiV4NbsfQsb&_nc_ad=z-m&_nc_cid=0&_nc_zt=23&_nc_ht=scontent.cdninstagram.com&_nc_gid=fjZ9upyLIafcXLfWIfykfg&oh=00_AfglpzBTvY3GI13mmJwSTtAO0Wj5jM1dUKLCzw290Tpqrg&oe=6931160D;Sinop İçme Suyu ve Hizmet Birliği Kasım Ayı Olağan Meclis Toplantısı belediyemiz toplantı salonunda Belediye Başkanımız ve Birlik Başkanı Metin Gürbüz başkanlığında gerçekleştirildi.  Toplantıya Erfelek Belediye Başkanı Mehmet Uzun, Gerze Belediye Başkanı Osman Belovacıklı, meclis üyeleri ve birlik meclis üyeleri katıldı.;
https://www.instagram.com/p/DQ9R66FCCb5/;Carousel;254;0;0;2025-11-12 16:07:16;https://scontent.cdninstagram.com/v/t51.82787-15/579720568_18539191960018606_4753312522547960336_n.webp?_nc_cat=107&ig_cache_key=Mzc2NDI0MzY2NTE5NjE2MDAyNw%3D%3D.3-ccb7-5&ccb=7-5&_nc_sid=58cdad&efg=eyJ2ZW5jb2RlX3RhZyI6InhwaWRzLjE0Mzl4ODEwLnNkci5DMyJ9&_nc_ohc=16I9sVoDWkgQ7kNvwEKfqBr&_nc_oc=AdnkWeo2_iF3T_Py2kuai0Hy__2621WfMWqJWzRHXVRvhhptsL8UYyNU3zPUJ8wy7xnBfzGCESqSgDgWDNt-4gGK&_nc_ad=z-m&_nc_cid=0&_nc_zt=23&_nc_ht=scontent.cdninstagram.com&_nc_gid=fjZ9upyLIafcXLfWIfykfg&oh=00_AfgJZhJ0Se4As8FYx5Rybq-q7Oacv21Mx9RkAD7D2s11hg&oe=6931139E;Belediye Meclisi Üyelerimizle birlikte, Pervane Medresesi esnafımızla bir araya geldik.   Her zaman Pervane Medresesi esnafımızın yanında olmaya devam edeceğiz.;
https://www.instagram.com/p/DQ9B7fBDJ-y/;Carousel;254;3;0;2025-11-12 13:47:32;https://scontent.cdninstagram.com/v/t51.82787-15/581071473_18062249468441977_4175329759549584619_n.webp?_nc_cat=103&ig_cache_key=Mzc2NDE3MzM0MjMyMTE1Mzc3MQ%3D%3D.3-ccb7-5&ccb=7-5&_nc_sid=58cdad&efg=eyJ2ZW5jb2RlX3RhZyI6InhwaWRzLjE0Mzl4ODEwLnNkci5DMyJ9&_nc_ohc=qvvQJd8vON8Q7kNvwFTZI7s&_nc_oc=AdlznMaF6_8mhg1-TrwOtCc5A8z33CmS1JI4AYPFRfLOcPK4qtLiD6QberVV05qrKgas1vH4DpGmV6R28XGNlltU&_nc_ad=z-m&_nc_cid=0&_nc_zt=23&_nc_ht=scontent.cdninstagram.com&_nc_gid=fjZ9upyLIafcXLfWIfykfg&oh=00_AfgXnOcPZONhZxmOevuBbiem0x4zzy2sLnc0kVRyk5d6EA&oe=69311493;Cumhuriyet Halk Partisi Sinop İl Başkanlığımızın, partimizin kapatılmasına yönelik çalışmalara karşı düzenlediği basın açıklamasına katıldık.   Cumhuriyet Halk Partisi, kökleri Kuvâ-yi Milliye’ye dayanan, bu ülkenin temellerini atan, demokrasinin ve hukuk devletinin güvencesi olan bir partidir.   Hiçbir güç, Cumhuriyet’in kurucu değerlerini ve bu ülkenin aydınlık yarınlarına olan inancımızı sarsamayacaktır.;
https://www.instagram.com/p/DQ8oflJiGq0/;Carousel;195;0;0;2025-11-12 10:05:16;https://scontent.cdninstagram.com/v/t51.82787-15/580607621_18539061169018606_457576027062021226_n.webp?_nc_cat=110&ig_cache_key=Mzc2NDA2MTQ1OTI1MzMxNjUwNg%3D%3D.3-ccb7-5&ccb=7-5&_nc_sid=58cdad&efg=eyJ2ZW5jb2RlX3RhZyI6InhwaWRzLjE0Mzl4ODEwLnNkci5DMyJ9&_nc_ohc=BzMuq6pLSrYQ7kNvwEVE05F&_nc_oc=Adl8dRvOOErNcrzpatwDauWzOMCr2rNWQcQYupg22Hgsgn-gzNq7Dm8XwTHZMftlLSenD9BXIQNFeIsRfE6ycub7&_nc_ad=z-m&_nc_cid=0&_nc_zt=23&_nc_ht=scontent.cdninstagram.com&_nc_gid=fjZ9upyLIafcXLfWIfykfg&oh=00_AfhMOBjO7Zm0BCv7yXnfCN9_R_Fu2nC2GcSr0-NyM3CODg&oe=6931203D;Belediye Başkanımız Metin Gürbüz, Başkan Yardımcılarımız ve Birim Müdürlerimizle birlikte aylık olağan değerlendirme toplantısını gerçekleştirdi.  Belediyemizin çalışmalarını daha verimli hale getirmek, kentimizin ihtiyaçlarına hızlı ve etkin çözümler üretebilmek amacıyla yapılan toplantıda, devam eden projeler ve önümüzdeki dönem planlamaları ele alındı.;
https://www.instagram.com/p/DQ7MeMYiJjp/;Photo;190;10;0;2025-11-11 20:41:10;https://scontent.cdninstagram.com/v/t51.82787-15/575686010_18538882321018606_5531694613911037187_n.webp?_nc_cat=106&ig_cache_key=Mzc2MzY1Njc2NTAzNzEyMzgxNw%3D%3D.3-ccb7-5&ccb=7-5&_nc_sid=58cdad&efg=eyJ2ZW5jb2RlX3RhZyI6InhwaWRzLjE0NDB4MTgwMC5zZHIuQzMifQ%3D%3D&_nc_ohc=BWxUsJxqn-gQ7kNvwFIrUDZ&_nc_oc=AdnnaRCqO_G2KjzoKP8uKRWokJ_9ABkGRt0wtNRTN3kA_r6sIDuiTHBGfCOs8PzWoSCKsGx_FWrZs8aKSclCnkWG&_nc_ad=z-m&_nc_cid=0&_nc_zt=23&_nc_ht=scontent.cdninstagram.com&_nc_gid=fjZ9upyLIafcXLfWIfykfg&oh=00_AfixsVxQilIRsYJGj8jUnyhGLUDyPi5-3j33Yf_lNTa6-g&oe=69312C87;... . . . Azerbaycan’dan ülkemize gelmek üzere havalanan  C-130 askerî kargo uçağımızın Gürcistan-Azerbaycan  sınırında düştüğü haberini derin bir üzüntüyle  öğrenmiş bulunmaktayız.   Bu elim kazada hayatını kaybeden kahraman  askerlerimize Allah’tan rahmet, kederli ailelerine, Türk Silahlı Kuvvetlerimize ve aziz milletimize başsağlığı diliyorum.;
https://www.instagram.com/p/DQ6ykIiiDuZ/;Reels;288;2;15168;2025-11-11 16:58:54;https://scontent.cdninstagram.com/v/t51.71878-15/579481242_2074009686683447_8017900078944606308_n.jpg?stp=dst-jpg_e15_tt6&_nc_cat=109&ig_cache_key=Mzc2MzU0MjgyNDAxNzQ3NjUwNQ%3D%3D.3-ccb7-5&ccb=7-5&_nc_sid=58cdad&efg=eyJ2ZW5jb2RlX3RhZyI6InhwaWRzLjY0MHgzNjAuc2RyLkMzIn0%3D&_nc_ohc=FzEYkIqekAIQ7kNvwFAAddd&_nc_oc=Adn_gVD-HCUwI8bI2W6Xaj5A6y8_y3cm-wT7G2oqeIftdWpLQJUharSqQYhANAkGeeuybLUIB79oJjDW4DqNriEU&_nc_ad=z-m&_nc_cid=0&_nc_zt=23&_nc_ht=scontent.cdninstagram.com&_nc_gid=fjZ9upyLIafcXLfWIfykfg&oh=00_AfhcSh4hx8PWypM-KFEm98imzu8IEK13SKi6JE8L1P65Sw&oe=69310F04;🇹🇷 O’nun Sevdiği Şarkılarla...  Sinop Belediye Konservatuvarımızın, 10 Kasım dolayısıyla düzenlediği “O’nun Sevdiği Şarkılar” konseriyle Ulu Önder Gazi Mustafa Kemal Atatürk’ü saygı, sevgi ve özlemle andık.  Atamızın sevdiği ezgiler bu kez Sinop’ta yankılandı… Kalbimiz yine O’nunla, O’nun izinde.   🎶 Emeği geçen tüm sanatçılarımıza ve katılım gösteren hemşehrilerimize teşekkür ederiz.;
https://www.instagram.com/p/DQ6kL0YiJhv/;Carousel;347;3;0;2025-11-11 14:49:08;https://scontent.cdninstagram.com/v/t51.82787-15/581519641_18538802290018606_7430640979975044399_n.jpg?stp=dst-jpg_e35_tt6&_nc_cat=109&ig_cache_key=Mzc2MzQ3OTU1NzU4MDUyODEwNQ%3D%3D.3-ccb7-5&ccb=7-5&_nc_sid=58cdad&efg=eyJ2ZW5jb2RlX3RhZyI6InhwaWRzLjExODN4ODc0LnNkci5DMyJ9&_nc_ohc=g28TmtggSCsQ7kNvwHd8Irq&_nc_oc=AdlK8QcEnBrSsW7O8qSH-MFYR2AkhtuO9fzOxOydAN09r5P8CLFlcek9S5hNobTSrmkjZPkc3QTi1dsmd_sutElb&_nc_ad=z-m&_nc_cid=0&_nc_zt=23&_nc_ht=scontent.cdninstagram.com&_nc_gid=fjZ9upyLIafcXLfWIfykfg&oh=00_AfiTIM0wXtlHSZgua8OvR5gFkUuzDpgTpd6vjNEic59yAg&oe=69311522;"📌Belediye Başkanımız Metin Gürbüz il protokolü ile birlikte; 11 Kasım Milli Ağaçlandırma Günü sebebiyle düzenlenen fidan dikme etkinliğine katıldı.  📍Abalı Köyü Harmangölü Mevkii’nde düzenlenen programda Başkanımız Metin Gürbüz öğrencilerle birlikte fidanları toprakla buluşturdu.";
https://www.instagram.com/p/DQ6JfMiiH3_/;Carousel;242;0;0;2025-11-11 10:55:51;https://scontent.cdninstagram.com/v/t51.82787-15/582214035_18538704799018606_5755009716583098443_n.webp?_nc_cat=104&ig_cache_key=Mzc2MzM2MjEzNzcwNDUwNTg4Nw%3D%3D.3-ccb7-5&ccb=7-5&_nc_sid=58cdad&efg=eyJ2ZW5jb2RlX3RhZyI6InhwaWRzLjE0NDB4OTU0LnNkci5DMyJ9&_nc_ohc=hOB0l3hpny4Q7kNvwE3fZ_4&_nc_oc=AdlXQ_SCq_-wwUbi8MJMW8IM2dxfqcBkZp_ZR88Ne5MMIPHq_t3Ttzum5TbWzpeBej6c-3igEU19yD7ol1pcTqnY&_nc_ad=z-m&_nc_cid=0&_nc_zt=23&_nc_ht=scontent.cdninstagram.com&_nc_gid=fjZ9upyLIafcXLfWIfykfg&oh=00_AfhfN-UUeftcVSCAmAROOQeemeZqsju_QZDXFt04JQ5zzg&oe=69311BDC;🇹🇷 O’nun Sevdiği Şarkılarla...  Sinop Belediye Konservatuvarımızın, 10 Kasım dolayısıyla düzenlediği “O’nun Sevdiği Şarkılar” konseriyle Ulu Önder Gazi Mustafa Kemal Atatürk’ü saygı, sevgi ve özlemle andık.  Atamızın sevdiği ezgiler bu kez Sinop’ta yankılandı… Kalbimiz yine O’nunla, O’nun izinde.   🎶 Emeği geçen tüm sanatçılarımıza ve katılım gösteren hemşehrilerimize teşekkür ederiz.;
https://www.instagram.com/p/DQ6C5lUiDOT/;Photo;113;12;0;2025-11-11 09:58:17;https://scontent-ham3-1.cdninstagram.com/v/t51.82787-15/580506905_18538700770018606_518964050479648849_n.webp?_nc_cat=104&ig_cache_key=Mzc2MzMzMzE5MTc5NzU4NDc4Nw%3D%3D.3-ccb7-5&ccb=7-5&_nc_sid=58cdad&efg=eyJ2ZW5jb2RlX3RhZyI6InhwaWRzLjE0NDB4MTQ0MC5zZHIuQzMifQ%3D%3D&_nc_ohc=N4vqEyLxI3YQ7kNvwHsLwDo&_nc_oc=AdmhvTc3w6uSrjRvtkAxh0iuVs50cmB76IpLW4B7Fytp4ZOCyfMBV4vjuV0QYu8YIiR1NKVv8XFa37SJDdga05-6&_nc_ad=z-m&_nc_cid=0&_nc_zt=23&_nc_ht=scontent-ham3-1.cdninstagram.com&_nc_gid=tvN8a--azmPMxEMGqZX_rw&oh=00_AfgqAkcDEZhaT9iToIS77LbROtjYQxBgk5TUPHJKOFZ4zA&oe=6931207A;📍 Atatürk Caddesi Yol Çalışmaları Hakkında;
https://www.instagram.com/p/DQ57BE1iM24/;Carousel;435;15;0;2025-11-11 08:49:24;https://scontent-ham3-1.cdninstagram.com/v/t51.82787-15/575973889_18538661044018606_6835482231719992510_n.webp?_nc_cat=103&ig_cache_key=Mzc2MzI5ODQ5MTg0MjQ3MTA4Nw%3D%3D.3-ccb7-5&ccb=7-5&_nc_sid=58cdad&efg=eyJ2ZW5jb2RlX3RhZyI6InhwaWRzLjE0Mzl4ODEwLnNkci5DMyJ9&_nc_ohc=MH_2moxCwaEQ7kNvwE_VJUY&_nc_oc=Adn2Uo2UKxp-EENz5V7jTaLh60cCBxVRSxFoBhGU0YhLkd1yvQ-Krh2nBf0s3jYEpnNZyqqlResC030MVEnToMJf&_nc_ad=z-m&_nc_cid=0&_nc_zt=23&_nc_ht=scontent-ham3-1.cdninstagram.com&_nc_gid=tvN8a--azmPMxEMGqZX_rw&oh=00_AfhK-X6wUibkTHQGvKEBKU_rx5UMt1F-QWUmqOh0TUE2BQ&oe=6931114D;Cumhuriyetimizin emanetçileri olan çocuklarımız ve gençlerimiz, aramızdan ayrılışının 87. yılı dolayısıyla, Ata'mızı Anıtkabir’de anmak üzere yola çıktı.  Sinop Kent Konseyi Çocuk ve Gençlik Meclisi’ni, bu anlamlı ziyaret için gurur ve duyguyla uğurladık. Atatürk’ün izinde, aydınlık yarınlara… 🇹🇷;
https://www.instagram.com/p/DQ4tmxUjITB/;Carousel;131;1;0;2025-11-10 21:32:59;https://scontent-ham3-1.cdninstagram.com/v/t51.82787-15/574591270_18062118053441977_3183367287006225133_n.webp?_nc_cat=111&ig_cache_key=Mzc2Mjk1ODA1NjM4NTQyNzU3NQ%3D%3D.3-ccb7-5&ccb=7-5&_nc_sid=58cdad&efg=eyJ2ZW5jb2RlX3RhZyI6InhwaWRzLjE0Mzd4ODA5LnNkci5DMyJ9&_nc_ohc=PfVPS2xBlK8Q7kNvwGxPWsa&_nc_oc=Adn2LH2ZC_MElhc57MFa3nnzTnKavtmYCq7Hk1AS14IsxNuhqJqazY6Jed2YQZt4h4LAJnn046SwUijA4svBB09R&_nc_ad=z-m&_nc_cid=0&_nc_zt=23&_nc_ht=scontent-ham3-1.cdninstagram.com&_nc_gid=tvN8a--azmPMxEMGqZX_rw&oh=00_AfjD34c3r73LuBBHDvNDHOhL78ZnREVuLirpbcEoXzDMEA&oe=69310648;26 Eylül'de gerçekleştirilen Gerze İlçe Kongresi ile Gerze İlçe Başkanlığı'na seçilen Alper Arslan Başkanımızı ziyaret ettik. Başkanımızın nezdinde tüm ilçe yönetim kurulu üyelerimizi tebrik ediyor, görevlerinde başarılar diliyorum.;
https://www.instagram.com/p/DQ4iBwujI58/;Carousel;193;3;0;2025-11-10 19:51:48;https://scontent-ham3-1.cdninstagram.com/v/t51.82787-15/580539664_18062111306441977_2284161020568114958_n.webp?_nc_cat=111&ig_cache_key=Mzc2MjkwNzEyNTA0NDI1OTE3NQ%3D%3D.3-ccb7-5&ccb=7-5&_nc_sid=58cdad&efg=eyJ2ZW5jb2RlX3RhZyI6InhwaWRzLjE0Mzl4ODEwLnNkci5DMyJ9&_nc_ohc=tYUUazJuyrgQ7kNvwEaaoqG&_nc_oc=Adkl1DG897WZUIgLhn1qCDSbu9TssrOQUe2owE7J2Dzcy8HGhw1doWX8cMKPSTceEiqcwF77jniv3EcPCkwtoqTP&_nc_ad=z-m&_nc_cid=0&_nc_zt=23&_nc_ht=scontent-ham3-1.cdninstagram.com&_nc_gid=tvN8a--azmPMxEMGqZX_rw&oh=00_AfiURoyk7-yeRxuo6ppLec6ThL1MPreyrmkD5m4R7u55Mw&oe=69311477;Cumhuriyet Halk Partisi Gerze İlçe Başkanlığı'nın, Gazi Mustafa Kemal Atatürk başta olmak üzere tüm silah arkadaşları ve bütün şehitlerimizin ruhları için okuttuğu mevlidi şerif programına katıldık.   Üzerinde yaşadığımız bu toprakları bizlere bırakabilmek için canlarını feda eden nice şehitlerimizin, gazilerimizin, Ata'mızın ve tüm silah arkadaşlarının ruhları şâd olsun.   Sonsuz saygı,minnet ve özlemle...;
https://www.instagram.com/p/DQ36srpiNhm/;Carousel;204;1;0;2025-11-10 14:08:09;https://scontent-ham3-1.cdninstagram.com/v/t51.82787-15/576376558_18538414237018606_4189250720781700749_n.jpg?stp=dst-jpg_e35_tt6&_nc_cat=104&ig_cache_key=Mzc2MjczNDE0NTY4MDc1NjgzOQ%3D%3D.3-ccb7-5&ccb=7-5&_nc_sid=58cdad&efg=eyJ2ZW5jb2RlX3RhZyI6InhwaWRzLjE0NDB4OTU0LnNkci5DMyJ9&_nc_ohc=8JxLgRzCvlQQ7kNvwEijJgs&_nc_oc=Adn92Xu-WcQwnX68xsxDQUa2EDOs0MwRdS2dPsE-4RmGACzgmGCWK4eGwn2vZWRSWsUi-HYue9Mf2LqQYGRBUfBB&_nc_ad=z-m&_nc_cid=0&_nc_zt=23&_nc_ht=scontent-ham3-1.cdninstagram.com&_nc_gid=tvN8a--azmPMxEMGqZX_rw&oh=00_Afie0JhFBBIA6kzab1nG0nGGXyB3qtajy6m_2QBZmGqQoA&oe=69311E2F;"🇹🇷Türkiye Cumhuriyeti’nin kurucusu Ulu Önder Gazi Mustafa Kemal Atatürk’e saygı, rahmet ve minnetle..  ✅Belediye Başkanımız Metin Gürbüz il protokolü ile birlikte; Gazi Mustafa Kemal Atatürk’ün ebediyete intikalinin 87. yılı dolayısıyla Sinop Kültür Merkezi’nde düzenlenen anma programına katıldı.";
https://www.instagram.com/p/DQ3nl0-CH8p/;Reels;1001;15;25533;2025-11-10 11:21:55;https://scontent-ham3-1.cdninstagram.com/v/t51.82787-15/576083343_18538399741018606_2072130955252424429_n.jpg?stp=dst-jpg_e15_tt6&_nc_cat=101&ig_cache_key=Mzc2MjY1MDEzNzAwMTIzMDEyMTE4NTM4Mzk5NzM4MDE4NjA2.3-ccb7-5&ccb=7-5&_nc_sid=58cdad&efg=eyJ2ZW5jb2RlX3RhZyI6InhwaWRzLjU0MHg5NjAuc2RyLkMzIn0%3D&_nc_ohc=cfVTHbPAWtQQ7kNvwFxb0e7&_nc_oc=Adn6AmXKyx4QQ_lQq9m0eIddi1vIIAJ4Nyg3JFVoaq8p7Z2Xt3nB8dJ36744N9golnJQ_Xv0X7xIjZABF2dBWBY-&_nc_ad=z-m&_nc_cid=0&_nc_zt=23&_nc_ht=scontent-ham3-1.cdninstagram.com&_nc_gid=tvN8a--azmPMxEMGqZX_rw&oh=00_AfgTJIvjgT7xQ6pMiEKUxI-eoom2j8cOzr1aoFQc1wvQkg&oe=69311F8C;Her nefeste senin izindeyiz...;
https://www.instagram.com/p/DQ3iSr9iIqA/;Carousel;375;1;0;2025-11-10 10:34:53;https://scontent-ham3-1.cdninstagram.com/v/t51.82787-15/576014378_18538396174018606_2520649788578078194_n.jpg?stp=dst-jpegr_e35_tt6&_nc_cat=110&ig_cache_key=Mzc2MjYyNjgxMzE2NDUyNjIzMA%3D%3D.3-ccb7-5&ccb=7-5&_nc_sid=58cdad&efg=eyJ2ZW5jb2RlX3RhZyI6InhwaWRzLjE0NDB4ODEwLmhkci5DMyJ9&_nc_ohc=epXgMOWZGEAQ7kNvwHHJJfP&_nc_oc=AdnM9JYwoiWo92pYSZFcrbP-XtQ_RhkiioNGhJI8JgPPSsauRi4Oglj-XCOWa9ZftlarPD0NNgZ6dLyGPk6IuhGB&_nc_ad=z-m&_nc_cid=0&_nc_zt=23&se=-1&_nc_ht=scontent-ham3-1.cdninstagram.com&_nc_gid=tvN8a--azmPMxEMGqZX_rw&oh=00_Afg8jl2COdZtkQIZgqtjUBfI7Fhz6B_cj67m-Kgd8X9X5w&oe=69310A95;"🇹🇷Türkiye Cumhuriyeti’nin kurucusu Ulu Önder Gazi Mustafa Kemal Atatürk’e saygı, rahmet ve minnetle..  ✅Belediye Başkanımız Metin Gürbüz il protokolü ile birlikte; Gazi Mustafa Kemal Atatürk’ün ebediyete intikalinin 87. yılı dolayısıyla Hükümet Meydanı Atatürk Anıtı önünde düzenlenen Çelenk Sunma Töreni’ne katıldı.";
https://www.instagram.com/p/DQ13etfCA7B/;Photo;330;3;0;2025-11-09 19:01:32;https://scontent-ham3-1.cdninstagram.com/v/t51.82787-15/581282638_18538160131018606_6907452922326396149_n.webp?_nc_cat=101&ig_cache_key=Mzc2MjE1NzA2NjcxOTMzNDA4MQ%3D%3D.3-ccb7-5&ccb=7-5&_nc_sid=58cdad&efg=eyJ2ZW5jb2RlX3RhZyI6InhwaWRzLjE0NDB4MTgwMC5zZHIuQzMifQ%3D%3D&_nc_ohc=6WHZRixSUWsQ7kNvwEzvUtD&_nc_oc=Adk3ZDwSKiQIbWlAf8F4rFKuQrrWNc6GWZS6ckCwzYRySyIDzw8_kg3ciCbVQqcmgjvLQIwNYChdfRtJUls3HChT&_nc_ad=z-m&_nc_cid=0&_nc_zt=23&_nc_ht=scontent-ham3-1.cdninstagram.com&_nc_gid=tvN8a--azmPMxEMGqZX_rw&oh=00_AfhYVxiBoKCG_ajHfbX-R4HZy9SJDiQRlE_Tr5wFqSfYlw&oe=69311E4E;"Ulu Önder Gazi Mustafa Kemal Atatürk’ü, aramızdan ayrılışının 87. yılında saygı, minnet ve özlemle anıyorum.  Atatürk, yalnızca bir lider değil; bir milletin kaderini değiştiren, çağdaşlaşma yolunda ışık tutan eşsiz bir rehberdir.  Onun bizlere emanet ettiği Cumhuriyet’i, aklın ve bilimin yolunda ilerleyerek sonsuza dek yaşatmak en büyük görevimizdir.  Atatürk’ün ilkelerini, fikirlerini ve bize kazandırdığı değerleri her daim yaşatacak, gösterdiği yolda kararlılıkla ilerlemeye devam edeceğiz.  Metin GÜRBÜZ / Sinop Belediye Başkanı";
https://www.instagram.com/p/DQzJTVijIIi/;Carousel;270;11;0;2025-11-08 17:39:33;https://scontent-ham3-1.cdninstagram.com/v/t51.82787-15/574217826_18061915550441977_4515812145300297698_n.webp?_nc_cat=105&ig_cache_key=Mzc2MTM5MTAxNDEzODA4ODEwMg%3D%3D.3-ccb7-5&ccb=7-5&_nc_sid=58cdad&efg=eyJ2ZW5jb2RlX3RhZyI6InhwaWRzLjE0Mzl4OTU2LnNkci5DMyJ9&_nc_ohc=GOdml8Qgtl0Q7kNvwEkMRT1&_nc_oc=AdlF3IdW2zpWWS8RTObBB8pPQh-VXviuWY7yTQTYTBcfp2BlIdMQ4qgSauNR4zAEOmjFd2rZb-H2nllehO2JqLfo&_nc_ad=z-m&_nc_cid=0&_nc_zt=23&_nc_ht=scontent-ham3-1.cdninstagram.com&_nc_gid=tvN8a--azmPMxEMGqZX_rw&oh=00_AfgOOsc8uubQyyQg6B3ryBGDlIVn3PyMpfDVkiM-H4YZqA&oe=69312DBC;"📍 ORDU,CUMHURİYET MEYDANI   ""İRADE MİLLETİNDİR!""   Genel Başkanımız Sn. Özgür ÖZEL ve vatandaşlarımızla, Ordu'da Cumhuriyet Meydanı'ndan tüm dünyaya haykırdık, ""Bir adım geri atmayacak, bir santim eğilmeyecek ve bir kelime eksik konuşmayacağız!""  Milletimizle omuz omuza direnecek, hep birlikte kazanacağız!";
https://www.instagram.com/p/DQyjjnqCNMN/;Reels;113;0;13449;2025-11-08 12:10:09;https://scontent-ham3-1.cdninstagram.com/v/t51.71878-15/573622930_1522418335836704_2131339886551903565_n.jpg?stp=dst-jpg_e15_tt6&_nc_cat=107&ig_cache_key=Mzc2MTIyNTAxODE5ODUxMjM5NzgxNzkzODc2MTIxOTE0Ng%3D%3D.3-ccb7-5&ccb=7-5&_nc_sid=58cdad&efg=eyJ2ZW5jb2RlX3RhZyI6InhwaWRzLjY0MHgzNjAuc2RyLkMzIn0%3D&_nc_ohc=8eGeiLvactIQ7kNvwHllXZJ&_nc_oc=Adlx1q74OsMv9VwB3fPhiJ6Oax7N5mBBZekt3K3Ul2-KOsxrMV0AmyIHxwNzuWWyrrz61Jn3P7l0Qplh-FLiS9ZQ&_nc_ad=z-m&_nc_cid=0&_nc_zt=23&_nc_ht=scontent-ham3-1.cdninstagram.com&_nc_gid=tvN8a--azmPMxEMGqZX_rw&oh=00_Afgcjvwqpa3JGcTYXjdia301L8TvOIHTE32p2GnQcnmR2A&oe=6931008D;Sinop Kent Sohbetleri,  12 Kasım Çarşamba La Mer Sahne'de !   Kent Sohbetleri'nin bu haftaki konuğu lakerda üreticisi Aylin Örnek olacak.   📅 12 Kasım Çarşamba ⌚️ 20:00  📍La Mer Sahne;
https://www.instagram.com/p/DQwm08tCKzR/;Carousel;1474;41;0;2025-11-07 17:59:49;https://scontent-ham3-1.cdninstagram.com/v/t51.82787-15/573361542_18537466450018606_6489738321750296794_n.jpg?stp=dst-jpg_e35_tt6&_nc_cat=108&ig_cache_key=Mzc2MDY3NjQzNTU3MzM3NzgwOA%3D%3D.3-ccb7-5&ccb=7-5&_nc_sid=58cdad&efg=eyJ2ZW5jb2RlX3RhZyI6InhwaWRzLjEwODB4MTM1MC5zZHIuQzMifQ%3D%3D&_nc_ohc=PAWEfwaB3vMQ7kNvwHIKd-q&_nc_oc=AdnWwaunp0uhZlaErfkrkdrZCfBNhEfhd5izD6O80iXZoFNZdzRKALit_bxbiOU8FoDbt8CSbqmbqaY3MNPEdnMP&_nc_ad=z-m&_nc_cid=0&_nc_zt=23&_nc_ht=scontent-ham3-1.cdninstagram.com&_nc_gid=tvN8a--azmPMxEMGqZX_rw&oh=00_AfjWC3eDNobIpvLQ8opjc0b43H2PyFYQ4pEQsNMmcbajzg&oe=6931177D;1999-2004 yılları arasında kentimizde Belediye Başkanlığı görevinde bulunan kıymetli başkanımız Hamza İnce’ye kıymetli çalışmaları için kentimiz ve tüm Sinoplular adına teşekkür ediyoruz.  Saygı ve rahmetle…   Sinop Belediye Başkanlığı;
https://www.instagram.com/p/DQwjds9iFc8/;Reels;642;26;28299;2025-11-07 17:35:37;https://scontent-ham3-1.cdninstagram.com/v/t51.71878-15/573799399_600258136511491_7594106426269330390_n.jpg?stp=dst-jpg_e15_tt6&_nc_cat=104&ig_cache_key=Mzc2MDY2MTY2MTYyNDA2MzgwNA%3D%3D.3-ccb7-5&ccb=7-5&_nc_sid=58cdad&efg=eyJ2ZW5jb2RlX3RhZyI6InhwaWRzLjY0MHgzNjAuc2RyLkMzIn0%3D&_nc_ohc=wrRAkns5_xwQ7kNvwHUdMaw&_nc_oc=AdkKXBSHjPuxkV1k_pKbVYrOsb4QdYfOtybZVzvc0T9KukHlL91eFfCM2WP3I4ECh_IHaqIilk1Gl1SOGUMEEslt&_nc_ad=z-m&_nc_cid=0&_nc_zt=23&_nc_ht=scontent-ham3-1.cdninstagram.com&_nc_gid=tvN8a--azmPMxEMGqZX_rw&oh=00_AfgJTlenAg9bUotS6opQW7TEpfWwD0_-gVew5QM5wY_TIQ&oe=69310E73;1999-2004 yılları arasında kentimizde Belediye Başkanlığı görevini yürüten Başkanımız Hamza İnce’yi Park ve Bahçeler Müdürlüğümüz önünde gerçekleştirdiğimiz tören ve Alaadin Camii’nde kılınan cenaze namazının ardından Çukurbağ Mezarlığı’nda son yolculuğuna uğurladık. Kentimize değer katan kıymetli başkanımız Hamza İnce’ye saygı ve rahmetle…   Sinop Belediye Başkanlığı;
https://www.instagram.com/p/DQwiSb6iKtz/;Carousel;251;5;0;2025-11-07 17:20:10;https://scontent-lax7-1.cdninstagram.com/v/t51.82787-15/574210314_18537461368018606_6154333908658412837_n.jpg?stp=dst-jpg_e35_tt6&_nc_cat=101&ig_cache_key=Mzc2MDY1NjQ3NzA4Njg3MTY5Ng%3D%3D.3-ccb7-5&ccb=7-5&_nc_sid=58cdad&efg=eyJ2ZW5jb2RlX3RhZyI6InhwaWRzLjE0NDB4ODEwLnNkci5DMyJ9&_nc_ohc=hs-jkKnCn7wQ7kNvwFoG4HV&_nc_oc=Admap-RQM1476I1vTEruhDFvILd19KSzh9DbkFtTkwwa-M5Px5jFJzNImmC4yBBYpEg&_nc_ad=z-m&_nc_cid=0&_nc_zt=23&_nc_ht=scontent-lax7-1.cdninstagram.com&_nc_gid=nIUIrWOjZr4dZHEoCbjihg&oh=00_AfhDNQpjBlPnXspH6zAdYLtE5pU37s4FngPLDpQZ-YCR0w&oe=693125AD;1999-2004 yılları arasında kentimizde Belediye Başkanlığı görevini yürüten Başkanımız Hamza İnce’yi Park ve Bahçeler Müdürlüğümüz önünde gerçekleştirdiğimiz tören ve Alaadin Camii’nde kılınan cenaze namazının ardından Çukurbağ Mezarlığı’nda son yolculuğuna uğurladık. Kentimize değer katan kıymetli başkanımız Hamza İnce’ye saygı ve rahmetle…   Sinop Belediye Başkanlığı;
https://www.instagram.com/p/DQvjj7OiPjw/;Photo;329;44;0;2025-11-07 08:12:03;https://scontent-lax7-1.cdninstagram.com/v/t51.82787-15/573853424_18537331591018606_1772381693301381278_n.jpg?stp=dst-jpg_e35_tt6&_nc_cat=105&ig_cache_key=Mzc2MDM4MDYxNDI4MTg1MzE2OA%3D%3D.3-ccb7-5&ccb=7-5&_nc_sid=58cdad&efg=eyJ2ZW5jb2RlX3RhZyI6InhwaWRzLjEzNTB4MTY4Ny5zZHIuQzMifQ%3D%3D&_nc_ohc=hGtM-4ek5Q0Q7kNvwEr1xlo&_nc_oc=AdkwpHyfQ-xa5tYtF20TLDJ1q5ps9bI3OzUxItpuomCXYVI_BdS6DxpT9HSQg3cm1Ro&_nc_ad=z-m&_nc_cid=0&_nc_zt=23&_nc_ht=scontent-lax7-1.cdninstagram.com&_nc_gid=nIUIrWOjZr4dZHEoCbjihg&oh=00_AfhN-f7eWmZA6V50IaxLlc-ck8UGtH1hjmZhXUj6LU9WOw&oe=69313264;1999-2004 yılları arasında kentimizde Belediye Başkanlığı görevini yürüten Hamza İnce başkanımız için saat 14.00 ‘te Gazi Caddesi Park ve Bahçeler Müdürlüğümüz önünde tören gerçekleşecektir. Sonrasında Büyük Cami’ye geçilecektir. Hamza İnce Başkanımıza Allah’tan rahmet, sevenleri ve tüm kentimize baş sağlığı diliyoruz.  Sinop Belediye Başkanlığı;
https://www.instagram.com/p/DQujdJYCOZe/;Photo;160;13;0;2025-11-06 22:51:53;https://scontent-lax3-2.cdninstagram.com/v/t51.82787-15/575719339_18537213682018606_2812764949371734745_n.jpg?stp=dst-jpg_e35_tt6&_nc_cat=103&ig_cache_key=Mzc2MDA5ODY3MzQ2MDU2OTY5NA%3D%3D.3-ccb7-5&ccb=7-5&_nc_sid=58cdad&efg=eyJ2ZW5jb2RlX3RhZyI6InhwaWRzLjEzNTB4MTY4Ny5zZHIuQzMifQ%3D%3D&_nc_ohc=TNiJVLsqYuYQ7kNvwGi_bgr&_nc_oc=AdmNdunRcbUNo_GOgjmZjiA1IytQiVFRV1n28sGO4Okm6ATudS4ZWyExUfcwT0eCEr0&_nc_ad=z-m&_nc_cid=0&_nc_zt=23&_nc_ht=scontent-lax3-2.cdninstagram.com&_nc_gid=nIUIrWOjZr4dZHEoCbjihg&oh=00_Afi6kfJHYnxZREDvWM792NgTW2vcIqnoc5VpjhW-uaUblg&oe=69310C3A;1999-2004 yılları arasında kentimizde Belediye Başkanlığı görevini yürüten Hamza İnce başkanımızın vefatını derin bir üzüntüyle öğrendim.  Hamza İnce Başkanımıza Allah’tan rahmet, acılı ailesi sevenleri ve tüm kentimize baş sağlığı diliyorum.   Metin GÜRBÜZ/Sinop Belediye Başkanı;
https://www.instagram.com/p/DQueTF7DOJJ/;Photo;72;2;0;2025-11-06 22:06:49;https://scontent-lax3-2.cdninstagram.com/v/t51.82787-15/573534368_18061759481441977_4418762853499380851_n.jpg?stp=dst-jpg_e35_tt6&_nc_cat=111&ig_cache_key=Mzc2MDA3NTk5MjMyNTc0MzE3Nw%3D%3D.3-ccb7-5&ccb=7-5&_nc_sid=58cdad&efg=eyJ2ZW5jb2RlX3RhZyI6InhwaWRzLjE0NDB4MTkxNS5zZHIuQzMifQ%3D%3D&_nc_ohc=KiOTYeIKgBQQ7kNvwFzOLiK&_nc_oc=Adnizn_Znkk_8foLFpGzOx3baJ8jud-zhZnPMKC3IUOXaW-3rXHJ2i70rxCsqWHvNLM&_nc_ad=z-m&_nc_cid=0&_nc_zt=23&_nc_ht=scontent-lax3-2.cdninstagram.com&_nc_gid=nIUIrWOjZr4dZHEoCbjihg&oh=00_AfgX7MBDiMOT_8QKlbwRTWjX7tZuccv7lXTsn3BOeGAKqg&oe=69312FA0;Cumartesi günü yeşilin ve mavinin başkenti Ordu’da buluşuyoruz!  Adil, eşit ve özgür Türkiye için verdiğimiz mücadeleyi hep birlikte büyütmeye devam ediyoruz!  Ahlaki üstünlük de psikolojik üstünlük de çoğunluk enerjisi de bu meydanlarda!  Biz haklıyız, biz kazanacağız!  🗓️ 8 Kasım Cumartesi  ⏰ 15.00 📍 Cumhuriyet Meydanı;
https://www.instagram.com/p/DQuMf6KCK4f/;Photo;240;0;0;2025-11-06 19:31:17;https://scontent-lax3-2.cdninstagram.com/v/t51.82787-15/572301969_18537186382018606_2430073979777700678_n.jpg?stp=dst-jpg_e35_tt6&_nc_cat=107&ig_cache_key=Mzc1OTk5NzcwODIwODIyMTcyNw%3D%3D.3-ccb7-5&ccb=7-5&_nc_sid=58cdad&efg=eyJ2ZW5jb2RlX3RhZyI6InhwaWRzLjEzNTB4MTY4Ny5zZHIuQzMifQ%3D%3D&_nc_ohc=QnMvI8b2xpgQ7kNvwHbw2gx&_nc_oc=AdnB_v2e7qkzubfxLIhQO_3r7NWyHAQViZubGeP-x8203rh_r0x1GKjvSNhG6rrrNec&_nc_ad=z-m&_nc_cid=0&_nc_zt=23&_nc_ht=scontent-lax3-2.cdninstagram.com&_nc_gid=nIUIrWOjZr4dZHEoCbjihg&oh=00_Afj-mt8U8HGd2ZhTlk-vk9GpzvPfgVBqH7MPkIvuKOWyXg&oe=6931145B;🎶“O’nun Sevdiği Şarkılar”  🇹🇷Gazi Mustafa Kemal Atatürk’ü Belediye Konservatuvarımızın “O’nun Sevdiği Şarkılar” konseriyle anıyor, 10 Kasım Pazartesi 20.00’de Sabahattin Ali Kültür Merkezi’nde buluşuyoruz!;
https://www.instagram.com/p/DQt09q4jKWM/;Carousel;320;8;0;2025-11-06 16:05:38;https://scontent-lax7-1.cdninstagram.com/v/t51.82787-15/574063950_18537155686018606_6368992947044283463_n.jpg?stp=dst-jpg_e35_tt6&_nc_cat=101&ig_cache_key=Mzc1OTg5NDE5MzA0NTc3MDk2OA%3D%3D.3-ccb7-5&ccb=7-5&_nc_sid=58cdad&efg=eyJ2ZW5jb2RlX3RhZyI6InhwaWRzLjEwMDR4NjMxLnNkci5DMyJ9&_nc_ohc=HWPE1XVwDocQ7kNvwEpoBry&_nc_oc=AdnwhHd-ty3Fr_uJKW7RPaGpD4FlakpVDOLyJml8XOGHDic9Wj_oW21C6DPvilrklxc&_nc_ad=z-m&_nc_cid=0&_nc_zt=23&_nc_ht=scontent-lax7-1.cdninstagram.com&_nc_gid=nIUIrWOjZr4dZHEoCbjihg&oh=00_AfjmHaVj9i_XjgT_CfV-TaEMFbFPyQ4NMvOFeJVp-bedsA&oe=693113E2;Kentimizin sembol yapılarından Şehir Kulübü, gerçekleştirilen törenle belediyemize devredildi.  Belediye Başkanımız Metin Gürbüz Başkan Yardımcılarımız ve Meclis Üyelerimiz ile birlikte katıldığı programda Şehir Kulübü’nü yıllarca işleten Erbul ailesine emekleri ve kattıkları değer için teşekkür ederken Erbul ailesi adına Metin Erbul’a plaket takdiminde bulundu.   Şehir Kulübü belediyemizce işletilecek, Şehir Kulübü olarak hizmet vermeye devam edecek.;
https://www.instagram.com/p/DQrNPGRCG18/;Reels;197;10;14232;2025-11-05 15:40:47;https://scontent-lax3-2.cdninstagram.com/v/t51.71878-15/573290950_4223396717927300_4266718819790405166_n.jpg?stp=dst-jpg_e15_tt6&_nc_cat=106&ig_cache_key=Mzc1OTE1NjUyNjA5NTgyMjIwNDE1MzMxNzMwODA5NjI5MjM%3D.3-ccb7-5&ccb=7-5&_nc_sid=58cdad&efg=eyJ2ZW5jb2RlX3RhZyI6InhwaWRzLjY0MHgxMTM2LnNkci5DMyJ9&_nc_ohc=Xk28I7LmS_sQ7kNvwHuA7S8&_nc_oc=AdkgCToWQyN-Tvve7FEr2DUgaR7kzXPT3gh-encCoVA4HeuS_kGPclEBHFxrMFGh6EY&_nc_ad=z-m&_nc_cid=0&_nc_zt=23&_nc_ht=scontent-lax3-2.cdninstagram.com&_nc_gid=nIUIrWOjZr4dZHEoCbjihg&oh=00_AfggMhaz0s_5o-5RLV1mC7tjhPvcLce0ykKKHvNxIN35TA&oe=69313032;Karadeniz’in dalgaları yüzyıllardır aynı hikâyeyi anlatıyor…  Sinop’ta doğan ve asırlardır süregelen bu lezzet geleneği, bugün SEANOP’un modern tesislerinde özenle yaşatılıyor.  Belediyemizin kurucu ortağı SEANOP, denizin bereketini emeğin değeriyle buluşturarak sofralara gerçek Sinop lakerdasını taşıyor.  Her diliminde denizin tuzu, ustalığın sabrı, Sinop’un ruhu var... 🐟💙;
https://www.instagram.com/p/DQqqSOwCCFp/;Photo;209;7;0;2025-11-05 10:34:36;https://scontent-lax3-2.cdninstagram.com/v/t51.82787-15/573121891_18536762242018606_5602208239938309872_n.jpg?stp=dst-jpg_e35_tt6&_nc_cat=103&ig_cache_key=Mzc1OTAwMjgwOTczNjM3MjU4NQ%3D%3D.3-ccb7-5&ccb=7-5&_nc_sid=58cdad&efg=eyJ2ZW5jb2RlX3RhZyI6InhwaWRzLjEzNTB4MTY4Ny5zZHIuQzMifQ%3D%3D&_nc_ohc=25i1AUSC_CAQ7kNvwGYUd3Q&_nc_oc=Adke6SFc50wVD2jXK7-3Vl-KZE1wLis2l2OsW897d7a-UyiPFULkBRAzRzZ8DrKGx_o&_nc_ad=z-m&_nc_cid=0&_nc_zt=23&_nc_ht=scontent-lax3-2.cdninstagram.com&_nc_gid=nIUIrWOjZr4dZHEoCbjihg&oh=00_AfiONXcwXyxnDbVHZmVNYjaEnXM37AtELJh-NEShnG6IXA&oe=69312E4A;“Demokratik değerlerin, dürüst siyasetin ve halkına adanmış bir ömrün simgesi olan merhum Başbakanımız Bülent Ecevit’i vefatının yıl dönümünde rahmet, saygı ve minnetle anıyorum. Ülkemize kazandırdığı hizmetler, sade yaşamı ve ilkeli duruşu ile Ecevit, Türk siyasetinde her zaman örnek alınacak bir devlet adamı olarak hatırlanacaktır. Ruhu şad olsun.”  Metin GÜRBÜZ/Sinop Belediye Başkanı;
https://www.instagram.com/p/DQn52_oCNxF/;Photo;153;6;0;2025-11-04 08:52:58;https://scontent-lax3-2.cdninstagram.com/v/t51.82787-15/572275867_18536593942018606_1216411913663246865_n.jpg?stp=dst-jpg_e35_tt6&_nc_cat=103&ig_cache_key=Mzc1ODIyNjg4MTg4NDI0OTE1Nw%3D%3D.3-ccb7-5&ccb=7-5&_nc_sid=58cdad&efg=eyJ2ZW5jb2RlX3RhZyI6InhwaWRzLjEzNTB4MTY4Ny5zZHIuQzMifQ%3D%3D&_nc_ohc=sF05h2Am6QkQ7kNvwF8lvR-&_nc_oc=AdlKbjV5eXUBjG0q5f8t8FdaRW-IGv6IVWx8O-BAkwHEsNL3bKWJB8GewqFzeUaGNRc&_nc_ad=z-m&_nc_cid=0&_nc_zt=23&_nc_ht=scontent-lax3-2.cdninstagram.com&_nc_gid=nIUIrWOjZr4dZHEoCbjihg&oh=00_AfhYf8cRMJ6LUed60DH7QZfUmpIwmKZQQXLqH_enmnnFZQ&oe=693130CB;"Türk tiyatrosunun dev ismi; Haldun Taner, Zeki Alasya ve Metin Akpınar ile birlikte Devekuşu Kabare’nin kurucusu, sinemamızın büyük emekçisi ve sanatçısı Ahmet Gülhan’ı kaybetmenin derin hüznünü yaşıyorum. Kendisine Allah’tan rahmet; ailesine sabır diliyorum.   Sanat camiası ve milletimizin başı sağ olsun.  Metin GÜRBÜZ/Sinop Belediye Başkanı";
https://www.instagram.com/p/DQmVZpCiHxX/;Carousel;177;7;0;2025-11-03 18:15:09;https://scontent-lax3-1.cdninstagram.com/v/t51.82787-15/574825761_18536493619018606_5768844323159597291_n.jpg?stp=dst-jpg_e35_tt6&_nc_cat=110&ig_cache_key=Mzc1Nzc4NTA0MjgwMjc0ODk5MA%3D%3D.3-ccb7-5&ccb=7-5&_nc_sid=58cdad&efg=eyJ2ZW5jb2RlX3RhZyI6InhwaWRzLjE0NDB4MTA4MC5zZHIuQzMifQ%3D%3D&_nc_ohc=Miuwmhwu__8Q7kNvwFAY_NR&_nc_oc=AdkvZBcm9cXKen3daWDn1zJguDLGSKUnsaQ0aiQ-gBg00gz5E38bwzIvlEvPwhvQHZk&_nc_ad=z-m&_nc_cid=0&_nc_zt=23&_nc_ht=scontent-lax3-1.cdninstagram.com&_nc_gid=nIUIrWOjZr4dZHEoCbjihg&oh=00_AfiUz_v7vlZklWb3zgroZ01H8e4CEkfugRf74c5dV_Ppmg&oe=69312F69;Zabıta Müdürlüğü ekiplerimiz denetimlerini aralıksız sürdürüyor.  Mesai arkadaşlarımız fırınlarda gramaj ve tarife kontrolü yaptı, ruhsatlar incelendi, hijyen denetimlerini gerçekleştirdi.   Halkımızın sağlığı için denetimler sürüyor #SinopBelediyesiSizinİçinÇalışıyor;
https://www.instagram.com/p/DQho1zrDK-s/;Photo;327;47;0;2025-11-01 22:28:49;https://scontent-lax3-1.cdninstagram.com/v/t51.82787-15/572127305_18061317449441977_7886894145670720502_n.webp?_nc_cat=104&ig_cache_key=Mzc1NjQ2MzE4MzY3OTUwMDIwNA%3D%3D.3-ccb7-5&ccb=7-5&_nc_sid=58cdad&efg=eyJ2ZW5jb2RlX3RhZyI6InhwaWRzLjE0Mzd4NzUyLnNkci5DMyJ9&_nc_ohc=6Ph37fYKJVkQ7kNvwFltgRZ&_nc_oc=Admwb6JPtvxLCuiczEwfSFpxn0c_rbJbvD2SPHn2doQmbuKP3U5yvFkWqhlxLv38CI0&_nc_ad=z-m&_nc_cid=0&_nc_zt=23&_nc_ht=scontent-lax3-1.cdninstagram.com&_nc_gid=nIUIrWOjZr4dZHEoCbjihg&oh=00_AfgbWwJ2Q8KGOcjjy2a1QSuTYy4P5f5p7XFG9uLrFL_Saw&oe=69311C8C;Değerli dostum Alper Bayrak’a geçirdiği rahatsızlıktan dolayı geçmiş olsun dileklerimi iletiyorum. Kıymetli arkadaşımın en kısa zamanda sağlığına kavuşmasını diliyor, kendisine acil şifalar temenni ediyorum.;
https://www.instagram.com/p/DQg_AvKCKX0/;Reels;160;14;17081;2025-11-01 16:24:18;https://scontent-lax3-1.cdninstagram.com/v/t51.71878-15/573361830_672603098978609_2493787671247412474_n.jpg?stp=dst-jpg_e15_tt6&_nc_cat=108&ig_cache_key=Mzc1NjI3OTIxNjc5MTM5Nzg3NjI1MjQzNDIzODMxOTQzNzUy.3-ccb7-5&ccb=7-5&_nc_sid=58cdad&efg=eyJ2ZW5jb2RlX3RhZyI6InhwaWRzLjY0MHgzNjAuc2RyLkMzIn0%3D&_nc_ohc=y7A0S4LG0nsQ7kNvwFFw-iB&_nc_oc=Adm4IQJIM_kqEfPUhNGuuLE8W8jwFLYjTiVozJUlG-xnQC1C5Bu_tMO0qOegB-S56gk&_nc_ad=z-m&_nc_cid=0&_nc_zt=23&_nc_ht=scontent-lax3-1.cdninstagram.com&_nc_gid=nIUIrWOjZr4dZHEoCbjihg&oh=00_AfgLucGUUasNnIDEwZFlcuZRxbyS_ETa0n3xXi7eS6zOjA&oe=69312874;Fen İşleri Müdürlüğü ekiplerimiz  Ordu Mahallesi TOKİ  mevkiinde zemin iyileştirme ve sathi kaplama çalışmalarını sürdürüyor.Kentimizin farklı noktalarında çalışmalarımız devam ediyor.  #sinopbelediyesisizini̇çinçalışıyor;
https://www.instagram.com/p/DQg6BTmiDuY/;Photo;105;0;0;2025-11-01 15:39:41;https://scontent-lhr8-1.cdninstagram.com/v/t51.82787-15/573188471_18536128762018606_2472640652120819945_n.webp?_nc_cat=107&ig_cache_key=Mzc1NjI1NzI2NTY5MTY3MTQ0OA%3D%3D.3-ccb7-5&ccb=7-5&_nc_sid=58cdad&efg=eyJ2ZW5jb2RlX3RhZyI6InhwaWRzLjE0NDB4MTgwMC5zZHIuQzMifQ%3D%3D&_nc_ohc=RbbmuJR56k8Q7kNvwEBanbu&_nc_oc=AdkXymWRujPQyn7otd5lJ1hMZHdxOH0EtxxjRTu8mDITb9i-BSUytC3VYaDuWO_gcWRfsMkK7Iw6BrVj-aKzzEVC&_nc_ad=z-m&_nc_cid=0&_nc_zt=23&_nc_ht=scontent-lhr8-1.cdninstagram.com&_nc_gid=jVdbsAJPLxwOqpI70gGpRA&oh=00_AfhKwtx2qjH58uZEliVQDHCLFk98kZMbQFWRLp3G-zuHiw&oe=69311306;"🇹🇷🇹🇷🇹🇷  Bugün, egemenliğin kayıtsız şartsız millete ait olduğunun  ilan edildiği tarihi bir günü anıyoruz.  1 Kasım 1922’de kaldırılan saltanat, yalnızca bir yönetim  biçiminin değişimi değil; halkın iradesinin, özgürlüğünün ve Cumhuriyet’e giden yolun ta kendisidir.  Ulu Önder Gazi Mustafa Kemal Atatürk ve silah arkadaşlarını saygı ve minnetle anıyor, millet egemenliğinin sonsuza dek süreceğine yürekten inanıyorum.  Metin Gürbüz  Sinop Belediye Başkanı";
https://www.instagram.com/p/DQg0xWpiDaf/;Photo;136;2;0;2025-11-01 14:53:49;https://scontent-lhr6-1.cdninstagram.com/v/t51.82787-15/573400683_18536122378018606_5139913637337043900_n.webp?_nc_cat=102&ig_cache_key=Mzc1NjIzNDE3OTIxOTA0Mzk5OQ%3D%3D.3-ccb7-5&ccb=7-5&_nc_sid=58cdad&efg=eyJ2ZW5jb2RlX3RhZyI6InhwaWRzLjE0NDB4MTgwMC5zZHIuQzMifQ%3D%3D&_nc_ohc=GylM3oMpMbkQ7kNvwHk7gzL&_nc_oc=AdlBXpPGUwlH2SLadMcP8mKr6CgxVBhLcVIEnemAHtxa43xxNvIKF_DMpzF0jrAr5unBoXX2Nw5zaTt2_HKgFO4B&_nc_ad=z-m&_nc_cid=0&_nc_zt=23&_nc_ht=scontent-lhr6-1.cdninstagram.com&_nc_gid=jVdbsAJPLxwOqpI70gGpRA&oh=00_AfggbZKFAKsyX3PtNrG9GlEMp4Eoa1gHlTHSp5Y_bnNNSg&oe=6931016F;"🇹🇷🇹🇷🇹🇷 Ulu Önder Gazi Mustafa Kemal Atatürk’ün önderliğinde gerçekleştirilen Harf Devrimi, milletimizin çağdaşlaşma yolundaki en büyük adımlarından biridir.Yeni Türk alfabesiyle birlikte, kültürel ilerlemenin temelleri atılmıştır. Bugün, geçmişimizin aydınlık mirasını geleceğe taşıyor; her harfte, her kelimede Cumhuriyetimizin ışığını hissediyoruz.  Metin Gürbüz  Sinop Belediye Başkanı";
https://www.instagram.com/p/DQgwvO2iAAq/;Photo;131;16;0;2025-11-01 14:18:35;https://scontent-lhr6-1.cdninstagram.com/v/t51.82787-15/571832035_18536117434018606_3745645380620292793_n.webp?_nc_cat=110&ig_cache_key=Mzc1NjIxNjQ0MTIyMjIwMTM4Ng%3D%3D.3-ccb7-5&ccb=7-5&_nc_sid=58cdad&efg=eyJ2ZW5jb2RlX3RhZyI6InhwaWRzLjE0NDB4MTgwMC5zZHIuQzMifQ%3D%3D&_nc_ohc=_5wQ5r0lTuQQ7kNvwE6QxFS&_nc_oc=Adk4HFxE_T5_p09abQ-hFyXcpkSTEhriZfJAAMCKxacRvvhF3C80dJpdAtfUhrGbio9bwcn0wW9LfPjNt5JA-mBl&_nc_ad=z-m&_nc_cid=0&_nc_zt=23&_nc_ht=scontent-lhr6-1.cdninstagram.com&_nc_gid=jVdbsAJPLxwOqpI70gGpRA&oh=00_AfgeKeVa9JLSXVR5wViyNEu6is1jEJkTxo23otlpp7g1yg&oe=6931037C;Türk sinemasının değerli ismi, Yeşilçam’ın unutulmaz sanatçılarından Engin Çağlar’ın vefat haberini büyük bir üzüntüyle öğrenmiş bulunuyorum. Sinemamıza kattığı eserlerle hafızalarda yer eden kıymetli sanatçımıza Allah’tan rahmet, ailesine, sevenlerine ve sanat camiamıza başsağlığı diliyorum.  Metin Gürbüz  Sinop Belediye Başkanı;
https://www.instagram.com/p/DQdppEiDA37/;Photo;104;5;0;2025-10-31 09:18:51;https://scontent-lhr6-2.cdninstagram.com/v/t51.82787-15/573606040_18061166591441977_3223396305649122943_n.jpg?stp=dst-jpg_e35_tt6&_nc_cat=104&ig_cache_key=Mzc1NTM0MDgwNjU2ODU0NTc4Nw%3D%3D.3-ccb7-5&ccb=7-5&_nc_sid=58cdad&efg=eyJ2ZW5jb2RlX3RhZyI6InhwaWRzLjEzNTB4MTY4Ny5zZHIuQzMifQ%3D%3D&_nc_ohc=VCvQpo5QvMEQ7kNvwELYYc6&_nc_oc=AdlXowW6R4jfwl4U2hcV7sR5YlAaz0uQsTXOJlnsLBNPtjOPkVHE8-5jHqjvTOKmUfll0Q-gnqXJRt3R2oY9VQM1&_nc_ad=z-m&_nc_cid=0&_nc_zt=23&_nc_ht=scontent-lhr6-2.cdninstagram.com&_nc_gid=jVdbsAJPLxwOqpI70gGpRA&oh=00_AfjRShVpB7Q2m9LbP-L7t7-3-UcsFbL_rvHWVgPq1hS6tg&oe=6931349C;SHP Genel Başkanımız, 27. Dönem Başbakan Yardımcımız, Önceki Dönem Dışişleri Bakanımız, Fizikçi Akademisyen , kariyeri ve karakteri ile unutulmayacak siyasetçi Erdal İnönü’yü aramızdan ayrılışının yıl dönümünde sevgi, özlem ve rahmetle anıyorum.;
