﻿PostLink;PostTürü;BeğeniSayısı;YorumSayısı;Görüntülenme Sayısı;Tarih;DisplayPhoto;Caption;Takipçi
https://www.instagram.com/p/DRpQy4fDNn8/;Carousel;761;18;0;2025-11-29 18:04:01;https://scontent-hou1-1.cdninstagram.com/v/t51.82787-15/588316153_18350938012206947_1976437888669042701_n.jpg?stp=dst-jpg_e35_tt6&_nc_cat=106&ig_cache_key=Mzc3NjYyMzYxOTIwNDc2OTk3MA%3D%3D.3-ccb7-5&ccb=7-5&_nc_sid=58cdad&efg=eyJ2ZW5jb2RlX3RhZyI6InhwaWRzLjY3NHg0NDkuc2RyLkMzIn0%3D&_nc_ohc=tCxSDQlUUa8Q7kNvwEp_gbB&_nc_oc=AdnzCzjPKTt4ycbcKAtEcjaNSSTl3pKu02Nk5rB-MrDh6-Rs81YK9SVxYZ4wH_FEBG3nUAwNXlH3uFYmBW2iMdLz&_nc_ad=z-m&_nc_cid=1087&_nc_zt=23&_nc_ht=scontent-hou1-1.cdninstagram.com&_nc_gid=F4uMkFnLCovtCnZFFz0RTw&oh=00_AfiL1quMgkdZclMN2AfckapupULE4yOerRHHU1n3FJJjvg&oe=69310AEB;Türkiye’nin var bir çaresi, onun da adı Cumhuriyet Halk Partisi!  Muhalefetteki son kurultayımızda 1333 oyun tamamını alarak yeniden Genel Başkanımız seçilen Sayın Özgür Özel’i yürekten kutluyorum.  #ŞimdiİktidarZamanı!;105518
https://www.instagram.com/p/DRoyoXzDCQd/;Carousel;373;5;0;2025-11-29 13:40:26;https://scontent-hou1-1.cdninstagram.com/v/t51.82787-15/588229767_18350915017206947_3108567517491499731_n.jpg?stp=dst-jpg_e35_tt6&_nc_cat=107&ig_cache_key=Mzc3NjQ5MDk1MjY1NjE3NzQyNQ%3D%3D.3-ccb7-5&ccb=7-5&_nc_sid=58cdad&efg=eyJ2ZW5jb2RlX3RhZyI6InhwaWRzLjE0NDB4OTYwLnNkci5DMyJ9&_nc_ohc=1UuXmjPINUUQ7kNvwGS9NOr&_nc_oc=AdmBJ1L4Td2gvhGM1dMKsi0omBakTZPLRx7jmzW30bldiJpQAMvFSbgUam6OvRGWO7gBEXTOLwFyzNVvwV7UxoIz&_nc_ad=z-m&_nc_cid=1087&_nc_zt=23&_nc_ht=scontent-hou1-1.cdninstagram.com&_nc_gid=F4uMkFnLCovtCnZFFz0RTw&oh=00_Afijtkg6y6btoIaM4DhdXlLq0qp3FWdnXz67UqrohFFqIw&oe=69310F0A;Partimizin 39. Olağan Kurultayının 2.  günündeyiz. Genel Başkanımız Sayın Özgür Özel’in liderliğinde muhalefetteki son kurultayımızı gerçekleştiriyoruz! #ŞimdiİktidarZamanı;
https://www.instagram.com/p/DRmNn4djJGM/;Carousel;726;13;0;2025-11-28 13:38:35;https://scontent-hou1-1.cdninstagram.com/v/t51.82787-15/587356005_18350817745206947_911012634279580112_n.jpg?stp=dst-jpg_e35_tt6&_nc_cat=107&ig_cache_key=Mzc3NTc2NTI0NDMxMzEzNzgwNQ%3D%3D.3-ccb7-5&ccb=7-5&_nc_sid=58cdad&efg=eyJ2ZW5jb2RlX3RhZyI6InhwaWRzLjE0NDB4OTU5LnNkci5DMyJ9&_nc_ohc=R8D-KOJJwPcQ7kNvwGwhOeY&_nc_oc=AdnPpqW0tlCJW23-uoOYqPiZOiHYILO0J-HKeHlof1KLi_1aJvNa0QspiufnmtSnIal_ARqKkHADIIIlHjvksrzN&_nc_ad=z-m&_nc_cid=1087&_nc_zt=23&_nc_ht=scontent-hou1-1.cdninstagram.com&_nc_gid=F4uMkFnLCovtCnZFFz0RTw&oh=00_Afi0nAmQV3lg0Kz2eHUuUm6ygy3SSrh2jFTKg9E-Q9VClQ&oe=69310218;39. Olağan Kurultayımız için Ankara’dayız.  Türkiye’nin birinci partisi Cumhuriyet Halk Partisi, Genel Başkanımız Özgür Özel ile iktidara yürüyor!  #ŞimdiİktidarZamanı #ÖnceAdaletÖnceHürriyet #İmamoğluMilleteEmanet;
https://www.instagram.com/p/DRhW0MdDM86/;Carousel;861;12;0;2025-11-26 16:22:42;https://scontent-hou1-1.cdninstagram.com/v/t51.82787-15/587677112_18350633362206947_3445387223586371128_n.jpg?stp=dst-jpg_e35_tt6&_nc_cat=106&ig_cache_key=Mzc3NDM5ODI5NTMzMTA1NzMwNg%3D%3D.3-ccb7-5&ccb=7-5&_nc_sid=58cdad&efg=eyJ2ZW5jb2RlX3RhZyI6InhwaWRzLjE0NDB4OTYwLnNkci5DMyJ9&_nc_ohc=Jc0QtxSXmo0Q7kNvwGhU6BF&_nc_oc=AdmN2I7VjYWoU-_18LHHOAO2kC5LuM8dkECgj4w8Ojay8FdRbfZwdIeJvIQOOcOD2AcudjIey2s-RNQ7zgY8VEDe&_nc_ad=z-m&_nc_cid=1087&_nc_zt=23&_nc_ht=scontent-hou1-1.cdninstagram.com&_nc_gid=F4uMkFnLCovtCnZFFz0RTw&oh=00_AfjjOjAdrv8TGaFDUpQNHwnwTVXcHlcXvJK2ljkxAKzkWA&oe=6930FA09;"İlk adımı Çanakkale’de atılan ve 81 ilden kadınların ilmek ilmek işlediği “Önce Adalet, Önce Hürriyet” kırkyaması; Cumhurbaşkanı Adayımız Ekrem İmamoğlu’nun haksız tutukluluğunun 250. gününde dayanışmanın ve umudun bir sembolü olarak Saraçhane’de yükseldi.  Başta Dilek İmamoğlu, eşim Özen Algönül Erkek, Kadın Kolları Genel Başkanımız Asu Kaya, İstanbul İl Örgütümüz ve Genel Başkan Yardımcımız Suat Özçağdaş olmak üzere emeği geçen herkese yürekten teşekkür ediyorum. @ailedayanismaagi   #ÖnceAdaletÖnceHürriyet  #İmamoğluMilleteEmanet @chp";
https://www.instagram.com/p/DRhTNEWjJiU/;Reels;5771;185;411550;2025-11-26 15:54:00;https://scontent-hou1-1.cdninstagram.com/v/t51.71878-15/587553295_2066952974114807_9177937902381070663_n.jpg?stp=dst-jpg_e15_tt6&_nc_cat=102&ig_cache_key=Mzc3NDM4MjQyMzYyMzM3NDk5Ng%3D%3D.3-ccb7-5&ccb=7-5&_nc_sid=58cdad&efg=eyJ2ZW5jb2RlX3RhZyI6InhwaWRzLjY0MHg4MDAuc2RyLkMzIn0%3D&_nc_ohc=2iggih43Z1YQ7kNvwEnpZr-&_nc_oc=AdmGVkFJJ3e63NbJkyRglluyrbxNDPaKYQQQ6aP6Kq4R3lpwl9pa2FfCYoDqnKkul1tQz2bbuPV9hJHeqIdFqWV9&_nc_ad=z-m&_nc_cid=1087&_nc_zt=23&_nc_ht=scontent-hou1-1.cdninstagram.com&_nc_gid=F4uMkFnLCovtCnZFFz0RTw&oh=00_AfhtrzyJ3cnoONZlwYynZKi_9mMZjVjR0R13P073zX3q5g&oe=69311984;Zabıta ekiplerimiz halk sağlığını korumaya yönelik çalışmalar kapsamında gıda işletmelerinde denetimlerini sürdürüyor.   #ÇanakkaleiçinÇalışıyoruz bu kenti çok seviyoruz... ❤️;
https://www.instagram.com/p/DRgmhnFjPdV/;Reels;1184;27;56663;2025-11-26 09:21:48;https://scontent-hou1-1.cdninstagram.com/v/t51.71878-15/584381099_1192547549474269_1545051275829702204_n.jpg?stp=dst-jpg_e15_tt6&_nc_cat=101&ig_cache_key=Mzc3NDE4NTkyMzIxNTY4NTQ2MQ%3D%3D.3-ccb7-5&ccb=7-5&_nc_sid=58cdad&efg=eyJ2ZW5jb2RlX3RhZyI6InhwaWRzLjY0MHg4MDAuc2RyLkMzIn0%3D&_nc_ohc=p_E_j_56PqYQ7kNvwGbi5uC&_nc_oc=Adm_E-BHJgmTrcD065no_tU95Z1F794HieXGsQ48CcEpLYcq-DiK9u2GajugucY9UhRLgF5Er42ATY7R1LwqOHd4&_nc_ad=z-m&_nc_cid=1087&_nc_zt=23&_nc_ht=scontent-hou1-1.cdninstagram.com&_nc_gid=F4uMkFnLCovtCnZFFz0RTw&oh=00_AfhTBF9-GfQ90AqrrQfqn9BZsxBo2pj372sooN5N0MfIng&oe=6931249E;Çanakkale’nin sokaklarında dolaşan kelimeleri bir araya getiren “Kent Lügatı” sergisi açıldı.  Sizin aklınıza gelen en Çanakkaleli kelime ne? 😊  Sergimiz 6 Mart 2026’ya kadar ziyaret edilebilir “beya”. ❤️;
https://www.instagram.com/p/DReE0ETDDWf/;Photo;322;2;0;2025-11-25 09:47:40;https://scontent-hou1-1.cdninstagram.com/v/t51.82787-15/587778486_18350504098206947_8067373252169122067_n.jpg?stp=dst-jpg_e35_tt6&_nc_cat=100&ig_cache_key=Mzc3MzQ3NDcwNzk5NjQyMzU4Mw%3D%3D.3-ccb7-5&ccb=7-5&_nc_sid=58cdad&efg=eyJ2ZW5jb2RlX3RhZyI6InhwaWRzLjE0NDB4MTc5Ni5zZHIuQzMifQ%3D%3D&_nc_ohc=chMmh4PhRIsQ7kNvwGxiX3E&_nc_oc=AdmJ0eNbdDjY1ytqaXlwyLah7-D4S7fPS6AzkFG-yKpjie_VLEqk59yjOWoEvbFIi_xdPeSB_yS0XHF5rgpeu5Q5&_nc_ad=z-m&_nc_cid=1087&_nc_zt=23&_nc_ht=scontent-hou1-1.cdninstagram.com&_nc_gid=F4uMkFnLCovtCnZFFz0RTw&oh=00_Afg55izvYcqYQUFymbjBfdlK2YZW7UGGyN2EJ0hlpgM3Wg&oe=6931002F;Dayanışma, mücadelenin en güçlü yanıtıdır!  25 Kasım Kadına Yönelik Şiddete Karşı Mücadele ve Uluslararası Dayanışma Günü’nde bir kez daha sesleniyoruz:  Ayrımcılığa, sömürüye, cinsiyet eşitsizliğine ve şiddetin her türüne karşı verilen mücadelede tüm kadınların yanındayız.;
https://www.instagram.com/p/DRd8wauDCRu/;Reels;732;10;49730;2025-11-25 08:39:07;https://scontent-hou1-1.cdninstagram.com/v/t51.71878-15/587755767_835337705872230_4313782603266658197_n.jpg?stp=dst-jpg_e15_tt6&_nc_cat=107&ig_cache_key=Mzc3MzQzOTI3MjgyMTcyODM2Ng%3D%3D.3-ccb7-5&ccb=7-5&_nc_sid=58cdad&efg=eyJ2ZW5jb2RlX3RhZyI6InhwaWRzLjY0MHg4MDAuc2RyLkMzIn0%3D&_nc_ohc=iuI6xYr9xG4Q7kNvwG2FrEh&_nc_oc=Adn1zElY_D9zrSri_Mp43A-N0V2erLAekrdri-Uv6z73GtiHr4P0ZT9kBWG3NyVxSmuLwkgHGRHWbRw-8Vn9Jurr&_nc_ad=z-m&_nc_cid=1087&_nc_zt=23&_nc_ht=scontent-hou1-1.cdninstagram.com&_nc_gid=F4uMkFnLCovtCnZFFz0RTw&oh=00_AfgpVBzn7WRNjY9TB7iB9D4MPSc9WAcQ8yJTs7la8KaAlQ&oe=69312B0E;Belediyemiz, kentlinin ürettiği ve özgürce çalışabildiği alanlar oluşturmaya devam ediyor.  Prof. Dr. Türkan Saylan Sosyal Tesisleri içinde yer alan Ara Durak, herkes için tamamen ücretsiz bir çalışma ortamı sunuyor.  📘 Öğrenciler için: Sessiz, düzenli ve odaklanmaya uygun bir ders çalışma alanı.  💻 Bireysel çalışanlar için: Görüşme yapmak, proje üretmek veya bilgisayar başında çalışmak isteyenler için ideal bir ortam.  👥 Gruplar için: Geniş toplantı masası sayesinde ekip çalışmalarına, atölyelere ve ortak üretimlere imkân tanıyor.  ✨ Ara Durak, kent yaşamının içinde bir mola, bir buluşma, bir üretim noktası…  🎓 Çanakkale Belediyesi olarak eğitime, ortak akla ve paylaşıma değer veriyoruz.  #ÇanakkaleiçinÇalışıyoruz❤️;
https://www.instagram.com/p/DRcPrAijFgA/;Carousel;839;4;0;2025-11-24 16:44:04;https://scontent-hou1-1.cdninstagram.com/v/t51.82787-15/589402924_18350431393206947_3594363456211610543_n.jpg?stp=dst-jpg_e35_tt6&_nc_cat=101&ig_cache_key=Mzc3Mjk1OTQ5Nzg0NjA0MTA2Nw%3D%3D.3-ccb7-5&ccb=7-5&_nc_sid=58cdad&efg=eyJ2ZW5jb2RlX3RhZyI6InhwaWRzLjE0NDB4OTU5LnNkci5DMyJ9&_nc_ohc=UqALDm3IYTEQ7kNvwFYSrlD&_nc_oc=Adm9ZtnJzHzjzijnoHBAOsJ3LEe98tbbpQGP1ONajFanjBSHA670SwJ5UdDk4X8H7SJmIeJmtoXOik2swMFL4g2c&_nc_ad=z-m&_nc_cid=1087&_nc_zt=23&_nc_ht=scontent-hou1-1.cdninstagram.com&_nc_gid=F4uMkFnLCovtCnZFFz0RTw&oh=00_AfhWBNPdbUqDJOtXSGM-Yqm66x8Cs5Mc9XaS5CBsjF15SQ&oe=69310857;24 Kasım #ÖğretmenlerGünü’nde, Merkez İlçe Kadın Kollarının düzenlediği etkinlikte partimizin emekçi öğretmenleriyle bir araya geldik.  Fedakârlıklarıyla topluma yön veren tüm öğretmenlerimizin bu anlamlı gününü yürekten kutluyoruz.;
https://www.instagram.com/p/DRcHSe2DI-D/;Reels;1776;154;97912;2025-11-24 15:31:23;https://scontent-hou1-1.cdninstagram.com/v/t51.71878-15/587799163_1501187897602687_7814042229386800334_n.jpg?stp=dst-jpg_e15_tt6&_nc_cat=105&ig_cache_key=Mzc3MjkyMjY0NDIyNDgzOTU1NQ%3D%3D.3-ccb7-5&ccb=7-5&_nc_sid=58cdad&efg=eyJ2ZW5jb2RlX3RhZyI6InhwaWRzLjY0MHg4MDAuc2RyLkMzIn0%3D&_nc_ohc=TRdQ2Hv-iFAQ7kNvwGGs8W2&_nc_oc=Adl5T9MMHV59CI7w2_bkyKLmC_vmLPaDz-TcfkOfP05Bf3ktRDZkgX7d8SIghZ3ZCyTZCw1ubKrjtkmX_UNBktGx&_nc_ad=z-m&_nc_cid=1087&_nc_zt=23&_nc_ht=scontent-hou1-1.cdninstagram.com&_nc_gid=F4uMkFnLCovtCnZFFz0RTw&oh=00_AfiZZ3htIFtfN9QLxm-0n00Jzxb9JGzn0Yg9_vlZKvGbQA&oe=69311EE6;Zabıta Müdürlüğümüzden İşgal Denetimi…  Kent düzenini korumak ve toplum huzurunu güvence altına almak amacıyla denetimlerini sürdüren Zabıta Müdürlüğü ekiplerimiz, kaldırımları işgal ederek yayaların geçişini engelleyen reklam panoları, dubalar ve flamaları topladı.  Yaya güvenliğini ve trafik akışını olumsuz etkileyebilecek işgaliyelerin önlenmesi için denetimlerimiz kararlılıkla devam edecek.  #ÇanakkaleiçinÇalışıyoruz ❤️;
https://www.instagram.com/p/DRbXotYDPxI/;Reels;386;15;28303;2025-11-24 08:35:25;https://scontent-hou1-1.cdninstagram.com/v/t51.71878-15/586677748_878443418689328_6194282052850701663_n.jpg?stp=dst-jpg_e15_tt6&_nc_cat=108&ig_cache_key=Mzc3MjcxMzA2NTQyMzYzMzQ4MA%3D%3D.3-ccb7-5&ccb=7-5&_nc_sid=58cdad&efg=eyJ2ZW5jb2RlX3RhZyI6InhwaWRzLjY0MHg4MDAuc2RyLkMzIn0%3D&_nc_ohc=-V3t_qSUz2QQ7kNvwHnzUgR&_nc_oc=Adn9SJkHG3sfII3oIlG3ZLtXr0bE4HFPfjb2nkz4_gkt9dOJxzvMXe2eI4uxi0KVwRheOss5V0YdAf-ZntWW2iYk&_nc_ad=z-m&_nc_cid=1087&_nc_zt=23&_nc_ht=scontent-hou1-1.cdninstagram.com&_nc_gid=F4uMkFnLCovtCnZFFz0RTw&oh=00_AfiK0OGBxctpAdFw709UFbwrZYFadPoc0OXa-mH2HKIuhw&oe=6930F893;Çanakkale’nin altyapı ve üstyapı kalitesini güçlendirmek, daha güvenli ve konforlu bir kent yaşamı sağlamak için Cevatpaşa Mahallesi Bahriye Üçok Caddesi’nde başlattığımız çalışmalar tamamlandı.  Kullanım ömrünü dolduran içme suyu hatlarını modern ve depreme dayanıklı malzemelerle yeniledik, ardından üstyapı düzenlemelerini de büyük bir titizlikle gerçekleştirdik.  Kentimiz için çalışmaya devam ediyoruz. 💧🚧  #ÇanakkaleiçinÇalışıyoruz ❤️;
https://www.instagram.com/p/DRaNGasjUwZ/;Photo;1013;15;0;2025-11-23 21:43:07;https://scontent-hou1-1.cdninstagram.com/v/t51.82787-15/587291640_18350357332206947_7039970987278160082_n.jpg?stp=dst-jpg_e35_tt6&_nc_cat=102&ig_cache_key=Mzc3MjM4NTI1MzQ2MjQ2MTQ2NQ%3D%3D.3-ccb7-5&ccb=7-5&_nc_sid=58cdad&efg=eyJ2ZW5jb2RlX3RhZyI6InhwaWRzLjE0NDB4MTc5Ni5zZHIuQzMifQ%3D%3D&_nc_ohc=yzjMI07cpMAQ7kNvwHiLkc2&_nc_oc=AdmK-ki9NElPyPkSburU9T9KerfbmPauCRTbI6d52nzB5oRqhJzo2fpdShLMbcCUz9Fy3cG7HXIEY2Di9knzAWul&_nc_ad=z-m&_nc_cid=1087&_nc_zt=23&_nc_ht=scontent-hou1-1.cdninstagram.com&_nc_gid=F4uMkFnLCovtCnZFFz0RTw&oh=00_AfgVBynNc5Uhvxn0xjv3kBucJd5EYxULpZQ6kFyENe4kRQ&oe=69312E40;Aydınlık bir geleceği inşa etmek için emek veren tüm öğretmenlerimizin 24 Kasım #ÖğretmenlerGünü Kutlu Olsun. ❤️;
https://www.instagram.com/p/DRZHZzxjFhj/;Reels;489;48;42077;2025-11-23 11:36:01;https://scontent-lhr6-2.cdninstagram.com/v/t51.71878-15/588086357_1139204448370570_8155769757332211674_n.jpg?stp=dst-jpg_e15_tt6&_nc_cat=100&ig_cache_key=Mzc3MjA3ODcyMjgwNDExMTQ1OQ%3D%3D.3-ccb7-5&ccb=7-5&_nc_sid=58cdad&efg=eyJ2ZW5jb2RlX3RhZyI6InhwaWRzLjY0MHg4MDAuc2RyLkMzIn0%3D&_nc_ohc=o3Spv8AOagsQ7kNvwGkVGhn&_nc_oc=AdnNuB26HSw_sU-oq9RpNt1QninHJkiYWblcWw1JOhlrzNwnCdnZ237v2S6FYQFvoDIyboi83kf-x9Liuzr2W-NQ&_nc_ad=z-m&_nc_cid=0&_nc_zt=23&_nc_ht=scontent-lhr6-2.cdninstagram.com&_nc_gid=NB1EmuuuyGCstEr0f7POYA&oh=00_AfiYw8oQDWK_UGefn2cHHsPdtKE-Y5uGzGlno7mP-9_G5A&oe=69310CA6;"2024 yılı Nisan ayından itibaren kent genelinde yürüttüğümüz altyapı, yol ve kaldırım düzenleme çalışmalarını planlı, güçlü ve yoğun bir programla tamamladık.  🔸 38.856 ton asfalt kullanıldı. * 32.502 ton finisher serimi * 6.354 ton yama çalışmaları ➡️ Toplam 13 km yol asfaltlandı.  🔸 15.286 m² beton kaldırım imalatı gerçekleştirildi. 🔸 5.375 m³ hazır beton kullanıldı. 🔸 Kentin farklı mahallelerinde toplam 34.501 m² parke taş ile ➡️ 8.458 metre yol ve kaldırım düzenlemesi yapıldı.  Kentimizin ulaşım ve yaya konforunu artırmak için; planlamaya dayalı, sürdürülebilir ve kalıcı çözümler üreterek çalışmalarımıza devam ediyoruz.  #ÇanakkaleiçinÇalışıyoruz ❤️";
https://www.instagram.com/p/DRXSHFADH8R/;Carousel;422;2;0;2025-11-22 18:29:11;https://scontent-lhr6-1.cdninstagram.com/v/t51.82787-15/587191344_18350235397206947_6574454830546819516_n.jpg?stp=dst-jpg_e35_tt6&_nc_cat=102&ig_cache_key=Mzc3MTU2Mjg1MTMwNDIyNjM2Mw%3D%3D.3-ccb7-5&ccb=7-5&_nc_sid=58cdad&efg=eyJ2ZW5jb2RlX3RhZyI6InhwaWRzLjE0NDB4OTU5LnNkci5DMyJ9&_nc_ohc=2wS0mrK-9noQ7kNvwFaPMmE&_nc_oc=AdlRnZH2Yb-4uQxGEGc3rfOEpaFUxSlrMY_Lkf4zQQgCOKxUU8xxr3fRLa56WWXviWe5-h-dgAtOTrkVyvtaANKj&_nc_ad=z-m&_nc_cid=0&_nc_zt=23&_nc_ht=scontent-lhr6-1.cdninstagram.com&_nc_gid=NB1EmuuuyGCstEr0f7POYA&oh=00_AfjFPXE-xgnf0I8ui-3JrWMic3kHdldrb3X457Oua5yrZA&oe=6931214E;Çanakkale Belediyespor Kadın Voleybol Takımımız, Türkiye Voleybol Federasyonu Arabica Coffee House Kadınlar 1. Ligi 9. Hafta mücadelesinde de Altınordu’yu 3-0 mağlup ederek sahadan galibiyetle ayrıldı ve grupta lider oldu 💙  Takımımızı ve yöneticilerimizi yürekten tebrik ediyor, başarılarının devamını diliyoruz. 💪🏻;
https://www.instagram.com/p/DRUg6DnjEOz/;Reels;438;9;32496;2025-11-21 16:46:15;https://scontent-lhr6-2.cdninstagram.com/v/t51.71878-15/587613481_848430444793480_3499207357645266873_n.jpg?stp=dst-jpg_e15_tt6&_nc_cat=104&ig_cache_key=Mzc3MDc4MzUxNTExODY4MzA1OQ%3D%3D.3-ccb7-5&ccb=7-5&_nc_sid=58cdad&efg=eyJ2ZW5jb2RlX3RhZyI6InhwaWRzLjY0MHg4MDAuc2RyLkMzIn0%3D&_nc_ohc=BzqjN4cuiyUQ7kNvwEz5Qem&_nc_oc=Adk967W8PvjGagwDvk8irrS5irNQZUZs5feMkeZLDQKmgaxeFRXogVoTx87xK_wudXRHdP1MRPeopDNA7j35Uv26&_nc_ad=z-m&_nc_cid=0&_nc_zt=23&_nc_ht=scontent-lhr6-2.cdninstagram.com&_nc_gid=NB1EmuuuyGCstEr0f7POYA&oh=00_AfhbqDawKxGU_5xPoTgHTI-7-oaYemuZ2bPgY-lnC-1O1w&oe=69310266;"ÇOMÜ ve Trakya Üniversiteler Birliği iş birliğiyle düzenlediğimiz Ulaşım Çalıştayı, kentimizin ulaşım geleceğine ışık tutan verimli oturumlarla sona erdi.  Katılımcı çalışmalarla;  🛣️ sürdürülebilir ulaşım, 🚲 yaya, bisiklet ve çevre odaklı bir şehir tasarımı, 🚍 toplu taşıma sistemleri, 🚢 deniz ulaşımı gibi birçok başlıkta görüş ve öneriler paylaşıldı.  Hazırlanacak sonuç bildirgesi, Çanakkale’nin ulaşım politikalarına yön verecek önemli bir rehber olacak.  Tüm katılımcılara yürekten teşekkür ediyoruz.  ​#UlaşımÇalıştayı #SürdürülebilirUlaşım #ÇanakkaleiçinÇalışıyoruz ❤️";
https://www.instagram.com/p/DRRuCxEjFOi/;Carousel;532;15;0;2025-11-20 14:37:49;https://scontent-lhr8-2.cdninstagram.com/v/t51.82787-15/583293314_18513552919070134_1075373854575379238_n.webp?_nc_cat=103&ig_cache_key=Mzc2OTk5Njg0MzMzODcyODI0OQ%3D%3D.3-ccb7-5&ccb=7-5&_nc_sid=58cdad&efg=eyJ2ZW5jb2RlX3RhZyI6InhwaWRzLjE0Mzh4OTU5LnNkci5DMyJ9&_nc_ohc=T0IWqN5C2tsQ7kNvwG_1Hd8&_nc_oc=AdmQNYY6sSNrJJQAQcTsl6TGErHAtaXJTc0QVVMA69cpP4Y9Yxlx0eXNrG7VoEy8qMxJiq9lSE-Imm8ylOk165c5&_nc_ad=z-m&_nc_cid=0&_nc_zt=23&_nc_ht=scontent-lhr8-2.cdninstagram.com&_nc_gid=NB1EmuuuyGCstEr0f7POYA&oh=00_AfjKlxmxXVa8Nl2dHDDjHNxJyn5wWlMxhNPqdtbeX16xhQ&oe=6931236D;Ulaşımda Ortak Akıl ve Sürdürülebilirlik Zamanı…🛣️  ​ÇOMÜ ve Trakya Üniversiteler Birliği iş birliğiyle hazırladığımız Ulaşım Çalıştayımız başladı. Valiliğimiz, konuk belediyeler, kurumlar, meslek odaları ve STK'lar başta olmak üzere tüm paydaşlarımızla bir aradayız.  ​Ortak akılla, kentimizde sürdürülebilir ulaşım politikaları için önemli bir yol haritası çiziyoruz. Geleceğin ulaşımını birlikte inşa ediyoruz.  ​#UlaşımÇalıştayı #SürdürülebilirUlaşım #ÇanakkaleiçinÇalışıyoruz ❤️;
https://www.instagram.com/p/DRRLvOUjEXI/;Reels;345;6;23936;2025-11-20 09:45:19;https://scontent-lhr6-2.cdninstagram.com/v/t51.71878-15/586681537_740939251598585_9041053887421860792_n.jpg?stp=dst-jpg_e15_tt6&_nc_cat=105&ig_cache_key=Mzc2OTg0NTk4Njc4OTk2NzMwNA%3D%3D.3-ccb7-5&ccb=7-5&_nc_sid=58cdad&efg=eyJ2ZW5jb2RlX3RhZyI6InhwaWRzLjY0MHg4MDAuc2RyLkMzIn0%3D&_nc_ohc=csCDNHuLdccQ7kNvwGA26uV&_nc_oc=AdnBoLsqKKKwGMfHDqeHlvWLdk5KSFzbdwcPZukLCYYSWdKH2Z0TuFwBgKtqA8236zdIeskHjKPHackIHlrJ83xP&_nc_ad=z-m&_nc_cid=0&_nc_zt=23&_nc_ht=scontent-lhr6-2.cdninstagram.com&_nc_gid=NB1EmuuuyGCstEr0f7POYA&oh=00_Afi5eHxGyTg6P434tpv2efDOjHHJxlPglnZ5pJId53xxkw&oe=693100A7;Belediye Başkanımız Sayın Muharrem Erkek 20 Kasım Dünya Çocuk Hakları Günü kapsamında Barbaros Atam Kreş’te düzenlenen Kitap Okuma Programı’nda minik öğrencilerimizle bir araya geldi.   Her şey çocuklarımıza güzel bir dünya bırakmak için... 🎈🌼❤️;
https://www.instagram.com/p/DRRE7gtjAxC/;Carousel;271;2;0;2025-11-20 08:38:34;https://scontent-lhr6-1.cdninstagram.com/v/t51.82787-15/582779184_18513522883070134_5187177642284373021_n.jpg?stp=dst-jpg_e35_tt6&_nc_cat=110&ig_cache_key=Mzc2OTgxNjAyODA3NjA3OTg3NA%3D%3D.3-ccb7-5&ccb=7-5&_nc_sid=58cdad&efg=eyJ2ZW5jb2RlX3RhZyI6InhwaWRzLjE0NDB4MTc5NS5zZHIuQzMifQ%3D%3D&_nc_ohc=2m2TMYSfmKMQ7kNvwFlWnEN&_nc_oc=AdkOQeOwb-taLV27EeLBKqEK1jHvt8vsycbSo09Btz5S4xf_-t6HFbZF2PVnowr4xMbp4NlCsccfj-Gc99v8Czu0&_nc_ad=z-m&_nc_cid=0&_nc_zt=23&_nc_ht=scontent-lhr6-1.cdninstagram.com&_nc_gid=NB1EmuuuyGCstEr0f7POYA&oh=00_AfhYjPOXCPO6nQN9VHW0ToBRyVnuAVCdEA62dk2STm0Xcg&oe=69312CFD;Bu gülümsemelerde geleceğin haklı çocukları var. 👧👦  20 Kasım #DünyaÇocukHaklarıGünü’nü Ata’m Kreşin mutlu çocuklarının çizdikleri kendi gülen yüzleri ile kutluyoruz. 🥰  Çünkü mutluluk en çok çocuklara haktır. ❤️🌟;
https://www.instagram.com/p/DRPDtz-DP4B/;Carousel;207;7;0;2025-11-19 13:49:28;https://scontent-lhr8-2.cdninstagram.com/v/t51.82787-15/582706404_18513405964070134_8771130978570614719_n.jpg?stp=dst-jpg_e35_tt6&_nc_cat=106&ig_cache_key=Mzc2OTI0Nzc1MDI1NzY3NTg0MA%3D%3D.3-ccb7-5&ccb=7-5&_nc_sid=58cdad&efg=eyJ2ZW5jb2RlX3RhZyI6InhwaWRzLjE0NDB4MTc5NS5zZHIuQzMifQ%3D%3D&_nc_ohc=cVByMqt2mfQQ7kNvwFHX_9P&_nc_oc=AdmdyZp-kZ7-BrqDagJXYHmfoTavecH5Z_omDcHQ2fkX1hhsCnUfG2OZ9pQyfybd-SL0PTgMve3Q9YbAB0Aq6EfT&_nc_ad=z-m&_nc_cid=0&_nc_zt=23&_nc_ht=scontent-lhr8-2.cdninstagram.com&_nc_gid=NB1EmuuuyGCstEr0f7POYA&oh=00_AfhkN20ka42FgMXbj5x-r6_ddlKuZqaqEFNY4ZKeY3SAZQ&oe=6931266E;"📣 Çanakkale Onsekiz Mart Üniversitesi (ÇOMÜ), Trakya Üniversiteler Birliği ve Çanakkale Belediyesi iş birliğinde düzenlenen Ulaşım Çalıştayı, 🗓️ 20 Kasım 2025 Perşembe günü başlıyor.  Uzun süredir yürütülen hazırlıkların ardından hayata geçirilen çalıştay; • Kent ulaşımında ortak çözümler üretmeyi, • İyi uygulama örneklerini paylaşmayı ve • Bölgesel ölçekte sürdürülebilir ulaşım politikaları geliştirmeyi amaçlıyor.  🗓️ 20–21 Kasım 2025 tarihlerinde 📍Double Tree By  Hilton’da gerçekleşecek program kapsamında, sunumlar, teknik oturumlar ve fikir alışverişleri yapılacak.  Akademisyenlerin ve alanında uzman isimlerin katılacağı çalıştayın çıktıları, Çanakkale’nin uzun vadeli ulaşım altyapısına ve yeni projelerine yön verecek nitelikte olacak.  #ÇanakkaleiçinÇalışıyoruz ❤️ #UlaşımÇalıştayı";
https://www.instagram.com/p/DROmoBGjOQB/;Carousel;2347;30;0;2025-11-19 09:35:16;https://scontent-lhr6-2.cdninstagram.com/v/t51.82787-15/583085368_18349887319206947_1586860202409707433_n.jpg?stp=dst-jpg_e35_tt6&_nc_cat=104&ig_cache_key=Mzc2OTExOTgwNzkxMzEwMTc5MA%3D%3D.3-ccb7-5&ccb=7-5&_nc_sid=58cdad&efg=eyJ2ZW5jb2RlX3RhZyI6InhwaWRzLjEwNjZ4NzExLnNkci5DMyJ9&_nc_ohc=fHr-YVpIi9YQ7kNvwGYvY7Q&_nc_oc=AdkdcvVJ0ioI-dJXUG9wIclF4REkYTsGoYaRg1oDdm_pSCesWz_TYHzq9r5QC9W-l7QjWyL9vNmX6uGBi99PwUzj&_nc_ad=z-m&_nc_cid=0&_nc_zt=23&_nc_ht=scontent-lhr6-2.cdninstagram.com&_nc_gid=NB1EmuuuyGCstEr0f7POYA&oh=00_AfjR2hi6Vth8cAjHfzQEF811mbUOSSi9lJS4EJL3m07C9Q&oe=69310ED3;39. Olağan Kurultayımız öncesinde Çanakkale delegeleri olarak Genel Başkanımız Sayın Özgür Özel’i TBMM’deki makamında ziyaret ettik. Yeni programımızın da kabul edileceği tarihi kurultayımızdan sonra Genel Başkanımızın liderliğinde güçlü bir kadro ile iktidara hazırlanacağız.   #CHPbaşaracakTürkiyekazanacak;
https://www.instagram.com/p/DROlJwvDGoO/;Reels;655;55;32889;2025-11-19 09:25:21;https://scontent-lhr8-1.cdninstagram.com/v/t51.71878-15/581991662_1481628873069281_7512093191797928589_n.jpg?stp=dst-jpg_e15_tt6&_nc_cat=107&ig_cache_key=Mzc2OTExMzMzNjY4MDgzNTU5OA%3D%3D.3-ccb7-5&ccb=7-5&_nc_sid=58cdad&efg=eyJ2ZW5jb2RlX3RhZyI6InhwaWRzLjY0MHg4MDAuc2RyLkMzIn0%3D&_nc_ohc=425A8m1OwrYQ7kNvwEyAlwj&_nc_oc=Admq6Vdj34K9LUHiupkEpIFVp9tmvMSmIu1iGTfY67kiOYOACh5iDjZJJgj0VH95WcSPiBM-chrtLOvFvY2pZAzB&_nc_ad=z-m&_nc_cid=0&_nc_zt=23&_nc_ht=scontent-lhr8-1.cdninstagram.com&_nc_gid=NB1EmuuuyGCstEr0f7POYA&oh=00_Afht3hojQ5WLr63EK2QbfT7CmKlBnNnaUm2O5cYAgFUFHw&oe=6931023F;"Çanakkale Belediyesi olarak sokak hayvanlarının güvenli, sağlıklı ve konforlu bir yaşam sürdürebilmesi için “Can Dostlar Sahipsiz Sokak Hayvanları Bakım ve Rehabilitasyon Merkezi”ni hayata geçiriyoruz. 🐾💚  Cevatpaşa Mahallesi’nde 34 bin m² alan üzerine kurulan merkez; 🔹 551 m² modern tedavi ünitesi ve idari bina, 🔹 Tekli padoklar, 🔹 Oyun ve gezinti alanları ve 🔹 Rehabilitasyon parkurları ile donatıldı.  Çalışmaların tamamlanmasıyla merkez; kısırlaştırma, tedavi, aşılama ve sahiplendirme süreçlerinin çağdaş standartlarda yürütüldüğü kapsamlı bir yaşam alanına dönüşecek.  Belediyemiz tüm canlıların hak ettiği yaşamı sunan bir kent için çalışmaya devam ediyor. 🌿🐱🐶  #ÇanakkaleiçinÇalışıyoruz ❤️ #CanDostlar #ÇanakkaleBelediyesi";
https://www.instagram.com/p/DRNBHEkDGzv/;Carousel;589;5;0;2025-11-18 18:48:13;https://scontent-lhr8-2.cdninstagram.com/v/t51.82787-15/582433244_18349831405206947_8124668275964503139_n.jpg?stp=dst-jpg_e35_tt6&_nc_cat=106&ig_cache_key=Mzc2ODY3MzMzNTU2MDExNzA4MA%3D%3D.3-ccb7-5&ccb=7-5&_nc_sid=58cdad&efg=eyJ2ZW5jb2RlX3RhZyI6InhwaWRzLjE0NDB4OTYwLnNkci5DMyJ9&_nc_ohc=zFPC99kDEL0Q7kNvwHt4WN_&_nc_oc=Adnev8_1_XoQ91WrOm12ETSmlVyCcVrtek9t32zeg5Wr3AWLcxwAwEXSX0H411KvLJmu4YvY50UWYqi_y2jP5gs9&_nc_ad=z-m&_nc_cid=0&_nc_zt=23&_nc_ht=scontent-lhr8-2.cdninstagram.com&_nc_gid=NB1EmuuuyGCstEr0f7POYA&oh=00_Afg5-TXpa0QI1MWfsisXGaqe7L5InMQqb7xtW4lqzUM-QA&oe=69312A4C;İl Belediye Başkanları olarak Genel Başkanımız Sayın @eczozgurozel ile TBMM’de bir araya geldik. @chp;
https://www.instagram.com/p/DRMVC56DI7o/;Reels;299;14;20002;2025-11-18 12:24:19;https://scontent-lhr8-2.cdninstagram.com/v/t51.71878-15/583088375_2003407787180700_2969236718094225362_n.jpg?stp=dst-jpg_e15_tt6&_nc_cat=101&ig_cache_key=Mzc2ODQ3OTU0Njc5NTEzNDY5Ng%3D%3D.3-ccb7-5&ccb=7-5&_nc_sid=58cdad&efg=eyJ2ZW5jb2RlX3RhZyI6InhwaWRzLjY0MHg4MDAuc2RyLkMzIn0%3D&_nc_ohc=xDMbYznNtxUQ7kNvwGoU_9F&_nc_oc=Adm-XSBGK4lmRkOeZV7AUcTVTqPPywxDdhZ4QfKxT4qlQYOG1zEkEhfhA8jTizveC76N31O_p5_G9_8i3b6LHcy0&_nc_ad=z-m&_nc_cid=0&_nc_zt=23&_nc_ht=scontent-lhr8-2.cdninstagram.com&_nc_gid=NB1EmuuuyGCstEr0f7POYA&oh=00_AfjSgLTs1ci1hVRaGhzN_L1hlMr-nARv_ULMLMtUx8e-rw&oe=693123E5;Kent genelinde hava sıcaklıklarının mevsim normallerinin üzerinde seyretmesi nedeniyle karasineklerle mücadele çalışmalarımızı sürdürüyoruz.  Biyosidal ürün uygulama ekibimiz tarafından yürütülen çalışmalar, kent sağlığını korumaya yönelik olarak aralıksız devam ediyor.  #ÇanakkaleiçinÇalışıyoruz ❤️;
https://www.instagram.com/p/DRFmACjjQl5/;Photo;648;12;0;2025-11-15 21:36:39;https://scontent-lhr6-1.cdninstagram.com/v/t51.82787-15/582415936_18349552882206947_6328299368289973848_n.jpg?stp=dst-jpg_e35_tt6&_nc_cat=110&ig_cache_key=Mzc2NjU4Mzc5MTg3NjYzOTA5Nw%3D%3D.3-ccb7-5&ccb=7-5&_nc_sid=58cdad&efg=eyJ2ZW5jb2RlX3RhZyI6InhwaWRzLjE0NDB4MTkyMC5zZHIuQzMifQ%3D%3D&_nc_ohc=snSXc2vhdU0Q7kNvwG4EScC&_nc_oc=AdnUgFrx3xaaygFPo4hq1FMa2KExYCH4uKfto_gLDN2qoHsx_j21mRK6vyJEL4RIipuAEHHI7omo-A4TKq5MrxBZ&_nc_ad=z-m&_nc_cid=0&_nc_zt=23&_nc_ht=scontent-lhr6-1.cdninstagram.com&_nc_gid=NB1EmuuuyGCstEr0f7POYA&oh=00_Afg3vqjh99koWZNpKMu8Tl8u7p3fFzuUuM9xlNwlXG0nfw&oe=6931039E;Can dostla bir gezinti…;
https://www.instagram.com/p/DRCzKiUjGrY/;Reels;1484;45;90211;2025-11-14 19:39:25;https://scontent.cdninstagram.com/v/t51.71878-15/579717829_1373138911217241_8856108694100433344_n.jpg?stp=dst-jpg_e15_tt6&_nc_cat=107&ig_cache_key=Mzc2NTc5NzI2Mjg1Mzk1ODM2MA%3D%3D.3-ccb7-5&ccb=7-5&_nc_sid=58cdad&efg=eyJ2ZW5jb2RlX3RhZyI6InhwaWRzLjY0MHgxMTM2LnNkci5DMyJ9&_nc_ohc=qfvf4v7Zb-cQ7kNvwG5278g&_nc_oc=Adkx5LpjwahfXGnyUjSHSH_ndu-gSIOHGpNBxJEmh9lBkzUhd9thgWUt6qSmS73yVsFiBJtKFcwUMxzaSUIbYZsG&_nc_ad=z-m&_nc_cid=0&_nc_zt=23&_nc_ht=scontent.cdninstagram.com&_nc_gid=6x3eDTBCxt59NLo29tcoPg&oh=00_AfjfFHJ8u5QXIQnLeAL2zpMSGyK8vEDsPJ5Lxylqi4sPkA&oe=6930F69B;Çanakkale’mizin çeşmelerini önce köpürttük sonra yıkadık 😊   #ÇanakkaleiçinÇalışıyoruz ❤️;
https://www.instagram.com/p/DRB2__MjIh0/;Reels;996;10;36230;2025-11-14 10:49:22;https://scontent.cdninstagram.com/v/t51.71878-15/584378760_696721333495580_4736163948029324432_n.jpg?stp=dst-jpg_e15_tt6&_nc_cat=105&ig_cache_key=Mzc2NTUzMjY1NTE1MzM1MDc3Mg%3D%3D.3-ccb7-5&ccb=7-5&_nc_sid=58cdad&efg=eyJ2ZW5jb2RlX3RhZyI6InhwaWRzLjY0MHg4MDAuc2RyLkMyIn0%3D&_nc_ohc=6qVisJ7oQIUQ7kNvwG8gpST&_nc_oc=AdmG0hkbi2p3Lg6Q6xJ-RKlZyxZ3fqJ4PqtMUJdcuuuTSz-3Iognpw_5MfQUlx0JU38x_twx-k4KGWweJhIphyfA&_nc_ad=z-m&_nc_cid=0&_nc_zt=23&_nc_ht=scontent.cdninstagram.com&_nc_gid=6x3eDTBCxt59NLo29tcoPg&oh=00_Afg3GNtqhwtgTDUJEoUdp6xE4QCG4Y08uvrkewFAuf6O7w&oe=69311013;Huzurlu bir #Çanakkale sabahından herkese güzel bir gün dileriz ❤️;
https://www.instagram.com/p/DQ_IrMgjIVm/;Reels;803;43;72787;2025-11-13 09:33:11;https://scontent.cdninstagram.com/v/t51.71878-15/580513570_2784495761942187_6941365712806455598_n.jpg?stp=dst-jpg_e15_tt6&_nc_cat=108&ig_cache_key=Mzc2NDc2NTk2NjI0NTU5NDQ3MA%3D%3D.3-ccb7-5&ccb=7-5&_nc_sid=58cdad&efg=eyJ2ZW5jb2RlX3RhZyI6InhwaWRzLjY0MHg4MDAuc2RyLkMzIn0%3D&_nc_ohc=eXw0BKZuvgUQ7kNvwE4UUV6&_nc_oc=AdnZvSDWY62Sk-K-nFst1IBkyOYDQxNUWExqXVGS9D9ggzxW3yeBvvInEnpanqb3t0nCgplkSozJ03wyycYvR-5g&_nc_ad=z-m&_nc_cid=0&_nc_zt=23&_nc_ht=scontent.cdninstagram.com&_nc_gid=6x3eDTBCxt59NLo29tcoPg&oh=00_Afj__xrdopiuWwj2fLRTt-OwBTlegKtEdeBrVqKc-5nJQA&oe=6931039E;💧 Halk Sağlığı İçin İlaçlama Çalışmaları Sürüyor...  Temizlik İşleri Müdürlüğü ekiplerimiz, halk sağlığını tehdit eden haşare ve sineklerle mücadele çalışmalarını aralıksız sürdürüyor.  Bu kapsamda, kent genelinde yağmur suyu ve kanalizasyon hatlarında üreyebilecek sineklere karşı sıcak sisleme yöntemiyle ilaçlama yapıldı.  #ÇanakkaleİçinÇalışıyoruz ❤️;
https://www.instagram.com/p/DQ81YzKjEck/;Carousel;650;15;0;2025-11-12 11:57:56;https://scontent.cdninstagram.com/v/t51.82787-15/581806682_18348872794206947_4845574628311213600_n.jpg?stp=dst-jpg_e35_tt6&_nc_cat=101&ig_cache_key=Mzc2NDExODE4MTY4NzA5MTQ5MA%3D%3D.3-ccb7-5&ccb=7-5&_nc_sid=58cdad&efg=eyJ2ZW5jb2RlX3RhZyI6InhwaWRzLjE0NDB4MTc5NS5zZHIuQzMifQ%3D%3D&_nc_ohc=ZaS38b6MndMQ7kNvwEcPhIs&_nc_oc=Adm4T3amZfZlckY7br_lJOP7GwQbJP-y0fGynVeFUI_fiVOp5_ziJ25uzAwvFozWk5TLiDxF4PWhqwVfB1NBcZzh&_nc_ad=z-m&_nc_cid=0&_nc_zt=23&_nc_ht=scontent.cdninstagram.com&_nc_gid=6x3eDTBCxt59NLo29tcoPg&oh=00_AfienlEoAgK-2EN7J9XqvvRs4UX4cZLhZKZaU93Fb9lSaA&oe=693121CF;Sabahın ilk ışıklarına kadar Karacaören İçme Suyu Depomuzun yenileme ve kapasite artırımı çalışmalarını başarıyla tamamlayan tüm arkadaşlarımıza gönülden teşekkürler. Altyapımıza önem vermeye ve #Çanakkale için çalışmaya devam edeceğiz.;
https://www.instagram.com/p/DQ7CjJCDAR4/;Photo;729;9;0;2025-11-11 19:14:28;https://scontent.cdninstagram.com/v/t51.82787-15/580124719_18512241628070134_5210000438287268123_n.jpg?stp=dst-jpg_e35_tt6&_nc_cat=102&ig_cache_key=Mzc2MzYxMzEyNDU3MDkwNzc2OA%3D%3D.3-ccb7-5&ccb=7-5&_nc_sid=58cdad&efg=eyJ2ZW5jb2RlX3RhZyI6InhwaWRzLjE0NDB4MTgwMi5zZHIuQzMifQ%3D%3D&_nc_ohc=VCMwTiu5hP0Q7kNvwG6O0Eo&_nc_oc=AdkBGexruknb8kRUUppD3bmtaFQXIJZEQCFNPJk_Rm3eoxsJdtnlwpJzoNlsQM9H8c5S_pcYZIfMpI8I4m-4Lh89&_nc_ad=z-m&_nc_cid=0&_nc_zt=23&_nc_ht=scontent.cdninstagram.com&_nc_gid=6x3eDTBCxt59NLo29tcoPg&oh=00_AfhYL4f4HoPxZln9BccW6cPWXdFJu3nDvgWQjCvgELlr_w&oe=69310A79;Azerbaycan’dan ülkemize gelmek üzere havalanan Türk Silahlı Kuvvetleri’ne ait C-130 askerî kargo uçağımız Gürcistan’da düşmüştür.   Devam eden arama kurtarma çalışmalarından gelecek iyi haberleri beklerken, yaşanan bu  acı olay nedeniyle bu akşam sahnelenecek “Hastalık Hastası” adlı tiyatro oyunumuz ileri bir tarihe ertelenmiştir.  Hemşehrilerimizin bilgisine sunarız.;
https://www.instagram.com/p/DQ6qOPeAkTD/;Carousel;745;3;0;2025-11-11 15:41:54;https://scontent.cdninstagram.com/v/t51.82787-15/580595202_18348480886206947_4478245741226566965_n.jpg?stp=dst-jpg_e35_tt6&_nc_cat=103&ig_cache_key=Mzc2MzUwNjExNjg4NjE5NDkyMw%3D%3D.3-ccb7-5&ccb=7-5&_nc_sid=58cdad&efg=eyJ2ZW5jb2RlX3RhZyI6InhwaWRzLjE0NDB4OTU5LnNkci5DMyJ9&_nc_ohc=ZeEXsZMA6DwQ7kNvwH4LPh1&_nc_oc=Adn-x6NPrgJVazrEnP5HcpzGPfFKmj22BUjpNDAitegymNU9UJN0QSpd7hplP3MNRK5KhYQHBqwRzg-oUZKbtS9u&_nc_ad=z-m&_nc_cid=0&_nc_zt=23&_nc_ht=scontent.cdninstagram.com&_nc_gid=6x3eDTBCxt59NLo29tcoPg&oh=00_Afhfg_I45qg7EFRToC5JqC65XX0wkw1yE_hZW8oXz-9rRw&oe=6930FF4A;"11 Kasım Milli Ağaçlandırma Günü kapsamında Valiliğimiz, Tarım ve Orman Bakanlığı ve Orman Genel Müdürlüğü iş birliğiyle, çeşitli kurum ve kuruluşların da desteğiyle düzenlenen fidan dikim törenine katıldık.  Yakın dönemde büyük yangınlarla sarsılan Çanakkale’mizde yaralarımızı hep birlikte yeniden sarıyoruz.   Bugün diktiğimiz her fidan, yalnızca bir ağaç değil; yeniden doğuşun ve dayanışmanın simgesidir. 💚🌿";
https://www.instagram.com/p/DQ6DuOMjInF/;Carousel;509;6;0;2025-11-11 10:05:29;https://scontent.cdninstagram.com/v/t51.82787-15/576085764_18512159494070134_7972071487166601434_n.jpg?stp=dst-jpg_e35_tt6&_nc_cat=102&ig_cache_key=Mzc2MzMzNjgwMDY0NDExNTM1OA%3D%3D.3-ccb7-5&ccb=7-5&_nc_sid=58cdad&efg=eyJ2ZW5jb2RlX3RhZyI6InhwaWRzLjEyMDB4OTAwLnNkci5DMyJ9&_nc_ohc=884-OR7HeyUQ7kNvwHC1ctO&_nc_oc=Adl59FoHZfMNJuG-lHcJorsq_DvBil4CHiknXGUYAQY99_PWuAG9UkXDHVjGdnNYd5ZAYbYc0Ox-ukOvvKfBCuFn&_nc_ad=z-m&_nc_cid=0&_nc_zt=23&_nc_ht=scontent.cdninstagram.com&_nc_gid=6x3eDTBCxt59NLo29tcoPg&oh=00_AfiYBOKzGOj-PnwBLxRmNUzut_CennHbdhMFE8FHw-R12Q&oe=6931015C;🏛️ Troya Maratonu İçin Çalışmalar Başladı!  26 Nisan 2026 Pazar günü düzenlenecek olan “Troya Maratonu” nun hazırlıklarına başladık! 🏃‍♀️🌿  Geçtiğimiz yıl, 20 Nisan 2025’te ilk kez düzenlenen Troya Yarı Maratonu, bu yıl efsaneyi bir adım ileri taşıyor.  Troya’nın binlerce yıllık mirasından ilham alan bu yolculuk, 2026 yılından itibaren tam maraton olarak devam edecek.  Yeni eklenen 42.2 km’lik efsanevi parkurda koşucular, Troya Ören Yeri’ndeki Truva Atı’ndan, kordonboyundaki Truva Atı’na uzanan benzersiz bir rotada koşacaklar! 🐎  Türkiye Atletizm Federasyonu iş birliğiyle ölçüm ve kalibrasyon süreçleri tamamlanan Troya Maratonu, profesyonel atletlerin yanı sıra doğayla, tarihle ve kendi sınırlarıyla buluşmak isteyen tüm koşuculara ev sahipliği yapacak.  #TroyaMaratonu #ÇanakkaleBelediyesi #KoşununEfsanesi #ÇanakkaleİçinÇalışıyoruz #Troya;
https://www.instagram.com/p/DQ4dyiojF_m/;Reels;1104;34;88361;2025-11-10 19:15:06;https://scontent.cdninstagram.com/v/t51.71878-15/581266002_1909648919964845_2777328420468037422_n.jpg?stp=dst-jpg_e15_tt6&_nc_cat=100&ig_cache_key=Mzc2Mjg4ODUwNTE3ODIxODQ3MA%3D%3D.3-ccb7-5&ccb=7-5&_nc_sid=58cdad&efg=eyJ2ZW5jb2RlX3RhZyI6InhwaWRzLjY0MHgxMTM2LnNkci5DMyJ9&_nc_ohc=7y4yonKXLNAQ7kNvwE_qW50&_nc_oc=AdntHIhKnDyub8n-y-MzHRUOJkwxgZkKry52nun3aDEHr0B0n9D1K0iYxi_ZJ5QH9waXkUdAu_pmbdPbtM-TTZbr&_nc_ad=z-m&_nc_cid=0&_nc_zt=23&_nc_ht=scontent.cdninstagram.com&_nc_gid=6x3eDTBCxt59NLo29tcoPg&oh=00_Afgjf6VULjNYq-rbubmI1EiJWKDs2F1JZSFXQQ1ARQZY6Q&oe=6931262F;Ani bastıran yağış nedeniyle meydana gelen su taşkınlarına karşı ekiplerimiz, başta Çarşı bölgesi olmak üzere kent genelinde hızla müdahale ederek gerekli önlemleri almaktadır.  Hemşehrilerimizin bilgisine sunarız.;
https://www.instagram.com/p/DQ3yIkljToL/;Carousel;672;1;0;2025-11-10 12:53:18;https://scontent.cdninstagram.com/v/t51.82787-15/580106211_18348170779206947_8937304972098435643_n.jpg?stp=dst-jpg_e35_tt6&_nc_cat=111&ig_cache_key=Mzc2MjY5NjQ5NTMyNjY0MzQzNw%3D%3D.3-ccb7-5&ccb=7-5&_nc_sid=58cdad&efg=eyJ2ZW5jb2RlX3RhZyI6InhwaWRzLjE0NDB4OTU5LnNkci5DMyJ9&_nc_ohc=zT4CI6MsSW8Q7kNvwGzv8xc&_nc_oc=AdmW82wMqonGrbrfLOboqgC_K-he9RhjG_iXnMbgHXxaVLOcE6DG7dM3FYDpxhzTeLJCZkGQhq9yhZUzbVzPR_gD&_nc_ad=z-m&_nc_cid=0&_nc_zt=23&_nc_ht=scontent.cdninstagram.com&_nc_gid=6x3eDTBCxt59NLo29tcoPg&oh=00_AfjqfD6oh6mElmeRUdCORwLZiaTccpcPQk4MTeaWnpesZw&oe=69311B2A;📍 Troya Sergi Salonu, Çanakkale Belediyesi  Hamza Saykan’ın “Geldikleri Gibi Giderler” başlıklı Yağlı Boya Atatürk Resimleri Sergisi’nin açılışını yaptık.  Emeği geçen değerli sanatçımıza teşekkür ediyoruz.  Bu anlamlı sergiyi, 10–17 Kasım tarihleri arasında Çanakkale Belediyesi Troya Sergi Salonunda ziyaret edebilirsiniz.;
https://www.instagram.com/p/DQ3lu9HjANX/;Reels;2304;14;46235;2025-11-10 11:20:31;https://scontent.cdninstagram.com/v/t51.71878-15/574324774_1569115824440779_5474189509557889151_n.jpg?stp=dst-jpg_e15_tt6&_nc_cat=111&ig_cache_key=Mzc2MjY0MTk2ODEzMzA0NzEyNw%3D%3D.3-ccb7-5&ccb=7-5&_nc_sid=58cdad&efg=eyJ2ZW5jb2RlX3RhZyI6InhwaWRzLjY0MHg4MDAuc2RyLkMzIn0%3D&_nc_ohc=2pDWldEymEcQ7kNvwG64Fnd&_nc_oc=AdnKFsNwwM8BDX06e2-E-HXzCL82f8INfFzpIaUNZc6mn_S7dm3s7qtXOLku4JPoKLjDgzpgL2Vgo0p_cC4beH46&_nc_ad=z-m&_nc_cid=0&_nc_zt=23&_nc_ht=scontent.cdninstagram.com&_nc_gid=6x3eDTBCxt59NLo29tcoPg&oh=00_Afg-DvXO5OeSaPiD037qroyPCfsGyVCoW2GVSxw8aodvxg&oe=69312A8D;Milli egemenliğimizin ve Cumhuriyetimizin mimarı, Kurtuluşun ve Kuruluşun Büyük Önderi Gazi Mustafa Kemal Atatürk’ü, ebediyete irtihalinin 87. yıl dönümünde büyük bir minnet, saygı ve özlemle anıyoruz...;
https://www.instagram.com/p/DQ3gUqqDYt8/;Carousel;1231;10;0;2025-11-10 10:17:40;https://scontent.cdninstagram.com/v/t51.82787-15/580128938_18348161773206947_222294389397146533_n.jpg?stp=dst-jpg_e35_tt6&_nc_cat=107&ig_cache_key=Mzc2MjYxODE2MDgxOTA1NDYwMA%3D%3D.3-ccb7-5&ccb=7-5&_nc_sid=58cdad&efg=eyJ2ZW5jb2RlX3RhZyI6InhwaWRzLjEwMDh4NjcyLnNkci5DMyJ9&_nc_ohc=T-FNRJIglW0Q7kNvwHH5p_y&_nc_oc=Adn-ALwVGABfTlzHKhlQdnnWjq56T_bxAZzy-NvbbegTkdVRyN_AH-PCkBcM41cJIdkg5P_dYDTTeORalXQCPU81&_nc_ad=z-m&_nc_cid=0&_nc_zt=23&_nc_ht=scontent.cdninstagram.com&_nc_gid=6x3eDTBCxt59NLo29tcoPg&oh=00_Afg8nis2gTW1xSnbyJgd7BDhrzPZjK_MwJ8_SOtPL0DS0Q&oe=693106FD;📍 Cumhuriyet Meydanı, Atatürk Anıtı, 09.05  Değişmez Önderimiz Gazi Mustafa Kemal Atatürk’ü saygı, minnet ve özlemle anıyoruz.;
https://www.instagram.com/p/DQ0-Qg3jP6Z/;Reels;12234;102;261292;2025-11-09 10:41:54;https://scontent.cdninstagram.com/v/t51.71878-15/576550481_2595668194147541_5650475696818669205_n.jpg?stp=dst-jpg_e15_tt6&_nc_cat=105&ig_cache_key=Mzc2MTkwNTQwMjQ0ODI0ODQ3Mw%3D%3D.3-ccb7-5&ccb=7-5&_nc_sid=58cdad&efg=eyJ2ZW5jb2RlX3RhZyI6InhwaWRzLjY0MHg4MDAuc2RyLkMzIn0%3D&_nc_ohc=DtcIqmQhizAQ7kNvwFgfQkr&_nc_oc=AdlUhS8RImg4coPQAASfBFrBH8PWTHBWViyPkD7KxMQFyi5X-C4uqqmlzp6FQrmfeiHpflb4bUH9gwDIEjRTAH2g&_nc_ad=z-m&_nc_cid=0&_nc_zt=23&_nc_ht=scontent.cdninstagram.com&_nc_gid=6x3eDTBCxt59NLo29tcoPg&oh=00_Afhur9MjsMxqeaxFoNtd5uP3A5qNcF2gmyTcUcWSxEmzog&oe=69310B82;Anlayan fikirlerde, hisseden yüreklerde SEN varsın.  Ata’mızı saygı, minnet ve özlemle anıyoruz. #10Kasım;
https://www.instagram.com/p/DQv0veSjOSf/;Reels;353;4;24851;2025-11-07 10:43:16;https://scontent-ham3-1.cdninstagram.com/v/t51.71878-15/573815613_1477287446661052_408083078251872208_n.jpg?stp=dst-jpg_e15_tt6&_nc_cat=111&ig_cache_key=Mzc2MDQ1NjE3NDYzNTExNTY3OQ%3D%3D.3-ccb7-5&ccb=7-5&_nc_sid=58cdad&efg=eyJ2ZW5jb2RlX3RhZyI6InhwaWRzLjY0MHgxMTM2LnNkci5DMyJ9&_nc_ohc=Bp8vefrUGUoQ7kNvwFrUBvV&_nc_oc=AdmBwH_xx18AyXUO1eJH6u7UZrom9OIznGRHAvlKReola02KUgR5XNnUGXbyc4zAREQ&_nc_ad=z-m&_nc_cid=0&_nc_zt=23&_nc_ht=scontent-ham3-1.cdninstagram.com&_nc_gid=X_5rH4vihXz9cFAiBhtDsg&oh=00_AfgUBYXSA6YB-3hrczXFiAqwiqfy7-TJN0wUPHLQtQf7gw&oe=69310618;🐎 ❤️ Tahta bir atın ötesinde efsaneleri, mitolojisi, yaşanmışlıkları ile binlerce yılın sembolü olan Truva Atı bizimle yaşamaya devam ediyor…;
https://www.instagram.com/p/DQvpbAajOIl/;Carousel;507;4;0;2025-11-07 09:03:15;https://scontent-ham3-1.cdninstagram.com/v/t51.82787-15/574759054_18511234651070134_6789524161025600875_n.jpg?stp=dst-jpg_e35_tt6&_nc_cat=102&ig_cache_key=Mzc2MDQwNjM4MzE1NDcxMzY5Ng%3D%3D.3-ccb7-5&ccb=7-5&_nc_sid=58cdad&efg=eyJ2ZW5jb2RlX3RhZyI6InhwaWRzLjEyMDB4OTAwLnNkci5DMyJ9&_nc_ohc=mRfUaQtV2GAQ7kNvwFYzis8&_nc_oc=AdmHIro0X7TNtc8fox9TtMpxacR51C3wlZ1WfKSi2N8WXwWsOe_m7AVula6En5q7CXo&_nc_ad=z-m&_nc_cid=0&_nc_zt=23&_nc_ht=scontent-ham3-1.cdninstagram.com&_nc_gid=X_5rH4vihXz9cFAiBhtDsg&oh=00_Afh30eA2jYunlZ6kEBpdQy5nppzGpoD1CCjZWIjNoBlIbw&oe=69311AE7;❤️ Koruyucu Ailelerle Buluşuldu…  Çanakkale Valimiz Doç. Dr. Ömer Toraman’ın eşi Neşe Toraman ve Belediye Başkanımız Muharrem Erkek’in eşi Özen Algönül Erkek, Çanakkale Belediyesi Sosyal Hizmetler Müdürü Canan Ergun, Aile ve Sosyal Hizmetler İl Müdürlüğü’nde gerçekleşen programda Çanakkale Koruyucu Aile ve Evlat Edinme Derneği Başkanı Şenol Tuzcu ve Koruma Altındaki Çocukların Kurum ve Kuruluşlarını Güçlendirme Derneği Başkanı İlknur Sezer ile bir araya geldi. Görüşmenin ardından, koruyucu anne ve baba Kadriye – Hasan Akşit çifti ile koruyucu anne Zübeyde Koçlu evlerinde ziyaret edildi.  Koruyucu ailelerle samimi sohbetler gerçekleştiren Özen Algönül Erkek ve Neşe Toraman, ailelere fedakârlıkları ve emekleri için teşekkür ettiler. 🌸;
https://www.instagram.com/p/DQuTqjQDZYD/;Carousel;731;26;0;2025-11-06 20:33:54;https://scontent-ham3-1.cdninstagram.com/v/t51.82787-15/574359036_18347256433206947_5062903916255027935_n.jpg?stp=dst-jpg_e35_tt6&_nc_cat=103&ig_cache_key=Mzc2MDAyOTIxNzM1NTI3MTYxNg%3D%3D.3-ccb7-5&ccb=7-5&_nc_sid=58cdad&efg=eyJ2ZW5jb2RlX3RhZyI6InhwaWRzLjE0NDB4MTc5NS5zZHIuQzMifQ%3D%3D&_nc_ohc=pYWRFtRBN8QQ7kNvwGWUv2L&_nc_oc=AdnEVtunFFOkrT77TJ1JUXtw5gXgkflBiVypfogIR0hGsDKS-1n6c_b-_tMczKjU3d8&_nc_ad=z-m&_nc_cid=0&_nc_zt=23&_nc_ht=scontent-ham3-1.cdninstagram.com&_nc_gid=X_5rH4vihXz9cFAiBhtDsg&oh=00_Afg8nuRXDebFrV64FdBQN7DESTG17txt5U8rJiJxJ4pynQ&oe=693100C2;Kasım ayı Meclis Toplantımızın 1. Oturumunu gerçekleştirdik. Alınan kararlar kentimiz için hayırlı, uğurlu olsun.;
https://www.instagram.com/p/DQrk6V6jE3N/;Reels;250;10;28518;2025-11-05 19:17:42;https://scontent-ham3-1.cdninstagram.com/v/t51.71878-15/573455860_852474790454844_4916109424189570624_n.jpg?stp=dst-jpg_e15_tt6&_nc_cat=107&ig_cache_key=Mzc1OTI2MDY1MjkwNTcxMzEwMQ%3D%3D.3-ccb7-5&ccb=7-5&_nc_sid=58cdad&efg=eyJ2ZW5jb2RlX3RhZyI6InhwaWRzLjY0MHgzNjAuc2RyLkMzIn0%3D&_nc_ohc=A3sG9Pp3yb4Q7kNvwEVuVPZ&_nc_oc=AdkVXRTZqvPF4_gw1VYQBdOqRsM94SC-a-jPjzWOTTonESgCi7ycovqxk-K8Yv8RixY&_nc_ad=z-m&_nc_cid=0&_nc_zt=23&_nc_ht=scontent-ham3-1.cdninstagram.com&_nc_gid=X_5rH4vihXz9cFAiBhtDsg&oh=00_AfisR6lGczXutEKRKM_nq7Dh6tDSI4QyCJzXIG6IMU5Fhw&oe=69312105;🏺 Kültür Kenti Çanakkale… Seramiğin, toprağın ve emeğin hikâyesi yeniden hayat buluyor.  Belediyemiz, Avrupa Konseyi tescilli Avrupa Seramik Rotası’na katıldı.   🌍 Böylece Çanakkale’nin köklü seramik mirası uluslararası bir kültür ağına dahil oldu.  Rota yeniden oluşturuldu. Ve bu kez içinde Çanakkale de var. 💙  #AvrupaSeramikRotası #KültürKentiÇanakkale #Çanakkale #Europeanceramicroute;
https://www.instagram.com/p/DQreCWtDPqW/;Carousel;577;3;0;2025-11-05 18:06:49;https://scontent-ham3-1.cdninstagram.com/v/t51.82787-15/573054297_18347058916206947_6761868751644037548_n.jpg?stp=dst-jpg_e35_tt6&_nc_cat=108&ig_cache_key=Mzc1OTIzMDQwNzIwOTEyNzgwNA%3D%3D.3-ccb7-5&ccb=7-5&_nc_sid=58cdad&efg=eyJ2ZW5jb2RlX3RhZyI6InhwaWRzLjE0NDB4OTU5LnNkci5DMyJ9&_nc_ohc=OigUDDTJo6sQ7kNvwHkkdxZ&_nc_oc=AdmXotZUPfB4lPyLUJ_O_MJe213N1bKzh8OKDLI6SggMx6NjPIswP0m3ZzLfo1oeLtk&_nc_ad=z-m&_nc_cid=0&_nc_zt=23&_nc_ht=scontent-ham3-1.cdninstagram.com&_nc_gid=X_5rH4vihXz9cFAiBhtDsg&oh=00_AfhKzy0ysAuXkmp2alnoQ_AIGRwrPpe8b-yA2_B8MmhQKQ&oe=6930F799;CHP Belediye Meclis Grubu olarak Merkez İlçe ve İl Başkanlığımızı ziyaret ettik. Yeniden göreve seçilen değerli başkanlarımıza ve yönetimlerine başarılar diliyorum.;
https://www.instagram.com/p/DQrB85vDLVv/;Photo;167;16;0;2025-11-05 14:01:24;https://scontent-ham3-1.cdninstagram.com/v/t51.82787-15/573730890_18510931768070134_3547074109524108944_n.jpg?stp=dst-jpg_e35_tt6&_nc_cat=104&ig_cache_key=Mzc1OTEwNjg5NzE3ODU3MjE0Mw%3D%3D.3-ccb7-5&ccb=7-5&_nc_sid=58cdad&efg=eyJ2ZW5jb2RlX3RhZyI6InhwaWRzLjE0NDB4MTgwMC5zZHIuQzMifQ%3D%3D&_nc_ohc=RLpQdI_uoWkQ7kNvwEsLeo1&_nc_oc=AdlnD_EBw3fghUaj-JJN6VsRjGCPU-rLsy1k58VuTQV2Ld_gRWBVKqjJy6i-PBKjf74&_nc_ad=z-m&_nc_cid=0&_nc_zt=23&_nc_ht=scontent-ham3-1.cdninstagram.com&_nc_gid=X_5rH4vihXz9cFAiBhtDsg&oh=00_AfjTTfKJEGBMm4hC7LHE-ZIJltvg5eE2oSIDGn0w69Wi4g&oe=69311DF7;Hep birlikte #ÇanakkaleİçinÇalışıyoruz! 😍  444 17 17 Çağrı Merkezi numaramız, aynı zamanda belediyemizin kurumsal tek WhatsApp hattı olarak da hemşehrilerimizin hizmetinde ❤️;
https://www.instagram.com/p/DQqqk5xjNtw/;Reels;4212;196;232139;2025-11-05 10:39:08;https://scontent-ham3-1.cdninstagram.com/v/t51.71878-15/573095431_698189126213337_9206057014919947514_n.jpg?stp=dst-jpg_e15_tt6&_nc_cat=110&ig_cache_key=Mzc1OTAwNDA5Mjg4MzMyNzg1Ng%3D%3D.3-ccb7-5&ccb=7-5&_nc_sid=58cdad&efg=eyJ2ZW5jb2RlX3RhZyI6InhwaWRzLjY0MHg4MDAuc2RyLkMzIn0%3D&_nc_ohc=qU5CGE6cQesQ7kNvwF4OKIy&_nc_oc=AdlyWovJP7w_59-Y0oeXOSPJUtXPD4GMTAZ6UreocfsPWoY-Dyxmtc6dL6wXtntbJEE&_nc_ad=z-m&_nc_cid=0&_nc_zt=23&_nc_ht=scontent-ham3-1.cdninstagram.com&_nc_gid=X_5rH4vihXz9cFAiBhtDsg&oh=00_AfhOK1-aY_co8qa4KXRpygoFOYke9b8xU9ElWwNgR-NRaw&oe=6930FFF9;🌊 Yat Limanı Seyir Terasları Yenilendi...  Kent estetiğini korumak ve hemşehrilerimize daha konforlu bir seyir alanı sunmak amacıyla, Yat Limanı’ndaki seyir teraslarında yenileme çalışmaları tamamlandı. 💙   #ÇanakkaleİçinÇalışıyoruz ❤️;
https://www.instagram.com/p/DQmix0ljZWT/;Carousel;910;51;0;2025-11-03 20:12:02;https://scontent-ham3-1.cdninstagram.com/v/t51.82787-15/573348773_18346824886206947_1616205217897670229_n.jpg?stp=dst-jpg_e35_tt6&_nc_cat=104&ig_cache_key=Mzc1Nzg0Mzg4MTY1NzIwNDgzNA%3D%3D.3-ccb7-5&ccb=7-5&_nc_sid=58cdad&efg=eyJ2ZW5jb2RlX3RhZyI6InhwaWRzLjE0NDB4OTU5LnNkci5DMyJ9&_nc_ohc=7cfHmZ3avisQ7kNvwGEfsPr&_nc_oc=Adn2R6HDXifZwjx6AVHy8MfcjmxlFcD9YgFcQZKJHuFDr4qW-fHrXOWSEGyQolF6K_4&_nc_ad=z-m&_nc_cid=0&_nc_zt=23&_nc_ht=scontent-ham3-1.cdninstagram.com&_nc_gid=X_5rH4vihXz9cFAiBhtDsg&oh=00_AfjYocLh-UjQFnO1t8Nmj_Pd0UJ_lK_ERx5UaaZ_9Mwc6Q&oe=69311822;Üniversitemizde öğrenci arkadaşlarımızla bir araya gelerek kendilerine çorba ikramında bulunduk ve sınav dönemi için başarılar diledik 🥰  Tüm öğrenci arkadaşlarımızı sınav haftasında sıcak çorba içmeye bekliyoruz! ❤️  📍 ÇOMÜ Terzioğlu Yerleşkesi, Kütüphane Binası Girişi 🗓️ 3–7 Kasım 2025 ⏰ 18.00–20.00  Ayrıca sabah saatlerinde de sizleri bekliyoruz:  Anafartalar Kampüsü: Salı ve Cuma 08.00–10.00 Terzioğlu Kampüsü (ÖSEM önü): Pazartesi ve Perşembe 08.00–10.00 Çanakkale Şehitleri Yerleşkesi: Çarşamba 08.00–10.00;
https://www.instagram.com/p/DQl9CP0jAEs/;Carousel;566;22;0;2025-11-03 14:42:14;https://scontent-ham3-1.cdninstagram.com/v/t51.82787-15/573209059_18346793170206947_517650699522662628_n.jpg?stp=dst-jpg_e35_tt6&_nc_cat=100&ig_cache_key=Mzc1NzY3Nzg5MDkxMDM0NTgzOA%3D%3D.3-ccb7-5&ccb=7-5&_nc_sid=58cdad&efg=eyJ2ZW5jb2RlX3RhZyI6InhwaWRzLjE0NDB4OTU5LnNkci5DMyJ9&_nc_ohc=WDKyOS-L_LYQ7kNvwGUwnCw&_nc_oc=AdkVLPouTIkDdaJzKFIolVlrRB6YGaCJx3AcSYnFpGkNpVltkhu4h6ApOyTpxKvb5-0&_nc_ad=z-m&_nc_cid=0&_nc_zt=23&_nc_ht=scontent-ham3-1.cdninstagram.com&_nc_gid=X_5rH4vihXz9cFAiBhtDsg&oh=00_AfgQwGelailcMuk01GQKURfGJe2HBOxGbgyQcIr2ENrhgQ&oe=69311562;Üniversitemizin 2025-2026 Akademik Yılı Açılış Törenine katıldık. Yeni akademik yılın, tüm akademisyenlerimize ve öğrencilerimize başarı getirmesini diliyoruz.  Akademik yılın ilk dersini veren Kale Grubu Yönetim Kurulu Başkan Vekili Dr. (h.c.) Osman Okyay’a değerli paylaşımları için de teşekkür ediyoruz.;
https://www.instagram.com/p/DQeXyQuDBEo/;Reels;648;32;53000;2025-10-31 16:03:26;https://scontent-ham3-1.cdninstagram.com/v/t51.71878-15/574276559_1387082249711248_7544965150067674055_n.jpg?stp=dst-jpg_e15_tt6&_nc_cat=110&ig_cache_key=Mzc1NTU0Mzc0ODI2OTU3NjQ4OA%3D%3D.3-ccb7-5&ccb=7-5&_nc_sid=58cdad&efg=eyJ2ZW5jb2RlX3RhZyI6InhwaWRzLjY0MHg4MDAuc2RyLkMyIn0%3D&_nc_ohc=RSOHgwHMwj8Q7kNvwGzxw8T&_nc_oc=AdlxpxhruFhrdy7uEsqA2kQTRt1AsXmC0Eiah6_ZjI4WsTt5k0OOzsSdvMDDzuoz_zk&_nc_ad=z-m&_nc_cid=0&_nc_zt=23&_nc_ht=scontent-ham3-1.cdninstagram.com&_nc_gid=X_5rH4vihXz9cFAiBhtDsg&oh=00_AfgxLnwHt13h2pkUbkRx3t8CaRx2CZqGYeLWWc3ZujfiXQ&oe=6931053C;Yaşanan aksaklık, kentimizin altyapısını güçlendirmek için yürütülen büyük bir çalışmanın parçasıydı. Bazı teknik gecikmeler süreci uzattı, ancak Çanakkale’nin geleceği için önemli bir aşamayı başarıyla tamamladık.  Gösterdiğiniz sabır ve anlayış için teşekkür ederiz. 🙏  #ÇanakkaleBelediyesi #ÇanakkaleiçinÇalışıyoruz;
https://www.instagram.com/p/DQeR-XqDG6e/;Carousel;1637;15;0;2025-10-31 15:11:17;https://scontent-ham3-1.cdninstagram.com/v/t51.82787-15/572886603_18346484071206947_7408411904221455077_n.jpg?stp=dst-jpegr_e35_tt6&_nc_cat=107&ig_cache_key=Mzc1NTUxODE3NzcwMzYyNTQzMA%3D%3D.3-ccb7-5&ccb=7-5&_nc_sid=58cdad&efg=eyJ2ZW5jb2RlX3RhZyI6InhwaWRzLjE0NDB4MTkyMC5oZHIuQzMifQ%3D%3D&_nc_ohc=1cEL_E6VYNIQ7kNvwHAIt4a&_nc_oc=AdkyNIMsNtDSze6IKbgQos0VvyWFhiBHbsWKSXLK7lY2mE8WmT43B-DBw9yT0gyigh8&_nc_ad=z-m&_nc_cid=0&_nc_zt=23&_nc_ht=scontent-ham3-1.cdninstagram.com&_nc_gid=X_5rH4vihXz9cFAiBhtDsg&oh=00_Afg3VWBo2J7gejQqC_8fSWhz7XQQmjscfciNneJhUJJU5w&oe=69312A3C;Merkez İlçe Başkanımız İbrahim Can Ergun, Kent Konseyi Başkanımız Halit Kubilay Fırat ve sporcularımızla birlikte esnafımıza “Hayırlı işler” diledik.;
