﻿PostLink;PostTürü;BeğeniSayısı;YorumSayısı;Görüntülenme Sayısı;Tarih;DisplayPhoto;Caption;Takipçi
https://www.instagram.com/p/DRmTStCDCnF/;Photo;4183;307;0;2025-11-28 14:28:07;https://scontent-atl3-3.cdninstagram.com/v/t51.82787-15/587615062_18402246823192172_7991891003862450838_n.jpg?stp=dst-jpg_e35_tt6&_nc_cat=107&ig_cache_key=Mzc3NTc5MDE4NTc4Mzc2NTQ0NQ%3D%3D.3-ccb7-5&ccb=7-5&_nc_sid=58cdad&efg=eyJ2ZW5jb2RlX3RhZyI6InhwaWRzLjE0NDB4MTgzMi5zZHIuQzMifQ%3D%3D&_nc_ohc=rEvU4H6HBSAQ7kNvwF3hi2U&_nc_oc=AdmVUF_JNaiE2ksWUM-TUEcAiRou3HzKrz97KZ9GUg6JMPpz-8i-9vtjXw082PV4gPysUnQXSTVmjhMwEJmddYce&_nc_ad=z-m&_nc_cid=0&_nc_zt=23&_nc_ht=scontent-atl3-3.cdninstagram.com&_nc_gid=mlyn5OWpD2sc-Op5Uf2axw&oh=00_Afg_rNGOyf-YWyqAul7GMS8VYutqBQxy1Q7ED0LqsUQx-A&oe=693124FB;"Kıymetli hemşehrilerim,   Sizleri sevgi ve hasretle selamlıyorum.  Dört duvar arasında 145 gündür sessizce yürüttüğüm onurlu mücadelemin sesini duyurmak için yazıyorum. 6. defa hastaneye sevk edildim. Cezaevine geldiğimde 12 ilaç kullanıyordum, dün itibariyle 22 ilaçla ayakta kalmaya çalışıyorum.  Bu süreçte sağlığım her geçen gün biraz daha bozulmakta ve durumum artık sadece hukuki değil, aynı zamanda hayati bir meseleye dönüşmüş durumda. Sağlığımla ilgili geri dönüşü olmayan bir ihmalin de kurbanı olmak istemiyorum.   Bu satırların sadece benim değil; hukukun, vicdanın, insanlığın sesi olarak duyulmasını diliyorum. Adalet bazen gecikir, bazen sınanır ama er ya da geç yerini bulur. Adalete olan inancımdan bir an bile vazgeçmeyeceğim.  Sevgiyle, Adaletle, Cumhuriyetle, Atatürk’le kalın.";248550
https://www.instagram.com/p/DRbZvs5DPzd/;Reels;1224;13;52322;2025-11-24 08:53:48;https://scontent-atl3-3.cdninstagram.com/v/t51.71878-15/587429012_682367261620657_1403724442858815394_n.jpg?stp=dst-jpg_e15_tt6&_nc_cat=109&ig_cache_key=Mzc3MjcyMjM0MjAzMjg5OTI5Mw%3D%3D.3-ccb7-5&ccb=7-5&_nc_sid=58cdad&efg=eyJ2ZW5jb2RlX3RhZyI6InhwaWRzLjY0MHgzNjAuc2RyLkMzIn0%3D&_nc_ohc=w5c51gC0UnAQ7kNvwF7y7By&_nc_oc=AdnqW903lPFCP4qaXUKEZUHguQ4OFvy5A2_PIDbFFRealG3AmoO-9Nv-5tcal95MTkO2IA8rBhV9uKQIjV-2b6-9&_nc_ad=z-m&_nc_cid=0&_nc_zt=23&_nc_ht=scontent-atl3-3.cdninstagram.com&_nc_gid=mlyn5OWpD2sc-Op5Uf2axw&oh=00_Afi-g_FBY8ExHadIuQfWXpKHVaYpDRL_fZlu3k9fWqNSsw&oe=69313594;Sevgili hemşehrilerim, kıymetli Antalyalılar,   Bugün 24 Kasım, önemli bir gün. Öncelikle Başöğretmenimiz Gazi Mustafa Kemal Atatürk’ün devrim ve ilkeleri doğrultusunda yoğun mesai harcayan, bizlerin bugünlere gelmemize vesile olan kıymetli öğretmenlerimizin 24 Kasım Öğretmenler Günü’nü kutluyorum.   Rahmete kavuşan tüm öğretmenlerimize rahmet diliyorum. Mekanları cennet olsun.;
https://www.instagram.com/p/DRZOKPRDAsn/;Photo;2304;94;0;2025-11-23 12:33:08;https://scontent-atl3-3.cdninstagram.com/v/t51.82787-15/586397583_18401696026192172_2316972741131962593_n.jpg?stp=dst-jpg_e35_tt6&_nc_cat=107&ig_cache_key=Mzc3MjEwODQzOTEzNzU1MzE5MQ%3D%3D.3-ccb7-5&ccb=7-5&_nc_sid=58cdad&efg=eyJ2ZW5jb2RlX3RhZyI6InhwaWRzLjY3OHg3NTEuc2RyLkMzIn0%3D&_nc_ohc=kq1gEzWkOl4Q7kNvwG2-kyd&_nc_oc=AdmniAfsmsfVkp9VaHtk-jY_Hp_DbBOlC7dH4P-mKDv4z4Y_8j_1d9i8K8S_SngN-FcJdk1Qvj2KsFU7l0E7y4wT&_nc_ad=z-m&_nc_cid=0&_nc_zt=23&_nc_ht=scontent-atl3-3.cdninstagram.com&_nc_gid=mlyn5OWpD2sc-Op5Uf2axw&oh=00_AfhgMYRnu0BrI3s6Rh46bzlY1czrjg-h-OifSBOVNW64ow&oe=69310822;Cumhuriyet Halk Partimizin önceki dönem Antalya İl Başkanlarından Özer Ahmet Ülken’in vefatını büyük bir üzüntüyle öğrendim.  Parti örgütümüze verdiği emekler, demokrasi mücadelesine olan inancı ve Antalya’ya sunduğu katkılar her zaman saygıyla hatırlanacaktır.  Merhuma Allah’tan rahmet, ailesine, yakınlarına ve partimize başsağlığı diliyorum.;
https://www.instagram.com/p/DRJnnGrjEeX/;Photo;1004;62;0;2025-11-17 11:07:41;https://scontent-atl3-3.cdninstagram.com/v/t51.82787-15/582320115_18398539918192172_6518650162845238686_n.jpg?stp=dst-jpg_e35_tt6&_nc_cat=108&ig_cache_key=Mzc2NzcxNjc3NDMxODcyMDkxOQ%3D%3D.3-ccb7-5&ccb=7-5&_nc_sid=58cdad&efg=eyJ2ZW5jb2RlX3RhZyI6InhwaWRzLjExNzB4ODU0LnNkci5DMyJ9&_nc_ohc=oNXXmy63sAwQ7kNvwEQWtKz&_nc_oc=AdkBUPujQuJwPc9ifn5QpbO6l-t946KS7v0jms2ABLQlBHy4zvS659dCVCcoe9E8aWFt0F97-K-zJsFo65MT2GAC&_nc_ad=z-m&_nc_cid=0&_nc_zt=23&_nc_ht=scontent-atl3-3.cdninstagram.com&_nc_gid=mlyn5OWpD2sc-Op5Uf2axw&oh=00_AfhVnJfOt_JGZLYKZMEp-deEzW8y90cNrvXiDVhfhRwsQg&oe=69311FD5;Mersin Büyükşehir Belediye Başkanı’mız Vahap Seçer’in kız kardeşi Arzu Seçer’in hayatını kaybettiği haberini üzülerek öğrendim.   Arzu kardeşimize Allah’tan rahmet, Vahap Başkanımıza, ailesine ve yakınlarına başsağlığı, sabır diliyorum. @vahapsecer;
https://www.instagram.com/p/DREgr3DDA5L/;Photo;624;8;0;2025-11-15 11:30:58;https://scontent-atl3-1.cdninstagram.com/v/t51.82787-15/582013477_18398333605192172_3082699895460959114_n.jpg?stp=dst-jpg_e35_tt6&_nc_cat=103&ig_cache_key=Mzc2NjI3ODkzOTkyMTM1NDMxNQ%3D%3D.3-ccb7-5&ccb=7-5&_nc_sid=58cdad&efg=eyJ2ZW5jb2RlX3RhZyI6InhwaWRzLjEzNTB4MTY4OC5zZHIuQzMifQ%3D%3D&_nc_ohc=LoBebsRfDNQQ7kNvwFIb3F8&_nc_oc=AdmJ8Hqu7xxcJkeqxv7wRSwdq8bHg2C5RBrcY65ftg7kRZ3-67DfzRkQveXq690HduHj0kNk5hbL7DjD-mxJRTsa&_nc_ad=z-m&_nc_cid=0&_nc_zt=23&_nc_ht=scontent-atl3-1.cdninstagram.com&_nc_gid=mlyn5OWpD2sc-Op5Uf2axw&oh=00_AfgWJKyICPvJbn5T965NIeUaMHzn1aAqBOJzF-5AK3Ciig&oe=69311098;Kuzey Kıbrıs Türk Cumhuriyeti’nin 42’nci kuruluş yıl dönümü kutlu olsun.   Kıbrıs Türk halkının özgürlük ve bağımsızlık mücadelesine önderlik eden Kurucu Cumhurbaşkanı Rauf Denktaş’ı, Kıbrıs Barış Harekatı’nda tarihi bir sorumluluk üstlenen Bülent Ecevit’i ve bu uğurda canlarını feda eden tüm şehitlerimizi saygı, minnet ve rahmetle anıyorum. #KKTC42Yaşında;
https://www.instagram.com/p/DQ8lLD_jBVS/;Carousel;795;22;0;2025-11-12 09:36:15;https://scontent-atl3-2.cdninstagram.com/v/t51.82787-15/579985127_18397738003192172_5576047160737786840_n.jpg?stp=dst-jpg_e35_tt6&_nc_cat=102&ig_cache_key=Mzc2NDA0Njg2NTQxNjEwMTg0NA%3D%3D.3-ccb7-5&ccb=7-5&_nc_sid=58cdad&efg=eyJ2ZW5jb2RlX3RhZyI6InhwaWRzLjcyMHg1NDAuc2RyLkMzIn0%3D&_nc_ohc=ZlIuy9i4y_cQ7kNvwG0BCPv&_nc_oc=AdnTuePxsKuXMOKAmbit4KCnbDi6tFkWmg-7NPcvEjko5_IZNGXGJ3SWfmU85bTDEUkPU36qKSwWbPj37vTy4aU1&_nc_ad=z-m&_nc_cid=0&_nc_zt=23&_nc_ht=scontent-atl3-2.cdninstagram.com&_nc_gid=mlyn5OWpD2sc-Op5Uf2axw&oh=00_Afjd-hZyKK1-LfWebvuZfV7s3uHXfTqfzzdDruK4mAzLQQ&oe=69310785;Milletimizin başı sağ olsun. 🇹🇷  Azerbaycan’dan Türkiye’ye gelmek üzere havalanan askeri kargo uçağının Gürcistan’da düşmesi sonucu 20 kahraman askerimizi şehit vermenin derin üzüntüsünü yaşıyoruz.  Aziz şehitlerimize Allah’tan rahmet, ailelerine, silah arkadaşlarına ve milletimize başsağlığı ve sabır diliyorum.;
https://www.instagram.com/p/DQ2GGi-DHCO/;Reels;2590;28;70833;2025-11-09 21:11:05;https://scontent-atl3-2.cdninstagram.com/v/t51.71878-15/580959740_1210375344280587_4428829757326356902_n.jpg?stp=dst-jpg_e15_tt6&_nc_cat=102&ig_cache_key=Mzc2MjIyMTM3Njg1ODc3OTc5MA%3D%3D.3-ccb7-5&ccb=7-5&_nc_sid=58cdad&efg=eyJ2ZW5jb2RlX3RhZyI6InhwaWRzLjY0MHgzNjAuc2RyLkMzIn0%3D&_nc_ohc=y9Rg_q2xL1UQ7kNvwGaAfiW&_nc_oc=AdnAGN4SfTOs6OHxSWiNlQN7f6MX_Dli2OeGB2YQ8qKu8SEaP8kwuWc-pXudL9jG_Er-6RvpTgdRPQ93fGC3FFVz&_nc_ad=z-m&_nc_cid=0&_nc_zt=23&_nc_ht=scontent-atl3-2.cdninstagram.com&_nc_gid=mlyn5OWpD2sc-Op5Uf2axw&oh=00_AfijhbtzZDHIG_jLYQLkBIr1I9nZIevnbdm1GraFG3Nbyw&oe=693111DF;Ata’m, demir parmaklıklar ardında olsam da senin yolundan bir adım geri atmayacağım. Bu hücrelerin soğuk duvarları bile, kalbine kazıdığımız o mavi gözlerin sıcaklığını söndüremez. Emanetin, vatan toprağı gibi kök salmış içimde.   10 Kasımlar yas değil, yemin günümüzdür. Her nefeste seni anar, her sessizlikte söz veririz: Anlayarak, direnerek, yılmadan, yorulmadan sana layık olacağız.   Tutuklu olsam da özgürüm, çünkü senin fikirlerinle özgürüm. Yolunda, izinde, sonsuza dek... Özlemle, minnetle.   #EmanetineSahipÇıkacağım  #AtamSeninleYürürüz;
https://www.instagram.com/p/DQq8N6OjEN8/;Photo;676;20;0;2025-11-05 13:11:17;https://scontent-atl3-3.cdninstagram.com/v/t51.82787-15/573410517_18396813061192172_6694145472097942149_n.jpg?stp=dst-jpg_e35_tt6&_nc_cat=107&ig_cache_key=Mzc1OTA4MTY3NzY1OTA2MzE2NA%3D%3D.3-ccb7-5&ccb=7-5&_nc_sid=58cdad&efg=eyJ2ZW5jb2RlX3RhZyI6InhwaWRzLjEzNTB4MTY4OC5zZHIuQzMifQ%3D%3D&_nc_ohc=13QIHbBaQxEQ7kNvwFOgBVd&_nc_oc=Adn51hj9bhVZrF7CkWIxHe_jb7nVG6-4PA8pGB9Bfv4DgCSo2sFOWr4qX5d63D8vbd2viiKUsOXzreoYDvMkhwNa&_nc_ad=z-m&_nc_cid=0&_nc_zt=23&_nc_ht=scontent-atl3-3.cdninstagram.com&_nc_gid=mlyn5OWpD2sc-Op5Uf2axw&oh=00_AfgpFBbk6O9Ei9UxBOoQQWCYCc4GFo16cM9eMYUy9GSgig&oe=69311E0D;Dürüstlüğüyle halkın güvenini kazanmış, emeğin ve adaletin sesi olmuş Cumhuriyet Halk Partimizin 3. Genel Başkanı “Karaoğlan” Bülent Ecevit’i vefat yıl dönümünde saygı ve rahmetle anıyorum.;
