﻿PostLink;PostTürü;BeğeniSayısı;YorumSayısı;Görüntülenme Sayısı;Tarih;DisplayPhoto;Caption;Takipçi
https://www.instagram.com/p/DRpHLH7jfWg/;Carousel;140;0;0;2025-11-29 16:39:57;https://scontent-dus1-1.cdninstagram.com/v/t51.82787-15/590535527_18398894134125495_528438771432030355_n.webp?_nc_cat=101&ig_cache_key=Mzc3NjU4MTMwODcxODYxNzAyOA%3D%3D.3-ccb7-5&ccb=7-5&_nc_sid=58cdad&efg=eyJ2ZW5jb2RlX3RhZyI6InhwaWRzLjE0Mzl4OTYwLnNkci5DMyJ9&_nc_ohc=zZMfXk35DhAQ7kNvwFbuxkG&_nc_oc=AdmkaK3rNUoguT2fe0G8AAxcy_EO7LPO_7UOU6Il39SnCgjQwxYTk-LmBj3dbrk09BYCSLs-KksFGlqlFLG172jC&_nc_ad=z-m&_nc_cid=0&_nc_zt=23&_nc_ht=scontent-dus1-1.cdninstagram.com&_nc_gid=DHspv5FLtvgK_XunQ4iuQg&oh=00_AfhhVGGIvv0PTmtMYK5dNSUO2_La3zw2lVEkOXj0RPQLpA&oe=69310A3C;Hüsrevpaşa Mahallemizde hizmet vermeye başlayan Umut Kıraathanesi’nin açılışını gerçekleştirdik.  Yeni iş yerinin hayırlı olmasını diliyorum.;11649
https://www.instagram.com/p/DRoj6zLDdIV/;Carousel;121;0;0;2025-11-29 11:31:53;https://scontent-dus1-1.cdninstagram.com/v/t51.82787-15/589135597_18398869555125495_6635268414460993336_n.webp?_nc_cat=104&ig_cache_key=Mzc3NjQyNjI1MzQ2MTgzMzgyNA%3D%3D.3-ccb7-5&ccb=7-5&_nc_sid=58cdad&efg=eyJ2ZW5jb2RlX3RhZyI6InhwaWRzLjE0NDB4ODEwLnNkci5DMyJ9&_nc_ohc=f6RhDnrGnzMQ7kNvwHInx3s&_nc_oc=AdmZDXyLnzkFiuJ3ALHAPT-G-8uU6ovLzvId1bEu_m7VVUw0k2yLO5a9vsY-HTcvyS-4n5QYR_OetWofQ1QiHjL7&_nc_ad=z-m&_nc_cid=0&_nc_zt=23&_nc_ht=scontent-dus1-1.cdninstagram.com&_nc_gid=DHspv5FLtvgK_XunQ4iuQg&oh=00_Afil1UEODyhpGAtNvgkY9D8awbYnycbYM-Ck-81B_N6Osw&oe=69311C2F;Bölge Koordinatörümüz Sayın  @MustafaAlkayis ve İl Koordinatörümüz Sayın @RamazannArkan Başkanlığında İlçe Başkanları istişare ve değerlendirme toplantımızı gerçekleştirdik.  Toplantımızın hayırlara vesile olmasını dilerim.;
https://www.instagram.com/p/DRnJ9-vDZRT/;Reels;137;1;3901;2025-11-28 22:26:48;https://scontent-dus1-1.cdninstagram.com/v/t51.71878-15/590415242_1935762280353702_6819835736787396263_n.jpg?stp=dst-jpg_e15_tt6&_nc_cat=102&ig_cache_key=Mzc3NjAzMDY1NDI0MTU0MzI1MQ%3D%3D.3-ccb7-5&ccb=7-5&_nc_sid=58cdad&efg=eyJ2ZW5jb2RlX3RhZyI6InhwaWRzLjY0MHgzNjAuc2RyLkMzIn0%3D&_nc_ohc=bZ2Ny7UIVb0Q7kNvwHdH3xu&_nc_oc=AdkQ_vK66F4u515Z8GN-4oyOWtN6ccXN8kEgQls7JzpvSlalHGK29UKhfpr2V88CCNgQ5h0_g8ED5xluvh9R0KQB&_nc_ad=z-m&_nc_cid=0&_nc_zt=23&_nc_ht=scontent-dus1-1.cdninstagram.com&_nc_gid=DHspv5FLtvgK_XunQ4iuQg&oh=00_AfjzchFfXOmDDl6CpzTSkb1j9-fhC7na8ungExRUzzHglg&oe=69310B82;Tarihi dokusu, kadim kültürü, eşsiz gastronomisi ve gönül insanlarıyla #Bitlis, #TRT1 ekranlarında!  🗓️ 01 Aralık Pazartesi 🕰️ 10.30 📺 @trt1 canlı yayında Bitlis’i keşfedin!;
https://www.instagram.com/p/DRm99JcjXcF/;Carousel;186;1;0;2025-11-28 20:40:55;https://scontent-dus1-1.cdninstagram.com/v/t51.82787-15/588338762_18398810227125495_1609640348358439448_n.webp?_nc_cat=101&ig_cache_key=Mzc3NTk3NzgxNTIzODYzNDY4OA%3D%3D.3-ccb7-5&ccb=7-5&_nc_sid=58cdad&efg=eyJ2ZW5jb2RlX3RhZyI6InhwaWRzLjE0NDB4OTE1LnNkci5DMyJ9&_nc_ohc=ceML6kbq_ooQ7kNvwH-n7DR&_nc_oc=AdkxpWsYIRH_j7EJC9sNxHE6gELH7B1OqaE1OIucEkODcFBS2ZVJz8kALl9_G-OI02YQv1TvFu5UC1oYfei84itP&_nc_ad=z-m&_nc_cid=0&_nc_zt=23&_nc_ht=scontent-dus1-1.cdninstagram.com&_nc_gid=DHspv5FLtvgK_XunQ4iuQg&oh=00_AfiG3txMIGsUiHCadvkT9ToRRyofh1aZi9oVs5ytSy3XIQ&oe=693114EA;"Bitlis Gazeteciler Cemiyeti (BİGACEM)’i ziyaret ettik. Cemiyet Başkanı Gazeteci Hakan Okay ve yönetimine, nazik ve samimi misafirperverlikleri için teşekkür ediyorum.  Bitlis’te görev yapan tüm basın emekçilerimize çalışmalarında kolaylıklar diliyor; şehrimizin sesi ve  gözü olan basın camiamıza başarılar diliyorum.";
https://www.instagram.com/p/DRm6UfjDa5k/;Carousel;337;2;0;2025-11-28 20:09:09;https://scontent-dus1-1.cdninstagram.com/v/t51.82787-15/588739740_18398806954125495_6250062407411748965_n.webp?_nc_cat=104&ig_cache_key=Mzc3NTk2MTgyNDQ3OTgwNTQyMg%3D%3D.3-ccb7-5&ccb=7-5&_nc_sid=58cdad&efg=eyJ2ZW5jb2RlX3RhZyI6InhwaWRzLjE0Mzl4OTYwLnNkci5DMyJ9&_nc_ohc=zM0esYGj5aYQ7kNvwGwY0_F&_nc_oc=AdmCJ_y0uw708GipEkSLdSEDSE0JH7s6rbCKtmz7cvKLerNRa5xNuneKlJNJOor-kn812P4VzSEcT3wj6ec0RCH-&_nc_ad=z-m&_nc_cid=0&_nc_zt=23&_nc_ht=scontent-dus1-1.cdninstagram.com&_nc_gid=DHspv5FLtvgK_XunQ4iuQg&oh=00_Afj3VWTIXQpvSl1jFKdUeeildAJKP2S5G_CD-o84QbNTsA&oe=69310486;"Pazar günü oynanacak KurtalanSpor karşılaşması öncesinde, Bitlis Sporumuzun kıymetli yöneticileri ve futbolcularıyla akşam yemeğinde bir araya gelerek takımımıza moral verdik.  Bölgesel Amatör Lig’de istikrarlı liderliğini sürdüren Bitlis Sporumuz, ortaya koyduğu mücadele ruhuyla şehrimizin gururu olmaya devam ediyor. İnancımız odur ki; kadim şehrimiz, sezon sonunda hak ettiği şampiyonluğu Bitlis Sporumuzun azmi ve kararlılığıyla kucaklayacaktır.";
https://www.instagram.com/p/DRlzJFoDVPH/;Photo;79;1;0;2025-11-28 09:47:11;https://scontent-dus1-1.cdninstagram.com/v/t51.82787-15/589535078_18398752591125495_202841923418710121_n.webp?_nc_cat=106&ig_cache_key=Mzc3NTY0ODc4NzUwODA1NzAzMQ%3D%3D.3-ccb7-5&ccb=7-5&_nc_sid=58cdad&efg=eyJ2ZW5jb2RlX3RhZyI6InhwaWRzLjE0NDB4MTIwNy5zZHIuQzMifQ%3D%3D&_nc_ohc=8XhMUfRtGB4Q7kNvwHX5JfN&_nc_oc=AdnCiHUDqtzOMDSJZPhOpBVIeAzMmNdysv54M8t2OFJO8rJwpbEdolf4qXbhYMxB7tz85usockrdL7oirdP2aWG8&_nc_ad=z-m&_nc_cid=0&_nc_zt=23&_nc_ht=scontent-dus1-1.cdninstagram.com&_nc_gid=DHspv5FLtvgK_XunQ4iuQg&oh=00_AfhH-dXEIT53d44Mm0CLqS_x1IH58Qj8aG2GtyQw8vF51Q&oe=69311AE2;Rabbim birlik ve beraberliğimizi daim eylesin. Cuma'mız mübarek, dualarımız kabul olsun. #HayırlıCumalar;
https://www.instagram.com/p/DRcjwrqDTzj/;Carousel;233;0;0;2025-11-24 19:39:37;https://scontent-dus1-1.cdninstagram.com/v/t51.82787-15/587302915_18398356714125495_662663258122360364_n.webp?_nc_cat=105&ig_cache_key=Mzc3MzA0Nzg1NjY5ODMzNzU4Mg%3D%3D.3-ccb7-5&ccb=7-5&_nc_sid=58cdad&efg=eyJ2ZW5jb2RlX3RhZyI6InhwaWRzLjE0Mzl4OTYwLnNkci5DMyJ9&_nc_ohc=hD1XSijxLicQ7kNvwGuVnrp&_nc_oc=AdmfBJAi_A-_68wXk0v2hR3-m3RXymtB0N9X2uy6395YdLq3oZWJgpSaf8aIGOXvCHhuAsTs611DnRcf7Rk0iuTC&_nc_ad=z-m&_nc_cid=0&_nc_zt=23&_nc_ht=scontent-dus1-1.cdninstagram.com&_nc_gid=DHspv5FLtvgK_XunQ4iuQg&oh=00_Afi9cCm6MWZz-CJaz-Q4oWyf4nAO4-sQlpauIK08vTVwsg&oe=6931011F;24 Kasım Öğretmenler Günü vesilesiyle, değerli öğretmenlerimizle akşam yemeğinde bir araya gelerek bu özel günü birlikte kutladık.  Geleceğimizi şekillendiren kıymetli öğretmenlerimizin emekleri, özverileri ve fedakârlıkları için her birine gönülden teşekkür ediyorum.;
https://www.instagram.com/p/DRce7W6DXcc/;Reels;135;0;5402;2025-11-24 19:01:32;https://scontent-dus1-1.cdninstagram.com/v/t51.71878-15/587524555_1201758438684293_5389423358752088874_n.jpg?stp=dst-jpg_e15_tt6&_nc_cat=101&ig_cache_key=Mzc3MzAyNjYwODI3MDM3NDY4NA%3D%3D.3-ccb7-5&ccb=7-5&_nc_sid=58cdad&efg=eyJ2ZW5jb2RlX3RhZyI6InhwaWRzLjY0MHgxMTM4LnNkci5DMyJ9&_nc_ohc=ECSqOeeGKZ8Q7kNvwHU5VUk&_nc_oc=Adnrt4DYZ5JfquoFmqCKv5IesrEJgsu_51mF5f0myD6aRmS1E9ermVLhRdhg1jbVzZ2T_f-X6mltifcVOGrOuBGB&_nc_ad=z-m&_nc_cid=0&_nc_zt=23&_nc_ht=scontent-dus1-1.cdninstagram.com&_nc_gid=DHspv5FLtvgK_XunQ4iuQg&oh=00_Afi2V_AKzOGyOYT8MIJOH_o_ioLlwskb3BGnQixJOOie1A&oe=69310A44;"Minik yavrularımızın bana kendi elleriyle yazdıkları mektupları gördüğüm an, kelimelere sığmayacak bir duygu yaşadım. O çocuk yüreğinden dökülen cümleler, insanın içini ısıtan, bütün yorgunluğu unutturan birer umut ışığı gibiydi.  Her birinin gözlerindeki masumiyeti, mektuplarındaki sevgiyi ve safiyeti hissetmek; geleceğimizin ne kadar emin ellerde olduğunu bir kez daha hatırlattı.  📍 Bitlis Şehit Öğretmen Ergin Komut İlkokulu";
https://www.instagram.com/p/DRcDjkVDd-t/;Carousel;411;1;0;2025-11-24 14:58:12;https://scontent-dus1-1.cdninstagram.com/v/t51.82787-15/587387935_18398327830125495_7979857251259706010_n.webp?_nc_cat=103&ig_cache_key=Mzc3MjkwNjIxNzU0MzY3ODkxNQ%3D%3D.3-ccb7-5&ccb=7-5&_nc_sid=58cdad&efg=eyJ2ZW5jb2RlX3RhZyI6InhwaWRzLjE0Mzl4OTYwLnNkci5DMyJ9&_nc_ohc=XEehA3mdxwwQ7kNvwGSssVW&_nc_oc=Adn3Onsvhrfp-VAME7hbxRaxAHgALa1HT6sDmAPy4Tx61mp4Yhr5X_2vXAMHdIqwOysRzn_50j1kjXIy9XmlRLfJ&_nc_ad=z-m&_nc_cid=0&_nc_zt=23&_nc_ht=scontent-dus1-1.cdninstagram.com&_nc_gid=DHspv5FLtvgK_XunQ4iuQg&oh=00_Afi75Rw3oab4lZMpSom8nC-rh1vU7YzRg5K5N-Z8eljZ2Q&oe=6930F9D2;"AK Parti Bitlis İl Başkanlığı görevine atanan Sayın Engin Günceoğlu’nu, partimizin il binasında ziyaret ederek hayırlı olsun dileklerimizi ilettik.  Kendisine yeni görevinde muvaffakiyetler diliyor; şehrimize ve partimize hayırlı hizmetlerde bulunmasını temenni ediyorum.";
https://www.instagram.com/p/DRcCHZ1DSOT/;Carousel;380;1;0;2025-11-24 14:45:37;https://scontent-dus1-1.cdninstagram.com/v/t51.82787-15/587299114_18398326624125495_390634477359200064_n.webp?_nc_cat=102&ig_cache_key=Mzc3Mjg5OTg4MDIxODc0NTE0NQ%3D%3D.3-ccb7-5&ccb=7-5&_nc_sid=58cdad&efg=eyJ2ZW5jb2RlX3RhZyI6InhwaWRzLjE0Mzl4OTU5LnNkci5DMyJ9&_nc_ohc=TS66lzruVYsQ7kNvwF54Lia&_nc_oc=Adl9I5qEY6kavvfFEABMlL64NcpkmDDBk3hhv_T4NVcAJoN7f7gMrrOW0d1g_1nLi3Wcii4FlCbgp-4fqZVn0HWs&_nc_ad=z-m&_nc_cid=0&_nc_zt=23&_nc_ht=scontent-dus1-1.cdninstagram.com&_nc_gid=DHspv5FLtvgK_XunQ4iuQg&oh=00_AfiTqoSwwnXL3fMSbBBx0orLIoRjYX3WVP_8uPHhG5x-Rg&oe=69311359;"24 Kasım Öğretmenler Günü vesilesiyle, Şehit Öğretmen Ergin Komut İlkokulu’nu ziyaret ederek değerli öğretmenlerimize gül takdim ettik. Minik öğrenci kardeşlerimize ise boyama seti hediye ederek sevinçlerine ortak olduk.  Geleceğimizi şekillendiren tüm öğretmenlerimizin emekleri, özverileri ve gayretleri için ayrı ayrı teşekkür ediyor; her birine şükranlarımı sunuyorum.";
https://www.instagram.com/p/DRb0fFtjaJL/;Carousel;223;0;0;2025-11-24 12:46:31;https://scontent-dus1-1.cdninstagram.com/v/t51.82787-15/587778386_18398317030125495_4917424727234482392_n.webp?_nc_cat=101&ig_cache_key=Mzc3MjgzOTkzNDc4MTM2NTAyNw%3D%3D.3-ccb7-5&ccb=7-5&_nc_sid=58cdad&efg=eyJ2ZW5jb2RlX3RhZyI6InhwaWRzLjE0Mzl4OTU5LnNkci5DMyJ9&_nc_ohc=kE-oCLf0sPwQ7kNvwHe1wNo&_nc_oc=AdlCSI50mCokcyqIvHQpY85IfulURcvPD-wDG8SqJMnVEh13Rk1yQpOPtTuALnmY5bmlFNPE-wDIY3zx8gNok8r8&_nc_ad=z-m&_nc_cid=0&_nc_zt=23&_nc_ht=scontent-dus1-1.cdninstagram.com&_nc_gid=DHspv5FLtvgK_XunQ4iuQg&oh=00_AfjrlwOMLzX1kb7Z6Wa7ZB9gS8idIgJjDUHYRvlaDBSCYg&oe=6931040D;"24 Kasım Öğretmenler Günü vesilesiyle, Kültür Merkezi Konferans Salonu’nda düzenlenen kutlama programına katıldım.  Öğretmenlerimiz; bilgiyle yoğrulmuş emekleri, sabırları ve fedakârlıklarıyla aydınlık yarınlarımızın gerçek mimarlarıdır.   Bu anlamlı günde, geleceğimize yön veren tüm öğretmenlerimizin Öğretmenler Günü’nü en içten dileklerimle kutluyor, her birine saygı ve şükranlarımı sunuyorum.";
https://www.instagram.com/p/DRbZwxwiFVG/;Photo;56;0;0;2025-11-24 08:53:00;https://scontent-fra3-2.cdninstagram.com/v/t51.82787-15/584965418_18398301781125495_1776185892352304880_n.webp?_nc_cat=111&ig_cache_key=Mzc3MjcyMjQxNTk3ODE3Mzc2Ng%3D%3D.3-ccb7-5&ccb=7-5&_nc_sid=58cdad&efg=eyJ2ZW5jb2RlX3RhZyI6InhwaWRzLjE0NDB4NzU0LnNkci5DMyJ9&_nc_ohc=HsyWkP8rEI8Q7kNvwFUsV66&_nc_oc=AdkWQBKedenBNgpoN2kNebgW-h8gt5nchf6hiy0o2hmcYnvs5SZrAWjJK7wXkG00_aZfGgfTWyGzaxtHB33Kc-nt&_nc_ad=z-m&_nc_cid=0&_nc_zt=23&_nc_ht=scontent-fra3-2.cdninstagram.com&_nc_gid=S8zNR8pc8u37Lbku7UZ1Kw&oh=00_AfjoOzxxajJY5ftHvxS7wBTDi-TIr86dEjLczxoJyuy2SQ&oe=69311754;"Öğretmenlik, fedakârlık, sabır ve özveriyle yapılan; sadece bir meslek değil, bir hayat adanmışlığıdır.  Geleceğimizi emanet ettiğimiz, evlatlarımızın gönlüne ilim, irfan ve güzel ahlak işleyen tüm öğretmenlerimizin 24 Kasım Öğretmenler Günü’nü en samimi duygularımla kutluyorum.";
https://www.instagram.com/p/DRZoExXjaeX/;Photo;152;1;0;2025-11-23 16:19:35;https://scontent-fra5-2.cdninstagram.com/v/t51.82787-15/587776463_18398220403125495_7931531802390716466_n.webp?_nc_cat=107&ig_cache_key=Mzc3MjIyMjQxMjY0NjM2MDk4Mw%3D%3D.3-ccb7-5&ccb=7-5&_nc_sid=58cdad&efg=eyJ2ZW5jb2RlX3RhZyI6InhwaWRzLjExNTF4MTQ0MC5zZHIuQzMifQ%3D%3D&_nc_ohc=v5Ych53RPRsQ7kNvwE27LCt&_nc_oc=AdkhLnGBceOyqivuQ4kNuwqbFYOo9YyFFW0HN8RJ1k6e5xu7bPVIQqrY_J29Zp31eVsipUijOUrkZA5XFGnhoKxz&_nc_ad=z-m&_nc_cid=0&_nc_zt=23&_nc_ht=scontent-fra5-2.cdninstagram.com&_nc_gid=S8zNR8pc8u37Lbku7UZ1Kw&oh=00_Afj_lCVwVfla51hNSb6CAst1RV1fKcKDga-yQgsyVc9dRg&oe=69311F9F;Bölgesel Amatör Lig’in 7. haftasında, zorlu Nusaybin Belediyespor deplasmanına çıkan Bitlis Sporumuz, sahadan 3-0’lık net bir skorla ayrılarak önemli bir galibiyete imza attı.  Bu değerli zaferde emeği geçen futbolcularımızı ve teknik heyetimizi yürekten tebrik ediyorum. 💛🖤;
https://www.instagram.com/p/DRXgTZpDQdl/;Carousel;269;0;0;2025-11-22 20:33:12;https://scontent-fra3-2.cdninstagram.com/v/t51.82787-15/587019386_18398128381125495_3298089871899942190_n.webp?_nc_cat=111&ig_cache_key=Mzc3MTYyNTI3NzU5Njk5MDIzMg%3D%3D.3-ccb7-5&ccb=7-5&_nc_sid=58cdad&efg=eyJ2ZW5jb2RlX3RhZyI6InhwaWRzLjEyNjV4ODQzLnNkci5DMyJ9&_nc_ohc=SXv7zTSXGngQ7kNvwH5rGuT&_nc_oc=AdkINtwOIuxjuCKc2T8zDgfTZKl9SehmgirNbfpc8e8-gXFgBQXE5xChyxDGTccqom9RPS67O816HMaHiRU1mCh-&_nc_ad=z-m&_nc_cid=0&_nc_zt=23&_nc_ht=scontent-fra3-2.cdninstagram.com&_nc_gid=S8zNR8pc8u37Lbku7UZ1Kw&oh=00_Afh145eBwCU3B7PGM6sXUXBbklhnqUW7pZDsn2to0s4nCA&oe=69310B2D;Zehra Aktaş 🎀 Esat Cayhan  Nikah akitlerini gerçekleştirdiğimiz değerli çiftlerimizi ve kıymetli ailelerini tebrik eder, ömür boyu mutluluklar dilerim. Rabbim iki cihan mutluluğu nasip etsin.;
https://www.instagram.com/p/DRW6fnrjeWR/;Carousel;302;1;0;2025-11-22 15:02:49;https://scontent-fra5-1.cdninstagram.com/v/t51.82787-15/587504704_18398093857125495_7382449359404785070_n.webp?_nc_cat=110&ig_cache_key=Mzc3MTQ1ODk5MTYyMTUwNTk3Ng%3D%3D.3-ccb7-5&ccb=7-5&_nc_sid=58cdad&efg=eyJ2ZW5jb2RlX3RhZyI6InhwaWRzLjE0Mzh4OTU5LnNkci5DMyJ9&_nc_ohc=Upp2PyGMAmoQ7kNvwG7wEZu&_nc_oc=Adn1v4BplFB5zkelo2leJKaHJDQxx7X257eCER9Ruj2eHlcRWhwX4NTALrh1RYWaHrBIn9mg2tByyLnG9N9c1U2U&_nc_ad=z-m&_nc_cid=0&_nc_zt=23&_nc_ht=scontent-fra5-1.cdninstagram.com&_nc_gid=S8zNR8pc8u37Lbku7UZ1Kw&oh=00_AfiVE7E_y7nSXCPOWfbtUHa5M8iDrI6L6v45g13KaS5MiA&oe=6930FF16;Beşminare Mahallemizde hizmet vermeye başlayan Paradise Store’unun açılışını gerçekleştirdik.   Yeni iş yerinin şehrimize hayırlı olmasını diliyor, bereketli kazançlar getirmesini temenni ediyorum.;
https://www.instagram.com/p/DRTxxm7Dd-C/;Photo;73;0;0;2025-11-21 09:48:54;https://scontent-fra3-2.cdninstagram.com/v/t51.82787-15/584330510_18397957000125495_396037796664628583_n.webp?_nc_cat=111&ig_cache_key=Mzc3MDU3NjIyNjM2NTU5NTUyMg%3D%3D.3-ccb7-5&ccb=7-5&_nc_sid=58cdad&efg=eyJ2ZW5jb2RlX3RhZyI6InhwaWRzLjExNTJ4MTQ0MC5zZHIuQzMifQ%3D%3D&_nc_ohc=8nPdFITbh34Q7kNvwGTjseE&_nc_oc=Adnz3_ivSx1iq6ElKJCeF6PBf_qS-jlAXxu6J3R1A7wTQegIu9XqXNgarpDGQOqvLIbQoQLGWjar8KzPz4wATRZ2&_nc_ad=z-m&_nc_cid=0&_nc_zt=23&_nc_ht=scontent-fra3-2.cdninstagram.com&_nc_gid=S8zNR8pc8u37Lbku7UZ1Kw&oh=00_AfgU5I00lAHCkyQs1dnS_S4JWPC52IPU-jx0qdueL5FsAw&oe=69311B85;Allah'ın selamı, rahmeti ve bereketi üzerimize olsun.  Dualarımız kabul, Cuma'mız mübarek olsun.  #HayırlıCumalar;
https://www.instagram.com/p/DRKRmynDcrX/;Carousel;401;1;0;2025-11-17 17:14:39;https://scontent-fra3-2.cdninstagram.com/v/t51.82787-15/582277468_18397558900125495_5034369423379708350_n.webp?_nc_cat=111&ig_cache_key=Mzc2NzkwMTQ2MDg0MDE2OTczMA%3D%3D.3-ccb7-5&ccb=7-5&_nc_sid=58cdad&efg=eyJ2ZW5jb2RlX3RhZyI6InhwaWRzLjE0NDB4OTYwLnNkci5DMyJ9&_nc_ohc=Mt5WlQYNQJgQ7kNvwFYAvXf&_nc_oc=AdmtCHoMAIEj9JqpXtOAUW1EZYAYCTjEeOQ4vf4H0fVbjhzKiQ4QrWoMIfpT07gViAp4nqPiqWwQRmKgvrf_9x6p&_nc_ad=z-m&_nc_cid=0&_nc_zt=23&_nc_ht=scontent-fra3-2.cdninstagram.com&_nc_gid=S8zNR8pc8u37Lbku7UZ1Kw&oh=00_Afi9NyvwUl_qqBJvdQ3tHDEZhLYC94AeTVPFXkHgBPcWuw&oe=693106D4;"AK Parti Bitlis İl Başkanlığımızda gerçekleştirilen devir teslim törenine katılım sağladık.  Partimize bugüne kadar büyük bir özveriyle hizmet eden ve birçok çalışmaya katkı sunan Kadir Köstekçi’ye emekleri için teşekkür ediyorum.  İl başkanlığı görevine başlayan Engin Günceoğlu’na ise yeni görevinde üstün başarılar diliyor; Türkiye Yüzyılı vizyonumuz doğrultusunda şehrimize değer katacak çalışmalara öncülük edeceğine yürekten inanıyorum.";
https://www.instagram.com/p/DRHlQ2oDWY0/;Carousel;275;1;0;2025-11-16 16:08:41;https://scontent-fra3-1.cdninstagram.com/v/t51.82787-15/581307039_18397441135125495_5632544198950207817_n.webp?_nc_cat=101&ig_cache_key=Mzc2NzE0MzQ5MzM3NTE2OTQ4Nw%3D%3D.3-ccb7-5&ccb=7-5&_nc_sid=58cdad&efg=eyJ2ZW5jb2RlX3RhZyI6InhwaWRzLjE0NDB4NzU0LnNkci5DMyJ9&_nc_ohc=JYLcPZLYpBwQ7kNvwFkVqu2&_nc_oc=AdmOkWJ4dX-X65vzkWXMYMtPs_SK1j1xHf3-VzxkFqGstMcrmIKkTYU_pWXzTgAtJW2h0WSF72Ib-Wv3AjhdKwIK&_nc_ad=z-m&_nc_cid=0&_nc_zt=23&_nc_ht=scontent-fra3-1.cdninstagram.com&_nc_gid=S8zNR8pc8u37Lbku7UZ1Kw&oh=00_AfhSGBaJ3p1LOrYzLWlof8K7EK8MJ-tycg-N0sRO3h-PMA&oe=693105EB;Bölgesel Amatör Lig 6. hafta karşılaşmasında İD Karaağaçspor’u 7-0 mağlup ederek liderliğini sürdüren Bitlis Sporumuzu, teknik heyetimizi ve sahada büyük bir özveriyle mücadele eden tüm oyuncularımızı tebrik ediyorum.  Bu sezon, şampiyonluğa olan inancımız tamdır.💛🖤;
https://www.instagram.com/p/DRFZjeyDaAn/;Carousel;341;0;0;2025-11-15 19:47:54;https://scontent-fra5-1.cdninstagram.com/v/t51.82787-15/581202732_18397340302125495_7183388610675057004_n.webp?_nc_cat=110&ig_cache_key=Mzc2NjUyOTAzODYxODU2ODU4MA%3D%3D.3-ccb7-5&ccb=7-5&_nc_sid=58cdad&efg=eyJ2ZW5jb2RlX3RhZyI6InhwaWRzLjE0Mzl4OTYwLnNkci5DMyJ9&_nc_ohc=QsZeByuvKFcQ7kNvwEglQXg&_nc_oc=Adl8SntCb6rryEHyg_0mtOsQy4aAp7p9vD_U7yGCCgvXyiulFfqwVSgDmjxDj-Od6A1i94fH5vRryLdr7U79gjqd&_nc_ad=z-m&_nc_cid=0&_nc_zt=23&_nc_ht=scontent-fra5-1.cdninstagram.com&_nc_gid=S8zNR8pc8u37Lbku7UZ1Kw&oh=00_AfhLDFix2RkqD7rS69uLI49qsNQzMy48oXKCocp_efcH1w&oe=69311B9D;İstanbul Atatürk Havalimanı Millet Bahçesi Etkinlik Alanı’nda 16 Kasım’a kadar devam edecek Bitlis Tanıtım Günleri’nin üçüncü gününde, Bitlis Belediyesi standımızda misafirlerimizi ağırladık.  İstanbul’da yaşayan tüm hemşehrilerimizi ve dostlarımızı Bitlis Tanıtım Günleri’ne davet ediyoruz.;
https://www.instagram.com/p/DRCZnuojQBy/;Carousel;371;0;0;2025-11-14 15:50:45;https://scontent-fra3-2.cdninstagram.com/v/t51.82787-15/581859006_18397211452125495_7797687007895035538_n.webp?_nc_cat=111&ig_cache_key=Mzc2NTY4NDkwOTE0MzU5NzIxMg%3D%3D.3-ccb7-5&ccb=7-5&_nc_sid=58cdad&efg=eyJ2ZW5jb2RlX3RhZyI6InhwaWRzLjE0Mzl4OTU5LnNkci5DMyJ9&_nc_ohc=lEtq79s20AsQ7kNvwGtMxTE&_nc_oc=Adk_vu8dmcqjOePoyNQcjl8bOFAn1bzjVA7YZFrhdbchL0QLx6fGECCCrGJyZY-SpWk2ElrqVhts4phkc5BUJjW8&_nc_ad=z-m&_nc_cid=0&_nc_zt=23&_nc_ht=scontent-fra3-2.cdninstagram.com&_nc_gid=S8zNR8pc8u37Lbku7UZ1Kw&oh=00_AfiViWAu_ilsejPYHi1k6DQl6gfYLxhXxK4Cvi2S-0AcSw&oe=6931296C;İstanbul Atatürk Havalimanı Millet Bahçesi Etkinlik Alanı’nda 16 Kasım’a kadar devam edecek Bitlis Tanıtım Günleri’nin ikinci gününde, birbirinden değerli ürünlerini sergileyen esnaflarımız ve yoğun ilgi gösteren hemşehrilerimizle bir araya geldik.   Bitlis’in kültürünü, tarihini ve üretim gücünü en güzel şekilde yansıtan stantlarımızı ziyaret ederek emek veren tüm esnafımıza kolaylıklar diledik.;
https://www.instagram.com/p/DRAa4gfjWWx/;Carousel;383;0;0;2025-11-13 21:23:18;https://scontent-fra3-2.cdninstagram.com/v/t51.82787-15/582536749_18397133071125495_3629463938530882007_n.webp?_nc_cat=104&ig_cache_key=Mzc2NTEyNzUwNzgxODE1Nzk3MQ%3D%3D.3-ccb7-5&ccb=7-5&_nc_sid=58cdad&efg=eyJ2ZW5jb2RlX3RhZyI6InhwaWRzLjE0NDB4ODEwLnNkci5DMyJ9&_nc_ohc=ZXOXayCQ6OoQ7kNvwGroOuw&_nc_oc=Adnew6FQBkr-0dV1egvumHS95jCoE4J_3r5UFTzr47BXyFzwYF-N9vsj1r8jT7h5g3uvmQCfW3Phfe3Zj6aHBqb_&_nc_ad=z-m&_nc_cid=0&_nc_zt=23&_nc_ht=scontent-fra3-2.cdninstagram.com&_nc_gid=S8zNR8pc8u37Lbku7UZ1Kw&oh=00_AfhsZ3Ve-TadVPXfnYK7ejE0cahcuCXV96iWxPzKjTTpGQ&oe=6930FD76;13–16 Kasım tarihleri arasında İstanbul Atatürk Havalimanı Millet Bahçesi Etkinlik Alanı’nda sürecek olan Bitlis Tanıtım Günleri kapsamında, şehrimizin tarihi dokusunu ve kültürel mirasını tanıtan stantları ziyaret ederek hemşehrilerimizle bir araya geldik.  Bitlis’in tanıtımına emek veren herkese gönülden teşekkür ediyor, tüm hemşehrilerimizi ve İstanbul’da yaşayan herkesi Bitlis’in sıcaklığını ve misafirperverliğini hissetmeye davet ediyorum.;
https://www.instagram.com/p/DRAYDysjWnE/;Carousel;178;0;0;2025-11-13 20:58:38;https://scontent-fra3-1.cdninstagram.com/v/t51.82787-15/583506903_18397130863125495_3681917295033970566_n.webp?_nc_cat=105&ig_cache_key=Mzc2NTExNTA5NDE1NDY4NzY2OQ%3D%3D.3-ccb7-5&ccb=7-5&_nc_sid=58cdad&efg=eyJ2ZW5jb2RlX3RhZyI6InhwaWRzLjE0NDB4ODEwLnNkci5DMyJ9&_nc_ohc=wK9wV_1Eyj8Q7kNvwFwXkpF&_nc_oc=AdkiSJ7ZOZQa3VSaHUGcPT9wxwvCopdziv68vPno6ZYqoPYAeegUQocidAevYR1p0b2IVFDvoELDOt0QDiwr_01t&_nc_ad=z-m&_nc_cid=0&_nc_zt=23&_nc_ht=scontent-fra3-1.cdninstagram.com&_nc_gid=S8zNR8pc8u37Lbku7UZ1Kw&oh=00_AfhbScnCybrj24TYbtgqB7DZaDYm4wQJLrgqwse8Aet4yQ&oe=69311910;13–16 Kasım tarihleri arasında İstanbul Atatürk Havalimanı Millet Bahçesi Etkinlik Alanı’nda sürecek olan Bitlis Tanıtım Günleri’nin açılışını büyük bir coşku ve gururla yaptık.  Binlerce yıllık geçmişiyle Anadolu’nun kalbinde yer alan kadim şehrimiz Bitlis’in tarihi dokusunu, kültürel mirasını, doğal güzelliklerini ve yöresel lezzetlerini İstanbullularla buluşturmanın mutluluğunu yaşıyoruz.  Tarihin, kültürün ve lezzetin buluştuğu bu anlamlı etkinlikte tüm hemşehrilerimizi ve İstanbul’da yaşayan herkesi Bitlis’in sıcaklığını ve misafirperverliğini hissetmeye davet ediyoruz.;
https://www.instagram.com/p/DQ9RIZ8jWXs/;Carousel;308;0;0;2025-11-12 16:00:22;https://scontent-fra5-1.cdninstagram.com/v/t51.82787-15/581378089_18396994777125495_1139563078744620842_n.webp?_nc_cat=100&ig_cache_key=Mzc2NDI0MDIwMDc5MzY4NDIxOA%3D%3D.3-ccb7-5&ccb=7-5&_nc_sid=58cdad&efg=eyJ2ZW5jb2RlX3RhZyI6InhwaWRzLjE0MzZ4MTA3OC5zZHIuQzMifQ%3D%3D&_nc_ohc=gw7nkouOHzkQ7kNvwGYyWud&_nc_oc=Adm2uUBbQtnK4I9Biw7FJw-Y9S5dbvRtlWv3UO685HQjmsru0Y_TnPALwBC3xwjZCV61zi52DJaDFOtv8jvHffiq&_nc_ad=z-m&_nc_cid=0&_nc_zt=23&_nc_ht=scontent-fra5-1.cdninstagram.com&_nc_gid=S8zNR8pc8u37Lbku7UZ1Kw&oh=00_AfgVgpwIK3SP4uSnaYtlOfK_3p-GdeO_1J29lrAIpD0v1g&oe=6931081A;AK Parti'mizin 175. Genişletilmiş İl Başkanları Toplantısına katıldık.  Genel Başkanımız ve Cumhurbaşkanımız Sayın Recep Tayyip Erdoğan’ın liderliğinde ülkemizi ve şehrimizi daha da ileriye taşımak için çalışmaya devam edeceğiz.   Toplantımızın hayırlara vesile olmasını diliyorum.;
https://www.instagram.com/p/DQ84vktjdky/;Reels;118;0;5344;2025-11-12 12:29:30;https://scontent-lhr6-2.cdninstagram.com/v/t51.71878-15/576547721_710767338216444_6418738460627657593_n.jpg?stp=dst-jpg_e15_tt6&_nc_cat=104&ig_cache_key=Mzc2NDEzMjk0ODQxMzg5NzAxMA%3D%3D.3-ccb7-5&ccb=7-5&_nc_sid=58cdad&efg=eyJ2ZW5jb2RlX3RhZyI6InhwaWRzLjY0MHgxMTM4LnNkci5DMyJ9&_nc_ohc=j9tQV_Vsu4oQ7kNvwHPRy8w&_nc_oc=Adn5kjIoUb0ub-ze2IDP08ygObzfV3F--8x9XQEZylCKRBCr0mHOv7M-FBNQeK-wMQM&_nc_ad=z-m&_nc_cid=0&_nc_zt=23&_nc_ht=scontent-lhr6-2.cdninstagram.com&_nc_gid=Ex1_jwqa_z0L1COQ2IgSQQ&oh=00_AfgXrY-sTArs0mAIkTuIFOFq-IXqq3Ovu7dOmY-ksxzunw&oe=693119CC;13–16 Kasım 2025 tarihleri arasında Atatürk Havalimanı Millet Bahçesi Etkinlik Alanı’nda gerçekleştirilecek Bitlis Tanıtım Günleri başlıyor!  Peki, etkinlik alanına nasıl ulaşabilirsiniz?  Sizler için hazırladığımız bu videoda, ulaşım noktalarını ve güzergâhları adım adım görebilirsiniz.;
https://www.instagram.com/p/DQ83gmGDS6D/;Reels;86;0;3215;2025-11-12 12:17:10;https://scontent-lhr6-1.cdninstagram.com/v/t51.71878-15/576645004_1381884703655235_2182420750778617438_n.jpg?stp=dst-jpg_e15_tt6&_nc_cat=102&ig_cache_key=Mzc2NDEyNzUyMTA1OTk3NDc4Nw%3D%3D.3-ccb7-5&ccb=7-5&_nc_sid=58cdad&efg=eyJ2ZW5jb2RlX3RhZyI6InhwaWRzLjY0MHgxMTM4LnNkci5DMyJ9&_nc_ohc=8MSPd4VuFgIQ7kNvwHSH--o&_nc_oc=Adnvde_S4ovbstsLjpU1jFQpuAYYKrzfmtajio19FKC2hrfBHXHIQEfjgPobDFXuUmI&_nc_ad=z-m&_nc_cid=0&_nc_zt=23&_nc_ht=scontent-lhr6-1.cdninstagram.com&_nc_gid=Ex1_jwqa_z0L1COQ2IgSQQ&oh=00_AfhkaUEpG11WBQolIJgLGqKGHM3IultG1kYaW74RofvDVA&oe=6930F6FE;13-16 Kasım tarihleri arasında İstanbul Atatürk Havalimanı Millet Bahçesi Etkinlik Alanı’nda gerçekleşecek Bitlis Tanıtım Günlerine tüm hemşehrilerimizi ve dostlarımızı bekliyoruz.;
https://www.instagram.com/p/DQ8xiNiDdJd/;Photo;68;0;0;2025-11-12 11:24:16;https://scontent-lhr8-1.cdninstagram.com/v/t51.82787-15/581164811_18396974833125495_2758191431885811275_n.webp?_nc_cat=107&ig_cache_key=Mzc2NDEwMTI0Mzg0NjEyMDAyOQ%3D%3D.3-ccb7-5&ccb=7-5&_nc_sid=58cdad&efg=eyJ2ZW5jb2RlX3RhZyI6InhwaWRzLjEwODZ4MTQ0MC5zZHIuQzMifQ%3D%3D&_nc_ohc=sshf32L2KSAQ7kNvwGNhY8m&_nc_oc=Adnd5cT1XMBMXql-iTOkgqfj5WkUBLifabdD2OBGuJLPU5eo6bg39sPwbRbFZI66-IA&_nc_ad=z-m&_nc_cid=0&_nc_zt=23&_nc_ht=scontent-lhr8-1.cdninstagram.com&_nc_gid=Ex1_jwqa_z0L1COQ2IgSQQ&oh=00_AfgKMdcSdCye4Xa_BlNJCTOx-phAYqZvsQ0pWvw-ysReSg&oe=693125F4;"13–16 Kasım tarihleri arasında İstanbul’da düzenlenecek olan Bitlis Tanıtım Günleri’ne tüm hemşehrilerimizi ve dostlarımızı davet ediyoruz.  Tarihi ve kültürel mirasımızın, eşsiz yöresel lezzetlerimizin ve zengin sanatsal etkinliklerin bir arada olacağı bu özel buluşmada; Bitlis’in kadim dokusunu, misafirperverliğini ve zengin kültürünü hep birlikte yaşayalım.  📅 Açılış: 13 Kasım Perşembe, 17.00  📍 Adres: Atatürk Havalimanı Millet Bahçesi Etkinlik Alanı";
https://www.instagram.com/p/DQ7ZQW5DX3j/;Carousel;244;0;0;2025-11-11 22:32:53;https://scontent-lhr8-2.cdninstagram.com/v/t51.82787-15/581166236_18396924556125495_1659155477522222656_n.webp?_nc_cat=101&ig_cache_key=Mzc2MzcxMjk3ODcwMTg5ODY2OA%3D%3D.3-ccb7-5&ccb=7-5&_nc_sid=58cdad&efg=eyJ2ZW5jb2RlX3RhZyI6InhwaWRzLjE0Mzl4OTYwLnNkci5DMyJ9&_nc_ohc=R8RZ_JdgDVYQ7kNvwFFgIk8&_nc_oc=AdmTV5mz3_76i5lqNueaWAd0jcDV2pLBb6oyutsXX8Hl64zx_C4d0GvVfyep_BBgfhk&_nc_ad=z-m&_nc_cid=0&_nc_zt=23&_nc_ht=scontent-lhr8-2.cdninstagram.com&_nc_gid=Ex1_jwqa_z0L1COQ2IgSQQ&oh=00_AfgcmI9AogLTsrPRQE-JCRy-9a0GDCqTJ8GGYC4Sn38a2A&oe=69312BD9;"📍AK Parti Genel Merkezi-Ankara  AK Parti Yerel Yönetimlerden Sorumlu Genel Başkan Yardımcımız Sayın Mustafa Demir Başkanlığında, İl ve Büyükşehir Belediye Başkanlarımızla bir araya geldik.   Türkiye Yüzyılı vizyonuyla; daha yaşanabilir şehirler ve daha güçlü yarınlar için durmadan, yorulmadan çalışmaya devam edeceğiz.";
https://www.instagram.com/p/DQ7DIvyDaeV/;Photo;137;3;0;2025-11-11 19:19:36;https://scontent-lhr8-2.cdninstagram.com/v/t51.82787-15/580032315_18396909127125495_3035070198358923004_n.webp?_nc_cat=103&ig_cache_key=Mzc2MzYxNTcwODc5OTE0OTk3Mw%3D%3D.3-ccb7-5&ccb=7-5&_nc_sid=58cdad&efg=eyJ2ZW5jb2RlX3RhZyI6InhwaWRzLjEwODB4MTQ0MC5zZHIuQzMifQ%3D%3D&_nc_ohc=r6SofMFbAfEQ7kNvwE50OxL&_nc_oc=AdnQLITwoAt4otexPhcASPK4LMv139vDE2gaL25mCtP4oiyeDoiImMnjJ-CkN-Pr5kc&_nc_ad=z-m&_nc_cid=0&_nc_zt=23&_nc_ht=scontent-lhr8-2.cdninstagram.com&_nc_gid=Ex1_jwqa_z0L1COQ2IgSQQ&oh=00_AfipbzVgOJOGpFlvA6vtVPLr9SHfalLgTqZkjzSgO4-C_w&oe=6930FDC7;Azerbaycan'dan ülkemize dönüş yolunda olan, Millî Savunma Bakanlığımıza ait askeri kargo uçağımızın Gürcistan'da düşmesi bizleri derinden üzmüştür.   Arama kurtarma çalışmalarının en kısa sürede olumlu sonuçlanmasını temenni ediyor, milletimize geçmiş olsun dileklerimi iletiyorum.  Şehitlerimize Cenab-ı Allah’tan rahmet, ailelerine ve yakınlarına sabır diliyorum. Aziz milletimizin başı sağ olsun.;
https://www.instagram.com/p/DQ6KE7kjfk-/;Carousel;156;0;0;2025-11-11 11:01:00;https://scontent-lhr6-2.cdninstagram.com/v/t51.82787-15/576091868_18396865417125495_7833559002712101548_n.webp?_nc_cat=104&ig_cache_key=Mzc2MzM2NDc1MjA5ODQ0NTU1Mg%3D%3D.3-ccb7-5&ccb=7-5&_nc_sid=58cdad&efg=eyJ2ZW5jb2RlX3RhZyI6InhwaWRzLjE0Mzl4OTU5LnNkci5DMyJ9&_nc_ohc=ZeK1wYd8CWkQ7kNvwEo2QPj&_nc_oc=Adn9DFOmoWHUB6_vkn5NUJovqBLgXGv8-DIfwlQ7SP4H5puL_pg8w187VvYM44Qpjos&_nc_ad=z-m&_nc_cid=0&_nc_zt=23&_nc_ht=scontent-lhr6-2.cdninstagram.com&_nc_gid=Ex1_jwqa_z0L1COQ2IgSQQ&oh=00_AfjgS1clx-YX-web6SOXJjyXsGsVmJk97C2SanOeDVMPTw&oe=6930F688;Meclis üyelerimizin katılımıyla 2026 yılı bütçemizin görüşmelerini gerçekleştirdik.  Bütçemizin memleketimiz için hayırlı hizmetlere vesile olmasını diliyorum.;
https://www.instagram.com/p/DQ3gtZEjfpM/;Carousel;212;0;0;2025-11-10 10:21:03;https://scontent-lhr8-2.cdninstagram.com/v/t51.82787-15/580660457_18396688144125495_913875172825289134_n.webp?_nc_cat=106&ig_cache_key=Mzc2MjYxOTg2MjA1Mzg5MzE5MA%3D%3D.3-ccb7-5&ccb=7-5&_nc_sid=58cdad&efg=eyJ2ZW5jb2RlX3RhZyI6InhwaWRzLjE0Mzl4OTU5LnNkci5DMyJ9&_nc_ohc=tJa7mAV_GGYQ7kNvwEnvq2G&_nc_oc=AdnzudqWtfQtU9N3NTicaM0rIsJ9fpt3eBr0UnZhcbG3QvQB-29JR31gBcE1mib3HsY&_nc_ad=z-m&_nc_cid=0&_nc_zt=23&_nc_ht=scontent-lhr8-2.cdninstagram.com&_nc_gid=Ex1_jwqa_z0L1COQ2IgSQQ&oh=00_AfguIjbPEP5xZZM6F7460wkWU1KkYb6YGbG2oP3e5vHoiA&oe=6931217F;Gök Meydanı’nda saygı duruşumuzun ardından çelenk sunma programımızı gerçekleştirdik.   Gazi Mustafa Kemal Atatürk’ün bizlere miras bıraktığı değerlere sahip çıkmaya, ülkemizi daha güçlü yarınlara taşımaya kararlıyız.   Bu anlamlı günde başta Cumhuriyetimizin Banisi Gazi Mustafa Kemal Atatürk ve onunla birlikte aziz vatanımız için canını feda eden tüm kahramanlarımızı bir kez daha saygı, minnet ve rahmetle anıyorum.  Ruhları şad, mekanları cennet olsun.;
https://www.instagram.com/p/DQ3OS-CCJwE/;Photo;64;0;0;2025-11-10 07:40:09;https://scontent-lhr8-1.cdninstagram.com/v/t51.82787-15/579659084_18396675454125495_819257189196644475_n.webp?_nc_cat=108&ig_cache_key=Mzc2MjUzODg4OTg5OTE4NzIwNA%3D%3D.3-ccb7-5&ccb=7-5&_nc_sid=58cdad&efg=eyJ2ZW5jb2RlX3RhZyI6InhwaWRzLjE0NDB4ODEwLnNkci5DMyJ9&_nc_ohc=FHu3a_uiZ3QQ7kNvwHd5Ogp&_nc_oc=Adk7BlpDhCAmgutMPoYnBqUNtSJvFInMJvqQGM8Ty-wIlwRhZ-7xbXNTz4s7KicSi2E&_nc_ad=z-m&_nc_cid=0&_nc_zt=23&_nc_ht=scontent-lhr8-1.cdninstagram.com&_nc_gid=Ex1_jwqa_z0L1COQ2IgSQQ&oh=00_AfjyIWqp3pKuepudVxqozYMVXyLAEkCpOkLmc1LGCdb41A&oe=6930FD1C;Cumhuriyetimizin kurucusu Gazi Mustafa Kemal Atatürk’ü, ebediyete irtihalinin 87. yıl dönümünde saygı ve rahmetle anıyorum.;
https://www.instagram.com/p/DQ1mWR6jb_M/;Carousel;289;1;0;2025-11-09 16:31:50;https://scontent-lhr6-1.cdninstagram.com/v/t51.82787-15/576652972_18396597943125495_5944347748647934975_n.webp?_nc_cat=102&ig_cache_key=Mzc2MjA4MTcxNDYzMDYzOTUzNA%3D%3D.3-ccb7-5&ccb=7-5&_nc_sid=58cdad&efg=eyJ2ZW5jb2RlX3RhZyI6InhwaWRzLjE0Mzl4OTYwLnNkci5DMyJ9&_nc_ohc=GrCfOWosEe4Q7kNvwHDUzwt&_nc_oc=Adna-5rBDy77M-35WsjxAtYgS36sbgdCNqswTBtLUTg9qUVDTqU-0HzvbRy5K0j-QaQ&_nc_ad=z-m&_nc_cid=0&_nc_zt=23&_nc_ht=scontent-lhr6-1.cdninstagram.com&_nc_gid=Ex1_jwqa_z0L1COQ2IgSQQ&oh=00_AfiMyLXaapt8f5ykulxpsfwK1XRp5m7bUWyOd-1Z7Ns2eQ&oe=693114EE;Bölgesel Amatör Lig’in 5. haftasında Murat 2020 Genç Spor’u 3-0 mağlup ederek liderliğini sürdüren Bitlis Sporumuzu yürekten tebrik ediyorum.  Ortaya koyduğu mücadele, azim ve takım ruhuyla hepimizi gururlandıran futbolcularımızı, teknik ekibimizi ve emeği geçen herkesi kutluyorum.  Başarılarının sezon boyunca artarak devam etmesini diliyorum. 💛🖤;
https://www.instagram.com/p/DQ1YYu8jRll/;Carousel;364;0;0;2025-11-09 14:29:50;https://scontent-lhr6-1.cdninstagram.com/v/t51.82787-15/580935720_18396577834125495_4730673875581737701_n.webp?_nc_cat=102&ig_cache_key=Mzc2MjAyMDMwNTIzODYxNDU1NQ%3D%3D.3-ccb7-5&ccb=7-5&_nc_sid=58cdad&efg=eyJ2ZW5jb2RlX3RhZyI6InhwaWRzLjE0Mzl4OTYwLnNkci5DMyJ9&_nc_ohc=feGaLZTmdWEQ7kNvwHLUEQE&_nc_oc=AdmEc7TRT0v2KcazL4phTR-S1CQN1TquVaPwV9KXLwbGftpPT6B8XRHSiZHHhCNZVyg&_nc_ad=z-m&_nc_cid=0&_nc_zt=23&_nc_ht=scontent-lhr6-1.cdninstagram.com&_nc_gid=Ex1_jwqa_z0L1COQ2IgSQQ&oh=00_AfgzTL9hk_7JKKpzHUzjzViefDvh2d-SnPoHW_66V1PFRQ&oe=69311ACB;Bitlis Sporumuzun yeni kulüp binasının açılışını büyük bir heyecanla gerçekleştirdik.  Sezona başarılı bir başlangıç yapan Bitlis Sporumuzun, sezon sonunda şampiyonluğa ulaşacağına yürekten inanıyoruz.  Bitlis’in gururu Bitlis Spor’a yeni yuvası hayırlı olsun! 💛 🖤;
https://www.instagram.com/p/DQ1SRyljZIc/;Photo;181;1;0;2025-11-09 13:36:28;https://scontent-lhr6-1.cdninstagram.com/v/t51.82787-15/579685962_18396572542125495_1846666555200273299_n.webp?_nc_cat=110&ig_cache_key=Mzc2MTk5MzQ1MTEyMzM0Nzk5Ng%3D%3D.3-ccb7-5&ccb=7-5&_nc_sid=58cdad&efg=eyJ2ZW5jb2RlX3RhZyI6InhwaWRzLjE0NDB4OTYwLnNkci5DMyJ9&_nc_ohc=iBlY5yt7qjkQ7kNvwG1pdzf&_nc_oc=AdnyqEcPjzOB_H8WKhkCqpDFtuahDVnh0pqg2oHmUA_W4yYxlPZI8sY9OIr1LaLQfgY&_nc_ad=z-m&_nc_cid=0&_nc_zt=23&_nc_ht=scontent-lhr6-1.cdninstagram.com&_nc_gid=Ex1_jwqa_z0L1COQ2IgSQQ&oh=00_Afgxjs8OCVqrOiKJX4s97sMrchGeDC-BMiDw-HEu6qlzzQ&oe=6930FB26;Milletvekilimiz Sayın Turan Bedirhanoğlu’nun katılımıyla, Bitlis merkez mahalle muhtarlarımızla istişare toplantısı gerçekleştirdik.  Toplantıda, mahallelerimize kazandırdığımız hizmetler ile planladığımız projeler üzerine karşılıklı görüş alışverişinde bulunduk.  Ayrıca muhtarlarımızın talep ve önerilerini dinleyerek, önümüzdeki dönem çalışmalarımıza dair değerlendirmelerde bulunduk.;
https://www.instagram.com/p/DQy85PtjakQ/;Carousel;358;0;0;2025-11-08 15:51:08;https://scontent-lhr8-1.cdninstagram.com/v/t51.82787-15/574265990_18396429628125495_3758220601463863344_n.webp?_nc_cat=107&ig_cache_key=Mzc2MTMzNjQ0NjIyNjM4MjU5Nw%3D%3D.3-ccb7-5&ccb=7-5&_nc_sid=58cdad&efg=eyJ2ZW5jb2RlX3RhZyI6InhwaWRzLjE0Mzh4OTU5LnNkci5DMyJ9&_nc_ohc=abTJ1ClgigUQ7kNvwGFQl_G&_nc_oc=AdnR5bI7uZyIcomCgBtUJkK6riuGDhCftiZp_eWDIMY-EeCColspZ5J_RagKLQfK59U&_nc_ad=z-m&_nc_cid=0&_nc_zt=23&_nc_ht=scontent-lhr8-1.cdninstagram.com&_nc_gid=Ex1_jwqa_z0L1COQ2IgSQQ&oh=00_AfjukCfuMb6BG0FeR6LB-woJTfhJGxZNX4c9g6x7QF5mUQ&oe=693110F4;Mutki Belediyemiz tarafından yapımı tamamlanan Halı Saha ve Mezbahane Binasının açılışını gerçekleştirdik.  Hem sporun hem de sağlıklı üretimin gelişmesine katkı sunacak bu iki önemli yatırımın, Mutkili hemşehrilerimize hayırlı olmasını diliyorum.  Ayrıca Mutki ilçemiz, uzun yıllardır beklediği doğalgaz hizmetine de kavuştu. Bu önemli adımın ilçemize hayırlı olmasını temenni ediyorum.;
https://www.instagram.com/p/DQyuTLIjWGg/;Carousel;418;0;0;2025-11-08 13:43:36;https://scontent-dus1-1.cdninstagram.com/v/t51.82787-15/575282935_18396419326125495_3113677176533387472_n.webp?_nc_cat=107&ig_cache_key=Mzc2MTI3MjI1Mzk2Mzk1MzIxOA%3D%3D.3-ccb7-5&ccb=7-5&_nc_sid=58cdad&efg=eyJ2ZW5jb2RlX3RhZyI6InhwaWRzLjE0NDB4OTYwLnNkci5DMyJ9&_nc_ohc=sGHwUh3jrCYQ7kNvwEf4745&_nc_oc=AdnS31yDyqueud7JPUr3Y-K-6a9sIQ1X6J5PicfXmkN7iXsTlYrTtNYU0BgwUjDOsfV1TQMr7efbPUsvh528J2fI&_nc_ad=z-m&_nc_cid=0&_nc_zt=23&_nc_ht=scontent-dus1-1.cdninstagram.com&_nc_gid=YloJVEAn80QdILaafn3m6A&oh=00_Afgx8icGP5KaEpvQWA_3ViPuhNftHjnWbW5sICk36xMF_g&oe=693115E0;Mutki ilçemize bağlı Dereyolu Köyü’nde yapımı tamamlanan Cami ve Taziye Evi’nin açılışını gerçekleştirdik.  Bu güzel eserin köyümüze kazandırılmasında emeği geçen herkesten Allah razı olsun.;
https://www.instagram.com/p/DQwrA-IjaTj/;Photo;261;7;0;2025-11-07 18:36:25;https://scontent-dus1-1.cdninstagram.com/v/t51.82787-15/574321569_18396278257125495_5893382902142980440_n.webp?_nc_cat=109&ig_cache_key=Mzc2MDY5NDg3MTU2OTgzNTIzNQ%3D%3D.3-ccb7-5&ccb=7-5&_nc_sid=58cdad&efg=eyJ2ZW5jb2RlX3RhZyI6InhwaWRzLjE0NDB4NzU0LnNkci5DMyJ9&_nc_ohc=uZc8VtOMOfUQ7kNvwEZsO7D&_nc_oc=AdlMknrTYbLq0zsxaRN9u0DuuH5L75xZ6FGsYiFaHRYsmHGSj5Wlh8ruUbLgjNQD3nTmiN7VZflErOxZJyfFbfMs&_nc_ad=z-m&_nc_cid=0&_nc_zt=23&_nc_ht=scontent-dus1-1.cdninstagram.com&_nc_gid=YloJVEAn80QdILaafn3m6A&oh=00_AfhLNHRWSdXMC2umRfePIUyo8Ea36-JUtXpVBp-mGfjyDA&oe=69311C90;Genel Başkanımız ve Cumhurbaşkanımız Sayın Recep Tayyip Erdoğan’ın tensipleriyle AK Parti Bitlis İl Başkanı olarak atanan Sayın Engin Günceoğlu’nu tebrik ediyorum.  Kendisine yeni görevinde başarılar diliyor, Bitlis’imiz, teşkilatımız ve partimiz için hayırlara vesile olmasını temenni ediyorum.;
https://www.instagram.com/p/DQvmir0jeMw/;Photo;80;0;0;2025-11-07 08:38:05;https://scontent-dus1-1.cdninstagram.com/v/t51.82787-15/573645657_18396187549125495_7072739024545657315_n.webp?_nc_cat=100&ig_cache_key=Mzc2MDM5MzcyMzE1OTg5Njg4MA%3D%3D.3-ccb7-5&ccb=7-5&_nc_sid=58cdad&efg=eyJ2ZW5jb2RlX3RhZyI6InhwaWRzLjE0NDB4OTU5LnNkci5DMyJ9&_nc_ohc=NBuiSmWKCt0Q7kNvwH-hyG2&_nc_oc=AdlL8HdwrTigyrFbG61It2B9pZSu4tfsB387jRVDDXjo9cBx0tt_pSqLs7wB1Kq9KNEBpiUrmWBWra4EOK0vOnFx&_nc_ad=z-m&_nc_cid=0&_nc_zt=23&_nc_ht=scontent-dus1-1.cdninstagram.com&_nc_gid=YloJVEAn80QdILaafn3m6A&oh=00_Afg7Ct8Ybl3zyxraizs_y6w7eUEBe9QL_DzrresWJ1nyEA&oe=69311832;Allah'ın selamı, rahmeti ve bereketi üzerimize olsun.  Dualarımız kabul, Cuma'mız mübarek olsun.  #HayırlıCumalar;
https://www.instagram.com/p/DQoNwVUjV2x/;Reels;148;0;6219;2025-11-04 11:47:46;https://scontent-dus1-1.cdninstagram.com/v/t51.71878-15/573808469_1552694902403537_7032378230720323704_n.jpg?stp=dst-jpg_e15_tt6&_nc_cat=105&ig_cache_key=Mzc1ODMxNDM4NTA3MzU5Mzc3Nw%3D%3D.3-ccb7-5&ccb=7-5&_nc_sid=58cdad&efg=eyJ2ZW5jb2RlX3RhZyI6InhwaWRzLjY0MHgzNjAuc2RyLkMzIn0%3D&_nc_ohc=GyZDsfTYhesQ7kNvwGIw91j&_nc_oc=AdmDtzAAOPqJqhY0RHetweRsqykmHPFnn7YSgvBspZnjDL3DF1Hz_X6K5kBWA09uaF2Vl5qWe7BFj0tk5-qhNg34&_nc_ad=z-m&_nc_cid=0&_nc_zt=23&_nc_ht=scontent-dus1-1.cdninstagram.com&_nc_gid=YloJVEAn80QdILaafn3m6A&oh=00_AfhPp0n9sC8ImFP1FhZRe-bxF4bNwPYpvPwEXXpETe8mmQ&oe=69310BC3;Bitlis genelinde altyapı ve yol kalitesini artırmak için 13 mahallemizde kapsamlı bir çalışma yürütüyoruz.  Şemsi Bitlis, Hersan ve 8 Ağustos mahallelerimiz başta olmak üzere birçok noktada bozuk yollar yenileniyor, cadde ve sokaklarımız modern bir görünüme kavuşuyor.  Ekiplerimiz, vatandaşlarımızın daha güvenli, konforlu ve estetik bir şehirde yaşamaları için titizlikle çalışıyor.  Daha yaşanabilir bir Bitlis için var gücümüzle çalışmaya devam ediyoruz.;
https://www.instagram.com/p/DQlrjaBDQi0/;Carousel;226;0;0;2025-11-03 12:09:28;https://scontent-dus1-1.cdninstagram.com/v/t51.82787-15/572966588_18395501062125495_5136004153455330494_n.webp?_nc_cat=100&ig_cache_key=Mzc1NzYwMTAwMTM0ODg2MDM5Nw%3D%3D.3-ccb7-5&ccb=7-5&_nc_sid=58cdad&efg=eyJ2ZW5jb2RlX3RhZyI6InhwaWRzLjE0Mzl4OTU5LnNkci5DMyJ9&_nc_ohc=OMa7-mLrK6gQ7kNvwGbpIaE&_nc_oc=Admqo9BckQJDEY83nUnKOIp3cl-Uzbwu4LYdKf-g0SCphGdGpdk1pbVQ7LnsZdN6d84mz6bu1Z1dyRzS8ozlSuqV&_nc_ad=z-m&_nc_cid=0&_nc_zt=23&_nc_ht=scontent-dus1-1.cdninstagram.com&_nc_gid=YloJVEAn80QdILaafn3m6A&oh=00_AfiLf6iqP-Tt849GFaEI5iwPlm8KwNtjx6JsY4ZQthXk1g&oe=69310BF2;İdris-i Bitlisî İlkokulunu ziyaret ederek, öğrenci kardeşlerimize boyama seti hediye ettik.  Okul idarecilerimiz ve öğretmenlerimizle verimli bir sohbet gerçekleştirdik.  Öğrencilerimize eğitim hayatlarında başarılar, emektar öğretmenlerimize ise özverili çalışmalarından dolayı teşekkür ediyorum.;
https://www.instagram.com/p/DQlpC2BjQ-k/;Carousel;371;0;0;2025-11-03 11:47:33;https://scontent-dus1-1.cdninstagram.com/v/t51.82787-15/575970557_18395499952125495_5797362055882953734_n.webp?_nc_cat=107&ig_cache_key=Mzc1NzU4OTk3MDE2MTYzMDE3Nw%3D%3D.3-ccb7-5&ccb=7-5&_nc_sid=58cdad&efg=eyJ2ZW5jb2RlX3RhZyI6InhwaWRzLjE0Mzl4OTU5LnNkci5DMyJ9&_nc_ohc=4JrnkDiyyoUQ7kNvwFi5gmf&_nc_oc=AdmkKPgSkIelyDb8XDLgCNj8emsmDvptRq1S5YN0vn8hDt3Gh51xIS8ZbiPZxc_0lIC0Of1YhwBZnATY0n0AOPVe&_nc_ad=z-m&_nc_cid=0&_nc_zt=23&_nc_ht=scontent-dus1-1.cdninstagram.com&_nc_gid=YloJVEAn80QdILaafn3m6A&oh=00_AfhxGgnmwiJqni1W65tHnNzeyaJWz32kgCJp6HoaSZUIuA&oe=69310EEE;Bugün çarşı esnafımızla ve vatandaşlarımızla buluşarak hasbihal ettik.  Emekleriyle şehrimizin ekonomisine yön veren esnaf kardeşlerimizin fikir ve önerileri bizim için çok kıymetli.   Birlikte daha güçlü bir Bitlis için  çalışmaya devam edeceğiz.;
https://www.instagram.com/p/DQleEurjdOt/;Reels;94;0;3735;2025-11-03 10:12:26;https://scontent-dus1-1.cdninstagram.com/v/t51.71878-15/572939050_1345097567068123_1741070876145716240_n.jpg?stp=dst-jpg_e15_tt6&_nc_cat=106&ig_cache_key=Mzc1NzU0MTczMDUwNjYyNTk2NQ%3D%3D.3-ccb7-5&ccb=7-5&_nc_sid=58cdad&efg=eyJ2ZW5jb2RlX3RhZyI6InhwaWRzLjY0MHgzNjIuc2RyLkMzIn0%3D&_nc_ohc=tusKXwtUhSsQ7kNvwEfP51P&_nc_oc=AdmhNQXf68wjHqaNkstLpBShQ0DdKslXvdaxmcbA5COMkfsL6KPgOn8eKmfRwCoIrejZz73sOpv-pzpnsA_I1FSM&_nc_ad=z-m&_nc_cid=0&_nc_zt=23&_nc_ht=scontent-dus1-1.cdninstagram.com&_nc_gid=YloJVEAn80QdILaafn3m6A&oh=00_AfgCYA4xuVZH5W3HC5Pvf4EaEvPZZbD67fJrEUL_G8YhHQ&oe=69310FE1;"3 Kasım 2002, bir tarihten çok daha fazlası...   Cumhurbaşkanımız ve Genel Başkanımız Recep Tayyip Erdoğan’ın liderliğinde; umutsuzluk umuda, karanlık ise aydınlığa dönüştü ve o günden sonra hiçbir şey eskisi gibi olmadı. İşte bu yüzden #BirMilattır3Kasım  Milletin partisi AK Parti’mizin iktidara gelişinin 23. yılı kutlu olsun. 🇹🇷";
https://www.instagram.com/p/DQjkhS3jcpN/;Carousel;232;1;0;2025-11-02 16:29:32;https://scontent-dus1-1.cdninstagram.com/v/t51.82787-15/575608645_18395413414125495_9204731868006722254_n.webp?_nc_cat=111&ig_cache_key=Mzc1NzAwNzEyNjEyMDk1ODE5MQ%3D%3D.3-ccb7-5&ccb=7-5&_nc_sid=58cdad&efg=eyJ2ZW5jb2RlX3RhZyI6InhwaWRzLjE0NDB4MTgwMC5zZHIuQzMifQ%3D%3D&_nc_ohc=8x_oQu8waU8Q7kNvwF3peMZ&_nc_oc=AdmhxTyW-47rT1kY4XaJS5WQR-Svoq_NaXLZpvnH6KfBp_gMHwSsmy5mCvv-NFaonFnbxV0Dik5wYd1NF_FLRh2M&_nc_ad=z-m&_nc_cid=0&_nc_zt=23&_nc_ht=scontent-dus1-1.cdninstagram.com&_nc_gid=YloJVEAn80QdILaafn3m6A&oh=00_AfjT7GzhltuGaSFC8_kIU47yTyDfAoVABSTbtHtbc8sjzQ&oe=69312B01;MS | Hakkari Zap Spor 0 - 0 BitlisSpor  Hakkari’den 1 puanla dönüyoruz! 💪 Sahada terinin son damlasına kadar mücadele eden tüm oyuncularımıza teşekkür ediyoruz.  Bu hafta da grupta liderliğimizi koruyarak yolumuza devam ediyoruz!;
https://www.instagram.com/p/DQeHfAnDf6i/;Carousel;183;0;0;2025-10-31 13:39:37;https://scontent-dus1-1.cdninstagram.com/v/t51.82787-15/573620907_18395154277125495_2206600786024881936_n.webp?_nc_cat=108&ig_cache_key=Mzc1NTQ3MjA1MDMxNzAyMjc3OA%3D%3D.3-ccb7-5&ccb=7-5&_nc_sid=58cdad&efg=eyJ2ZW5jb2RlX3RhZyI6InhwaWRzLjE0Mzl4OTYwLnNkci5DMyJ9&_nc_ohc=syKOocjgVfcQ7kNvwFSXKNR&_nc_oc=AdmlGdCC_HNai7kXsgKMLIhOw2vb3DPQSkCkobXO-R-ID5WC1S0LHiXxjYNX4jLMAcE5Vck2EM_Vj4uu_NwGHRVw&_nc_ad=z-m&_nc_cid=0&_nc_zt=23&_nc_ht=scontent-dus1-1.cdninstagram.com&_nc_gid=YloJVEAn80QdILaafn3m6A&oh=00_AfhPy2B69ps3dpv5r25UZ521Ew5d4QtwY2IAKDoiQYD5yw&oe=6931062A;📍 Hersan Mahallesi  Bitlis’in her mahallesinde yaşam kalitesini yükseltmek için ekiplerimiz aralıksız çalışmalarını sürdürüyor.  Hersan Mahallesi’nde ömrünü tamamlayan yolları yenileyerek sıcak asfalt serimini tamamladık.  Mahalle sakinlerimize hayırlı olsun.;
https://www.instagram.com/p/DQdsmBFDYjz/;Photo;109;0;0;2025-10-31 09:44:39;https://scontent-dus1-1.cdninstagram.com/v/t51.82787-15/573826015_18395137825125495_5518759967874891874_n.webp?_nc_cat=105&ig_cache_key=Mzc1NTM1Mzc5MDg0MTk4MTE3MQ%3D%3D.3-ccb7-5&ccb=7-5&_nc_sid=58cdad&efg=eyJ2ZW5jb2RlX3RhZyI6InhwaWRzLjE0NDB4OTU5LnNkci5DMyJ9&_nc_ohc=tJ1T4Ed5gp4Q7kNvwHyt1e4&_nc_oc=AdmjNs9AOJrC_kTlxPDIf5rNigV3_pyERPbtbdpUV293rtAjJY5OAcIXGk-SKqCOz-lJ0yO3goMwHFG3Vx1cmaEr&_nc_ad=z-m&_nc_cid=0&_nc_zt=23&_nc_ht=scontent-dus1-1.cdninstagram.com&_nc_gid=YloJVEAn80QdILaafn3m6A&oh=00_Afgw91njBfzy7LZS5stJJsyC5okpwM-hxzhaGY2XfXxCfQ&oe=69310AFB;🌙Cuma gününün rahmeti, bereketi ve mağfireti üzerimize olsun İnşallah.  #HayırlıCumalar;
