﻿PostLink;PostTürü;BeğeniSayısı;YorumSayısı;Görüntülenme Sayısı;Tarih;DisplayPhoto;Caption;Takipçi
https://www.instagram.com/p/DRpYGGYjDPW/;Reels;335;20;16862;2025-11-29 19:08:08;https://scontent-iad3-1.cdninstagram.com/v/t51.71878-15/589111889_1628438301866281_2362149683056892880_n.jpg?stp=dst-jpg_e15_tt6&_nc_cat=101&ig_cache_key=Mzc3NjY1NTczNDgxNDI5MDkwMg%3D%3D.3-ccb7-5&ccb=7-5&_nc_sid=58cdad&efg=eyJ2ZW5jb2RlX3RhZyI6InhwaWRzLjY0MHgxMTM2LnNkci5DMyJ9&_nc_ohc=VfjctfrKm6wQ7kNvwE6H4Z8&_nc_oc=AdnokVChszbM2l-AMegKViQBjSCaqbZe_xZm_EYpt_0JZuEQRb3TKetyxJhxxiWszKh0MljHSKnjlgo2jpSBI4lG&_nc_ad=z-m&_nc_cid=0&_nc_zt=23&_nc_ht=scontent-iad3-1.cdninstagram.com&_nc_gid=2aApsHj7u7RKrdGtnD5OpQ&oh=00_AfhTvfPBWtKcet8nHKvjGartuM-DM5tpLsksPgyzTtf0Fg&oe=69312347;"Malatya’mızdaki trafik sorununa anlık çözümler üretmek zorundayız.  Sahada ekiplerimize talimat verdik; Alternatif güzergâhlarla en kısa sürede trafiğe bir nefes aldıracağız.";34879
https://www.instagram.com/p/DRkI05_jGki/;Reels;1145;72;90227;2025-11-27 18:19:49;https://scontent-iad3-2.cdninstagram.com/v/t51.71878-15/588560404_860349389698044_5352320274722361747_n.jpg?stp=dst-jpg_e15_tt6&_nc_cat=103&ig_cache_key=Mzc3NTE4MTIwNzY5NzY0NzkwNg%3D%3D.3-ccb7-5&ccb=7-5&_nc_sid=58cdad&efg=eyJ2ZW5jb2RlX3RhZyI6InhwaWRzLjY0MHgxMTM2LnNkci5DMyJ9&_nc_ohc=J3tsBt0MAgEQ7kNvwHW0gDR&_nc_oc=Adkg9FdLM-rgvDMiLzDbcdah350PNEVlGO8MgFCvlUlL3Savj3xuRVYW5qsgwr9Jt6pV58jDrxsyyWYvPe_z6m8Y&_nc_ad=z-m&_nc_cid=0&_nc_zt=23&_nc_ht=scontent-iad3-2.cdninstagram.com&_nc_gid=2aApsHj7u7RKrdGtnD5OpQ&oh=00_Afgdv7Esn7T3Me4YZ_-gU6IkLA5qIUnciZu1SjYWAUBf9Q&oe=69310978;Malatya’mızı yeniden inşa etmek için gece gündüz demeden sahadayız.   Raylı sistemi, geniş yolları ve yürüme alanlarıyla Prestij Caddemiz şehrimizin yeni cazibe merkezi olacak.  Çok az kaldı.;
https://www.instagram.com/p/DRhzcVJjHcf/;Reels;739;73;83955;2025-11-26 20:33:59;https://scontent-iad3-2.cdninstagram.com/v/t51.71878-15/587612364_1388127709763941_2202105499750147854_n.jpg?stp=dst-jpg_e15_tt6&_nc_cat=105&ig_cache_key=Mzc3NDUyNDIwOTkzOTM3OTk5OQ%3D%3D.3-ccb7-5&ccb=7-5&_nc_sid=58cdad&efg=eyJ2ZW5jb2RlX3RhZyI6InhwaWRzLjY0MHgxMTM2LnNkci5DMyJ9&_nc_ohc=9wiQey-RwA4Q7kNvwEm0DLA&_nc_oc=AdnzgK-6r5rp4HG1MYvqFPwr3YGg6OGeKJ2RIYp-nyRygtgD23YjI512l6zbVODW_7vZoMkL4fzhhMfWQHUoWAfs&_nc_ad=z-m&_nc_cid=0&_nc_zt=23&_nc_ht=scontent-iad3-2.cdninstagram.com&_nc_gid=2aApsHj7u7RKrdGtnD5OpQ&oh=00_AfgijfTC5ivKsFe0THJIQofgAZmXjiT7EUNHjSttFacrFw&oe=69310B60;Malatya’mızı sporun da merkezi yapacağız.  Yüzme havuzu, kapalı spor salonu, atölyeleri ve idari binalarıyla Karagöz Spor Kompleksi’ni 2026 sonunda bitirmeyi hedefliyoruz.  Şimdiden hayırlı olsun.;
https://www.instagram.com/p/DRfd238DCwK/;Reels;536;29;33384;2025-11-25 22:56:43;https://scontent-iad3-2.cdninstagram.com/v/t51.71878-15/584393322_1567250390983478_8590013817583587525_n.jpg?stp=dst-jpg_e15_tt6&_nc_cat=105&ig_cache_key=Mzc3Mzg2NjMyNzAyMzU2MTczOA%3D%3D.3-ccb7-5&ccb=7-5&_nc_sid=58cdad&efg=eyJ2ZW5jb2RlX3RhZyI6InhwaWRzLjY0MHgxMTM2LnNkci5DMyJ9&_nc_ohc=TCUqpVCTK7YQ7kNvwEuyal_&_nc_oc=AdmyP7yptpeF9QVgvQQamAH_UNcgABggdywd-4xnayd5UzRc5utuMmDsPccBimeghaWMIMCLrAKTFneRgGadOK-P&_nc_ad=z-m&_nc_cid=0&_nc_zt=23&_nc_ht=scontent-iad3-2.cdninstagram.com&_nc_gid=2aApsHj7u7RKrdGtnD5OpQ&oh=00_Afhf1tO3eNUYuc-CguhxBsJN_xVZAEGhsIXPR_fy8Z5xew&oe=693111E9;Gençlerle omuz omuza verdik, geleceğimize en güzel mirası hep birlikte ektik.   Biz bu şehri çok seviyoruz.🌱;
https://www.instagram.com/p/DReqqdcjAI3/;Reels;1171;56;71268;2025-11-25 15:19:30;https://scontent-iad3-1.cdninstagram.com/v/t51.71878-15/587541747_734095199085417_8728651048746717032_n.jpg?stp=dst-jpg_e15_tt6&_nc_cat=107&ig_cache_key=Mzc3MzY0MTE3MzU3MTk5NDE2Nw%3D%3D.3-ccb7-5&ccb=7-5&_nc_sid=58cdad&efg=eyJ2ZW5jb2RlX3RhZyI6InhwaWRzLjY0MHgxMTM2LnNkci5DMyJ9&_nc_ohc=L-QluBkwEHQQ7kNvwGv2u4j&_nc_oc=AdnpE_8efTiRKwSFN6KBNEcXp6-QZW4ODUY1Kgxytx9Y_KTyRXsgrX5o_7AbN2-DE3XKoN6KD14NPqm0YEVMUuYX&_nc_ad=z-m&_nc_cid=0&_nc_zt=23&_nc_ht=scontent-iad3-1.cdninstagram.com&_nc_gid=2aApsHj7u7RKrdGtnD5OpQ&oh=00_AfifSvB4s3d7yBxIQsoN_VFrEsok7cxEdrVW97E7QfGxjg&oe=6931326C;Hem çölyak hastalarımız hem de sağlıklı beslenmek isteyenler için Glütensiz Kafemiz artık hizmetinizde.  Tüm ürünler maliyetine sunulacak, ihtiyaç sahibi çölyak hastalarımıza da ekmek ücretsiz verilecek.  Malatya’mıza hayırlı olsun.;
https://www.instagram.com/p/DRcJH-WjI1Q/;Reels;317;7;22852;2025-11-24 15:50:17;https://scontent-iad3-1.cdninstagram.com/v/t51.71878-15/588789881_1658689048434618_3919861003996893824_n.jpg?stp=dst-jpg_e15_tt6&_nc_cat=104&ig_cache_key=Mzc3MjkzMDcxODIzNDg3MzE2OA%3D%3D.3-ccb7-5&ccb=7-5&_nc_sid=58cdad&efg=eyJ2ZW5jb2RlX3RhZyI6InhwaWRzLjY0MHgxMTM2LnNkci5DMyJ9&_nc_ohc=fJI6U1WYoyoQ7kNvwHxBUag&_nc_oc=AdmQOSZVUVnWXYwZ_zzHqcQpNyCgtnrRrzm1hNJPVZXcUAxO8VG5WXtvrOzot3j_3cwLowBHgSSO_KjgV2bxopKu&_nc_ad=z-m&_nc_cid=0&_nc_zt=23&_nc_ht=scontent-iad3-1.cdninstagram.com&_nc_gid=2aApsHj7u7RKrdGtnD5OpQ&oh=00_AfiNVuH9G9wbH8Zxnz8LnWDsL4REGGfdbRtBl3IFotAeSg&oe=693121B4;Geçen yıl yaşadığımız kar afetini unutmadan, bu kışa tam kadro hazırlandık.  Malatya’mızın dört bir yanında, 269 araç ve 1117 personelle ekiplerimiz görev başında.  Herhangi bir olumsuzluk durumunda anında müdahale edeceğiz.;
https://www.instagram.com/p/DRZlhXYDOgR/;Reels;394;11;21754;2025-11-23 15:57:44;https://scontent-iad3-1.cdninstagram.com/v/t51.71878-15/582616293_1179554306857352_269527956212400789_n.jpg?stp=dst-jpg_e15_tt6&_nc_cat=102&ig_cache_key=Mzc3MjIxMTE4MzQ2MjcwNTE2OQ%3D%3D.3-ccb7-5&ccb=7-5&_nc_sid=58cdad&efg=eyJ2ZW5jb2RlX3RhZyI6InhwaWRzLjY0MHgxMTM2LnNkci5DMyJ9&_nc_ohc=3LKEwpe94MoQ7kNvwHuT91L&_nc_oc=Adn7IuYmgG_T6H0sY4bMORQSyD_c6qK0Ho4_Ke805lxNjBd4FtkahCcygafjAlC2GIi4OeldNA_qE4IMc8o-Faho&_nc_ad=z-m&_nc_cid=0&_nc_zt=23&_nc_ht=scontent-iad3-1.cdninstagram.com&_nc_gid=2aApsHj7u7RKrdGtnD5OpQ&oh=00_AfhBVWVmv1lPkWToamqiwjagHz4gelVU5K07d_VWeG_ZeQ&oe=6931153C;Erenler Cemevi’mizde Abdal Musa Lokması’nda hemşehrilerimizle bir araya geldik.   Farklılıklarımız zenginliğimizdir, ayrıştırmak isteyenlere prim vermeyeceğiz.;
https://www.instagram.com/p/DRXfn2_jD9p/;Reels;331;18;16864;2025-11-22 20:28:38;https://scontent-iad3-1.cdninstagram.com/v/t51.71878-15/584448811_2287603904994453_828374703193935613_n.jpg?stp=dst-jpg_e15_tt6&_nc_cat=104&ig_cache_key=Mzc3MTYyMjI5MTQ5NTczMTA0OQ%3D%3D.3-ccb7-5&ccb=7-5&_nc_sid=58cdad&efg=eyJ2ZW5jb2RlX3RhZyI6InhwaWRzLjY0MHgxMTM2LnNkci5DMyJ9&_nc_ohc=1P4vXUgHbekQ7kNvwExnq3B&_nc_oc=AdmufSZ3eJsif8C-x1mGafG5aoany2JXq6Nsq4jUcMtsmsLKY7VQ57v-GF4Mvyr7iBehPTDhJ6YBpsPd8L4FVktZ&_nc_ad=z-m&_nc_cid=0&_nc_zt=23&_nc_ht=scontent-iad3-1.cdninstagram.com&_nc_gid=2aApsHj7u7RKrdGtnD5OpQ&oh=00_Afja4wdtjfmlt7kb_WuLvJtzOblRORFNDEsLlcKXdl9_pg&oe=6931169C;Her vatandaşımızın sosyal hayata katılımını güçlendirmek ve yaşam kalitelerini yükseltmek en büyük gayretimiz.   Bu yaşam merkezimiz engelsiz şehir hedefimizin önemli bir adımı, şimdiden hayırlı olsun.;
https://www.instagram.com/p/DRW5qIyjGbI/;Reels;1008;57;71791;2025-11-22 14:55:47;https://scontent-iad3-2.cdninstagram.com/v/t51.71878-15/582956485_714450028363976_3055833683497162090_n.jpg?stp=dst-jpg_e15_tt6&_nc_cat=103&ig_cache_key=Mzc3MTQ1NTMyMjI3NjUyMTY3Mg%3D%3D.3-ccb7-5&ccb=7-5&_nc_sid=58cdad&efg=eyJ2ZW5jb2RlX3RhZyI6InhwaWRzLjY0MHgxMTM2LnNkci5DMyJ9&_nc_ohc=srmWzeUDWxQQ7kNvwEnEYzH&_nc_oc=Adk6QZdgsth_JbxExT2KOLCkqqJC_qEoJIC6Jr2NjjtQ_Kl23NahbOC0L_AoHWSWZZM1-hHBmP9tuqyaezC7obiz&_nc_ad=z-m&_nc_cid=0&_nc_zt=23&_nc_ht=scontent-iad3-2.cdninstagram.com&_nc_gid=2aApsHj7u7RKrdGtnD5OpQ&oh=00_AfiUS_PJ86DUXRQMyZ2tR4SjShUeFCg4MGbfyLgcAvnUUw&oe=6931108F;"Malatya’mızı yeniden inşa ederken ibadethanelerimizi de ayağa kaldırıyoruz.  Final aşamasındayız; şehrimiz eskisinden çok daha güzel olacak.";
https://www.instagram.com/p/DRUhoqqjCWs/;Reels;510;12;24888;2025-11-21 16:47:35;https://scontent-iad3-2.cdninstagram.com/v/t51.71878-15/583504940_2365304787234968_8556778935673970852_n.jpg?stp=dst-jpg_e15_tt6&_nc_cat=103&ig_cache_key=Mzc3MDc4NjcxODE0MDg2ODAxMg%3D%3D.3-ccb7-5&ccb=7-5&_nc_sid=58cdad&efg=eyJ2ZW5jb2RlX3RhZyI6InhwaWRzLjY0MHgxMTM2LnNkci5DMyJ9&_nc_ohc=_v_uq_XNYoEQ7kNvwENK9o2&_nc_oc=Admwbd_CYAwYVlSScMKw5Vt9kP-XXTLgjXXzc6NiiduftqXC6rFpwqThJLuM5vrfOTXdVVudTg7vxU-Ww9K-tpll&_nc_ad=z-m&_nc_cid=0&_nc_zt=23&_nc_ht=scontent-iad3-2.cdninstagram.com&_nc_gid=2aApsHj7u7RKrdGtnD5OpQ&oh=00_Afg1U2MkEPWIXQ8suu66EDaaoIwR548kibi8G-sfB3IKWQ&oe=69311E3F;Bizim birlik ve beraberliğimizle aşamayacağımız hiçbir zorluk yok.   Şu anki tüm çabamız, şehrimize kalıcı hizmetler sunmak için.   Altyapı çalışmalarımız biter bitmez, yollarımızı da hızla tamamlayacağız, biraz daha sabır.;
https://www.instagram.com/p/DRSPAkejCdD/;Reels;1918;71;125076;2025-11-20 19:26:19;https://scontent-iad3-2.cdninstagram.com/v/t51.71878-15/586685401_856774143473578_5469531527383135477_n.jpg?stp=dst-jpg_e15_tt6&_nc_cat=111&ig_cache_key=Mzc3MDE0MTg0NzkyNzQwMDI1OQ%3D%3D.3-ccb7-5&ccb=7-5&_nc_sid=58cdad&efg=eyJ2ZW5jb2RlX3RhZyI6InhwaWRzLjY0MHgxMTM2LnNkci5DMyJ9&_nc_ohc=rLTQDupW-FcQ7kNvwHs6c-4&_nc_oc=AdnFjDpCr9RPLiycTl4kJiYsV9A8r_f0ivYHMTTXqsSFh4pnNbWrOnsbsEHvCOA-aJLwfUbtUV72b57z9nQo-qCk&_nc_ad=z-m&_nc_cid=0&_nc_zt=23&_nc_ht=scontent-iad3-2.cdninstagram.com&_nc_gid=2aApsHj7u7RKrdGtnD5OpQ&oh=00_AfjJrLHo7kLtyDVpZqjwJT_4iUaHKEikoqbVBAZONShTkg&oe=693118ED;Çocuklarımızın azmi ve enerjisi bize güç veriyor.  Siz yeter ki çalışın çocuklar, biz sizin için her türlü imkânı sağlarız.;
https://www.instagram.com/p/DRP4vCBDCu5/;Reels;1270;42;84051;2025-11-19 21:33:11;https://scontent-iad3-1.cdninstagram.com/v/t51.71878-15/583250802_1633696488039948_1855818664285665248_n.jpg?stp=dst-jpg_e15_tt6&_nc_cat=102&ig_cache_key=Mzc2OTQ4MDkzNTcxNzQ4MTQwMQ%3D%3D.3-ccb7-5&ccb=7-5&_nc_sid=58cdad&efg=eyJ2ZW5jb2RlX3RhZyI6InhwaWRzLjY0MHgxMTM2LnNkci5DMyJ9&_nc_ohc=DYMq8UpnexIQ7kNvwGmAMU_&_nc_oc=Adnx5weHfMRGPMYOKE9MFblffxJFXjX4OwsXjOk4wegxvrdF8O0GfYYsqQgL6Qp6jlfyXT8bO7BetCn2NoT3iUt8&_nc_ad=z-m&_nc_cid=0&_nc_zt=23&_nc_ht=scontent-iad3-1.cdninstagram.com&_nc_gid=2aApsHj7u7RKrdGtnD5OpQ&oh=00_AfhKQzW2w9E8Xx2jbYTBpDabaOJwa4Cx3FYQVwiSv0gZHg&oe=69312D1E;Çocuklar sizi unutmam mümkün mü, tüm çabamız sizin gülen yüzünüzü görmek için.🤍;
https://www.instagram.com/p/DRJ2GGBjHkp/;Reels;255;27;18366;2025-11-17 13:14:37;https://scontent-ord5-1.cdninstagram.com/v/t51.71878-15/581205928_24797223626640593_8138175290081772884_n.jpg?stp=dst-jpg_e15_tt6&_nc_cat=111&ig_cache_key=Mzc2Nzc4MDQ3NjU2OTAyNDgwOQ%3D%3D.3-ccb7-5&ccb=7-5&_nc_sid=58cdad&efg=eyJ2ZW5jb2RlX3RhZyI6InhwaWRzLjY0MHgxMTM2LnNkci5DMyJ9&_nc_ohc=h8xtueYH9tsQ7kNvwEINRxP&_nc_oc=AdlIepuRdkLUkVR1FiJMoQa-bs6vnVH3ARCTnFWLobmRhpLYrUxKFQekuV_-nAYSUyyBaMgdc5Ap7q1JO6TFpUvf&_nc_ad=z-m&_nc_cid=0&_nc_zt=23&_nc_ht=scontent-ord5-1.cdninstagram.com&_nc_gid=N1n2_xL26fVn7gHnB-BXYQ&oh=00_AfiL6spuJY06tK3MxWCFOdv0jdqcF5ogy2dv7T5bZqx76Q&oe=69311D3A;"Malatya’mızı yeniden inşa ederken, zirai don sonrası üreticimizin zararını gidermek için devletimiz anında devreye girdi.  Alın teriyle üreten tüm çiftçilerimize sözümüz; Sulama ve tarımsal desteklerde bütün imkânlarımızla yanınızdayız.";
https://www.instagram.com/p/DRIIoS4jD-C/;Reels;1038;70;96036;2025-11-16 21:18:09;https://scontent-ord5-2.cdninstagram.com/v/t51.71878-15/581543535_822401480629496_2446955792394720226_n.jpg?stp=dst-jpg_e15_tt6&_nc_cat=102&ig_cache_key=Mzc2NzI5OTA0MTcyMjY0NjQwMg%3D%3D.3-ccb7-5&ccb=7-5&_nc_sid=58cdad&efg=eyJ2ZW5jb2RlX3RhZyI6InhwaWRzLjY0MHgxMTM2LnNkci5DMyJ9&_nc_ohc=FhFOWF6bmDUQ7kNvwFXPfUR&_nc_oc=Adm3p2Uq8N4NboIoVjJNrU6Xu_gAT_BPc7ikIQweX7_6vvd-NXoh8LuWI6rhhNOkx8scFkApYASqXXJAmpoOoPG5&_nc_ad=z-m&_nc_cid=0&_nc_zt=23&_nc_ht=scontent-ord5-2.cdninstagram.com&_nc_gid=N1n2_xL26fVn7gHnB-BXYQ&oh=00_AfjGySHzcRqNJSvB-CdcXIwc5nRtOTxkIlG4oGEBXxrcGA&oe=69312FC5;Malatya’mızda altyapıdan içme suyuna, şehrimizin her köşesinde vatandaşlarımızın yaşam kalitesini artıracak projeleri hayata geçiriyoruz.  1050 km altyapı yenilemesi şimdiden şehrimize hayırlı olsun.  Bize olan güveninizi boşa çıkarmamak için elimizden geleni yapıyoruz, yapacağız.;
https://www.instagram.com/p/DRFhPG8DDYW/;Reels;227;11;12024;2025-11-15 20:55:26;https://scontent-ord5-3.cdninstagram.com/v/t51.71878-15/581166257_1356850952889647_4627150435018908513_n.jpg?stp=dst-jpg_e15_tt6&_nc_cat=106&ig_cache_key=Mzc2NjU2MjgzNzE0MjE4OTU5MA%3D%3D.3-ccb7-5&ccb=7-5&_nc_sid=58cdad&efg=eyJ2ZW5jb2RlX3RhZyI6InhwaWRzLjY0MHgxMTM2LnNkci5DMyJ9&_nc_ohc=a-W1HbpRqOMQ7kNvwHvhz6F&_nc_oc=Adm52aoOZwNs3n-sH1BhS8BiKVEWDPFNZDdCiEUFPNbEGHEI1p-ysG9sdCjRQqpKvnwBEq2oQhwHX2GXaZknh9PL&_nc_ad=z-m&_nc_cid=0&_nc_zt=23&_nc_ht=scontent-ord5-3.cdninstagram.com&_nc_gid=N1n2_xL26fVn7gHnB-BXYQ&oh=00_AfjEpaEIGiKHRHknwUDVKHgbuvrHKQ0N5anCY3ugFPxSGw&oe=6930FF91;Bugün Malatya’mızda 20.925 konutun ve 835 iş yerinin kura çekimini ve hak sahiplerine teslim sürecini gerçekleştirdik.  Bizleri bir an olsun yalnız bırakmayan Sn. Cumhurbaşkanımız @rterdogan’a ve tüm Bakanlarımıza şükranlarımızı sunuyorum.  Hemşehrilerimize hayırlı olsun.;
https://www.instagram.com/p/DRFAwF6jGpY/;Reels;1901;141;496082;2025-11-15 16:11:25;https://scontent-ord5-1.cdninstagram.com/v/t51.71878-15/583050847_25091587217135059_8444375690283698477_n.jpg?stp=dst-jpg_e15_tt6&_nc_cat=108&ig_cache_key=Mzc2NjQxOTk2ODI1MTE2MTE3Ng%3D%3D.3-ccb7-5&ccb=7-5&_nc_sid=58cdad&efg=eyJ2ZW5jb2RlX3RhZyI6InhwaWRzLjY0MHgxMTM2LnNkci5DMyJ9&_nc_ohc=CnW4Oo7O0V4Q7kNvwHkdVkm&_nc_oc=AdkhgI7oHk60_0pcPhmxzUFdEsZ09WAStec27AewONz_qqzoAhcEWOKKlOLrbO3AymePxdS1Mjtc__of-DICMvhq&_nc_ad=z-m&_nc_cid=0&_nc_zt=23&_nc_ht=scontent-ord5-1.cdninstagram.com&_nc_gid=N1n2_xL26fVn7gHnB-BXYQ&oh=00_AfizxuoYXFkocdZkaOCSpI8dOO1iqmH2VIGlqu9RR8krew&oe=69311498;Eksikler tamamlanacak, yanlışlar düzeltilecek.  Vatandaşlarımız için her şeyin en iyisini yapmak zorundayız.;
https://www.instagram.com/p/DRCSGvnjBro/;Reels;1402;88;143959;2025-11-14 14:45:23;https://scontent-ord5-3.cdninstagram.com/v/t51.71878-15/562976917_798084443217824_5698084020731965374_n.jpg?stp=dst-jpg_e15_tt6&_nc_cat=109&ig_cache_key=Mzc2NTY1MTg2NjcxODU3NTMzNg%3D%3D.3-ccb7-5&ccb=7-5&_nc_sid=58cdad&efg=eyJ2ZW5jb2RlX3RhZyI6InhwaWRzLjY0MHgxMTM2LnNkci5DMyJ9&_nc_ohc=F9qFQLoSsQ4Q7kNvwFiCF4r&_nc_oc=AdlN8POJHQaHklJWLOyIcVfWlLuyTlBeymPFrLUhtQyCCo4h1sLFzGURCPlrDi0mCgqf_l7vlV81zseDVRAOkQTF&_nc_ad=z-m&_nc_cid=0&_nc_zt=23&_nc_ht=scontent-ord5-3.cdninstagram.com&_nc_gid=N1n2_xL26fVn7gHnB-BXYQ&oh=00_AfhT2Dm3zfjCutPAhu9yGjrER2iW1RBFhBTiOoPe-X1ZYA&oe=693116BD;Her masada varız.😊;
https://www.instagram.com/p/DQ9etSBDB68/;Reels;364;13;28725;2025-11-12 17:59:22;https://scontent-ord5-3.cdninstagram.com/v/t51.71878-15/576586334_1099912092214980_3781420584640378674_n.jpg?stp=dst-jpg_e15_tt6&_nc_cat=107&ig_cache_key=Mzc2NDI5OTkxNjY2ODMxMzI3Ng%3D%3D.3-ccb7-5&ccb=7-5&_nc_sid=58cdad&efg=eyJ2ZW5jb2RlX3RhZyI6InhwaWRzLjY0MHgxMTM2LnNkci5DMyJ9&_nc_ohc=AwjqzgBNNVIQ7kNvwFZegCK&_nc_oc=AdnC6W9HjYOy7BU5L3ztHLZcRq9ymQS0_JbCQ7Oe4uZ_Kj_l55A8pshroTa3MewS7SEvDaT-Y2Dv6zHfcMtOmaf4&_nc_ad=z-m&_nc_cid=0&_nc_zt=23&_nc_ht=scontent-ord5-3.cdninstagram.com&_nc_gid=N1n2_xL26fVn7gHnB-BXYQ&oh=00_Afhpnu2uM2NgpImgEnYORGT8zIPqInXQlK5poGPSk7o2eA&oe=693101AB;Fidan dikimi denilince de biz.😊🌱;
https://www.instagram.com/p/DQ3xqR9jI3U/;Reels;325;9;18996;2025-11-10 12:49:30;https://scontent-ord5-3.cdninstagram.com/v/t51.71878-15/579651638_2027083928042457_434780436553572871_n.jpg?stp=dst-jpg_e15_tt6&_nc_cat=100&ig_cache_key=Mzc2MjY5NDQyMzQ3NDYzODI5Mg%3D%3D.3-ccb7-5&ccb=7-5&_nc_sid=58cdad&efg=eyJ2ZW5jb2RlX3RhZyI6InhwaWRzLjY0MHgxMTM2LnNkci5DMyJ9&_nc_ohc=xv-mlir87V8Q7kNvwEmnX5F&_nc_oc=AdkQItTe9FvwKAxZgOexoHUhKGLtjDscscOduWHUKjP2KuR-RI1fbCj1erqI_5xfKtRPvqnvZUWfFNpxnhuf18xS&_nc_ad=z-m&_nc_cid=0&_nc_zt=23&_nc_ht=scontent-ord5-3.cdninstagram.com&_nc_gid=N1n2_xL26fVn7gHnB-BXYQ&oh=00_AfgbiIvP84O-OvqbixH2Ic3kfyQGKPbwKXy40cPhIHC-2Q&oe=69311F5E;Gazi Mustafa Kemal Atatürk’ü rahmet ve minnetle anıyoruz.;
https://www.instagram.com/p/DQ3W1YeDALj/;Photo;160;6;0;2025-11-10 08:54:45;https://scontent-ord5-2.cdninstagram.com/v/t51.82787-15/575998991_17929371222118019_8161185587240060165_n.jpg?stp=dst-jpg_e35_tt6&_nc_cat=103&ig_cache_key=Mzc2MjU3NjQzOTEyMDc1NzQ3NQ%3D%3D.3-ccb7-5&ccb=7-5&_nc_sid=58cdad&efg=eyJ2ZW5jb2RlX3RhZyI6InhwaWRzLjE0NDB4MTc5Ni5zZHIuQzMifQ%3D%3D&_nc_ohc=AnkEgztkcFoQ7kNvwHOr2eh&_nc_oc=Adn-Vx3BdEEfKhFaQFVfGgJSIISL_Npfj9s8xbY_0cDGXsxOjdMCWSq_iCkpI3GAWAZdUKKbA9t_ZeJ0-wGBBnig&_nc_ad=z-m&_nc_cid=0&_nc_zt=23&_nc_ht=scontent-ord5-2.cdninstagram.com&_nc_gid=N1n2_xL26fVn7gHnB-BXYQ&oh=00_Afi7xmE9yedkRxMBh44QNTRLZszn8vCgf8TSey5gfnGJFg&oe=69311D53;Gazi Mustafa Kemal Atatürk’ü, aramızdan ayrılışının 87’nci yılında saygı ve rahmetle anıyorum.  Vatanımız için mücadele eden tüm kahramanlarımızı minnetle yâd ediyorum.;
https://www.instagram.com/p/DQ2GB6MDOEy/;Reels;374;12;20903;2025-11-09 21:09:26;https://scontent-ord5-3.cdninstagram.com/v/t51.71878-15/580115622_604889716015091_8547502965295156279_n.jpg?stp=dst-jpg_e15_tt6&_nc_cat=110&ig_cache_key=Mzc2MjIyMTA1ODE5MjM2NzkyMg%3D%3D.3-ccb7-5&ccb=7-5&_nc_sid=58cdad&efg=eyJ2ZW5jb2RlX3RhZyI6InhwaWRzLjY0MHgxMTM2LnNkci5DMyJ9&_nc_ohc=wucubgJ_YTYQ7kNvwEpe-k0&_nc_oc=AdnCJuq342Ldb1rhY4GffNqeLueLYaILpYnIyI_e8jpALO46-AquwHoaXfvoVfeiy8-tthnHVFIRrP1GJnD57QW9&_nc_ad=z-m&_nc_cid=0&_nc_zt=23&_nc_ht=scontent-ord5-3.cdninstagram.com&_nc_gid=N1n2_xL26fVn7gHnB-BXYQ&oh=00_AfgZFk5ts2pksC1BT648y_rWyYwEmtHXwkBC426GMdwQBA&oe=693132A1;Kitap fuarımızın son gününde yine hemşehrilerimizle buluşmanın mutluluğunu yaşadık.  Emeği geçen herkese, katılım sağlayan tüm vatandaşlarımıza sonsuz teşekkürler.;
https://www.instagram.com/p/DQzPJU-jO7C/;Reels;2761;125;153763;2025-11-08 18:31:14;https://scontent-ord5-2.cdninstagram.com/v/t51.71878-15/575270913_1205701861409411_1142891155830253944_n.jpg?stp=dst-jpg_e15_tt6&_nc_cat=103&ig_cache_key=Mzc2MTQxNjcyNTQ4MTcxMzM0Ng%3D%3D.3-ccb7-5&ccb=7-5&_nc_sid=58cdad&efg=eyJ2ZW5jb2RlX3RhZyI6InhwaWRzLjY0MHgxMTM2LnNkci5DMyJ9&_nc_ohc=JBbXblbIklEQ7kNvwHrt3tS&_nc_oc=AdmMPSId5Mt8tCQbaIkM-MUSB1Z1hSLku2KksLEGdONQrN_KzIhPzRDrm7wxfd3bIYjsEbBCw_e1yC9iz7WEEMCw&_nc_ad=z-m&_nc_cid=0&_nc_zt=23&_nc_ht=scontent-ord5-2.cdninstagram.com&_nc_gid=N1n2_xL26fVn7gHnB-BXYQ&oh=00_AfhPlYY_fAvIJP6L3nlOUGHjUqv6u9oEcFGjd5XyGMU0FA&oe=69313208;Şehrimizin her karışında başta Cumhurbaşkanımız @rterdogan olmak üzere emeği geçen tüm Bakanlarımıza şükranlarımı sunuyorum.  Malatya’mızda büyük bir dönüşüm var, eskisinden çok daha güzel olacak.;
https://www.instagram.com/p/DQy2BhVjGwq/;Reels;2404;135;178431;2025-11-08 14:51:19;https://scontent-ord5-1.cdninstagram.com/v/t51.71878-15/574157971_3288917761281436_4707256742414674420_n.jpg?stp=dst-jpg_e15_tt6&_nc_cat=101&ig_cache_key=Mzc2MTMwNjIzNzgzMzg2NjI4Mg%3D%3D.3-ccb7-5&ccb=7-5&_nc_sid=58cdad&efg=eyJ2ZW5jb2RlX3RhZyI6InhwaWRzLjY0MHgxMTM2LnNkci5DMyJ9&_nc_ohc=_10ELjRC1u4Q7kNvwEzotQV&_nc_oc=AdnMtxFtOF8tIC289yzHn8eaSgZFf8jp86cJ1fwcqm1d76Bsivxvp_neAtyY9Dohgqpd2hsK0oGUPNApsvunWIyA&_nc_ad=z-m&_nc_cid=0&_nc_zt=23&_nc_ht=scontent-ord5-1.cdninstagram.com&_nc_gid=N1n2_xL26fVn7gHnB-BXYQ&oh=00_AfgG3Hjn8sCntlnHSkJcYEl2Ujx5yKYwWXJYt-a16d7zHw&oe=693120F2;Değerli Gazeteci Zafer Şahin’e Malatya’mızın içme suyu kaynağı Gündüzbey Kaptaj Tesisi’ni gezdirdik.  Malatya’mıza kesintisiz ve kaliteli içme suyu sağlamak için çalışıyoruz, su bizim her şeyimiz.;
https://www.instagram.com/p/DQxa7CTjJJM/;Reels;828;33;30783;2025-11-08 01:35:40;https://scontent-ord5-3.cdninstagram.com/v/t51.71878-15/579680413_1347392240390403_3038565448779291326_n.jpg?stp=dst-jpg_e15_tt6&_nc_cat=109&ig_cache_key=Mzc2MDkwNTU2OTk2NDk1NDE4OA%3D%3D.3-ccb7-5&ccb=7-5&_nc_sid=58cdad&efg=eyJ2ZW5jb2RlX3RhZyI6InhwaWRzLjY0MHgxMTM2LnNkci5DMyJ9&_nc_ohc=8wR_gdvZOHMQ7kNvwGAXNJ9&_nc_oc=AdmdZi7eYX_V_7AIVutdmUPImlA_PT2WL4XxGosWyE6zrqiDxncxCjeZxUxKtSHQwU6g5ZYeMR8O5zSIKcdqwWug&_nc_ad=z-m&_nc_cid=0&_nc_zt=23&_nc_ht=scontent-ord5-3.cdninstagram.com&_nc_gid=N1n2_xL26fVn7gHnB-BXYQ&oh=00_AfhRPy6CywXp1iV8fp43mKrbweZNTqHQqq5DpbV0LuQiWQ&oe=6930FE85;Çocuklarımıza ayak uydurmak da bir başka güzel.😊;
https://www.instagram.com/p/DQwVTloDJh5/;Reels;863;50;70493;2025-11-07 15:27:05;https://scontent-atl3-3.cdninstagram.com/v/t51.71878-15/574280729_1338094174300354_2911070387472486448_n.jpg?stp=dst-jpg_e15_tt6&_nc_cat=109&ig_cache_key=Mzc2MDU5OTM5MzkwMTUxNjkyMQ%3D%3D.3-ccb7-5&ccb=7-5&_nc_sid=58cdad&efg=eyJ2ZW5jb2RlX3RhZyI6InhwaWRzLjY0MHgxMTM2LnNkci5DMyJ9&_nc_ohc=hE9cItCEvWwQ7kNvwHCbLGk&_nc_oc=AdlsFauExp8v4HP4HVXTTb3PCl2CzIuk9VifTe4CX4cDcKdLmrJq32YjCnkI3p44V4s&_nc_ad=z-m&_nc_cid=0&_nc_zt=23&_nc_ht=scontent-atl3-3.cdninstagram.com&_nc_gid=fnL3UxFsRwFcezyKA4rUUg&oh=00_Afh1_UBK9R_KzAJDmijWxAxEBbHw7167FWk3_baZL-u5-g&oe=69312C64;Çarşımız bitmek üzere, çok az daha sabır.😊;
https://www.instagram.com/p/DQua_8GjJng/;Reels;872;16;46634;2025-11-06 21:38:18;https://scontent-atl3-2.cdninstagram.com/v/t51.71878-15/573917639_770516979355035_8478080512725176786_n.jpg?stp=dst-jpg_e15_tt6&_nc_cat=105&ig_cache_key=Mzc2MDA2MTQ4MTk3MTY1MzA4OA%3D%3D.3-ccb7-5&ccb=7-5&_nc_sid=58cdad&efg=eyJ2ZW5jb2RlX3RhZyI6InhwaWRzLjY0MHgxMTM2LnNkci5DMyJ9&_nc_ohc=NN3hjAP1di4Q7kNvwHslG6x&_nc_oc=Adl6VdmmxOLhCxO43hsmCxPtcgu3h-7aeOYQ3fPRg66_QfKl1xvWCIQM8TEQlkMa6so&_nc_ad=z-m&_nc_cid=0&_nc_zt=23&_nc_ht=scontent-atl3-2.cdninstagram.com&_nc_gid=fnL3UxFsRwFcezyKA4rUUg&oh=00_Afjx_8h6fmo_ZMWgFB7KY4LYcoCutAL6DMxkkr73xRrRFQ&oe=693109BE;88 yaşında okuma-yazma öğrenen Emine teyzemizi tebrik ediyorum.  Bu yaşta azmin ve kararlılığın önünde hiçbir şeyin duramayacağını bizlere bir kez daha gösterdi.;
https://www.instagram.com/p/DQtsrS3DNJt/;Reels;599;30;24028;2025-11-06 14:53:39;https://scontent-atl3-2.cdninstagram.com/v/t51.71878-15/573281902_1515658533011300_4420362331491277334_n.jpg?stp=dst-jpg_e15_tt6&_nc_cat=105&ig_cache_key=Mzc1OTg1Nzc1MzE1OTE2MDQyOQ%3D%3D.3-ccb7-5&ccb=7-5&_nc_sid=58cdad&efg=eyJ2ZW5jb2RlX3RhZyI6InhwaWRzLjY0MHgxMTM2LnNkci5DMyJ9&_nc_ohc=do1VpQ-rCp0Q7kNvwFdHpeh&_nc_oc=AdmjgYhE-_UWTPH07ZFX8iRBOFYy_SMWc5Ov4ywVdIRGFkbezYEkRp42zSULN_SubUg&_nc_ad=z-m&_nc_cid=0&_nc_zt=23&_nc_ht=scontent-atl3-2.cdninstagram.com&_nc_gid=fnL3UxFsRwFcezyKA4rUUg&oh=00_AfgYvSfvW9rj8dqLJNnSyKTQvbVEIqz8J0qSutyjgZ2-8A&oe=69312C5C;Güzel kızımıza sözüm vardı.😊;
https://www.instagram.com/p/DQrNX0pDAgI/;Reels;577;24;52382;2025-11-05 15:41:29;https://scontent-atl3-1.cdninstagram.com/v/t51.71878-15/573208523_822510936817911_394771458447896526_n.jpg?stp=dst-jpg_e15_tt6&_nc_cat=100&ig_cache_key=Mzc1OTE1NzEyNTY0NjY0OTM1Mg%3D%3D.3-ccb7-5&ccb=7-5&_nc_sid=58cdad&efg=eyJ2ZW5jb2RlX3RhZyI6InhwaWRzLjY0MHgxMTM2LnNkci5DMyJ9&_nc_ohc=Zfkz3SmF12IQ7kNvwFjcG1j&_nc_oc=AdniruRWw9cOVJwdPtTUkujcmzulZ4xrqIsaS1jm21467JM_6l--4XmNajmhT2oQdf4&_nc_ad=z-m&_nc_cid=0&_nc_zt=23&_nc_ht=scontent-atl3-1.cdninstagram.com&_nc_gid=fnL3UxFsRwFcezyKA4rUUg&oh=00_Afhs6vmpnKgn9tO6xjqg2_YcjhWl_UVIEZHq8OS288TKNw&oe=693124D2;Vatandaşımız ne derse o.😊;
https://www.instagram.com/p/DQou6t_jBaJ/;Reels;607;56;46481;2025-11-04 16:36:59;https://scontent-atl3-1.cdninstagram.com/v/t51.71878-15/571801919_853317490562612_8922723106614079708_n.jpg?stp=dst-jpg_e15_tt6&_nc_cat=106&ig_cache_key=Mzc1ODQ2MDIzNDI5NDM2Nzg4MQ%3D%3D.3-ccb7-5&ccb=7-5&_nc_sid=58cdad&efg=eyJ2ZW5jb2RlX3RhZyI6InhwaWRzLjY0MHgxMTM2LnNkci5DMyJ9&_nc_ohc=4c-Pw2tD_OMQ7kNvwHuD4np&_nc_oc=AdmxJct4HgSRYOVfOLJOjeNrOPZPNAAJWj2uRwiuHOmBCM1IjtVyQ9m7AbGsgufcDq4&_nc_ad=z-m&_nc_cid=0&_nc_zt=23&_nc_ht=scontent-atl3-1.cdninstagram.com&_nc_gid=fnL3UxFsRwFcezyKA4rUUg&oh=00_AfiWRkyZ8u9otYEk58Bh9u4H9bMuGXeeJ6RNm9194Ig2Cw&oe=6931096C;Bizi izlemeye devam edin.;
https://www.instagram.com/p/DQmbJNbDKuY/;Reels;406;35;25615;2025-11-03 19:05:53;https://scontent-atl3-3.cdninstagram.com/v/t51.71878-15/572883856_1519602575915537_5675064952348623851_n.jpg?stp=dst-jpg_e15_tt6&_nc_cat=108&ig_cache_key=Mzc1NzgxMDMxOTIzMDgwNjkzNg%3D%3D.3-ccb7-5&ccb=7-5&_nc_sid=58cdad&efg=eyJ2ZW5jb2RlX3RhZyI6InhwaWRzLjY0MHgxMTM2LnNkci5DMyJ9&_nc_ohc=uHvfQ2mPHJ0Q7kNvwHy6QgT&_nc_oc=AdnoXJ2dWnVW3JqQo1vMoP3BRv7A8TTrQeZLaLVLovOqsLFuPpc0cIJUOQWP_pfpORs&_nc_ad=z-m&_nc_cid=0&_nc_zt=23&_nc_ht=scontent-atl3-3.cdninstagram.com&_nc_gid=fnL3UxFsRwFcezyKA4rUUg&oh=00_AfiUeVau84NJw6_Emm36HtlbTP3mwYKQQZIBf-VmgPJaEg&oe=693105B3;Ne yapıyorsak, hepsi sizin için gençler.🤍;
https://www.instagram.com/p/DQlydvMjEgR/;Reels;501;13;30667;2025-11-03 13:10:18;https://scontent-atl3-3.cdninstagram.com/v/t51.71878-15/573119330_1848658652710234_3266060221352629243_n.jpg?stp=dst-jpg_e15_tt6&_nc_cat=109&ig_cache_key=Mzc1NzYzMTQwOTk3NzMxMzI5Nw%3D%3D.3-ccb7-5&ccb=7-5&_nc_sid=58cdad&efg=eyJ2ZW5jb2RlX3RhZyI6InhwaWRzLjY0MHgxMTM2LnNkci5DMyJ9&_nc_ohc=bdwtislJbcwQ7kNvwFiDFnE&_nc_oc=AdlAQArDAx9nRPr3y3Swxoi55q2Un5Xi1ZdixlBtQrkOYSl37IZQPlqF4xyvoCqNoS0&_nc_ad=z-m&_nc_cid=0&_nc_zt=23&_nc_ht=scontent-atl3-3.cdninstagram.com&_nc_gid=fnL3UxFsRwFcezyKA4rUUg&oh=00_Afhm0TaEHg8XpR01NpcHY6D-gfSZbYvtJKhYouHV2Xsv5g&oe=6931301D;Malatya’mızın kitap fuarı bile ayrı güzel.😊📚;
https://www.instagram.com/p/DQe9OZfDHe_/;Reels;395;35;23694;2025-10-31 21:29:48;https://scontent-atl3-3.cdninstagram.com/v/t51.71878-15/572796006_1920952228838220_7010064154350283673_n.jpg?stp=dst-jpg_e15_tt6&_nc_cat=108&ig_cache_key=Mzc1NTcwODQwOTU0Nzg4MDM4Mw%3D%3D.3-ccb7-5&ccb=7-5&_nc_sid=58cdad&efg=eyJ2ZW5jb2RlX3RhZyI6InhwaWRzLjY0MHgxMTM2LnNkci5DMyJ9&_nc_ohc=pyRK9OHpc6UQ7kNvwFIqcZ-&_nc_oc=Adl-VyCQOwylVvvllrjhCH_JB_SqpEin9ZafrrTorHEzl4bNMsUKlLSA_EWmoXy3Bck&_nc_ad=z-m&_nc_cid=0&_nc_zt=23&_nc_ht=scontent-atl3-3.cdninstagram.com&_nc_gid=fnL3UxFsRwFcezyKA4rUUg&oh=00_AfiI5u0C3cxU4JNc3x8iXqIcTfVOTQo3NoawGpKMEGMPzw&oe=6931112A;Asrın Felaketi’nin yaralarını devletimizin yardımlarıyla sarıyoruz.   Muhtarlarımız da bu süreçte bizlerin sahadaki en büyük gücü.  Bu birlik ve beraberlikle Malatya’mız eskisinden çok daha güzel olacak.;
https://www.instagram.com/p/DQedZ9qDGsR/;Reels;985;88;161419;2025-10-31 16:51:42;https://scontent-atl3-1.cdninstagram.com/v/t51.71878-15/572269925_1102886638721961_6635268224251881333_n.jpg?stp=dst-jpg_e15_tt6&_nc_cat=103&ig_cache_key=Mzc1NTU2ODQ2NjgxMzAyMDk0NQ%3D%3D.3-ccb7-5&ccb=7-5&_nc_sid=58cdad&efg=eyJ2ZW5jb2RlX3RhZyI6InhwaWRzLjY0MHgxMTM2LnNkci5DMyJ9&_nc_ohc=LkTh6sHh18sQ7kNvwEei4ax&_nc_oc=AdkVVkV9axjtXoKhIey1rL6hsHC1Ah1cgj6N31jw9ZEq1fsrxdfteqIIyBRmCy2oquU&_nc_ad=z-m&_nc_cid=0&_nc_zt=23&_nc_ht=scontent-atl3-1.cdninstagram.com&_nc_gid=fnL3UxFsRwFcezyKA4rUUg&oh=00_AfggDyDRzpAudsWtRP6McDQMPNhfiw4e_vS8L49v1attPQ&oe=69311CEB;Kafamıza takılan işi düzeltmeden bırakmayız.😊;
