﻿PostLink;PostTürü;BeğeniSayısı;YorumSayısı;Görüntülenme Sayısı;Tarih;DisplayPhoto;Caption;Takipçi
https://www.instagram.com/p/DRpUJWAjOFm/;Carousel;173;0;0;2025-11-29 18:33:18;https://scontent-bos5-1.cdninstagram.com/v/t51.82787-15/588708168_17951286453046885_9216992943417358436_n.jpg?stp=dst-jpg_e35_tt6&_nc_cat=110&ig_cache_key=Mzc3NjYzODM2MjA1NzQ4MDk3MA%3D%3D.3-ccb7-5&ccb=7-5&_nc_sid=58cdad&efg=eyJ2ZW5jb2RlX3RhZyI6InhwaWRzLjE0NDB4OTYwLnNkci5DMyJ9&_nc_ohc=Dnou0vZolzkQ7kNvwFLnpKW&_nc_oc=Adnc1S6CiJgo6Rt8qSuShZw-8TWBIq6kFwo1xlVpZONAvDMIY81AD_XAske2iyhNNVqxr_zSgCAP49OuVHqMKunh&_nc_ad=z-m&_nc_cid=0&_nc_zt=23&_nc_ht=scontent-bos5-1.cdninstagram.com&_nc_gid=P6Ip1yq5ozn-UY2JeeDSrQ&oh=00_Afi7WYN5lpPWw49eL35-BbrdhnotelFgZIj4wfOnT4ZhxQ&oe=693112E8;Cihannüma Genel Başkanı Sayın Selim Cerrah, Cihannüma Genel Merkez Yönetim Kurulu Üyesi Doç. Dr. Kamuran Gökdağ ile Cihannüma Mardin İl Temsilcisi İmran Tekin, Valimiz Sayın Tuncay Akkoyun’a ziyarette bulundu.  @iletisim  @tcicisleri;11238
https://www.instagram.com/p/DRo-XHUjJxZ/;Carousel;156;0;0;2025-11-29 15:22:56;https://scontent-bos5-1.cdninstagram.com/v/t51.82787-15/588550215_17951268924046885_6088321374736108531_n.jpg?stp=dst-jpg_e35_tt6&_nc_cat=109&ig_cache_key=Mzc3NjU0MjU0ODc4NjE5NDc4Mg%3D%3D.3-ccb7-5&ccb=7-5&_nc_sid=58cdad&efg=eyJ2ZW5jb2RlX3RhZyI6InhwaWRzLjE0NDB4OTYwLnNkci5DMyJ9&_nc_ohc=_KIAao8hS2IQ7kNvwEfXLPk&_nc_oc=AdlykdTPwjBtyw_LGN0ZIbscDWSrn1ZTnaYIUclxf7iPald_aEcFX7PjNigcRFCMk6Kp0Lf5OKtTj-BDdzDUoWZa&_nc_ad=z-m&_nc_cid=0&_nc_zt=23&_nc_ht=scontent-bos5-1.cdninstagram.com&_nc_gid=P6Ip1yq5ozn-UY2JeeDSrQ&oh=00_AfiHsS154MCek5Q7RH68kX0uu90kQwsUeWcjy8aX8n4nnQ&oe=69311FAA;Memur-Sen ve Eğitim-Bir-Sen Genel Başkanı Sayın Ali Yalçın ile Memur-Sen ve Eğitim-Bir-Sen Mardin İl Başkanı Sayın Abdulselam Demir, Valimiz Sayın Tuncay Akkoyun’a ziyarette bulundular.  @iletisim  @tcicisleri;
https://www.instagram.com/p/DRnKfM4DF3N/;Carousel;202;0;0;2025-11-28 22:30:25;https://scontent-bos5-1.cdninstagram.com/v/t51.82787-15/588614371_17951209332046885_6909458040260082194_n.jpg?stp=dst-jpg_e35_tt6&_nc_cat=110&ig_cache_key=Mzc3NjAzMjkzMDM5ODAwODYxMw%3D%3D.3-ccb7-5&ccb=7-5&_nc_sid=58cdad&efg=eyJ2ZW5jb2RlX3RhZyI6InhwaWRzLjEwNjd4NzEyLnNkci5DMyJ9&_nc_ohc=efagSGBt33EQ7kNvwHzyITn&_nc_oc=AdlEDAwa3SjdW0jQgHc_SNUMdwLDGDdfRC5KCOhI8DDUs1FvWOY-6ceQLVAmEYdwQ5CopRUkqDyf38LFn1g-IKXf&_nc_ad=z-m&_nc_cid=0&_nc_zt=23&_nc_ht=scontent-bos5-1.cdninstagram.com&_nc_gid=P6Ip1yq5ozn-UY2JeeDSrQ&oh=00_AfjDRUImMqYYa3Q7lPyBDQIZe3-AayVM2ji2m4CKpsOWuA&oe=69311918;"📌Midyat Belediye Başkanlığı  İlimizi teşrif eden Çalışma ve Sosyal Güvenlik Bakanımız Sayın Prof. Dr. Vedat Işıkhan ile Ulaştırma ve Altyapı Bakanımız Sayın Abdulkadir Uraloğlu; Valimiz Sayın Tuncay Akkoyun, Mardin Milletvekillerimiz Sayın Faruk Kılıç ve Sayın Muhammed Adak, Midyat Kaymakamı Sayın Mehmet Kaya, AK Parti İl Başkanı Sayın Mehmet Uncu ve beraberindekilerle, Midyat Belediyesini ziyaret ettiler.  Midyat Belediye Başkanı Sayın Veysi Şahin, İlçemizde devam eden, tamamlanan ve planlanan kamu yatırımları hakkında Sayın Bakanlarımıza ve Sayın Valimize bilgiler verdi.  @iletisim  @tcicisleri  @csgbakanligi  @uabakanligi";
https://www.instagram.com/p/DRm1aXHDGeJ/;Carousel;168;0;0;2025-11-28 19:26:15;https://scontent-bos5-1.cdninstagram.com/v/t51.82787-15/587766597_17951192655046885_446300169675480895_n.jpg?stp=dst-jpg_e35_tt6&_nc_cat=100&ig_cache_key=Mzc3NTk0MDIzODQyNzA0OTM4NA%3D%3D.3-ccb7-5&ccb=7-5&_nc_sid=58cdad&efg=eyJ2ZW5jb2RlX3RhZyI6InhwaWRzLjE0NDB4OTYwLnNkci5DMyJ9&_nc_ohc=J6aQuaVyvfoQ7kNvwHD7VPl&_nc_oc=AdnAgb6pkw0yBy5DmXGo6eNIcgXxj5CuqKEedVNmzXjjNLht6BYFi-fBRhNH77mqYfG9P69Wegmr9GUg6euSZSDM&_nc_ad=z-m&_nc_cid=0&_nc_zt=23&_nc_ht=scontent-bos5-1.cdninstagram.com&_nc_gid=P6Ip1yq5ozn-UY2JeeDSrQ&oh=00_AfjnusfPHSUeV1ceA1VHWvjNlK8H2R1sduTwyFq00efjZA&oe=6931229C;"📌 Mardin-Midyat Karayolu Projesi  Çalışma ve Sosyal Güvenlik Bakanımız Sayın Prof. Dr. Vedat Işıkhan ile Ulaştırma ve Altyapı Bakanımız Sayın Abdulkadir Uraloğlu; Valimiz Sayın Tuncay Akkoyun, Mardin Milletvekillerimiz Sayın Faruk Kılıç ve Sayın Muhammed Adak, AK Parti İl Başkanı Sayın Mehmet Uncu ve beraberindekilerle, Artuklu İlçemizde yapımı devam eden “Mardin-Midyat Karayolu Otogar Kavşağı Projesi”ni yerinde inceleyerek çalışmalar hakkında bilgiler aldılar.  @iletisim  @tcicisleri  @csgbakanligi  @uabakanligi";
https://www.instagram.com/p/DRmoR0AjOpi/;Carousel;328;0;0;2025-11-28 17:31:30;https://scontent-bos5-1.cdninstagram.com/v/t51.82787-15/589839250_17951181390046885_5520407603422012628_n.jpg?stp=dst-jpg_e35_tt6&_nc_cat=101&ig_cache_key=Mzc3NTg4MjQ3NzkxMTczNTIyOA%3D%3D.3-ccb7-5&ccb=7-5&_nc_sid=58cdad&efg=eyJ2ZW5jb2RlX3RhZyI6InhwaWRzLjEwNjd4NzEyLnNkci5DMyJ9&_nc_ohc=MZmBplpxBYQQ7kNvwGh01HI&_nc_oc=AdnmqWWq6L2ZP1GWlI58Yr3LmxNtPdqminmxA_9CnyOt0pUyWoIgaXwYQdZxvDXngFPkrGfauve_aQvCtaW88d0h&_nc_ad=z-m&_nc_cid=0&_nc_zt=23&_nc_ht=scontent-bos5-1.cdninstagram.com&_nc_gid=P6Ip1yq5ozn-UY2JeeDSrQ&oh=00_AfgFB1-3_G_FlNXk6zmaezDx2dxqkRVPGT1ftVqqv6xDBQ&oe=69311CFA;"📌Mardin İl Koordinasyon Toplantısı  Çalışma ve Sosyal Güvenlik Bakanımız Sayın Prof. Dr. Vedat Işıkhan ile Ulaştırma ve Altyapı Bakanımız Sayın Abdulkadir Uraloğlu Valiliğimizi ziyaret ettiler.  Valilik girişinde Valimiz Sayın Tuncay Akkoyun tarafından karşılanan Sayın Bakanlarımız, Valilik Şeref Defterini imzaladılar.  Ardından Çalışma ve Sosyal Güvenlik Bakanımız Sayın Prof. Dr. Vedat Işıkhan ile Ulaştırma ve Altyapı Bakanımız Sayın Abdulkadir Uraloğlu Başkanlığında; Valimiz Sayın Tuncay Akkoyun, Mardin Milletvekillerimiz Sayın Faruk Kılıç ve Sayın Muhammed Adak, AK Parti İl Başkanı Mehmet Uncu, Midyat Belediye Başkanı Veysi Şahin, Ömerli Belediye Başkanı Hüsamettin Altındağ, Savur Belediye Başkanı Engin Uğur Hamidi, Yeşilli Belediye Başkanı Hayrettin Demir, Çalışma ve Sosyal Güvenlik Bakanlığıma bağlı İl Müdürleri, Ulaştırma ve Altyapı Bakanlığına bağlı Bölge ve İl Müdürlerinin katılımıyla “Mardin İl Koordinasyon Toplantısı” gerçekleştirildi.  @iletisim  @tcicisleri  @csgbakanligi  @uabakanligi";
https://www.instagram.com/p/DRmnLWcjGIS/;Carousel;291;0;0;2025-11-28 17:21:52;https://scontent-bos5-1.cdninstagram.com/v/t51.82787-15/588795789_18275999959304771_8744380860094059967_n.jpg?stp=dst-jpg_e35_tt6&_nc_cat=110&ig_cache_key=Mzc3NTg3NzYzMzIxMzczMzgxMQ%3D%3D.3-ccb7-5&ccb=7-5&_nc_sid=58cdad&efg=eyJ2ZW5jb2RlX3RhZyI6InhwaWRzLjE0NDB4ODEwLnNkci5DMyJ9&_nc_ohc=TU3gQfPZe3YQ7kNvwHVahrF&_nc_oc=Adk4U-KFuWhWh1Yn3yZajSuw0JQmMFxp7kPR0avKeMdvkxmLLeXq6i-p6xQQD_OF69CVRFg-dY-ordDX-MDSazMu&_nc_ad=z-m&_nc_cid=0&_nc_zt=23&_nc_ht=scontent-bos5-1.cdninstagram.com&_nc_gid=P6Ip1yq5ozn-UY2JeeDSrQ&oh=00_AfgfUPzsk4udxWgBpqA7PAXfgFez_8Ut-9-nsl9eVFwGDQ&oe=69311607;📌Dargeçit/ Kırsal Kartalkaya Mahallesine Halı Saha Kazandırdık🏟️  Mardin Büyükşehir Belediyesi Sosyal Hizmetler Daire Başkanlığımız tarafından, Dargeçit İlçemiz Kartalkaya Mahallesi gençlerinin talebi doğrultusunda halı saha spor tesisi yaparak faaliyete aldı.  Valimiz/Büyükşehir Belediye Başkan Vekilimiz Sayın Tuncay Akkoyun’un mahalleyi ziyareti sırasında gençlerimiz ve çocuklarımız tarafından iletilen talep, kısa sürede yerine getirilerek modern ve güvenli bir spor alanına dönüştürüldü.  Gençlerimizin sporla buluşmasını, sağlıklı ve sosyal bir yaşam sürmelerini desteklemek adına hayata geçirilen tesis, mahalle sakinleri tarafından büyük memnuniyetle karşılandı.;
https://www.instagram.com/p/DRmSWaijNPw/;Carousel;222;0;0;2025-11-28 14:19:53;https://scontent-bos5-1.cdninstagram.com/v/t51.82787-15/587761075_17951164038046885_2192127331755704159_n.jpg?stp=dst-jpg_e35_tt6&_nc_cat=107&ig_cache_key=Mzc3NTc4NjAzMTQyNjM1Njc2Mg%3D%3D.3-ccb7-5&ccb=7-5&_nc_sid=58cdad&efg=eyJ2ZW5jb2RlX3RhZyI6InhwaWRzLjEzNjV4OTEwLnNkci5DMyJ9&_nc_ohc=KVR8r8QnjlcQ7kNvwFwhK8e&_nc_oc=AdkmXgQTlx8fH8gcQmbwi_ELwrEoCjT8H_O_xEk2ocdkhOMRcqteJ3vxxGL4OsFkcdzYaMdmlsh8jVRFQM4Pz_dO&_nc_ad=z-m&_nc_cid=0&_nc_zt=23&_nc_ht=scontent-bos5-1.cdninstagram.com&_nc_gid=P6Ip1yq5ozn-UY2JeeDSrQ&oh=00_AfiTStlXY3qShRj2DWtxpTLoJRYvLiw9ZOvyRGZX0A2dRw&oe=6930FF52;"Çalışma ve Sosyal Güvenlik Bakanımız Sayın Prof. Dr. Vedat Işıkhan ile Ulaştırma ve Altyapı Bakanımız Sayın Abdulkadir Uraloğlu; Valimiz Sayın Tuncay Akkoyun, Mardin Milletvekillerimiz Sayın Faruk Kılıç ve Sayın Muhammed Adak, AK Parti İl Başkanı Sayın Mehmet Uncu ve beraberindekilerle, İlimizde planlanan, tamamlanan ve devam eden ulaşım altyapısı projelerini yerinde inceleyerek bilgiler aldılar.🛣️  @iletisim  @tcicisleri  @csgbakanligi  @uabakanligi";
https://www.instagram.com/p/DRmIzZXDAuR/;Photo;282;0;0;2025-11-28 12:56:27;https://scontent-bos5-1.cdninstagram.com/v/t51.82787-15/587487177_17951157618046885_5547382439977829617_n.jpg?stp=dst-jpg_e35_tt6&_nc_cat=106&ig_cache_key=Mzc3NTc0NDA1Mzg5MjM1MjkxMw%3D%3D.3-ccb7-5&ccb=7-5&_nc_sid=58cdad&efg=eyJ2ZW5jb2RlX3RhZyI6InhwaWRzLjE0NDB4OTYwLnNkci5DMyJ9&_nc_ohc=cla-Naz2TBoQ7kNvwEQ6hZR&_nc_oc=AdnI799iyNYdVzUlJ2davuUKu8YTcR6ZDO0kh3giCsnLnCsJ2F7Nl0AsBksU71GCQRQbD7SKsc1IhW_EflI-bppd&_nc_ad=z-m&_nc_cid=0&_nc_zt=23&_nc_ht=scontent-bos5-1.cdninstagram.com&_nc_gid=P6Ip1yq5ozn-UY2JeeDSrQ&oh=00_AfiFtY2UgfGBJ4kC1lyyjymkZ6j8T511b3x6a08I8ny4HA&oe=69311E7A;"İlimizi teşrif eden Çalışma ve Sosyal Güvenlik Bakanımız Sayın Prof. Dr. Vedat Işıkhan ile Ulaştırma ve Altyapı Bakanımız Sayın Abdulkadir Uraloğlu; Valimiz Sayın Tuncay Akkoyun ve İl Protokolümüz tarafından Mardin Prof. Dr. Aziz Sancar Havalimanında karşılandı.  @iletisim  @tcicisleri  @csgbakanligi  @uabakanligi";
https://www.instagram.com/p/DRkYtWlDFl4/;Carousel;296;0;0;2025-11-27 20:36:58;https://scontent-bos5-1.cdninstagram.com/v/t51.82787-15/587955082_17951094822046885_410343554004293606_n.jpg?stp=dst-jpg_e35_tt6&_nc_cat=108&ig_cache_key=Mzc3NTI1MTA1MDIwNzY2NzI3Ng%3D%3D.3-ccb7-5&ccb=7-5&_nc_sid=58cdad&efg=eyJ2ZW5jb2RlX3RhZyI6InhwaWRzLjEyMDB4OTAwLnNkci5DMyJ9&_nc_ohc=iKXm3jdFbx4Q7kNvwGjRU6a&_nc_oc=AdkObRyhGIw4TVE5e5IeHw0O_DJRr4A4vk32G4jaGKiLcaz1xk1QJEMAVCr-oZLf6pGAj1Os_3XPbBHvOfP6HP2E&_nc_ad=z-m&_nc_cid=0&_nc_zt=23&_nc_ht=scontent-bos5-1.cdninstagram.com&_nc_gid=P6Ip1yq5ozn-UY2JeeDSrQ&oh=00_Afjs1r_GqMxY9qCK2DRb1986P5gJORE9EFD7bQzaaBqp9Q&oe=69312DE8;"Valimiz Sayın Tuncay Akkoyun; Vali Yardımcısı Hasan Kurt ve beraberindekilerle, vefat eden Ramazan Değer’in taziyesine katılarak ailesine başsağlığı dileklerinde bulundu.  @iletisim  @tcicisleri";
https://www.instagram.com/p/DRkMIr0DGO3/;Photo;173;0;0;2025-11-27 18:47:06;https://scontent-bos5-1.cdninstagram.com/v/t51.82787-15/588785902_17951084748046885_2433850190391621090_n.jpg?stp=dst-jpg_e35_tt6&_nc_cat=102&ig_cache_key=Mzc3NTE5NTc2MTAwMTM5MTAzMQ%3D%3D.3-ccb7-5&ccb=7-5&_nc_sid=58cdad&efg=eyJ2ZW5jb2RlX3RhZyI6InhwaWRzLjE0NDB4OTYwLnNkci5DMyJ9&_nc_ohc=DBiXUvgr4_AQ7kNvwEOeDbu&_nc_oc=AdkoNtwNbBbO5r_k8iSfCdsEqehirn9oJH9QHDzBbfpVhwF7AjtZ6eqF0YPwqnb2WCasudVWnA_9A7KDXIGbK_Cs&_nc_ad=z-m&_nc_cid=0&_nc_zt=23&_nc_ht=scontent-bos5-1.cdninstagram.com&_nc_gid=P6Ip1yq5ozn-UY2JeeDSrQ&oh=00_AficW2Kja0F_yDEgMQs6w62c4XPzAlcw1o8x9vcmaNh8PA&oe=693132E6;Polis Akademisi Akademik Kadrosundan Doç. Dr. Ülkü Nur Zengin, Dr. Öğr. Üyesi Kübra Betül Biçen Gören, Araştırma Gör. Dr. Öğr. Üyesi Birce Beşgül ve Spor Antrenörü Öğr. Gör. Tuğba Cin, Valimiz Sayın Tuncay Akkoyun’a ziyarette bulundu.  @iletisim  @tcicisleri;
https://www.instagram.com/p/DRj7ffQDF7M/;Photo;130;0;0;2025-11-27 16:21:40;https://scontent-bos5-1.cdninstagram.com/v/t51.82787-15/587642355_17951070342046885_5047399220797280925_n.jpg?stp=dst-jpg_e35_tt6&_nc_cat=107&ig_cache_key=Mzc3NTEyMjU2MTI2OTc4NDI2OA%3D%3D.3-ccb7-5&ccb=7-5&_nc_sid=58cdad&efg=eyJ2ZW5jb2RlX3RhZyI6InhwaWRzLjE0NDB4OTYxLnNkci5DMyJ9&_nc_ohc=JLcb1wYFRxEQ7kNvwHSEFbn&_nc_oc=AdkNB-3Zto_xtBrpIbCAuC6hg5QpmPrWMTIX4yuQzwI75PWYoshZ_fbs6koudPWXrsq331yQ1ttF9upniNeylud2&_nc_ad=z-m&_nc_cid=0&_nc_zt=23&_nc_ht=scontent-bos5-1.cdninstagram.com&_nc_gid=P6Ip1yq5ozn-UY2JeeDSrQ&oh=00_Afil1yJ_FEllsDr4TJtblrCBhMYmqMr0Bv2a4BbBRESrog&oe=69310697;Radyo Televizyon Yayıncıları Meslek Birliği Yönetim Kurulu Başkanı M. Aydın Şerbetçioğlu, Kültür ve Turizm Bakanlığı Telif Hakları Daire Başkanı Sanem Arıkan, İstanbul Üniversitesi İletişim Fakültesi Prof. Dr. Nilüfer Timisi Nalçaoğlu, Kültür ve Turizm Bakanlığı Telif Hakları Genel Müdürlüğü Uzman Murat Kartal,  Mardin Artuklu Üniversitesi Güzel Sanatlar Fakültesi Dekanı Prof. Dr. Mehmet Işık, RATEM Bilişim A.Ş. Genel Müdürü Yusuf Gürsoy, RATEM Başkan Yardımcıları İdris Taş, Efsun Tekyeten ve Banu Genç, Güneydoğu Anadolu Gazeteciler Federasyonu Genel Başkanı Mehmet Çelik ve RATEM Mardin Temsilcisi Yılmaz Çiçekana, Valimiz Sayın Tuncay Akkoyun’a ziyarette bulundular.  @iletisim  @tcicisleri;
https://www.instagram.com/p/DRiHB_gjCQE/;Photo;170;0;0;2025-11-26 23:24:01;https://scontent-bos5-1.cdninstagram.com/v/t51.82787-15/589205025_17951003490046885_4643029827594925600_n.jpg?stp=dst-jpg_e35_tt6&_nc_cat=106&ig_cache_key=Mzc3NDYxMDM2MDkyNjc0MTUwOA%3D%3D.3-ccb7-5&ccb=7-5&_nc_sid=58cdad&efg=eyJ2ZW5jb2RlX3RhZyI6InhwaWRzLjE0NDB4OTU5LnNkci5DMyJ9&_nc_ohc=hJe8LZm2KWwQ7kNvwGtNSQb&_nc_oc=AdkGarhdcTkDORvxBkTqKqbQXPrCjipGDY5jMriN-PiD6N_bJ4f7ybm13AL6JWwU3EyZJ14WzePh4wU8Lym8sSRG&_nc_ad=z-m&_nc_cid=0&_nc_zt=23&_nc_ht=scontent-bos5-1.cdninstagram.com&_nc_gid=P6Ip1yq5ozn-UY2JeeDSrQ&oh=00_AfixsMFoWAvFV8ITcp6eFLcdr3SL4uM_dKprcaTtN8iF4A&oe=69311DF0;"Valimiz Sayın Tuncay Akkoyun; ▶️ İş İnsanı Hüsamettin Aktoğ ve oğlu Muhammet Mustafa Aktoğ’u Valilik Makamında ağırladı.  @iletisim  @tcicisleri";
https://www.instagram.com/p/DRhz-u5jDv3/;Photo;115;0;0;2025-11-26 20:37:33;https://scontent-atl3-3.cdninstagram.com/v/t51.82787-15/588613238_17950992804046885_6675984839883612119_n.jpg?stp=dst-jpg_e35_tt6&_nc_cat=111&ig_cache_key=Mzc3NDUyNjU3NDA1MDQyNTg0Nw%3D%3D.3-ccb7-5&ccb=7-5&_nc_sid=58cdad&efg=eyJ2ZW5jb2RlX3RhZyI6InhwaWRzLjE0NDB4OTYwLnNkci5DMyJ9&_nc_ohc=a_ALEDqai-cQ7kNvwHv4P_f&_nc_oc=AdnVEkE-ZwI-oyRKSM-gbfe8hmi9eypQdwfYL0OZkAmWSK--Kq1Hn81FpF79NjQd9Cxxk1zTpUjqtnhbmNFyeNX_&_nc_ad=z-m&_nc_cid=0&_nc_zt=23&_nc_ht=scontent-atl3-3.cdninstagram.com&_nc_gid=w0_xRHhIyo4KdsEBj60n9g&oh=00_Afieph3tp1b5vX77mPxBVZWqEOOxVXgtDOTPB9nqeZtBgg&oe=6931196B;"Valimiz Sayın Tuncay Akkoyun; ▶️ Nusaybin Esnaf ve Sanatkarlar Odası Yönetim Kurulu Üyesi Beşir Aydın, Nusaybin Tekstil ve Sanayici İş Adamları Derneği Başkanı  Bülent Ergün ve Yönetim Kurulu Üyelerini Valilik Makamında ağırladı.  @iletisim  @tcicisleri";
https://www.instagram.com/p/DRhn-REiKcx/;Photo;203;0;0;2025-11-26 18:52:37;https://scontent-atl3-2.cdninstagram.com/v/t51.82787-15/588985684_17950983495046885_6118113557574385909_n.jpg?stp=dst-jpg_e35_tt6&_nc_cat=101&ig_cache_key=Mzc3NDQ3Mzc2NTQ2NDM1MjU2MQ%3D%3D.3-ccb7-5&ccb=7-5&_nc_sid=58cdad&efg=eyJ2ZW5jb2RlX3RhZyI6InhwaWRzLjE0NDB4OTYxLnNkci5DMyJ9&_nc_ohc=H4IOi2nIXAMQ7kNvwHkOvy3&_nc_oc=AdnzSJAV5qs0vQr6rg_td_YsDqv-zJSHUMvWxPRvTAQpYyYJv6A0iiDjLfrSR7JsY6eC7ryi9swBr7xEyzkPtBfR&_nc_ad=z-m&_nc_cid=0&_nc_zt=23&_nc_ht=scontent-atl3-2.cdninstagram.com&_nc_gid=w0_xRHhIyo4KdsEBj60n9g&oh=00_AfiX8xPtNeYgDxrJBXxS4KoSOgQuC2oYnCQq2UYIwRsRCA&oe=69310108;"Valimiz Sayın Tuncay Akkoyun; ➡️ Türkiye Harp Malûlü Gaziler-Şehit Dul ve Yetimler Derneği Şube Başkanı Gazi İbrahim Arı ve Kahraman Gazilerimizi Valilik Makamında ağırladı.  @iletisim  @tcicisleri";
https://www.instagram.com/p/DRhYWLcCLZT/;Photo;168;0;0;2025-11-26 16:36:05;https://scontent-atl3-2.cdninstagram.com/v/t51.82787-15/584513501_17950972113046885_8568759037517671706_n.jpg?stp=dst-jpg_e35_tt6&_nc_cat=102&ig_cache_key=Mzc3NDQwNTAzOTkzOTQzNDA2Nw%3D%3D.3-ccb7-5&ccb=7-5&_nc_sid=58cdad&efg=eyJ2ZW5jb2RlX3RhZyI6InhwaWRzLjE0NDB4OTYxLnNkci5DMyJ9&_nc_ohc=3CbMk0AA6qUQ7kNvwEk6SjV&_nc_oc=AdmI9giQG6vVV_8dhSpPMkHYp-ikziIPWDLgzjQO-bK7HSdqU70nBm8MgNRFTSdWWjFL3gGJvu5WX-7f16zP_RYo&_nc_ad=z-m&_nc_cid=0&_nc_zt=23&_nc_ht=scontent-atl3-2.cdninstagram.com&_nc_gid=w0_xRHhIyo4KdsEBj60n9g&oh=00_Afi8YlXvi8jbzyN68b0xokpvVJjox_BtetiRL9w1emaKAg&oe=69312CDD;"Valimiz Sayın Tuncay Akkoyun; ▶️ Şehit Gazi Sen Konfederasyonu Mardin İl Temsilcisi Kahraman Kurtay’ı Valilik Makamında ağırladı.  @iletisim  @tcicisleri";
https://www.instagram.com/p/DRhP3WPiJyH/;Photo;154;0;0;2025-11-26 15:21:58;https://scontent-atl3-3.cdninstagram.com/v/t51.82787-15/587379173_17950966842046885_7346785404820782506_n.jpg?stp=dst-jpg_e35_tt6&_nc_cat=109&ig_cache_key=Mzc3NDM2NzczNjg2NTAwNDY3OQ%3D%3D.3-ccb7-5&ccb=7-5&_nc_sid=58cdad&efg=eyJ2ZW5jb2RlX3RhZyI6InhwaWRzLjE0NDB4OTYwLnNkci5DMyJ9&_nc_ohc=LlN-bGEyPzoQ7kNvwEh4SPp&_nc_oc=Adk4muMGle6HzB6BNC3rbv1VDWCFEbr_v-nzTvuH4t1GE2l1Tgx-8kzo_qPjJhZTqib1he8mrYljMKo49feAsBe6&_nc_ad=z-m&_nc_cid=0&_nc_zt=23&_nc_ht=scontent-atl3-3.cdninstagram.com&_nc_gid=w0_xRHhIyo4KdsEBj60n9g&oh=00_Afizj-NAKZ0x5tJuhv2BVZUOD0yWoVEDzUvbgbmw48iUrQ&oe=69310F6F;"Valimiz Sayın Tuncay Akkoyun; ▶️ 15 Temmuz Şehidimiz Şehidimiz Mahmut Eşit’in kardeşi Enver, eşi Fatma Eşit, çocukları Ahmet Eşit ve Melike Eşit’i Valilik Makamında ağırladı.  @iletisim  @tcicisleri";
https://www.instagram.com/p/DRfGf5biOL4/;Photo;223;0;0;2025-11-25 19:21:38;https://scontent-atl3-2.cdninstagram.com/v/t51.82787-15/586278378_17950891050046885_4736319407389859811_n.jpg?stp=dst-jpg_e35_tt6&_nc_cat=101&ig_cache_key=Mzc3Mzc2MzU5MzAwNzg1MDIzMg%3D%3D.3-ccb7-5&ccb=7-5&_nc_sid=58cdad&efg=eyJ2ZW5jb2RlX3RhZyI6InhwaWRzLjE0NDB4OTYxLnNkci5DMyJ9&_nc_ohc=biNx-QU50sAQ7kNvwHJDzZG&_nc_oc=AdkVuSVOHo_vSTxzI3gbIbZeMpSmNc7w-6ENXZ7CwbZ-dbOPZsalfagW4h_IIZzaj1plapIyibIjY3RMLrBJpbkp&_nc_ad=z-m&_nc_cid=0&_nc_zt=23&_nc_ht=scontent-atl3-2.cdninstagram.com&_nc_gid=w0_xRHhIyo4KdsEBj60n9g&oh=00_AfjbtxdklJseCwWNd2iA1zQcjfdfSlN9MuDJGe-xj8F64Q&oe=69312365;AK Parti Mardin İl Gençlik Kolları Başkanı Sayın Süheyl Uçar, Valimiz Sayın Tuncay Akkoyun’a ziyarette bulundu.  @iletisim  @tcicisleri;
https://www.instagram.com/p/DReV8BrDMIk/;Photo;301;0;0;2025-11-25 12:17:18;https://scontent-atl3-2.cdninstagram.com/v/t51.82787-15/587121947_17950859067046885_7549884259407913205_n.jpg?stp=dst-jpg_e35_tt6&_nc_cat=105&ig_cache_key=Mzc3MzU1MDAyMTcyNDM4OTkyNA%3D%3D.3-ccb7-5&ccb=7-5&_nc_sid=58cdad&efg=eyJ2ZW5jb2RlX3RhZyI6InhwaWRzLjE0NDB4OTYwLnNkci5DMyJ9&_nc_ohc=2ae1-41BErAQ7kNvwFVbyUg&_nc_oc=Adn1XHFYIhSHMKOEAt0a9SoNmbaGNQKuYs2JNWTbAg-ofrB7pJMX5gie9QxK5oCb1qoK2gntWq8LAVkiVFmTVZeK&_nc_ad=z-m&_nc_cid=0&_nc_zt=23&_nc_ht=scontent-atl3-2.cdninstagram.com&_nc_gid=w0_xRHhIyo4KdsEBj60n9g&oh=00_Afgla74akusFdp4a7a-QdisyUJgE27bOTj4O_S4MLZ7YdQ&oe=69310E9A;Valimiz Sayın Tuncay Akkoyun, Mardin Artuklu Üniversitesi Rektörü Sayın Prof. Dr. İbrahim Özcoşar’a ziyarette bulundu.  @iletisim  @tcicisleri;
https://www.instagram.com/p/DRccUiQjHjx/;Photo;175;0;0;2025-11-24 18:34:36;https://scontent-atl3-3.cdninstagram.com/v/t51.82787-15/587698740_17950794489046885_3032710625162201422_n.jpg?stp=dst-jpg_e35_tt6&_nc_cat=109&ig_cache_key=Mzc3MzAxNTE0NDMwNjM0MjEyOQ%3D%3D.3-ccb7-5&ccb=7-5&_nc_sid=58cdad&efg=eyJ2ZW5jb2RlX3RhZyI6InhwaWRzLjE0NDB4OTYwLnNkci5DMyJ9&_nc_ohc=amcwh8y7J-MQ7kNvwH93v81&_nc_oc=AdnQhJQsmH5WFiWWpaGhwmL0CcRwcqpt6WvP2TTFWrDOuhn0c6n7wOuV63KVLfmjO9n7KMW_4ov4i-tEOCrEA-Nb&_nc_ad=z-m&_nc_cid=0&_nc_zt=23&_nc_ht=scontent-atl3-3.cdninstagram.com&_nc_gid=w0_xRHhIyo4KdsEBj60n9g&oh=00_AfgYVeZqu-WF5W6uTqU7KU4UkfhYDhPZB4OibQss_VW0sg&oe=69310F80;Mardin Milletvekilimiz Sayın Faruk Kılıç, Erzurum Milletvekili Sayın Av. Fatma Öncü, Mardin Kadem İl Temsilcisi Sayın Av. Muazzez Çeçen, Kadem Yönetim Kurulu Üyeleri Sayın Arzu Kösesoy ile Mardin Artuklu Üniversitesi Sayın Dr. Öğr. Üyesi Sibel Ceylan Yiğit ve beraberindekiler, Valimiz Sayın Tuncay Akkoyun’a ziyarette bulundular.  @iletisim  @tcicisleri;
https://www.instagram.com/p/DRb9ObtDAvs/;Carousel;330;0;0;2025-11-24 14:02:53;https://scontent-atl3-1.cdninstagram.com/v/t51.82787-15/588559995_17950771677046885_7055994690528483641_n.jpg?stp=dst-jpg_e35_tt6&_nc_cat=100&ig_cache_key=Mzc3Mjg3ODM3NTYyNzc5ODQ4Ng%3D%3D.3-ccb7-5&ccb=7-5&_nc_sid=58cdad&efg=eyJ2ZW5jb2RlX3RhZyI6InhwaWRzLjE0NDB4OTYwLnNkci5DMyJ9&_nc_ohc=VMB98E9rEh8Q7kNvwE8_Jlq&_nc_oc=AdmwqT2FQQKpf4Uq1h-9SsNPZKcy_u7vjG6G-RJMMTKwj4JsvLuEs6jZgcWhMAoAQhCjd7iFpIhzFhR97sZf0pYe&_nc_ad=z-m&_nc_cid=0&_nc_zt=23&_nc_ht=scontent-atl3-1.cdninstagram.com&_nc_gid=w0_xRHhIyo4KdsEBj60n9g&oh=00_Afg_r5Yiskz48ANxUXnScQQSB37FU1_BXtsfkg2RDE-PAQ&oe=69311694;"📌24 Kasım Öğretmenler Günü Programı  Valimiz Sayın Tuncay Akkoyun; Mardin Milletvekillerimiz Sayın Faruk Kılıç ve Sayın Muhammed Adak, İl Protokolümüz ve Eğitim Camiası, ilimizde düzenlenen 24 Kasım Öğretmenler Günü programına katıldılar.  Millî Eğitim Müdürlüğü Konferans Salonunda düzenlenen program, saygı duruşunda bulunma ve İstiklal Marşı’nın okunmasıyla başladı.  Göreve yeni başlayan öğretmenlerin yemin töreninden sonra İl Millî Eğitim Müdürü Sayın Ali Eyyüpkoca, Mardin Milletvekillerimiz Sayın Muhammed Adak ve Sayın Faruk Kılıç birer konuşma yaptılar.  Valimiz Sayın Tuncay Akkoyun, hitaplarının ardından görev sürelerini tamamlayarak emekli olan öğretmenlerimize “Hizmet Şeref Belgesi” takdim etti.  Öğretmeleri anlatan “Vefa” adlı tiyatral gösteri ile öğretmen ve öğrencilerden oluşan koronun müzik dinletisinden sonra program sona erdi.  @iletisim  @tcicisleri";
https://www.instagram.com/p/DRZy--rDNQT/;Photo;138;0;0;2025-11-23 17:54:55;https://scontent-atl3-2.cdninstagram.com/v/t51.82787-15/587761075_17950691781046885_635257200841393043_n.jpg?stp=dst-jpg_e35_tt6&_nc_cat=104&ig_cache_key=Mzc3MjI3MDM5MzEyNjg2Nzk4Nw%3D%3D.3-ccb7-5&ccb=7-5&_nc_sid=58cdad&efg=eyJ2ZW5jb2RlX3RhZyI6InhwaWRzLjE0NDB4MTc4Mi5zZHIuQzMifQ%3D%3D&_nc_ohc=kllR78l8lbwQ7kNvwHi5gYX&_nc_oc=AdknkBK_q6jsznF-Y5sqSDECndkOEgCK19obxCu6rsN9gQbxy_b89nwzFHCvdDAQ3hFKLc1o_vHyJT0tYpr0mOSs&_nc_ad=z-m&_nc_cid=0&_nc_zt=23&_nc_ht=scontent-atl3-2.cdninstagram.com&_nc_gid=w0_xRHhIyo4KdsEBj60n9g&oh=00_AfisaOAt-PHIftWyVFtQafNOCfx04WDzLGKtW0xDNVxQ8g&oe=69310171;Valimiz Sayın Tuncay Akkoyun’un “24 Kasım Öğretmenler Günü” mesajı.🇹🇷;
https://www.instagram.com/p/DRZqZ8FDPNn/;Carousel;378;0;0;2025-11-23 16:39:57;https://scontent-atl3-1.cdninstagram.com/v/t51.82787-15/587502772_17950685553046885_977709264506284238_n.jpg?stp=dst-jpg_e35_tt6&_nc_cat=100&ig_cache_key=Mzc3MjIzMjY0MzI1ODQwMDkwNQ%3D%3D.3-ccb7-5&ccb=7-5&_nc_sid=58cdad&efg=eyJ2ZW5jb2RlX3RhZyI6InhwaWRzLjE0NDB4OTYwLnNkci5DMyJ9&_nc_ohc=e1kVc2pt87UQ7kNvwFgTsri&_nc_oc=AdnHiDan5H-X4hpVVpJdSgPdo7ffukfpzX0fRYFU8CUPphjTVWfvMfzPWyPLjWNEhTxXxxxyMUX7KFLD0-Fxdlkn&_nc_ad=z-m&_nc_cid=0&_nc_zt=23&_nc_ht=scontent-atl3-1.cdninstagram.com&_nc_gid=w0_xRHhIyo4KdsEBj60n9g&oh=00_AfgSu7LDUp4r_uayWyGOgemHvkO89vt-TEOvRylLkqFqTQ&oe=69310C8C;"📌Mardin/Türkiye Oryantiring Şampiyonası 2. Kademe Yarışması  Mardin Valiliği, Büyükşehir Belediyesi, Gençlik ve Spor İl Müdürlüğü ile Türkiye Oryantiring Federasyonu işbirliğinde düzenlenen “Türkiye Oryantiring Şampiyonası 2. Kademe Yarışması” ikinci etabı Artuklu ilçemizde yapıldı.  Yarışlar sonrası Cumhuriyet Meydanında ödül töreni düzenlendi. Saygı duruşunda bulunma ve İstiklal Marşı’nın okunmasından sonra Türkiye Oryantiring Federasyonu Başkanı Sayın Atilla Güler ve Mardin Milletvekilimiz Sayın Faruk Kılıç birer konuşma yaptılar.  Valimiz Sayın Tuncay Akkoyun’un hitaplarının ardından 4️⃣2️⃣ ilden gelen 1️⃣.1️⃣9️⃣6️⃣ sporcu arasından dereceye giren sporcular için madalya ve kupa töreni düzenlendi.  Programa ayrıca; 70’inci Mekanize Piyade Tugay Komutanı Tuğgeneral Ahmet Yaşar Dener, İl Jandarma Komutanı Tuğgeneral Tahsin Saruhan, Artuklu Kaymakamı Muhammet Öztabak, Vali Yardımcısı İbrahim Engin Şenay, İl Emniyet Müdürü Recep Tecimer, Ömerli Belediye Başkanı Hüsamettin Altındağ, Mardin Büyükşehir Belediyesi Genel Sekreteri Kemalettin Sakin, AK Parti İl Başkanı Mehmet Uncu, MHP İl Başkanı Ferhan Bozkuş, Gençlik ve Spor İl Müdürü Beytullah Birlik, Mardin Büyükşehir Belediyesi Gençlik ve Spor Hizmetleri Daire Başkanı Doğan Ağalday, sporcular, sporseverler ve vatandaşlar katıldı.  @iletisim  @tcicisleri";
https://www.instagram.com/p/DRXN7KZDCay/;Carousel;322;0;0;2025-11-22 17:52:36;https://scontent-atl3-3.cdninstagram.com/v/t51.82787-15/584404478_17950590318046885_4833692934294909623_n.jpg?stp=dst-jpg_e35_tt6&_nc_cat=110&ig_cache_key=Mzc3MTU0NDQ0NjAzNTYxNzcyMA%3D%3D.3-ccb7-5&ccb=7-5&_nc_sid=58cdad&efg=eyJ2ZW5jb2RlX3RhZyI6InhwaWRzLjE0NDB4OTYwLnNkci5DMyJ9&_nc_ohc=GhAKenpWRiEQ7kNvwEDBvCj&_nc_oc=Admm697F0bMpryuumos8urajdgJANOBXfmCOrk3Tu26BYI_5qbUv9SDwIH_AIb9PBlgubV5jqkM0yJZ3InC_Tq3v&_nc_ad=z-m&_nc_cid=0&_nc_zt=23&_nc_ht=scontent-atl3-3.cdninstagram.com&_nc_gid=w0_xRHhIyo4KdsEBj60n9g&oh=00_AfjAZMP4k07LYmnkyUkHuBJT_EpcfiRzP_gKxF9qlpkSAw&oe=69311F00;📌 Midyat Belediyesi  Millî Eğitim Bakanımız Sayın Prof. Dr. Yusuf Tekin, Valimiz Sayın Tuncay Akkoyun, Mardin Milletvekillerimiz Sayın Faruk Kılıç ve Sayın Muhammed Adak, İl Millî Eğitim Müdürü Sayın Ali Eyyüpkoca ve AK Parti İlçe Başkanı Sayın Atilla Yarış ile birlikte Midyat Belediyesini ziyaret ettiler.  Midyat Belediye Başkanı Sayın Veysi Şahin, İlçede yaptıkları hizmetler hakkında Sayın Bakanımız ve Sayın Valimize bilgiler verdi.   @iletisim  @tcicisleri;
https://www.instagram.com/p/DRVe5JxDGOY/;Carousel;386;0;0;2025-11-22 01:42:24;https://scontent-atl3-1.cdninstagram.com/v/t51.82787-15/585054094_17950518906046885_2637109379775824077_n.jpg?stp=dst-jpg_e35_tt6&_nc_cat=103&ig_cache_key=Mzc3MTA1NjEyNjUxNjA2MTE4NQ%3D%3D.3-ccb7-5&ccb=7-5&_nc_sid=58cdad&efg=eyJ2ZW5jb2RlX3RhZyI6InhwaWRzLjY2MHg0MjUuc2RyLkMzIn0%3D&_nc_ohc=LPoIr_X7thcQ7kNvwF-0jMG&_nc_oc=AdkSzQAOXgC_pkSaf_Ba7MK3A2AJQRGKLuTUsIIS40nKUKgX9u-VQUvyO1cw3HxTA_Srsh1yOcFe6JTQVVWA0eGa&_nc_ad=z-m&_nc_cid=0&_nc_zt=23&_nc_ht=scontent-atl3-1.cdninstagram.com&_nc_gid=w0_xRHhIyo4KdsEBj60n9g&oh=00_Afj3olnhzbO1cUVPifhFjEx1XR2h89IedNDrLL3divPbkQ&oe=69312D3B;📌 Mardin Olgunlaşma Enstitüsü  Millî Eğitim Bakanımız Sayın Prof. Dr. Yusuf Tekin, Valimiz Sayın Tuncay Akkoyun, Mardin Milletvekillerimiz Sayın Faruk Kılıç ve Sayın Muhammed Adak, İl Millî Eğitim Müdürü Sayın Ali Eyyüpkoca, AK Parti İl Başkanı Sayın Mehmet Uncu ve beraberindekiler, Mardin Olgunlaşma Enstitüsünü ziyaret ettiler.  Sayın Bakanımız ve Sayın Valimiz, Enstitümüzün atölyelerinde incelemelerde bulunarak, çalışmalar hakkında bilgiler aldılar.  @iletisim  @tcicisleri  @tcmeb;
https://www.instagram.com/p/DRVGPINDKF1/;Carousel;269;0;0;2025-11-21 22:06:56;https://scontent-ord5-1.cdninstagram.com/v/t51.82787-15/584430114_17950506780046885_4227302591372404751_n.jpg?stp=dst-jpg_e35_tt6&_nc_cat=108&ig_cache_key=Mzc3MDk0NzY4NjIwODY1NTM4Mg%3D%3D.3-ccb7-5&ccb=7-5&_nc_sid=58cdad&efg=eyJ2ZW5jb2RlX3RhZyI6InhwaWRzLjExNjd4ODUyLnNkci5DMyJ9&_nc_ohc=Ua8jfjHsAJYQ7kNvwH69_FH&_nc_oc=AdlEuHECM4BXmrST8uw1kYCt5o5ZPck0tTAiKvTUQ7qYsxNuMFBfBCc8GERkOCietRTg6hADdlzjkgaTl7pYo_oT&_nc_ad=z-m&_nc_cid=0&_nc_zt=23&_nc_ht=scontent-ord5-1.cdninstagram.com&_nc_gid=nE3RM6l_myB5qCwMiizZmw&oh=00_AfjCS0LYMX_eTi_NtU28-YXtTEp3QnoC35FRM8pZEXhDbQ&oe=6930FC7D;"📌 Mardin İl Eğitim Değerlendirme Toplantısı  Millî Eğitim Bakanımız Sayın Prof. Dr. Yusuf Tekin Başkanlığında; Valimiz Sayın Tuncay Akkoyun, Mardin Milletvekillerimiz Sayın Faruk Kılıç ve Sayın Muhammed Adak, İl Başkanı Mehmet Uncu, İl Millî Eğitim Müdürü Ali Eyyüpkoca, Destek Hizmetleri Genel Müdürü Ömür Fatih Karakullukçu, İnşaat ve Emlak Genel Müdürü Aynur Gökalp Durna, Strateji Geliştirme Başkanı Ercan Türk, Yenilik ve Eğitim Teknolojileri Genel Müdürü Mustafa Canlı, Hayat Boyu Öğrenme Genel Müdürü Cengiz Mete, Mesleki ve Teknik Eğitim Genel Müdürü Salih Kaygusuz, İlçe Millî Eğitim Müdürleri ve İl eğitim yöneticilerimizin katılımlarıyla “Mardin İl Eğitim Değerlendirme Toplantısı” gerçekleştirildi.  @iletisim  @tcicisleri  @tcmeb";
https://www.instagram.com/p/DRU64jADBjy/;Carousel;219;0;0;2025-11-21 20:27:44;https://scontent-ord5-3.cdninstagram.com/v/t51.82787-15/584357807_17950499532046885_1585447588070025527_n.jpg?stp=dst-jpg_e35_tt6&_nc_cat=106&ig_cache_key=Mzc3MDg5Nzc0NDE4NjM1MjI2NA%3D%3D.3-ccb7-5&ccb=7-5&_nc_sid=58cdad&efg=eyJ2ZW5jb2RlX3RhZyI6InhwaWRzLjEzNzd4OTI2LnNkci5DMyJ9&_nc_ohc=R2UTJEOh3hQQ7kNvwE7Tf37&_nc_oc=AdlZE1M5fLH4n_XqNHLAhpW5nlaSr6wDC7bDwRwy56j0j2N8_k53uyeF3DR2uzDTZR9OvDfIlb1b5dJpW-PSkX7j&_nc_ad=z-m&_nc_cid=0&_nc_zt=23&_nc_ht=scontent-ord5-3.cdninstagram.com&_nc_gid=nE3RM6l_myB5qCwMiizZmw&oh=00_Afh-2otzMyhDdsB8nzBcfpIcS71xxj031FvO_Nyt_Ifmrg&oe=693126F9;"📌Tügva Ortaokul Kitap Kurdu Mardin Lansmanı Programı  İlimizi teşrif eden Millî Eğitim Bakanımız Sayın Prof. Dr. Yusuf Tekin, Valimiz Sayın Tuncay Akkoyun, TÜGVA Genel Başkanı Sayın İbrahim Beşinci ve beraberindekiler, “TÜGVA Ortaokul Kitap Kurdu Mardin Lansmanı Programı”na katıldılar.  Kur’an-ı Kerim tilaveti, saygı duruşunda bulunma ve İstiklal Marşı’nın okunmasından sonra TÜGVA Mardin İl Başkanı Sayın Mehmet Emin Kurtay, Midyat Belediye Başkanı Sayın Veysi Şahin, Mardin Milletvekilleri Sayın Muhammed Adak ve Sayın Faruk Kılıç, TÜGVA Genel Başkanı Sayın İbrahim Beşinci açılış konuşmaları gerçekleştirdi.  Valimiz Sayın Tuncay Akkoyun ile Millî Eğitim Bakanımız Sayın Prof. Dr. Yusuf Tekin’in programda hitapları oldu.  Sayın Bakanımız, Sayın Valimiz ve Sayın TÜGVA Genel Başkanı öğrencilerle bir araya geldiler.  Programa ayrıca; Mardin Artuklu Üniversitesi Rektörü Prof. Dr. İbrahim Özcoşar, İl Millî Eğitim Müdürü Ali Eyyüpkoca, Ömerli Belediye Başkanı Hüsamettin Altındağ, Savur Belediye Başkanı Engin Uğur Hamidi, Yeşilli Belediye Başkanı Hayrettin Demir, AK Parti İl Başkanı Mehmet Uncu, MHP İl Başkanı Ferhan Bozkuş, Mardin Büyükşehir Belediyesi Genel Sekreteri Kemalettin Sakin, Kamu Kurum Amirleri, Sivil Toplum Kuruluşları Yöneticileri ve vatandaşlar katıldı.  @iletisim  @tcicisleri  @tcmeb";
https://www.instagram.com/p/DRUlVoYDF7R/;Carousel;367;0;0;2025-11-21 17:19:28;https://scontent-ord5-1.cdninstagram.com/v/t51.82787-15/586831589_17950480800046885_4019300483694938504_n.jpg?stp=dst-jpg_e35_tt6&_nc_cat=101&ig_cache_key=Mzc3MDgwMjk5MzQ0MTI4NDMzNg%3D%3D.3-ccb7-5&ccb=7-5&_nc_sid=58cdad&efg=eyJ2ZW5jb2RlX3RhZyI6InhwaWRzLjE0NDB4OTYwLnNkci5DMyJ9&_nc_ohc=V_2dqrJFc0gQ7kNvwGPF9nK&_nc_oc=AdnUW_UqNG4b6Xctv10IGpheWINpzcZQGRH5rSVAjvtFt0ooyucZd2qfDYHbebUOaf5i8yA1ClXlBz99ZB4oyls8&_nc_ad=z-m&_nc_cid=0&_nc_zt=23&_nc_ht=scontent-ord5-1.cdninstagram.com&_nc_gid=nE3RM6l_myB5qCwMiizZmw&oh=00_AfgCrbbASkAvkQFGkDPluyeqTBwlNAOx_i80ylOzdXgygA&oe=69310716;Çin Halk Cumhuriyeti Ankara Büyükelçisi Sayın Jiang Xuebin ve beraberindeki heyet, Valimiz Sayın Tuncay Akkoyun’a ziyarette bulundu.  @iletisim  @tcicisleri;
https://www.instagram.com/p/DRUgZigDJ_g/;Carousel;339;0;0;2025-11-21 16:36:19;https://scontent-ord5-3.cdninstagram.com/v/t51.82787-15/587550175_17950477263046885_5368184602184297318_n.jpg?stp=dst-jpg_e35_tt6&_nc_cat=106&ig_cache_key=Mzc3MDc4MTI3MDgxMzczODkyMg%3D%3D.3-ccb7-5&ccb=7-5&_nc_sid=58cdad&efg=eyJ2ZW5jb2RlX3RhZyI6InhwaWRzLjE0NDB4OTYwLnNkci5DMiJ9&_nc_ohc=fA3vX32DLc4Q7kNvwHjSKI4&_nc_oc=AdnKGbSHZId1SCtBg3WNbYziQX15FKXGL-me64A45eeZBH4wquCgpB7uOncEOrdp-2PNMEqJzDnw4xi4wL2TZkqK&_nc_ad=z-m&_nc_cid=0&_nc_zt=23&_nc_ht=scontent-ord5-3.cdninstagram.com&_nc_gid=nE3RM6l_myB5qCwMiizZmw&oh=00_Afi1FP2wuH9Z5smb3gwk0vwtsV21di1xML1HJkRaKPxIDw&oe=69311F37;"📌Artuklu/Hatuniye Kız Mesleki ve Teknik Anadolu Lisesi  İlimizi teşrif eden Millî Eğitim Bakanımız Sayın Prof. Dr. Yusuf Tekin, Valimiz Sayın Tuncay Akkoyun ve beraberindekilerle, Artuklu Hatuniye Kız Mesleki ve Teknik Anadolu Lisesini ziyaret ettiler.  Atölyelerimizde öğrenim gören öğrencilerimizle bir araya gelen Sayın Bakanımız, öğretmenlerimizle hasbihal ederek eğitime dair istişarelerde bulundular.  Programa ayrıca; Mardin Milletvekillerimiz Sayın Faruk Kılıç ve Sayın Muhammed Adak, İl Millî Eğitim Müdürü Ali Eyyüpkoca, AK Parti Mardin İl Başkanı Mehmet Uncu ve MHP İl Başkanı Ferhan Bozkuş katıldılar.  @iletisim  @tcicisleri @tcmeb";
https://www.instagram.com/p/DRUKRquDHRz/;Carousel;435;0;0;2025-11-21 13:23:00;https://scontent-ord5-3.cdninstagram.com/v/t51.82787-15/586920278_17950461057046885_357549911472982622_n.jpg?stp=dst-jpg_e35_tt6&_nc_cat=100&ig_cache_key=Mzc3MDY4Mzk3NDc4MDQ4MTYxNw%3D%3D.3-ccb7-5&ccb=7-5&_nc_sid=58cdad&efg=eyJ2ZW5jb2RlX3RhZyI6InhwaWRzLjE0NDB4OTYwLnNkci5DMyJ9&_nc_ohc=dhpPnaBDBOIQ7kNvwFQd0s6&_nc_oc=AdlP30pnpWc4JzQC99hiahtRR_Nph7wW3L9yWDUb5jjm3oH2hUnlZV1EkV6z7xIz8oRcxZumNJUBT4qKd4pAsxwW&_nc_ad=z-m&_nc_cid=0&_nc_zt=23&_nc_ht=scontent-ord5-3.cdninstagram.com&_nc_gid=nE3RM6l_myB5qCwMiizZmw&oh=00_AfgNjYEsyjPXyew-QbvpUAONkM-gDBdV1IwkccqenYZUFg&oe=693130BE;Millî Eğitim Bakanımız Sayın Prof. Dr. Yusuf Tekin, Valiliğimizi ziyaret etti.  Valilik girişinde Valimiz Sayın Tuncay Akkoyun tarafından karşılanan Sayın Millî Eğitim Bakanımız, Valilik Şeref Defterini imzaladı.  Millî Eğitim Bakanımız Sayın Prof. Dr. Yusuf Tekin, Valilik Makamında Valimiz Sayın Tuncay Akkoyun’dan ilimizle ilgili bilgiler aldı.  @iletisim  @tcicisleri  @tcmeb;
https://www.instagram.com/p/DRSUIj3jO34/;Photo;227;0;0;2025-11-20 20:10:39;https://scontent-ord5-1.cdninstagram.com/v/t51.82787-15/583786657_17950398243046885_6499306475086003_n.jpg?stp=dst-jpg_e35_tt6&_nc_cat=111&ig_cache_key=Mzc3MDE2NDM4NzI2MTUwOTExMg%3D%3D.3-ccb7-5&ccb=7-5&_nc_sid=58cdad&efg=eyJ2ZW5jb2RlX3RhZyI6InhwaWRzLjE0NDB4MTc4MC5zZHIuQzMifQ%3D%3D&_nc_ohc=mI62F-QujCcQ7kNvwFtNVUs&_nc_oc=Adlx7b4AKjhrZcWhuhfbLRhNwovMfcEzW7DJ2asTIFVLZMtDJpQJuUJ9sPkDg-lOGdLB1rbmyEHtguKpBsZyijwA&_nc_ad=z-m&_nc_cid=0&_nc_zt=23&_nc_ht=scontent-ord5-1.cdninstagram.com&_nc_gid=nE3RM6l_myB5qCwMiizZmw&oh=00_AfjcsJtef4s2BvbV_wWME7iaFnxeBzwVOFV2cElFS6r0eQ&oe=69311024;Valimiz Sayın Tuncay Akkoyun’un “21 Kasım Mardin’in Onur Günü” Mesajı.🇹🇷;
https://www.instagram.com/p/DRSIm6FjAdS/;Photo;235;0;0;2025-11-20 18:29:56;https://scontent-ord5-3.cdninstagram.com/v/t51.82787-15/582332746_17950388946046885_9016687335590076530_n.jpg?stp=dst-jpg_e35_tt6&_nc_cat=100&ig_cache_key=Mzc3MDExMzY5NjE0NDgyMDA1MA%3D%3D.3-ccb7-5&ccb=7-5&_nc_sid=58cdad&efg=eyJ2ZW5jb2RlX3RhZyI6InhwaWRzLjEyMDZ4MTE1NS5zZHIuQzMifQ%3D%3D&_nc_ohc=jpnBEmLv3KAQ7kNvwHUJmMC&_nc_oc=AdlMi7Fzqv7REh563pcmley7FEip1fj7vqMBzk2Ark7zQwBttV9V4HAqrXV-AWMY6yrubyqiQsB3tb9lTqgjEM3R&_nc_ad=z-m&_nc_cid=0&_nc_zt=23&_nc_ht=scontent-ord5-3.cdninstagram.com&_nc_gid=nE3RM6l_myB5qCwMiizZmw&oh=00_AfidutXTXWfkGMi4iGowbMSP2Ub5DdcZoI9SwAlEHQ_V4w&oe=693101BD;"Valimiz Sayın Tuncay Akkoyun; Petrol Ürünleri İşverenler Sendikası Genel Başkanı İmran Okumuş ve Yönetim Kurulu Üyeleri, Mardin İl Başkanı Şehmus Aydın ile Nusaybin Ticaret ve Sanayi Odası Başkanı Mahsun Özmen’i Valilik Makamında ağırladı.  @iletisim  @tcicisleri";
https://www.instagram.com/p/DRR5ae_jDKA/;Reels;520;0;28097;2025-11-20 16:17:59;https://scontent-ord5-2.cdninstagram.com/v/t51.71878-15/584566331_1529744824732311_9085112537068774778_n.jpg?stp=dst-jpg_e15_tt6&_nc_cat=104&ig_cache_key=Mzc3MDA0Njg3MTcyMTc1MTE2OA%3D%3D.3-ccb7-5&ccb=7-5&_nc_sid=58cdad&efg=eyJ2ZW5jb2RlX3RhZyI6InhwaWRzLjY0MHgxMTM2LnNkci5DMyJ9&_nc_ohc=s80d9YLdE64Q7kNvwGlSDjR&_nc_oc=AdkZ4X8LDvmlmIbcsaXTVaXeUfvz5NBTHvzQksnymDDfWj3hp9CcjmEvtndB8cfOOG0_mQNOuLlD_66bKButwzgd&_nc_ad=z-m&_nc_cid=0&_nc_zt=23&_nc_ht=scontent-ord5-2.cdninstagram.com&_nc_gid=nE3RM6l_myB5qCwMiizZmw&oh=00_AfiAbGQCF-DiS4lLWvq2QK9kqkk507MDZCFEamCN9z_6wg&oe=6931042F;📌Mardin 21 Kasım Şehir Stadyumu Yenileniyor📹  Mardin Sporumuzun ve tüm takımlarımızın maçlarına ev sahipliği yapan 21 Kasım Şehir Stadyumu, büyük bir yenilenme sürecinden geçiyor.  Gençlik ve Spor Bakanlığımız, Spor Toto Teşkilat Başkanlığımız ve Valiliğimiz tarafından yürütülen çalışmalar kapsamında: 🏟️ Deforme olan sentetik çim söküldü, yerine doğal çim serildi, 🏃 Uluslararası standartlarda tartan pist yapıldı, 💡 Profesyonel aydınlatma sistemi ile artık akşam maçları da rahatlıkla oynanabilecek hale getirildi.  Ayrıca tribünlerde de önemli yenilikler gerçekleştirildi: ✅ Maraton Tribünü, ✅ Kapalı Tribün, ✅ Protokol Tribünü, ✅ Basın Tribünü, 🏟️ Stadyumun toplam kapasitesi 5️⃣.5️⃣0️⃣0️⃣ seyirciye çıkarıldı.  Mardin’imizin spor altyapısına değer katan bu önemli yatırım, şehrimizin gençlerine ve sporseverlere hayırlı olsun.  @iletisim  @tcicisleri  @gencliksporbak;
https://www.instagram.com/p/DRPlOm7DI5D/;Photo;276;0;0;2025-11-19 18:42:18;https://scontent-ord5-2.cdninstagram.com/v/t51.82787-15/583260174_17950296666046885_1802704673372520764_n.jpg?stp=dst-jpg_e35_tt6&_nc_cat=102&ig_cache_key=Mzc2OTM5NTE0NDcxODg0NzU1NQ%3D%3D.3-ccb7-5&ccb=7-5&_nc_sid=58cdad&efg=eyJ2ZW5jb2RlX3RhZyI6InhwaWRzLjE0NDB4OTYxLnNkci5DMyJ9&_nc_ohc=RZJkTUvbdZ4Q7kNvwH5apou&_nc_oc=AdlBNPZVG7fUO9DV8g7Cw98HDYFHMs1NePXBM6MveJqWmO3Ua08S4d9Z_DqbdAQ51TRl-Z1Cvoek97wbLfMJghJu&_nc_ad=z-m&_nc_cid=0&_nc_zt=23&_nc_ht=scontent-ord5-2.cdninstagram.com&_nc_gid=nE3RM6l_myB5qCwMiizZmw&oh=00_Afit0M2ycw9iPLr7Qrv_GO1WKQ1-nvqGA2MZwnX8--4pFQ&oe=6931157E;"Valimiz Sayın Tuncay Akkoyun; ▶️ KADEM Mardin İl Temsilcisi Av. Muazzez Çeçen ile Başkan Yardımcısı Arzu Kösesoy’u Valilik Makamında ağırladı.  @iletisim  @tcicisleri";
https://www.instagram.com/p/DRPYXk8jAwN/;Photo;180;0;0;2025-11-19 16:49:56;https://scontent-ord5-1.cdninstagram.com/v/t51.82787-15/582471487_17950285635046885_6932947519490422295_n.jpg?stp=dst-jpg_e35_tt6&_nc_cat=101&ig_cache_key=Mzc2OTMzODU4NjQ2NzE0MjY2OQ%3D%3D.3-ccb7-5&ccb=7-5&_nc_sid=58cdad&efg=eyJ2ZW5jb2RlX3RhZyI6InhwaWRzLjE0NDB4OTYxLnNkci5DMyJ9&_nc_ohc=SVwBqWEj-7EQ7kNvwEGB9Lq&_nc_oc=AdklWlTCs7ut98FpsPvaTnbw98K41m9hKQMb5Mb7K-FWLrLkFOdvwHaVF6TanrFFBhjk9zxwZuhYT_xbvcxYSxKl&_nc_ad=z-m&_nc_cid=0&_nc_zt=23&_nc_ht=scontent-ord5-1.cdninstagram.com&_nc_gid=nE3RM6l_myB5qCwMiizZmw&oh=00_AfiVBTwURj_xgnzY3NmO4gVU1lpbvfHKQL3XNvva9QPH6A&oe=69312A39;"Valimiz Sayın Tuncay Akkoyun; ▶️ Terörle Mücadele Vatan Severleri Yardımlaşma ve Dayanışma Derneği Kızıltepe Başkanı Mahmut Kılınç ile Mehmet Sait Yıldız’ı Valilik Makamında ağırladı.  @iletisim  @tcicisleri";
https://www.instagram.com/p/DRPINe6DJPa/;Photo;196;0;0;2025-11-19 14:28:45;https://scontent-ord5-2.cdninstagram.com/v/t51.82787-15/584301047_17950274526046885_7274776039318004879_n.jpg?stp=dst-jpg_e35_tt6&_nc_cat=104&ig_cache_key=Mzc2OTI2NzUyNDA0MzgzODQyNg%3D%3D.3-ccb7-5&ccb=7-5&_nc_sid=58cdad&efg=eyJ2ZW5jb2RlX3RhZyI6InhwaWRzLjE0NDB4OTYwLnNkci5DMyJ9&_nc_ohc=wui6VnneiiMQ7kNvwGtZPSH&_nc_oc=AdlllxAdmpVu_4U5hRz0Y_0UYItuLG8bmaRhsEX77C8p0V-lRK5whaCs-hrR36I7NcbEvnhnvqEblvvn-NgYwbiF&_nc_ad=z-m&_nc_cid=0&_nc_zt=23&_nc_ht=scontent-ord5-2.cdninstagram.com&_nc_gid=nE3RM6l_myB5qCwMiizZmw&oh=00_AfhvA3TeRNDKAIJE5-jG_RWBZRxfX6s1MYAXVrondAxCfg&oe=69310F1B;Şırnak Vali Yardımcısı Sayın Murat Çiçek, Valimiz Sayın Tuncay Akkoyun’a ziyarette bulundu.  @iletisim  @tcicisleri;
https://www.instagram.com/p/DRNKFMWDHaZ/;Carousel;836;0;0;2025-11-18 20:06:37;https://scontent-ord5-2.cdninstagram.com/v/t51.82787-15/582598678_17950207464046885_1124044864990174377_n.jpg?stp=dst-jpg_e35_tt6&_nc_cat=105&ig_cache_key=Mzc2ODcxMjc5MTIzNTI0NTA2Mw%3D%3D.3-ccb7-5&ccb=7-5&_nc_sid=58cdad&efg=eyJ2ZW5jb2RlX3RhZyI6InhwaWRzLjE0NDB4OTYwLnNkci5DMyJ9&_nc_ohc=6hUtksXVLecQ7kNvwGry9gl&_nc_oc=AdnnUIBTdvaekInC1xcotNTsKMY3k9zuKS3y6jmS8lGR3SzrRBGSQFP6s7G28oEPRxsVeO7EKjapDBl0ntTk7EV-&_nc_ad=z-m&_nc_cid=0&_nc_zt=23&_nc_ht=scontent-ord5-2.cdninstagram.com&_nc_gid=nE3RM6l_myB5qCwMiizZmw&oh=00_AfiB-TOdydSlu3RNTnJ7FWaki-HnPXrazdXS4B8HZKdPvQ&oe=6931190A;"📌Mardin 21 Kasım Şehir Stadyumu  Valimiz Sayın Tuncay Akkoyun; Vali Yardımcısı İbrahim Engin Şenay, İl Gençlik ve Spor Müdürü Beytullah Birlik, Gençlik ve Spor Hizmetleri Daire Başkanı Doğan Ağalday ve beraberindekilerle, ➡️ 21 Kasım Şehir Stadyumunda devam eden çalışmaları inceleyerek görevlilerden bilgi aldı.  @iletisim  @tcicisleri";
https://www.instagram.com/p/DRM5AMSjIuX/;Photo;213;0;0;2025-11-18 17:37:23;https://scontent.cdninstagram.com/v/t51.82787-15/582278588_17950195395046885_9057496301704416249_n.jpg?stp=dst-jpg_e35_tt6&_nc_cat=111&ig_cache_key=Mzc2ODYzNzY5MDA0OTQ5ODAwNw%3D%3D.3-ccb7-5&ccb=7-5&_nc_sid=58cdad&efg=eyJ2ZW5jb2RlX3RhZyI6InhwaWRzLjE0NDB4OTYwLnNkci5DMyJ9&_nc_ohc=ZnbzsDw2luQQ7kNvwHt0cvK&_nc_oc=AdlD_Ys-G0qNq3VhzP22wU519VySiHS5Ol83NyHlOTauc1VFglfcRp71lliI9sWVRfY&_nc_ad=z-m&_nc_cid=0&_nc_zt=23&_nc_ht=scontent.cdninstagram.com&_nc_gid=XSyCtilOyaclCNan7_Veig&oh=00_AfjNI-K7RqMDCckhdtNDnaw6UhC5BLYG1aXNEos278tvsQ&oe=693100A9;"Valimiz Sayın Tuncay Akkoyun; ▶️ Midyat Eğitim Bir Sen İlçe Başkanı Hüseyin Yücel, ▶️ Midyat Tügva İlçe Başkanı Ahmet Aygün’ü Valilik Makamında ağırladı.  @iletisim  @tcicisleri";
https://www.instagram.com/p/DRJ6C-5jPIS/;Reels;205;0;19809;2025-11-17 13:50:28;https://scontent.cdninstagram.com/v/t51.71878-15/581672604_1934703490592416_3468165005730074615_n.jpg?stp=dst-jpg_e15_tt6&_nc_cat=101&ig_cache_key=Mzc2Nzc5Nzg1NDk0NjI1OTQ3NA%3D%3D.3-ccb7-5&ccb=7-5&_nc_sid=58cdad&efg=eyJ2ZW5jb2RlX3RhZyI6InhwaWRzLjY0MHgzNjAuc2RyLkMzIn0%3D&_nc_ohc=KFD516XFdF0Q7kNvwFGaDWn&_nc_oc=AdmezDuMXHd1zPbrjjQc2AU9K8cxrlNhoDug8G9bGM3NNYEkBs2CA5UXxCllm0bqVmc&_nc_ad=z-m&_nc_cid=0&_nc_zt=23&_nc_ht=scontent.cdninstagram.com&_nc_gid=XSyCtilOyaclCNan7_Veig&oh=00_AfgZczD280S-Qm6D_A2W3Po8dEuhnJm9GLtqNI3LWz_kHQ&oe=6931047D;📌 Şehit Kaymakam Muhammet Fatih Safitürk’ün Hayali Gerçek Oldu 🎥  Valimiz Tuncay Akkoyun, Derik Kaymakamı Yunus Emre Bayraklı ve beraberindeki heyetle birlikte Derik Mesleki ve Teknik Anadolu Lisesini ziyaret etti. Valiliğimiz, Mardin Büyükşehir Belediyemiz, Kaymakamlığımız ve DİKA destekleriyle hayata geçirilen Derik Zeytin Sıkma, İşleme ve Sabun Üretim Tesisinde incelemelerde bulundu.  Sayın Valimiz, Şehit Kaymakamımız Muhammet Fatih Safitürk’ün hayali olan projeye verdikleri güçlü desteğin süreceğini belirterek tesisin bölge üretimi ve istihdamına önemli katkılar sunduğunu ifade etti.  🍈 Derik zeytininin marka değerini yükseltmeye ve ilçemizin ekonomisini güçlendirmeye devam ediyoruz.  @iletisim  @tcicisleri;
https://www.instagram.com/p/DRFEVZ3CPCu/;Photo;120;0;0;2025-11-15 16:42:28;https://scontent.cdninstagram.com/v/t51.82787-15/582606848_17952070245020389_7688449750424331430_n.jpg?stp=dst-jpg_e35_tt6&_nc_cat=108&ig_cache_key=Mzc2NjQzNTcyNjQyNzIyMjE5MA%3D%3D.3-ccb7-5&ccb=7-5&_nc_sid=58cdad&efg=eyJ2ZW5jb2RlX3RhZyI6InhwaWRzLjEwODB4MTA4MC5zZHIuQzMifQ%3D%3D&_nc_ohc=zmFLzt3yFXcQ7kNvwEeT91V&_nc_oc=AdnToxJ69H2PqZDcW_Du1Fzof8kkKEwj6uSrGupthQsR_cwrnIwBDRxYy151PEdhf5A&_nc_ad=z-m&_nc_cid=0&_nc_zt=23&_nc_ht=scontent.cdninstagram.com&_nc_gid=XSyCtilOyaclCNan7_Veig&oh=00_AfiLVgS5nBbhcD1ZTr16nHl5mo-ZrDli3aRvuRJx7oW7rA&oe=69310648;Kuzey Kıbrıs Türk Cumhuriyeti’nin 42. kuruluş yıl dönümünü tebrik ediyorum. KKTC’nin bağımsızlığı için mücadele eden Aziz Şehitlerimizi rahmetle, Kahraman Gazilerimizi şükranla yâd ediyorum.🇹🇷;
https://www.instagram.com/p/DRE63uxiJL_/;Photo;161;0;0;2025-11-15 15:19:47;https://scontent.cdninstagram.com/v/t51.82787-15/581798256_17952062712020389_176198208402859998_n.jpg?stp=dst-jpg_e35_tt6&_nc_cat=100&ig_cache_key=Mzc2NjM5NDEwNDg4MDU5OTgwNw%3D%3D.3-ccb7-5&ccb=7-5&_nc_sid=58cdad&efg=eyJ2ZW5jb2RlX3RhZyI6InhwaWRzLjE0NDB4MTQ0MC5zZHIuQzMifQ%3D%3D&_nc_ohc=ilzKPitvJ8UQ7kNvwErLy1c&_nc_oc=AdnfKS5SEvzrfhBb-zixknW9F0_o3czYwcQYjqhWZYhOpbob7EEtjWprne8Z-DnmzFI&_nc_ad=z-m&_nc_cid=0&_nc_zt=23&_nc_ht=scontent.cdninstagram.com&_nc_gid=XSyCtilOyaclCNan7_Veig&oh=00_Afie-_9pyKmG4IGKUDI4h-sUIoYc9Q657hrvJjGnFG6dcg&oe=69310D52;"Milletimizin başı sağ olsun🇹🇷 Manisa’da görevi başında geçirdiği trafik kazasında Şehit olan Bölge Trafik Denetleme Şube Müdürlüğü kadrosunda görevli Polis Memuru Ali Barut’a Allah’tan rahmet; ailesine, Kahraman Emniyet Teşkilatımıza ve Milletimize başsağlığı diliyorum.";
https://www.instagram.com/p/DRDEx8kCAuE/;Carousel;416;0;0;2025-11-14 22:07:53;https://scontent.cdninstagram.com/v/t51.82787-15/581110967_17949842709046885_1334579594023647258_n.jpg?stp=dst-jpg_e35_tt6&_nc_cat=108&ig_cache_key=Mzc2NTg3NDcxODM5NDU1Mzg1OQ%3D%3D.3-ccb7-5&ccb=7-5&_nc_sid=58cdad&efg=eyJ2ZW5jb2RlX3RhZyI6InhwaWRzLjEwNjd4NzEyLnNkci5DMyJ9&_nc_ohc=g-r0L3fgbyUQ7kNvwHfW57p&_nc_oc=AdmlTRqb0_vuJLXTs-XXoU5_9ewmsEyyq08-YfPgVf4bl5AAqzApMFnkVSScs3tJJ5U&_nc_ad=z-m&_nc_cid=0&_nc_zt=23&_nc_ht=scontent.cdninstagram.com&_nc_gid=XSyCtilOyaclCNan7_Veig&oh=00_AfjINEmQGJR8TlG3cubIh5KgJXpbbCi_4XfikD0WfFqofQ&oe=69311925;"Valimiz Sayın Tuncay Akkoyun; Artuklu Kaymakamı Muhammet Öztabak, Savur Belediye Başkanı Engin Uğur Hamidi, AK Parti İl Başkanı Mehmet Uncu ve beraberindekilerle, ▶️ Mihriban Yurtgül ile Mehmet Taha Ersan’ın düğününe katılarak genç çifte mutluluklar diledi.  @iletisim  @tcicisleri";
https://www.instagram.com/p/DRC6hIWDPr0/;Carousel;248;0;0;2025-11-14 20:38:13;https://scontent.cdninstagram.com/v/t51.82787-15/583700043_18272193682304771_8786503049943101491_n.jpg?stp=dst-jpg_e35_tt6&_nc_cat=102&ig_cache_key=Mzc2NTgyOTU5MzcwNjgyNTI4NQ%3D%3D.3-ccb7-5&ccb=7-5&_nc_sid=58cdad&efg=eyJ2ZW5jb2RlX3RhZyI6InhwaWRzLjE0NDB4OTQ3LnNkci5DMyJ9&_nc_ohc=TAJ-67CA900Q7kNvwEuPD8T&_nc_oc=AdnFxa1rN-L8Izn21r_z8U0rLTYNoOJMfVUDM_QpQevIW9KQYkuQpQWBoyKG_YV-Fbk&_nc_ad=z-m&_nc_cid=0&_nc_zt=23&_nc_ht=scontent.cdninstagram.com&_nc_gid=XSyCtilOyaclCNan7_Veig&oh=00_AfgzWzd9K4RwabVVHXMkYWccjvI0pfxhLN6FQbdO0d8Naw&oe=693114B5;"Valimiz/Büyükşehir Belediye Başkan Vekilimiz Sayın Tuncay Akkoyun Başkanlığında; Genel Sekreterimiz Kemalettin Sakin, MARSU Genel Müdürümüz Murat Erçin, Genel Sekreter Yardımcılarımız ve Daire Başkanlarımızın katılımıyla Mardin Büyükşehir Belediyesinde düzenlenen toplantıda, Mardin’imizin 10 ilçesinde planlanan ve devam eden yatırımlar, İlçelerimizin kamu hizmetleri ihtiyaçlarının tespiti ve projelerin koordinasyonu ile ilgili yapılacak çalışmalar değerlendirildi.  Sayın Valimiz/Büyükşehir Belediye Başkan Vekilimiz, Daire Başkanlarımızın hizmetlerini anlatan sunumları tek tek dinleyerek çalışmaları hakkında bilgi aldı.  @iletisim  @tcicisleri";
https://www.instagram.com/p/DRCf_oejGf2/;Carousel;425;0;0;2025-11-14 16:46:27;https://scontent.cdninstagram.com/v/t51.82787-15/583525154_17949816201046885_5885754131272736690_n.jpg?stp=dst-jpg_e35_tt6&_nc_cat=102&ig_cache_key=Mzc2NTcxMjkzOTM3NTE0NDY0Mw%3D%3D.3-ccb7-5&ccb=7-5&_nc_sid=58cdad&efg=eyJ2ZW5jb2RlX3RhZyI6InhwaWRzLjEwNjd4NzEyLnNkci5DMyJ9&_nc_ohc=O7uxUR9Ts_cQ7kNvwGGJ4OB&_nc_oc=Admz2WhTGp0hKSZ3bg6OLXSfqmXfzj4DJ38zbuXwY7kXjJwJ1SGkCpo2wV2dZsetD3o&_nc_ad=z-m&_nc_cid=0&_nc_zt=23&_nc_ht=scontent.cdninstagram.com&_nc_gid=XSyCtilOyaclCNan7_Veig&oh=00_AfjvQrAadQtXv0wMYijSDElxwtrusD4yDNddHTqArTT8mA&oe=6930FD6D;Trabzon Büyükşehir Belediye Başkanı Sayın Ahmet Metin Genç, 26. ve 27. Dönem Trabzon Milletvekili Sayın Salih Cora, Derik Kaymakamı Sayın Yunus Emre Bayraklı, Genel Sekreter Yardımcısı Sayın Hasan Selim, AK Parti Derik İlçe Başkanı Sayın Süleyman Karahan ve beraberindekilerle, Valimiz Sayın Tuncay Akkoyun’a ziyarette bulundular.  @iletisim  @tcicisleri;
https://www.instagram.com/p/DRCSuwCDDhR/;Carousel;434;0;0;2025-11-14 14:50:33;https://scontent.cdninstagram.com/v/t51.82787-15/581799976_17949806745046885_7194203068370574607_n.jpg?stp=dst-jpg_e35_tt6&_nc_cat=100&ig_cache_key=Mzc2NTY1NDYxMTAyNjU1OTkwOQ%3D%3D.3-ccb7-5&ccb=7-5&_nc_sid=58cdad&efg=eyJ2ZW5jb2RlX3RhZyI6InhwaWRzLjE0NDB4MTA3OS5zZHIuQzMifQ%3D%3D&_nc_ohc=yW6mncTs43EQ7kNvwG324TX&_nc_oc=AdkzSCep_dWu1gSNTysZsoUs-NGwsGv6ZDvbp_0lzivJBJAs7SpfoWQC_kAQ9RysmHw&_nc_ad=z-m&_nc_cid=0&_nc_zt=23&_nc_ht=scontent.cdninstagram.com&_nc_gid=XSyCtilOyaclCNan7_Veig&oh=00_AfhjliiOa-X2gzPX-adeIvHqgf0jVDcukNx1cYyE-7NhGQ&oe=69310254;"Valimiz Sayın Tuncay Akkoyun; Vali Yardımcısı Mehmet Naim Akgül, İl Emniyet Müdürü Recep Tecimer ve beraberindekilerle, Şakir Nuhoğlu Camiinde Cuma namazı sonrası hemşehrilerimizle bir araya gelerek hasbihal etti.  @iletisim  @tcicisleri";
https://www.instagram.com/p/DRCLlqEjGxr/;Photo;233;0;0;2025-11-14 13:48:08;https://scontent.cdninstagram.com/v/t51.82787-15/582433247_17949800697046885_7446027807984715703_n.jpg?stp=dst-jpg_e35_tt6&_nc_cat=102&ig_cache_key=Mzc2NTYyMzIwNDc0MDg4NTYxMQ%3D%3D.3-ccb7-5&ccb=7-5&_nc_sid=58cdad&efg=eyJ2ZW5jb2RlX3RhZyI6InhwaWRzLjE0NDB4OTYwLnNkci5DMyJ9&_nc_ohc=59wru_1RzFEQ7kNvwE03U1T&_nc_oc=Adlfuc4qdkk7AynQxckRZNMGq3yLZFLA825A0z4qrfKPvqmE_6OX5gYFBKU9clAlTAU&_nc_ad=z-m&_nc_cid=0&_nc_zt=23&_nc_ht=scontent.cdninstagram.com&_nc_gid=XSyCtilOyaclCNan7_Veig&oh=00_AfhWLVYWpLxNqVlFhmjrZuYKJZJJQXEF4wE6X2Jz8h6d6w&oe=69313215;Mardin Cumhuriyet Başsavcı Vekili Sayın Serkan Şahbaz, Başdenetçi Sayın Osman Uğur Hasançebi ile Denetçiler Sayın Kadir Mert Karabıyık ve Sayın Ahmet Çağlar Kızıloğlu, Valimiz Sayın Tuncay Akkoyun’a ziyarette bulundular.  @iletisim  @tcicisleri;
https://www.instagram.com/p/DRADmy3DOD6/;Carousel;349;0;0;2025-11-13 17:59:54;https://scontent.cdninstagram.com/v/t51.82787-15/581042593_17949725028046885_4216759949708213417_n.jpg?stp=dst-jpg_e35_tt6&_nc_cat=109&ig_cache_key=Mzc2NTAyNTE0NDIxODM1ODg1NA%3D%3D.3-ccb7-5&ccb=7-5&_nc_sid=58cdad&efg=eyJ2ZW5jb2RlX3RhZyI6InhwaWRzLjE0NDB4OTYwLnNkci5DMyJ9&_nc_ohc=vYdhANy7o8wQ7kNvwHUpw9r&_nc_oc=Adl6_KONq2lkAMbwBL-z9lUxJ8O3kiwvZh8eH_lsq32Ye7easU6GtqXM6jDDUJD0c_g&_nc_ad=z-m&_nc_cid=0&_nc_zt=23&_nc_ht=scontent.cdninstagram.com&_nc_gid=XSyCtilOyaclCNan7_Veig&oh=00_AfhDADUpXWcP-pjRTD1j9oLrlWCOrpwArYMf0jkeD1OjMw&oe=6931092A;Siirt Valisi Sayın Dr. Kemal Kızılkaya, Valimiz Sayın Tuncay Akkoyun’a ziyarette bulundu.  @iletisim  @tcicisleri;
https://www.instagram.com/p/DQ_kLhajJaA/;Carousel;480;0;0;2025-11-13 13:25:18;https://scontent.cdninstagram.com/v/t51.82787-15/581802565_17949702069046885_8190968594232676036_n.jpg?stp=dst-jpg_e35_tt6&_nc_cat=109&ig_cache_key=Mzc2NDg4NjkyNjA3MjIyMDIwNQ%3D%3D.3-ccb7-5&ccb=7-5&_nc_sid=58cdad&efg=eyJ2ZW5jb2RlX3RhZyI6InhwaWRzLjE0NDB4OTYwLnNkci5DMyJ9&_nc_ohc=AUK7Um5YmIgQ7kNvwFNRnSz&_nc_oc=Adll39VsRnLOv03QMNmCJCqwkC01tM-FhRxn3KbbDfQv3JmBiDMGLY0LlRePIA95S0Q&_nc_ad=z-m&_nc_cid=0&_nc_zt=23&_nc_ht=scontent.cdninstagram.com&_nc_gid=XSyCtilOyaclCNan7_Veig&oh=00_AfhDT8K6D8VTSLiP3jTz_Hg48_Um52BAJADQxnDcla9hQg&oe=69311778;"📌 Midyat/DİKA Olağan Yönetim Kurulu Toplantısı  Valimiz Sayın Tuncay Akkoyun Başkanlığında; Batman Valisi Sayın Ekrem Canalp, Siirt Valisi Sayın Dr. Kemal Kızılkaya, Şırnak Valisi Sayın Birol Ekici, DİKA Genel Sekreteri Aykut Aniç, Batman İl Genel Meclis Başkanı Gülcemal Erdinç, Şırnak İl Genel Meclis Başkanı Galip Külter, Mardin TSO Başkanı Hatip Çelik, Batman TSO Başkanı Abdülkadir Demir ile DİKA Birim Başkanları ile Koordinatörlerin katılımıyla “Dicle Kalkınma Ajansı (DİKA) Olağan Yönetim Kurulu Toplantısı” Midyat İlçemizde gerçekleştirildi.  Sayın Valimiz, toplantının hayırlara vesile olmasını, DİKA çalışmalarının Mardin, Batman, Siirt ve Şırnak illerimiz ile birlikte Bölgemiz ve Ülkemizin kalkınmasına vesile olması temennilerinde bulundu.  Toplantının sonunda Valimiz Sayın Tuncay Akkoyun, DİKA Yönetim Kurulu Başkanlığı görevini Siirt Valisi Sayın Dr. Kemal Kızılkaya’ya devretti.  @tcicisleri  @tcicisleri";
https://www.instagram.com/p/DQ99lcLjK1w/;Carousel;353;0;0;2025-11-12 22:28:49;https://scontent.cdninstagram.com/v/t51.82787-15/579905150_17949651348046885_7328809058142792686_n.jpg?stp=dst-jpg_e35_tt6&_nc_cat=101&ig_cache_key=Mzc2NDQzNTcwOTQ2NjUzOTM2Mg%3D%3D.3-ccb7-5&ccb=7-5&_nc_sid=58cdad&efg=eyJ2ZW5jb2RlX3RhZyI6InhwaWRzLjEyMDB4OTAwLnNkci5DMyJ9&_nc_ohc=xcWqG_ZXCVAQ7kNvwHBodb8&_nc_oc=Adm-Vv3sM0bnq18X2jumOhTjpDZtG4z05owx0KvulkgM89L-kK7TE1PMc9YQFIprCLY&_nc_ad=z-m&_nc_cid=0&_nc_zt=23&_nc_ht=scontent.cdninstagram.com&_nc_gid=XSyCtilOyaclCNan7_Veig&oh=00_AfgbzZR7dKjYu73LwrjA3eESiuLf-1lYYJ5IiKyXULmE7A&oe=69312D73;"Valimiz Sayın Tuncay Akkoyun; Kızıltepe Kaymakamı Abdullah Şahin, İl Jandarma Komutanı Tuğgeneral Tahsin Saruhan, İl Emniyet Müdürü Recep Tecimer ve beraberindekilerle, ▶️ Aziz Şehidimiz Abdülmecit Tumur’un vefat eden babası Mehmet Tumur’un taziyesine katılarak ailesine başsağlığı dileklerinde bulundu.  @iletisim  @tcicisleri";
https://www.instagram.com/p/DQ9qHpmjAJs/;Carousel;292;0;0;2025-11-12 19:38:43;https://scontent-ord5-2.cdninstagram.com/v/t51.82787-15/581846886_17949640380046885_8534377113507317077_n.jpg?stp=dst-jpg_e35_tt6&_nc_cat=104&ig_cache_key=Mzc2NDM1MDA5NjgzNDg0NzQ1Ng%3D%3D.3-ccb7-5&ccb=7-5&_nc_sid=58cdad&efg=eyJ2ZW5jb2RlX3RhZyI6InhwaWRzLjE0NDB4OTYwLnNkci5DMyJ9&_nc_ohc=zyhomLNfFnAQ7kNvwH8vm3t&_nc_oc=Adm196k2zOrJVV-JsESiLa0XiAwxESAovXUfqf54-Kzi18_tFc6-bzvs1aekrRkdvYI&_nc_ad=z-m&_nc_cid=0&_nc_zt=23&_nc_ht=scontent-ord5-2.cdninstagram.com&_nc_gid=wjDO8hOpRW66h-Rhs8GKYQ&oh=00_AfjC3nnvVZUGzvsbpzkhd0x3s1-YjZV70cvW0z_tM7zW1g&oe=6931297A;"📌 OSB Yönetim Kurulu Toplantısı  Valimiz Sayın Tuncay Akkoyun Başkanlığında; Artuklu Kaymakamı Muhammet Öztabak, Mardin Organize Sanayi Bölgesi (OSB) Yönetim Kurulu Başkan Vekili Abdulnasır Duyan, Yönetim Kurulu Üyeleri ve Müteşebbis Heyeti üyelerinin katılımıyla Yönetim Kurulu Toplantısı gerçekleştirildi.  Toplantıda, Mardin Organize Sanayi Bölgesi’nin mevcut durumu, yürütülen projeler ve yeni yatırım planları değerlendirildi.  @iletisim  @tcicisleri";
https://www.instagram.com/p/DQ9SATdDFjh/;Carousel;404;0;0;2025-11-12 16:08:00;https://scontent-ord5-1.cdninstagram.com/v/t51.82787-15/580621102_17949621981046885_7213031891770937506_n.jpg?stp=dst-jpg_e35_tt6&_nc_cat=101&ig_cache_key=Mzc2NDI0NDA0MTE1NzEwMDE1OA%3D%3D.3-ccb7-5&ccb=7-5&_nc_sid=58cdad&efg=eyJ2ZW5jb2RlX3RhZyI6InhwaWRzLjEwNjd4NzEyLnNkci5DMyJ9&_nc_ohc=8WukbiRGMr0Q7kNvwFXCsnS&_nc_oc=AdkMlyC7nIGAFwTS6EsJpmmPpE_snuW21kxLOUgKuzSwkMZ0gbekq4Lx_CabzHzFj_Y&_nc_ad=z-m&_nc_cid=0&_nc_zt=23&_nc_ht=scontent-ord5-1.cdninstagram.com&_nc_gid=wjDO8hOpRW66h-Rhs8GKYQ&oh=00_Afj8P_A1KzmVBzA-iXbkaZr6qufEuoZ3z1hisbNShWOQuQ&oe=6931109C;"📌Kış Mevsimi Trafik Tedbirleri Toplantısı  Valimiz Sayın Tuncay Akkoyun Başkanlığında; Vali Yardımcısı İbrahim Engin Şenay, İl Jandarma Komutanı Tuğgeneral Tahsin Saruhan, İl Emniyet Müdürü Recep Tecimer, Artuklu Kaymakamı Muhammet Öztabak, Mardin Büyükşehir Belediyesi Genel Sekreteri Kemalettin Sakin, İlgili Kurum Amirleri ile İlçe Kaymakamlarımızın Video Konferans Sistemi (VKS) üzerinden katılımlarıyla “Kış Mevsimi Trafik Tedbirleri ve Karayolları Trafik Güvenliği Koordinasyon Toplantısı” gerçekleştirildi.  Toplantıda: ➡️Şehirlerarası karayollarında yolcu ve eşya taşımalarında kullanılan taşıtlarda 15 Kasım ile takip eden yılın 15 Nisan tarihleri arasında kış lastiği kullanma zorunluluğuna uyulması hususunda gerekli denetimlerin yapılması, özellikle şehirlerarası yolcu otobüslerinin terminal çıkışında kontrol edilmesi, ➡️Kış lastiği kullanma zorunluluğu bulunan araçların bu zorunluluğa uymadıklarının tespiti halinde araçlara idari para cezasının yanında lastiklerini uygun hale getirebilecekleri en yakın yerleşim birimine kadar gitmeleri için Kış Lastiği Kullanma Zorunluluğu ile İlgili Usul ve Esaslar Hakkında Tebliğlerin yapılması, ➡️Ağır kış koşullarında yolun trafiğe kapandığı durumlarda iller arasında koordinasyon sağlanarak dinlenme tesislerinde bulunan taşıtların karayoluna çıkışlarına müsaade edilmemesi, karayolu elverişli hale gelinceye kadar bu güzergâhları kullanacak olan taşıtların uygun yerlerde bekletilmesi, ➡️ Şehiriçi ve şehirlerarası karayolunun trafiğe kapanması veya trafiğin yoğunlaşması halinde taşıt trafiğinin önceden belirlenen “Alternatif Güzergâhlar”a yönlendirilmesi, ➡️Trafik yoğunluğunun önlenmesi amacıyla halkın toplu taşıma vasıtalarından yararlanmalarının teşvik edilmesi konularında değerlendirmelerde bulunuldu.  @iletisim  @tcicisleri";
https://www.instagram.com/p/DQ8tIOyCLBn/;Photo;230;0;0;2025-11-12 10:45:46;https://scontent-ord5-2.cdninstagram.com/v/t51.82787-15/582079235_17951758821020389_5826397905017914303_n.jpg?stp=dst-jpg_e35_tt6&_nc_cat=105&ig_cache_key=Mzc2NDA4MTg2NjI5NTUyMTM4Mw%3D%3D.3-ccb7-5&ccb=7-5&_nc_sid=58cdad&efg=eyJ2ZW5jb2RlX3RhZyI6InhwaWRzLjE0NDB4MTQ0MC5zZHIuQzMifQ%3D%3D&_nc_ohc=_QiETWt_OW0Q7kNvwGXZlhQ&_nc_oc=AdnKIivIK9V8y1gKAgcSHdBoE7cViDJnft5dsj512epWQNRekEAWAMGVbubpFc1MFCY&_nc_ad=z-m&_nc_cid=0&_nc_zt=23&_nc_ht=scontent-ord5-2.cdninstagram.com&_nc_gid=wjDO8hOpRW66h-Rhs8GKYQ&oh=00_AfglMWRwYYdavMTTXyuXOnHbrAq7HeZziVZdxHWCKpMBnw&oe=6931232F;"Milletimizin başı sağ olsun🇹🇷  Azerbaycan’dan Türkiye’ye gelmek üzere havalanan askeri kargo uçağımızın Gürcistan’da düşmesi sonucu Şehit olan Kahramanlarımıza Allah’tan rahmet; ailelerine ve Milletimize başsağlığı diliyorum.  Şehitlerimizin mekanları cennet, makamları âli olsun.";
https://www.instagram.com/p/DQ7JyO9jEij/;Carousel;291;0;0;2025-11-11 20:17:42;https://scontent-ord5-3.cdninstagram.com/v/t51.82787-15/582028587_17949548094046885_8650388597466779433_n.jpg?stp=dst-jpg_e35_tt6&_nc_cat=100&ig_cache_key=Mzc2MzY0NDkzOTYwODMxODE0Mw%3D%3D.3-ccb7-5&ccb=7-5&_nc_sid=58cdad&efg=eyJ2ZW5jb2RlX3RhZyI6InhwaWRzLjE0NDB4OTYwLnNkci5DMyJ9&_nc_ohc=zrl9NKK_uyAQ7kNvwFf6OUm&_nc_oc=AdmUKqs5Yz47IYhmIGSvajsdu_IZHL_tpH7q-OuIn6FK6Nsvoy6m_A-C9Zpgv8lWDoE&_nc_ad=z-m&_nc_cid=0&_nc_zt=23&_nc_ht=scontent-ord5-3.cdninstagram.com&_nc_gid=wjDO8hOpRW66h-Rhs8GKYQ&oh=00_Afhxjl76KAqg_TkNAcZhkXQsVHFucA8Vue6aWzON2PdZuw&oe=6931116E;"Valimiz Sayın Tuncay Akkoyun; Vali Yardımcısı Mehmet Naim Akgül ile birlikte ASKON Mardin Şubesini ziyaret etti. Sayın Valimiz ziyarette, ASKON Mardin Başkanı Bedran Şimşek ve Yönetim Kurulu Üyeleriyle bir araya geldi.  @iletisim  @tcicisleri";
https://www.instagram.com/p/DQ7IVMtjN6s/;Photo;239;0;0;2025-11-11 20:04:59;https://scontent-ord5-2.cdninstagram.com/v/t51.82787-15/581927134_17949547413046885_6120561705817469971_n.jpg?stp=dst-jpg_e35_tt6&_nc_cat=102&ig_cache_key=Mzc2MzYzODU1NDcyODM5MDMxNg%3D%3D.3-ccb7-5&ccb=7-5&_nc_sid=58cdad&efg=eyJ2ZW5jb2RlX3RhZyI6InhwaWRzLjE0NDB4OTYwLnNkci5DMyJ9&_nc_ohc=u-dGg39EC1UQ7kNvwEcQbkv&_nc_oc=AdlkQMDlm7PMMPoPgwdFQytYbcWDxQqIOSIv_43KMMroYwgziXIAUoFtPwdJ033iRAY&_nc_ad=z-m&_nc_cid=0&_nc_zt=23&_nc_ht=scontent-ord5-2.cdninstagram.com&_nc_gid=wjDO8hOpRW66h-Rhs8GKYQ&oh=00_Afjase6_ICnRQxwbmZXTs8IfrLQyGXnqVDxSRKn43xl2dQ&oe=693124AE;İstanbul/Çağlayan Adliyesi Cumhuriyet Savcısı İzzettin Bozkuş, Avukat Hüseyin Bozkuş ve İş İnsanı Abdülaziz Bozkuş, Valimiz Sayın Tuncay Akkoyun’a ziyarette bulundu.  @iletisim  @tcicisleri;
https://www.instagram.com/p/DQ7EO5WiP9a/;Photo;174;0;0;2025-11-11 19:29:11;https://scontent-ord5-1.cdninstagram.com/v/t51.82787-15/581525427_17951703300020389_3856336697778335875_n.jpg?stp=dst-jpg_e35_tt6&_nc_cat=101&ig_cache_key=Mzc2MzYyMDUyOTQzODI2MTA4Mg%3D%3D.3-ccb7-5&ccb=7-5&_nc_sid=58cdad&efg=eyJ2ZW5jb2RlX3RhZyI6InhwaWRzLjE0NDB4MTQ0MC5zZHIuQzMifQ%3D%3D&_nc_ohc=SjSMHypUWDcQ7kNvwG1Lnvo&_nc_oc=AdmN3f64emTUobe_dJj4TxTmUugf6mx8h2n_dyYNjxP9jsHA61UfNA3rB0qKEOA3q6g&_nc_ad=z-m&_nc_cid=0&_nc_zt=23&_nc_ht=scontent-ord5-1.cdninstagram.com&_nc_gid=wjDO8hOpRW66h-Rhs8GKYQ&oh=00_Afjs25pvILCxqIageE_Km8cfXeMoGOH04OLKwsUbGUkmrw&oe=69311E47;"Milletimizin başı sağ olsun🇹🇷  Osmaniye’de geçirdiği rahatsızlık sonucu Şehit olan Trafik Tescil ve Denetleme Şube Müdürlüğü kadrosunda görevli Polis Memuru Faruk Şahin’e Allah’tan rahmet; ailesine, Kahraman Emniyet Teşkilatımıza ve Milletimize başsağlığı diliyorum.";
https://www.instagram.com/p/DQ7CSbyDHYW/;Photo;177;0;0;2025-11-11 19:12:11;https://scontent-ord5-3.cdninstagram.com/v/t51.82787-15/579655409_17949543111046885_9005251620546179027_n.jpg?stp=dst-jpg_e35_tt6&_nc_cat=109&ig_cache_key=Mzc2MzYxMTk3NjQ3MjQ5MTU0Mg%3D%3D.3-ccb7-5&ccb=7-5&_nc_sid=58cdad&efg=eyJ2ZW5jb2RlX3RhZyI6InhwaWRzLjE0NDB4OTYxLnNkci5DMyJ9&_nc_ohc=EtglT1bH734Q7kNvwGvpOsw&_nc_oc=AdlOZw3-UHy0HLOk0g5SM3L4gdpZGGZDBSa_c6n3Uvt_PItXexLKowJ0eUumRMWP7-4&_nc_ad=z-m&_nc_cid=0&_nc_zt=23&_nc_ht=scontent-ord5-3.cdninstagram.com&_nc_gid=wjDO8hOpRW66h-Rhs8GKYQ&oh=00_AfgbdljpuXUY_O1qioucpJc_TL_GiytGqdtd73gKHTWj-w&oe=693128E5;"Valimiz Sayın Tuncay Akkoyun; ▶️ Mardin Elazığlılar Yardımlaşma ve Dayanışma Derneği Başkanı Muhlis Yalçın ile Yönetim Kurulu Üyesi Serdar Sarıtop’u Valilik Makamında ağırladı.  @iletisim  @tcicisleri";
https://www.instagram.com/p/DQ67DTgDG4E/;Photo;158;0;0;2025-11-11 18:08:57;https://scontent-ord5-1.cdninstagram.com/v/t51.82787-15/579585698_17949537186046885_6245594863816209979_n.jpg?stp=dst-jpg_e35_tt6&_nc_cat=111&ig_cache_key=Mzc2MzU4MDE1MDQ2MjgzNjIyOA%3D%3D.3-ccb7-5&ccb=7-5&_nc_sid=58cdad&efg=eyJ2ZW5jb2RlX3RhZyI6InhwaWRzLjE0NDB4OTYwLnNkci5DMyJ9&_nc_ohc=-myn0jik428Q7kNvwFmwEf3&_nc_oc=AdlPDqunzYEpbGnYflgkZ3UPhukXC3c9oGWWrqCY8jaso-BrFKOZJSVxr59GZ4cjFi4&_nc_ad=z-m&_nc_cid=0&_nc_zt=23&_nc_ht=scontent-ord5-1.cdninstagram.com&_nc_gid=wjDO8hOpRW66h-Rhs8GKYQ&oh=00_Afhaeos0a1obul4lieZj9kfe5lAkNJfkCd32OGmR-WoR5Q&oe=69311B64;Ulusal Koordinasyon ve Ortak Risk Analiz Merkezi (UKORAM) Daire Başkanı Sayın Bekir Özen, Vali Yardımcısı Sayın Mehmet Naim Akgül ile İl Göç İdaresi Müdürü Sayın Mehmet Tepeaşan, Valimiz Sayın Tuncay Akkoyun’a ziyarette bulundular.  @iletisim  @tcicisleri;
https://www.instagram.com/p/DQ626E6DObv/;Photo;209;0;0;2025-11-11 17:32:45;https://scontent-ord5-3.cdninstagram.com/v/t51.82787-15/576565194_17949534165046885_6717627608636456663_n.jpg?stp=dst-jpg_e35_tt6&_nc_cat=106&ig_cache_key=Mzc2MzU2MTkyNDEzMTYxMjM5OQ%3D%3D.3-ccb7-5&ccb=7-5&_nc_sid=58cdad&efg=eyJ2ZW5jb2RlX3RhZyI6InhwaWRzLjE0NDB4OTYxLnNkci5DMyJ9&_nc_ohc=lQvJuKqvC0sQ7kNvwH3EEdq&_nc_oc=AdmmCgULRJLmTEkz5RHI-rWYxfhGaWqM2THW5orWSNu9d1GRtJW7A8YnEzyge-URKW8&_nc_ad=z-m&_nc_cid=0&_nc_zt=23&_nc_ht=scontent-ord5-3.cdninstagram.com&_nc_gid=wjDO8hOpRW66h-Rhs8GKYQ&oh=00_AfhMgyyeiXwQHDpAYU-5U8oCXG8CA5Ye_X6bZXzlTczqMQ&oe=693120F6;"Valimiz Sayın Tuncay Akkoyun; ▶️ İHH Mardin Şube Başkanı Hamdullah Aşar’ı Valilik Makamında ağırladı.  @iletisim  @tcicisleri";
https://www.instagram.com/p/DQ6sfYDDGNP/;Carousel;451;0;0;2025-11-11 16:01:43;https://scontent-ord5-3.cdninstagram.com/v/t51.82787-15/581791470_17949525405046885_5728713913983251329_n.jpg?stp=dst-jpg_e35_tt6&_nc_cat=109&ig_cache_key=Mzc2MzUxNjA5ODcyNjM2NjY3Ng%3D%3D.3-ccb7-5&ccb=7-5&_nc_sid=58cdad&efg=eyJ2ZW5jb2RlX3RhZyI6InhwaWRzLjE0NDB4OTYwLnNkci5DMyJ9&_nc_ohc=p-dhZl3qDEIQ7kNvwFVN66Z&_nc_oc=AdlcTCllS9y9Ten-qmvdioMSujNR2dj5QFEQqMyOUjcLODWCmS4wW-fGhKBr50vhSv4&_nc_ad=z-m&_nc_cid=0&_nc_zt=23&_nc_ht=scontent-ord5-3.cdninstagram.com&_nc_gid=wjDO8hOpRW66h-Rhs8GKYQ&oh=00_AfieqvH-VpJHZ6TLPATLDPEY7b6eXyk6fg9Y4rxMWNnHlw&oe=69311419;"📌Artuklu/ ”Geleceğe Nefes” Fidan Dikme Programı  Valimiz Sayın Tuncay Akkoyun; 🟢 11 Kasım Millî Ağaçlandırma Günü münasebetiyle “Şahidimiz toprak, imzamız fidan, sevdamız Yeşil Vatan” sloganıyla düzenlenen fidan dikme programına katıldı. 🟢Artuklu İlçemiz Yayla Ağaçlandırma Uygulama Sahasında gerçekleştirilen etkinlikte farklı türlerde 5️⃣.0️⃣0️⃣0️⃣ fidanlar toprakla buluşturuldu. 🟢Sayın Valimiz, fidan dikme etkinliğine katılan öğrenciler, sivil toplum kuruluşu temsilcileri ve kamu kurumları görevlileriyle birlikte fidan dikimi gerçekleştirerek, geleceğe nefes olacak etkinliğe katkıda bulundu. 🟢Programa ayrıca; Artuklu Kaymakamı Muhammet Öztabak, Vali Yardımcısı İbrahim Engin Şenay, İl Jandarma Komutanı Tuğgeneral Tahsin Saruhan, İl Emniyet Müdürü Recep Tecimer, AK Parti İl Başkan Vekili Bülent Gözü, MHP İl Başkanı Ferhan Bozkuş, Mardin Büyükşehir Belediyesi Genel Sekreteri Kemalettin Sakin, Mardin Orman İşletme Müdürü Siyamet Kaya, Kamu Kuru ve Kuruluşları Amirleri, Sivil Toplum Kuruluşları Yöneticileri, Öğrenciler ve vatandaşlarımız katıldı.  @iletisim  @tcicisleri  @tarimgovtr";
https://www.instagram.com/p/DQ6ShT3CKxr/;Photo;287;0;0;2025-11-11 12:14:47;https://scontent-ord5-3.cdninstagram.com/v/t51.82787-15/579677688_17951666946020389_1137964341578683971_n.jpg?stp=dst-jpg_e35_tt6&_nc_cat=107&ig_cache_key=Mzc2MzQwMTg5MjUyNTgxMjg0Mw%3D%3D.3-ccb7-5&ccb=7-5&_nc_sid=58cdad&efg=eyJ2ZW5jb2RlX3RhZyI6InhwaWRzLjEwODB4MTA4MC5zZHIuQzMifQ%3D%3D&_nc_ohc=N-BGYK_HHNYQ7kNvwEl_Imy&_nc_oc=Adl4TcG0innxbikuKTjo6DQW7WzmcGYKrs303A0POWnfh8HwPd4fOYW9O10iph2D-Vg&_nc_ad=z-m&_nc_cid=0&_nc_zt=23&_nc_ht=scontent-ord5-3.cdninstagram.com&_nc_gid=wjDO8hOpRW66h-Rhs8GKYQ&oh=00_Afh5Q0SQL3DaOPUU13JQMEzioLWWRBXLL81Wtdz0agSTbw&oe=6930FF0D;Aziz Milletimize hizmet ederken görevi başında Şehit edilen Kaymakamımız Muhammet Fatih Safitürk’ü, Şehadetinin seneidevriyesinde rahmetle yâd ediyorum. Ruhu şad, mekânı cennet olsun.;
https://www.instagram.com/p/DQ5bP6FiJp7/;Reels;142;0;6111;2025-11-11 04:13:31;https://scontent-ord5-2.cdninstagram.com/v/t51.71878-15/581853201_846892971321174_1588890259949901353_n.jpg?stp=dst-jpg_e15_tt6&_nc_cat=103&ig_cache_key=Mzc2MzE1ODgwNDA2MjU3NTIyNw%3D%3D.3-ccb7-5&ccb=7-5&_nc_sid=58cdad&efg=eyJ2ZW5jb2RlX3RhZyI6InhwaWRzLjY0MHgzNjIuc2RyLkMzIn0%3D&_nc_ohc=TQBy8p9X4V0Q7kNvwHy8OQ-&_nc_oc=AdnLTvHpLca4s7HzM7Sk51CLD3LAajmQyaGAsYd4ZIm3jUo54f5bf4m4VGavxM5DoYU&_nc_ad=z-m&_nc_cid=0&_nc_zt=23&_nc_ht=scontent-ord5-2.cdninstagram.com&_nc_gid=wjDO8hOpRW66h-Rhs8GKYQ&oh=00_AfiVI0EHOpD5PZK65q4FKkjOcFDwqwzOlb0ytu1YniqQfw&oe=693122A4;📌 Sevdamız Yeşil Vatan  11 Kasım Millî Ağaçlandırma Günü’nde, ülkemizin dört bir yanında olduğu gibi Mardin’imizde de gerçekleştirilecek fidan dikim etkinlikleriyle doğaya nefes, geleceğe umut kazandırıyoruz. 🌳  👉 gelecegenefes.gov.tr adresinden fidanınızı sahiplenin, gelecek nesillere daha yeşil bir vatan bırakma seferberliğine siz de katılın.  #GeleceğeNefes  #MilliAğaçlandırmaGünü;
https://www.instagram.com/p/DQ44noqDOAw/;Photo;147;0;0;2025-11-10 23:09:13;https://scontent-mia3-3.cdninstagram.com/v/t51.82787-15/575981243_17949463512046885_738871061350068294_n.jpg?stp=dst-jpg_e35_tt6&_nc_cat=109&ig_cache_key=Mzc2MzAwNjUwMjk4NzQyMzc5Mg%3D%3D.3-ccb7-5&ccb=7-5&_nc_sid=58cdad&efg=eyJ2ZW5jb2RlX3RhZyI6InhwaWRzLjE0NDB4OTYxLnNkci5DMyJ9&_nc_ohc=BlTTA7GOLokQ7kNvwEQo7Bq&_nc_oc=AdkISMeEB-ppMQglPxyagGtSgMvr0e2yW2_c3mk6n9sFwTgH0XxDDz8W7D7qVW-nvkFx-ABEolf6Cutyo15oO2ab&_nc_ad=z-m&_nc_cid=0&_nc_zt=23&_nc_ht=scontent-mia3-3.cdninstagram.com&_nc_gid=VQBSdZYlymMqsZkl2sHVbQ&oh=00_AfgEiFvyX2KR9v0M2IEORUwWJ3vrh3C4gVc3pFTdA6bA8g&oe=69311EE6;"Valimiz Sayın Tuncay Akkoyun; ➡️ Anadolu Gazeteciler Cemiyeti Başkanı Cemil Aydoğan’ı Valilik Makamında ağırladı.  @iletisim  @tcicisleri";
https://www.instagram.com/p/DQ4t9qxDOIZ/;Photo;204;0;0;2025-11-10 21:36:06;https://scontent-mia5-2.cdninstagram.com/v/t51.82787-15/580714363_17949457635046885_920094734254391297_n.jpg?stp=dst-jpg_e35_tt6&_nc_cat=100&ig_cache_key=Mzc2Mjk1OTYzODU2OTIxNDQ4OQ%3D%3D.3-ccb7-5&ccb=7-5&_nc_sid=58cdad&efg=eyJ2ZW5jb2RlX3RhZyI6InhwaWRzLjE0NDB4OTYwLnNkci5DMiJ9&_nc_ohc=d8Nrwrbk3IwQ7kNvwFggx39&_nc_oc=AdkMPe5pvGp6S3OxS2_dnmn1eDmRAu-xZPcLLj3m3bl3wOAL7tegnkVT2yadPIHEuH3glvfj-72XTHg5vLkRoBUB&_nc_ad=z-m&_nc_cid=0&_nc_zt=23&_nc_ht=scontent-mia5-2.cdninstagram.com&_nc_gid=VQBSdZYlymMqsZkl2sHVbQ&oh=00_AfiZYQ8J9FUl5v26edqup95iIS06rrnhB6LdUyrClMgMOQ&oe=69312A81;"Valimiz Sayın Tuncay Akkoyun; ▶️ Mardin Merkez Muhtarlar Dernek Başkanı Nejdi Aydın ile Nur (Akıncı) Mahalle Muhtarı Mehmet Ali Aydın’ı Valilik Makamında ağırladı.  @iletisim  @tcicisleri";
https://www.instagram.com/p/DQ4j0ARjPoX/;Photo;177;0;0;2025-11-10 20:07:24;https://scontent-mia3-2.cdninstagram.com/v/t51.82787-15/581609307_17949448374046885_4186770628456335839_n.jpg?stp=dst-jpg_e35_tt6&_nc_cat=105&ig_cache_key=Mzc2MjkxNDk5NDAwMzE4MDA1NQ%3D%3D.3-ccb7-5&ccb=7-5&_nc_sid=58cdad&efg=eyJ2ZW5jb2RlX3RhZyI6InhwaWRzLjE0NDB4OTYwLnNkci5DMyJ9&_nc_ohc=HAseKEANK_MQ7kNvwEr261n&_nc_oc=AdnTIitldpCg4uvUwlcceKsd0ziu4bhxJVWe2l-MEpj_OKKGuyqUClidO3l6kXMI0jdt0J3oypUsbJCJV1lVlxL4&_nc_ad=z-m&_nc_cid=0&_nc_zt=23&_nc_ht=scontent-mia3-2.cdninstagram.com&_nc_gid=VQBSdZYlymMqsZkl2sHVbQ&oh=00_AfgaOz5OpndrcgO1hXtXM3rI6Rv2yml0qaR47VVJoxUOKw&oe=69310449;"Valimiz Sayın Tuncay Akkoyun; ▶️ Artuklu Muhtarlar Derneği Başkanı Abdürrezzak Eren, Zeytinli Mahalle Muhtarı Abdülkadir Cebeci ile Akıncı Mahalle Muhtarı Abdurrahman Öztürk’ü Valilik Makamında ağırladı.  @iletisim  @tcicisleri";
https://www.instagram.com/p/DQ4V_q-jGVB/;Photo;232;0;0;2025-11-10 18:06:40;https://scontent-mia3-2.cdninstagram.com/v/t51.82787-15/579647369_17949437403046885_2679016265190348923_n.jpg?stp=dst-jpg_e35_tt6&_nc_cat=105&ig_cache_key=Mzc2Mjg1NDIyMzExODM2MTkyMQ%3D%3D.3-ccb7-5&ccb=7-5&_nc_sid=58cdad&efg=eyJ2ZW5jb2RlX3RhZyI6InhwaWRzLjE0NDB4OTYxLnNkci5DMyJ9&_nc_ohc=jWRiOAuH-4YQ7kNvwFdNizE&_nc_oc=AdlaieyIaL1V6_7JaH43gh-st7cus5ItR0TIeo5GF4VyAo7AA87dGUZYvNUk-uq3PjyGlay7uJOstWZa3evoAz6F&_nc_ad=z-m&_nc_cid=0&_nc_zt=23&_nc_ht=scontent-mia3-2.cdninstagram.com&_nc_gid=VQBSdZYlymMqsZkl2sHVbQ&oh=00_AfgH-eoLjoNkfeSM7SqMX5nziMNg6jEqRkR_8zcO8IQ3Zw&oe=6930FFEA;"Valimiz Sayın Tuncay Akkoyun; ▶️ Mardin Terziler ve Konfeksiyoncular Esnaf Odası Başkanı Şeyhmus Sayat, ▶️ Mardin Esnaf Kefalet Kredi Kooperatifi Başkanı Murtaza İnan, ▶️ Ömer Esnaf Kefalet Kredi Kooperatifi Başkanı Şeyhmus Akgündüz, ▶️ Mardin Tekstilciler Dernek Başkanı Halil El, ▶️ Terziler ve Konfeksiyoncular Esnaf Odası Yönetim Kurulu Üyeleri Ali Özdemir, Yusuf Derin ve Ömer Gözal’ı Valilik Makamında ağırladı.  @iletisim  @tcicisleri";
https://www.instagram.com/p/DQ4R7ZdDE_-/;Photo;201;0;0;2025-11-10 17:31:08;https://scontent-mia5-2.cdninstagram.com/v/t51.82787-15/579685887_17949433038046885_3887921642665490627_n.jpg?stp=dst-jpg_e35_tt6&_nc_cat=100&ig_cache_key=Mzc2MjgzNjMzNzIzODc1NzM3NA%3D%3D.3-ccb7-5&ccb=7-5&_nc_sid=58cdad&efg=eyJ2ZW5jb2RlX3RhZyI6InhwaWRzLjE0NDB4OTYxLnNkci5DMyJ9&_nc_ohc=AAb0eh-o-FYQ7kNvwGjF8hR&_nc_oc=Adn3g4KjeDjn7UdMvcDzloMUQ9acWCn9hPRhZds12cZCKTYZQwrxqnBlCMa8I6pkUCAyqGTLIj3DBGavMdgezq6Z&_nc_ad=z-m&_nc_cid=0&_nc_zt=23&_nc_ht=scontent-mia5-2.cdninstagram.com&_nc_gid=VQBSdZYlymMqsZkl2sHVbQ&oh=00_Afj0l1d9UQ_275Mn1X3eIvRrTz6vuo6JjRjDKa1v_D9Fhg&oe=693103EF;"Valimiz Sayın Tuncay Akkoyun; ▶️ Mardin Turizm ve Otelciler Derneği Başkanı Özgür Azad Güngör’ü Valilik Makamında ağırladı.  @iletisim  @tcicisleri";
https://www.instagram.com/p/DQ3_PanDCpa/;Carousel;290;0;0;2025-11-10 14:47:50;https://scontent-mia5-2.cdninstagram.com/v/t51.82787-15/576649396_17949419298046885_2815072805611001045_n.jpg?stp=dst-jpg_e35_tt6&_nc_cat=100&ig_cache_key=Mzc2Mjc1NDEzNjc1NzI4MTg1OA%3D%3D.3-ccb7-5&ccb=7-5&_nc_sid=58cdad&efg=eyJ2ZW5jb2RlX3RhZyI6InhwaWRzLjE0NDB4OTYwLnNkci5DMyJ9&_nc_ohc=_nFrv7u0njAQ7kNvwHD27je&_nc_oc=AdksvdNGrBg_WbFWvZtSWZ5GI_lRki_SMRebIQtrEzgOPbhA36UrjexDSc-9o7x6gtpbAJSSNyShINzpJrJgoEgb&_nc_ad=z-m&_nc_cid=0&_nc_zt=23&_nc_ht=scontent-mia5-2.cdninstagram.com&_nc_gid=VQBSdZYlymMqsZkl2sHVbQ&oh=00_AfiDCo-B5xbTfbCsT2B_x5of7YxEclraQcvYa8HTPGrNxQ&oe=69310803;"📌10 Kasım Gazi Mustafa Kemal Atatürk’ü Anma Programı🇹🇷  Valimiz Sayın Tuncay Akkoyun; ♦️ 5’inci Zırhlı Tugay Komutanı Tuğgeneral Sayın Erdin Kaya, İl Protokolü, davetlilerimiz ve öğrencilerimizle birlikte, Gazi Mustafa Kemal Atatürk’ün ebediyete irtihalinin 87. yıldönümü münasebetiyle İl Millî Eğitim Müdürlüğü Konferans Salonu’nda düzenlenen “10 Kasım Atatürk’ü Anma Günü Programı”na katıldı. ♦️ Saygı duruşunda bulunulması ve İstiklal Marşı’nın okunmasının ardından, Cumhuriyetimizin Kurucusu Gazi Mustafa Kemal Atatürk’ü anlatan sinevizyon gösterimi katılımcılara izletildi. ♦️ Öğrenciler tarafından Atatürk ve Cumhuriyet temalı şiirler okundu. Program, öğrencilerin Atatürk’ün hayatı, mücadelesi ve Cumhuriyet’in kuruluş sürecini konu alan oratoryo gösterisiyle sona erdi.  @iletisim  @tcicisleri";
https://www.instagram.com/p/DQ3si3ojEQQ/;Carousel;397;0;0;2025-11-10 12:04:28;https://scontent-mia3-2.cdninstagram.com/v/t51.82787-15/581867880_17949408225046885_6203111090638711207_n.jpg?stp=dst-jpg_e35_tt6&_nc_cat=105&ig_cache_key=Mzc2MjY3MTkxMzI4MjU5ODg2Ng%3D%3D.3-ccb7-5&ccb=7-5&_nc_sid=58cdad&efg=eyJ2ZW5jb2RlX3RhZyI6InhwaWRzLjE0NDB4OTYwLnNkci5DMyJ9&_nc_ohc=GY16wcowYKAQ7kNvwFDxyPJ&_nc_oc=Adk_JtPQQ1Kef9FCQSSC2177vdJnEp1NpLKfOUgvVeC4O1et1tkaDeo6EXFSg_kfNgogdV4Ni2eU3h5cwbRUgIPv&_nc_ad=z-m&_nc_cid=0&_nc_zt=23&_nc_ht=scontent-mia3-2.cdninstagram.com&_nc_gid=VQBSdZYlymMqsZkl2sHVbQ&oh=00_AfjJXbAuwXldfLOeBTX2t_x8WoTeD50s2qUvXztVs3cd7Q&oe=6931180C;📌10 Kasım Gazi Mustafa Kemal Atatürk’ü Anma Çelenk Sunma Töreni🇹🇷  ♦️10 Kasım Gazi Mustafa Kemal Atatürk’ün ebediyete irtihalinin 87. Yıldönümü münasebetiyle Valimiz Sayın Tuncay Akkoyun ile 5’inci Zırhlı Tugay Komutanı Tuğgeneral Sayın Erdin Kaya Atatürk Anıtı’na çelenk sundu.🇹🇷 ♦️Cumhuriyetimizin Kurucusu Gazi Mustafa Kemal Atatürk ve silah arkadaşlarını, Aziz Şehitlerimizi ve Kahraman Gazilerimizi rahmet, minnet ve saygıyla yâd ediyoruz. #10Kasım #10KasımAtatürküAnmaGünü  @iletisim  @tcicisleri;
https://www.instagram.com/p/DQ3SEHDiLNK/;Photo;165;0;0;2025-11-10 08:13:05;https://scontent-mia3-3.cdninstagram.com/v/t51.82787-15/579677724_17951550813020389_7953451672432077293_n.jpg?stp=dst-jpg_e35_tt6&_nc_cat=110&ig_cache_key=Mzc2MjU1NTQ2MDk4MTkyODc3OA%3D%3D.3-ccb7-5&ccb=7-5&_nc_sid=58cdad&efg=eyJ2ZW5jb2RlX3RhZyI6InhwaWRzLjEwODB4MTA4MC5zZHIuQzMifQ%3D%3D&_nc_ohc=o69VPBn0uMUQ7kNvwG9HI1i&_nc_oc=AdltMjHkFLA8W0bSgeNaVvHyrBM9-BF97dI01W4lnmADQXx5TzDnj6Wj6dOwO2oLULeA9T7NMvIHNyetAWnq6lic&_nc_ad=z-m&_nc_cid=0&_nc_zt=23&_nc_ht=scontent-mia3-3.cdninstagram.com&_nc_gid=VQBSdZYlymMqsZkl2sHVbQ&oh=00_AfjiY17UkwaQOIf5PjRb1KBtg_YiW1UOu_NVbjwNnvOBCQ&oe=69312DFD;Ebediyete irtihalinin 87. seneidevriyesinde İstiklâl Mücadelemizin Başkumandanı, Cumhuriyetimizin bânisi Gazi Mustafa Kemal Atatürk’ü rahmet, minnet ve şükranla yâd ediyorum.;
https://www.instagram.com/p/DQzQdDEjDZN/;Carousel;316;0;0;2025-11-08 18:42:03;https://scontent-mia5-2.cdninstagram.com/v/t51.82787-15/575633980_17949076644046885_6286893296627526664_n.jpg?stp=dst-jpg_e35_tt6&_nc_cat=100&ig_cache_key=Mzc2MTQyMjQ3MjMzMjQ1NjQ1MA%3D%3D.3-ccb7-5&ccb=7-5&_nc_sid=58cdad&efg=eyJ2ZW5jb2RlX3RhZyI6InhwaWRzLjE0NDB4MTA4MC5zZHIuQzMifQ%3D%3D&_nc_ohc=ThC4eAWEgq4Q7kNvwE8OrH3&_nc_oc=AdlUww59kl2GCkwKDifLoG6ZYDSTonufP4gIIzmcTAgczAnRUzlBMz4NIX6e6A224ivDFLPeUMnHgGwJkqPERHR3&_nc_ad=z-m&_nc_cid=0&_nc_zt=23&_nc_ht=scontent-mia5-2.cdninstagram.com&_nc_gid=VQBSdZYlymMqsZkl2sHVbQ&oh=00_AfhtJCKSWOok1MDIWBsVYTKaSB8z_T0AZcii4QkOX0FVag&oe=693121D6;"Valimiz Sayın Tuncay Akkoyun; Ömerli Kaymakamı ve Midyat Kaymakam Vekili Furkan Çakır, İl Jandarma Komutanı Tuğgeneral Tahsin Saruhan, İl Emniyet Müdürü Recep Tecimer ve beraberindekilerle, Midyat Belediye Başkanı Veysi Şahin’in vefat eden ablası Katibe Eretekin’in taziyesine katılarak ailesine başsağlığı dileklerinde bulundu.  @iletisim  @tcicisleri";
https://www.instagram.com/p/DQwlPJejGnE/;Photo;406;0;0;2025-11-07 17:45:55;https://scontent-mia5-1.cdninstagram.com/v/t51.82787-15/574458987_17948808618046885_4859795652898044303_n.jpg?stp=dst-jpg_e35_tt6&_nc_cat=102&ig_cache_key=Mzc2MDY2OTQ1NzU0MzYyMTA2MA%3D%3D.3-ccb7-5&ccb=7-5&_nc_sid=58cdad&efg=eyJ2ZW5jb2RlX3RhZyI6InhwaWRzLjE0NDB4MTEwOC5zZHIuQzMifQ%3D%3D&_nc_ohc=wM3wEu9Jy-AQ7kNvwF2fQZM&_nc_oc=AdmCvRpOGjUazk7bE2nUol_0TmfN79VMAKBLrYT2FBDp8QKVce1G0GAxuTOKYuC-Xoxe2bzTX9-UqMKJPPzK_Fkz&_nc_ad=z-m&_nc_cid=0&_nc_zt=23&_nc_ht=scontent-mia5-1.cdninstagram.com&_nc_gid=VQBSdZYlymMqsZkl2sHVbQ&oh=00_AfiMyyClxsrQdlr_h-DmJl4Yo2BpEN8w3YT9PnWKFglQNw&oe=69310643;AK Parti Mardin İl Başkanı Sayın Mehmet Uncu ve İl Başkan Yardımcısı Sayın Bülent Gözü, Valimiz Sayın Tuncay Akkoyun’a ziyarette bulundu.  @iletisim  @tcicisleri;
https://www.instagram.com/p/DQwbRVPDP7g/;Carousel;550;0;0;2025-11-07 16:18:51;https://scontent-mia3-2.cdninstagram.com/v/t51.82787-15/573591720_17948800578046885_8911783275370384766_n.jpg?stp=dst-jpg_e35_tt6&_nc_cat=107&ig_cache_key=Mzc2MDYyNTYxOTg4NjE3Mzc4Nw%3D%3D.3-ccb7-5&ccb=7-5&_nc_sid=58cdad&efg=eyJ2ZW5jb2RlX3RhZyI6InhwaWRzLjEyMDB4OTAwLnNkci5DMyJ9&_nc_ohc=qDKrIwhR0e4Q7kNvwH36GCT&_nc_oc=Adkvw8Nmq85G9JwUDwyWBnNWibhInKdDjDIAHG_50_8SzrgezYT6LsbEL5beTW3nc_ECDeaR2gpltLopfaCCgd0l&_nc_ad=z-m&_nc_cid=0&_nc_zt=23&_nc_ht=scontent-mia3-2.cdninstagram.com&_nc_gid=VQBSdZYlymMqsZkl2sHVbQ&oh=00_AfiWr0BIeW90wsT00v-p3yuD3xNXaAHagNUlhDOjWLTZEQ&oe=69312999;Valimiz Sayın Tuncay Akkoyun, Pınarbaşı Camiinde Cuma namazı sonrası hemşehrilerimizle bir araya gelerek hasbihal etti.  @iletisim  @tcicisleri;
https://www.instagram.com/p/DQumfM0DPF7/;Carousel;224;0;0;2025-11-06 23:18:22;https://scontent-mia3-2.cdninstagram.com/v/t51.82787-15/574747450_17948703012046885_6111596132716977703_n.jpg?stp=dst-jpg_e35_tt6&_nc_cat=105&ig_cache_key=Mzc2MDExMjAwMDE5OTA0ODYwNw%3D%3D.3-ccb7-5&ccb=7-5&_nc_sid=58cdad&efg=eyJ2ZW5jb2RlX3RhZyI6InhwaWRzLjEwNjV4NzEwLnNkci5DMyJ9&_nc_ohc=qFqu9oTEkBkQ7kNvwHhyrn6&_nc_oc=AdlAbQQJy7szhZ3yrfLCvKdG-VJVUKpl3bl-KqUzY5aNZDLuC2U8a2yqXR8WfT8T3DXpShquKL0u-XDaMk2iO25e&_nc_ad=z-m&_nc_cid=0&_nc_zt=23&_nc_ht=scontent-mia3-2.cdninstagram.com&_nc_gid=VQBSdZYlymMqsZkl2sHVbQ&oh=00_AfguW2OExrWvMYCmjPeZVWGmg4N32QuKOkvLkD94rQBUow&oe=69311444;"📍Derik/ 75 Yataklı Devlet Hastanesi İnşaatı  Valimiz Sayın Tuncay Akkoyun; Derik Kaymakamı Yunus Emre Bayraklı, Vali Yardımcısı İbrahim Engin Şenay, İl Jandarma Komutanı Tuğgeneral Tahsin Saruhan ve beraberindekilerle, ▶️ Derik İlçemizde inşaatı devam eden 75 Yataklı Devlet Hastanesi İnşaatı çalışmalarında incelemelerde bulundu.  Sayın Valimiz, çalışmalar hakkında İl Sağlık Müdürü Uzm. Dr. Saffet Yavuz’dan bilgiler aldı.  @iletisim  @tcicisleri";
https://www.instagram.com/p/DQub49lDA5S/;Carousel;347;0;0;2025-11-06 21:45:46;https://scontent-nrt6-1.cdninstagram.com/v/t51.82787-15/574563650_17948696727046885_3911599872113454085_n.jpg?stp=dst-jpg_e35_tt6&_nc_cat=100&ig_cache_key=Mzc2MDA2NTM4ODYzMDI4ODUyNw%3D%3D.3-ccb7-5&ccb=7-5&_nc_sid=58cdad&efg=eyJ2ZW5jb2RlX3RhZyI6InhwaWRzLjEwNjd4NzEyLnNkci5DMyJ9&_nc_ohc=a5ViFYsMFrgQ7kNvwGBXHCq&_nc_oc=AdnN46azhV9zAc4tB_udiMgp83QUaBJoHU4Zgvq4v0l34hF7rsj07KUsIbC9Bhn_qZk&_nc_ad=z-m&_nc_cid=0&_nc_zt=23&_nc_ht=scontent-nrt6-1.cdninstagram.com&_nc_gid=pBI8ej2NuAoh7KE3yJX4iw&oh=00_Afjqk_MPrHLAFeGiLUlCVXvs-5i0Ku3PiQq4zav4z1E3EA&oe=6930FE0F;"📌 Derik/ Zeytin İşleme, Sıkma ve Sabun Üretim Atölyesi  Valimiz Sayın Tuncay Akkoyun; Derik Kaymakamı Yunus Emre Bayraklı, Vali Yardımcısı İbrahim Engin Şenay, İl Jandarma Komutanı Tuğgeneral Tahsin Saruhan ve beraberindekilerle Derik Mesleki ve Teknik Anadolu Lisesini ziyaret ettiler.  Sayın Valimiz, Derik Kaymakamlığı tarafından DİKA ve Mardin Büyükşehir Belediyesi’nin destekleriyle hayata geçirilen “Derik Zeytin Sıkma, İşleme ve Sabun Üretim Tesisi”nde incelemelerde bulunarak tesisin üretim kapasitesi, işleyiş süreci ve şehrimizin ekonomisine sağlayacağı katkılar hakkında görevlilerden bilgi aldı.  Sayın Valimiz, tesise bugüne kadar her türlü desteği verdiklerini belirterek, projenin bölge ekonomisine önemli katkı sağladığını ve desteklerinin artarak devam edeceğini vurguladı.  @iletisim  @tcicisleri";
https://www.instagram.com/p/DQuKdYwDAk0/;Carousel;656;0;0;2025-11-06 19:13:27;https://scontent-nrt1-2.cdninstagram.com/v/t51.82787-15/573889654_17948683800046885_5966150413047327533_n.jpg?stp=dst-jpg_e35_tt6&_nc_cat=104&ig_cache_key=Mzc1OTk4ODcyOTYzODA5MDkyMA%3D%3D.3-ccb7-5&ccb=7-5&_nc_sid=58cdad&efg=eyJ2ZW5jb2RlX3RhZyI6InhwaWRzLjE0NDB4OTYwLnNkci5DMyJ9&_nc_ohc=qsQMJgO-upgQ7kNvwEKk4KJ&_nc_oc=Adl6vOho1Cj-bKhXW05KUQy5WA9Auip0LspqYhNbD0dZyTTodm7SpDCi1YFMu54-Uug&_nc_ad=z-m&_nc_cid=0&_nc_zt=23&_nc_ht=scontent-nrt1-2.cdninstagram.com&_nc_gid=pBI8ej2NuAoh7KE3yJX4iw&oh=00_AfjD6M1XmByA9v_3F6BqlmBOiY0SNH7UUqZU6bhyjqdDBw&oe=69312270;"📍Derik/ Zeytin Hasadı  Valimiz Sayın Tuncay Akkoyun; Derik Kaymakamı Yunus Emre Bayraklı, Vali Yardımcısı İbrahim Engin Şenay, İl Jandarma Komutanı Tuğgeneral Tahsin Saruhan ve beraberindekilerle, coğrafi işaretli ürünlerimiz arasında yer alan Derik zeytini hasadına katıldı.  Sayın Valimiz, hemşehrilerimizle birlikte zeytin hasadına katılarak çiftçimiz Mucizat Ekinci’ye ait zeytin tarlasında zeytin topladı, ardından vatandaşlarımızla birlikte yeşil zeytin kırdı.  Hasat sırasında çiftçilerimizle sohbet eden Sayın Valimiz, Derik zeytininin yetiştirilme süreci, zeytinin işlenmesi ve zeytinyağı üretim aşamaları hakkında bilgiler aldı.  Valimiz Sayın Tuncay Akkoyun, zeytin üreticilerilerimize bereketli bir hasat dönemi geçirmeleri temennilerinde bulundu.  @iletisim  @tcicisleri";
https://www.instagram.com/p/DQt6LKXDLE2/;Carousel;429;0;0;2025-11-06 16:51:10;https://scontent-nrt1-1.cdninstagram.com/v/t51.82787-15/573828136_17948654739046885_2769193334059532937_n.jpg?stp=dst-jpg_e35_tt6&_nc_cat=106&ig_cache_key=Mzc1OTkxNzEwOTM2Mzg4NjAyNw%3D%3D.3-ccb7-5&ccb=7-5&_nc_sid=58cdad&efg=eyJ2ZW5jb2RlX3RhZyI6InhwaWRzLjE0NDB4OTYwLnNkci5DMyJ9&_nc_ohc=M4rAw4EAQNsQ7kNvwHWtmqH&_nc_oc=AdmnUmOSK-H-u4YwTwspUv-xXw2AyHB4U5RMCk1VnEYjHqj-Nz9JMtv-3D_WQejyROQ&_nc_ad=z-m&_nc_cid=0&_nc_zt=23&_nc_ht=scontent-nrt1-1.cdninstagram.com&_nc_gid=pBI8ej2NuAoh7KE3yJX4iw&oh=00_Afgp28j7bVr7dLtrDcBEKDWuTcUZPEh00aOYZ5RBOAppOA&oe=6931108D;"📌Derik/Mahalle Muhtarlarımız ile İstişare Toplantısı  Valimiz Sayın Tuncay Akkoyun; Derik Kaymakamı Yunus Emre Bayraklı, Vali Yardımcısı İbrahim Engin Şenay, İl Jandarma Komutanı Tuğgeneral Tahsin Saruhan, Mardin Büyükşehir Belediyesi Genel Sekreter Vekili Ahmet Seydaoğulları, MARSU Genel Müdürü Murat Erçin, Daire Başkanları ve Derik İlçemiz Mahalle Muhtarlarının katılımıyla “Mahalle Muhtarlarımız ile İstişare Toplantısı” gerçekleştirildi.  Büyükşehir Belediyesi Daire Başkanları, Derik İlçemizde gerçekleştirilen hizmetlere ilişkin sunumlarını muhtarlarla paylaştı.  Toplantıda muhtarlarımız söz alarak mahalleleri ile ilgili talep ve önerileri dile getirdiler. Muhtarlarımızı tek tek dinleyen Sayın Valimiz, dile getirilen konuların çözümü için ilgili kurum ve kuruluşlar ile daire başkanlarına talimat verdi.  @iletisim  @tcicisleri";
https://www.instagram.com/p/DQtUgzwDH9k/;Photo;344;0;0;2025-11-06 11:22:04;https://scontent-nrt1-1.cdninstagram.com/v/t51.82787-15/573957938_17948631564046885_4314638441182358273_n.jpg?stp=dst-jpg_e35_tt6&_nc_cat=109&ig_cache_key=Mzc1OTc1MTQ3OTQ0NDY2ODI2MA%3D%3D.3-ccb7-5&ccb=7-5&_nc_sid=58cdad&efg=eyJ2ZW5jb2RlX3RhZyI6InhwaWRzLjE0NDB4OTYwLnNkci5DMyJ9&_nc_ohc=vKmP4G0iX4oQ7kNvwEozsdt&_nc_oc=AdlDP6spsvguT06acII78WBeW_PlgXfEbIuKIaiXuYldLkx2dAbxhUXMoSYXGJ7nN6c&_nc_ad=z-m&_nc_cid=0&_nc_zt=23&_nc_ht=scontent-nrt1-1.cdninstagram.com&_nc_gid=pBI8ej2NuAoh7KE3yJX4iw&oh=00_Afg58dYtilveQYvkW7KpMfJtIuYQkNGeQAhkhRq7WhpvFQ&oe=69312FA6;Ardahan Valisi Sayın Hayrettin Çiçek, Valimiz Sayın Tuncay Akkoyun’a ziyarette bulundu.  @iletisim  @tcicisleri  @ardahanvaliligi;
https://www.instagram.com/p/DQrqMenjOJk/;Carousel;206;0;0;2025-11-05 19:53:03;https://scontent-nrt1-2.cdninstagram.com/v/t51.82787-15/573095838_17948575113046885_5627226656310390671_n.jpg?stp=dst-jpg_e35_tt6&_nc_cat=107&ig_cache_key=Mzc1OTI4Mzg4NDUwMTI5MTQzMw%3D%3D.3-ccb7-5&ccb=7-5&_nc_sid=58cdad&efg=eyJ2ZW5jb2RlX3RhZyI6InhwaWRzLjE0NDB4MTA4MC5zZHIuQzMifQ%3D%3D&_nc_ohc=YlXL4clnVXsQ7kNvwFLdSGZ&_nc_oc=AdleASyu0AUSIFt53IDy3LzF76KkZyNYIrq0aB4WVzSjG9KH-0EV64GFDBMgIpqcA_c&_nc_ad=z-m&_nc_cid=0&_nc_zt=23&_nc_ht=scontent-nrt1-2.cdninstagram.com&_nc_gid=pBI8ej2NuAoh7KE3yJX4iw&oh=00_AfglOiAFVa3oLUzw_gjx7M9TtVgMvsUEYgbo2yj4o-C-Wg&oe=69311F3A;"Valimiz Sayın Tuncay Akkoyun; Yeşilli Kaymakamı Mehmet Sadık Kılıç, İl Jandarma Komutanı Tuğgeneral Tahsin Saruhan, Yeşilli Belediye Başkan Hayrettin Demir ve beraberindekilerle, Yeşilli İlçemizde vefat eden Şükriye Tanış’ın taziyesine katılarak ailesine başsağlığı dileklerinde bulundu.  @iletisim  @tcicisleri";
https://www.instagram.com/p/DQrZWkrDP9n/;Carousel;333;0;0;2025-11-05 17:25:53;https://scontent-nrt1-1.cdninstagram.com/v/t51.82787-15/573898933_17948561454046885_3903068663933013616_n.jpg?stp=dst-jpg_e35_tt6&_nc_cat=108&ig_cache_key=Mzc1OTIwOTgwNjUxNTk4ODk2NQ%3D%3D.3-ccb7-5&ccb=7-5&_nc_sid=58cdad&efg=eyJ2ZW5jb2RlX3RhZyI6InhwaWRzLjE0NDB4OTYwLnNkci5DMyJ9&_nc_ohc=Ml2wq6nLj2cQ7kNvwG7WUXY&_nc_oc=AdnpiT_7vSIMIvWWWtT8NvSBNs5jb6t-hOjkyvSuFvZS2BSgdMRoYsOwNPPI14nkLHo&_nc_ad=z-m&_nc_cid=0&_nc_zt=23&_nc_ht=scontent-nrt1-1.cdninstagram.com&_nc_gid=pBI8ej2NuAoh7KE3yJX4iw&oh=00_Afjsk6UBXhkqDsPjruV0OJWLzSfcCxW9ry0NcI5Z2PPLUw&oe=693118A3;"📌Savur/Şehit Öğretmelerimizi Anma Programı   Valimiz Sayın Tuncay Akkoyun; Savur İlçemizde Şehit Öğretmenlerimiz Ali Yıldız, Mehmet Zeki Ödük, Mehmet Çatalkaya ve Erol Ercan’ın şehadetlerinin seneyidevriyesinde düzenlenen anma programına katıldı.  Saygı duruşunda bulunma ve İstiklal Marşı’nın okunmasının ardından Kur’an-ı Kerim tilaveti okundu. Aziz Şehitlerimizin özgeçmişlerinin okunmasından sonra Şehit Öğretmenlerimiz için dua edildi.  Programa ayrıca; Savur Kaymakamı Enes Emircan Buyuran, İl Jandarma Komutanı Tuğgeneral Tahsin Saruhan, Savur Belediye Başkanı Engin Uğur Hamidi, Vali Yardımcısı Hasan Kurt, İl Emniyet Müdür Yardımcısı Mustafa Keklik, Aziz Şehitlerimizin Aileleri, Kahraman Gazilerimiz, Kamu Kurumları Amirleri, Öğrenciler, Öğretmenler ve Vatandaşlarımız katıldı.  @iletisim  @tcicisleri";
https://www.instagram.com/p/DQq3SqRDHkV/;Reels;115;0;9295;2025-11-05 12:29:19;https://scontent-nrt1-1.cdninstagram.com/v/t51.71878-15/573836421_846762728041847_5766948791933664371_n.jpg?stp=dst-jpg_e15_tt6&_nc_cat=109&ig_cache_key=Mzc1OTA2MDAxMzg4NTk3ODkwMQ%3D%3D.3-ccb7-5&ccb=7-5&_nc_sid=58cdad&efg=eyJ2ZW5jb2RlX3RhZyI6InhwaWRzLjY0MHgzNjAuc2RyLkMzIn0%3D&_nc_ohc=_WTDeH5VmmYQ7kNvwHsDSbd&_nc_oc=AdkZ9cZ9zyHxOfQvmDUbwNgamWICTYPJGK-wizs4bR6-MGtHLu-fG1Jt7I79X5PHP_E&_nc_ad=z-m&_nc_cid=0&_nc_zt=23&_nc_ht=scontent-nrt1-1.cdninstagram.com&_nc_gid=pBI8ej2NuAoh7KE3yJX4iw&oh=00_AfiOxbyB4tbjyM2L8uHhCVNOSCLWZJNrT05f9GypCs5eHA&oe=69312502;#CanlıYayın📡🎥  Valimiz Sayın Tuncay Akkoyun, Ekim Ayı Asayiş ve Güvenlik Basın Bilgilendirme Toplantısı gerçekleştirdi.  #TürkiyeninHuzuru🇹🇷 #MardininHuzuru🇹🇷  📍 Mardin Valiliği;
https://www.instagram.com/p/DQpWly_DAV0/;Carousel;305;0;0;2025-11-04 22:23:16;https://scontent-nrt1-2.cdninstagram.com/v/t51.82787-15/572651409_17948486880046885_620878659343077988_n.jpg?stp=dst-jpg_e35_tt6&_nc_cat=102&ig_cache_key=Mzc1ODYzNDcxMjM2NjMyMzQxMA%3D%3D.3-ccb7-5&ccb=7-5&_nc_sid=58cdad&efg=eyJ2ZW5jb2RlX3RhZyI6InhwaWRzLjE0NDB4MTA4MC5zZHIuQzMifQ%3D%3D&_nc_ohc=E_aonQyTMwwQ7kNvwGQwyKC&_nc_oc=AdmAwQTdRP-3Mi2qEy9WJWvmDSfdHqeoXpljWV6Atxda9tbaHaQouhWU0SZz4FR33Rk&_nc_ad=z-m&_nc_cid=0&_nc_zt=23&_nc_ht=scontent-nrt1-2.cdninstagram.com&_nc_gid=pBI8ej2NuAoh7KE3yJX4iw&oh=00_Afj-5t4ZTxW3Xunu88pvFrQzxGEKcyHz1tOtlgOOa6c9rQ&oe=69312ACE;"Valimiz Sayın Tuncay Akkoyun; Nusaybin Kaymakamı Evren Çakır, İl Emniyet Müdürü Recep Tecimer ve beraberindekilerle, Nusaybin İlçemizde vefat eden Seyit Mustafa Çelik’in taziyesine katılarak ailesine başsağlığı dileklerinde bulundu.  @iletisim  @tcicisleri";
https://www.instagram.com/p/DQpHh3_DEKG/;Carousel;375;0;0;2025-11-04 20:11:39;https://scontent-nrt1-2.cdninstagram.com/v/t51.82787-15/572957757_17948477295046885_7859996304646590868_n.jpg?stp=dst-jpg_e35_tt6&_nc_cat=101&ig_cache_key=Mzc1ODU2ODQ2OTE0Nzk5NzU1MA%3D%3D.3-ccb7-5&ccb=7-5&_nc_sid=58cdad&efg=eyJ2ZW5jb2RlX3RhZyI6InhwaWRzLjE0NDB4OTYwLnNkci5DMyJ9&_nc_ohc=fWbmaig1qCUQ7kNvwHF60yB&_nc_oc=AdmvH3SC08uxyHen99Ns7AwqfgP-Lc2MWBGvjLqB1_2ScQOlZ27XqdVagmBrQwrjpfQ&_nc_ad=z-m&_nc_cid=0&_nc_zt=23&_nc_ht=scontent-nrt1-2.cdninstagram.com&_nc_gid=pBI8ej2NuAoh7KE3yJX4iw&oh=00_AfgogbKVSgkaMwR-vgh2RF9VUYE4NrNIwls66NUOL1bHOg&oe=69310572;"📌 Mardin Behcet Hattapoğlu Kur’an Eğitim Merkezi  Valimiz Sayın Tuncay Akkoyun; Vali Yardımcısı İbrahim Engin Şenay, İl Müftüsü Dr. Enver Türkmen ve beraberindekilerle, Mardin Behcet Hattapoğlu Kur’an Eğitim Merkezi’ni ziyaret etti.  Sayın Valimiz, Kur’an Eğitim Merkezi’nde Hafızlık eğitimi gören öğrencilerle bir araya geldi.  @iletisim  @tcicisleri";
https://www.instagram.com/p/DQoysYvjB8r/;Carousel;358;0;0;2025-11-04 17:09:35;https://scontent-nrt1-2.cdninstagram.com/v/t51.82787-15/573052961_17948462685046885_840763866796082865_n.jpg?stp=dst-jpg_e35_tt6&_nc_cat=105&ig_cache_key=Mzc1ODQ3NjgzNDkyMTgyNzkyMg%3D%3D.3-ccb7-5&ccb=7-5&_nc_sid=58cdad&efg=eyJ2ZW5jb2RlX3RhZyI6InhwaWRzLjEwNjd4NzEyLnNkci5DMyJ9&_nc_ohc=puut-47Li7YQ7kNvwEmBI5J&_nc_oc=AdmS49qDirGsn_l1v0ZaMK3huhMiNXA2mcltbYGLWtWOF2tuOdAt_JtgC7As1EkFeWA&_nc_ad=z-m&_nc_cid=0&_nc_zt=23&_nc_ht=scontent-nrt1-2.cdninstagram.com&_nc_gid=pBI8ej2NuAoh7KE3yJX4iw&oh=00_AfhSICWiLpW---AhCOsjv9Xi86A_wja0-uX5Yn-0PGIX2g&oe=69312D4F;"Valimiz Sayın Tuncay Akkoyun Başkanlığında; Vali Yardımcısı İbrahim Engin Şenay, DSİ 10. Bölge Müdürü Zafer Akın, MARSU Genel Müdürü Murat Erçin, DSİ Bölge Müdür Yardımcısı Ahmet Sezer, DSİ 102. Şube Müdürü Faruk Aslan ile İçme Suyu Şube Müdürü Mehmet Erdağ’ın katılımıyla “Midyat İçme Suyu Projesi” Toplantısı gerçekleştirildi.  @iletisim  @tcicisleri";
https://www.instagram.com/p/DQmc8KvDJ49/;Photo;232;0;0;2025-11-03 19:21:01;https://scontent-nrt1-1.cdninstagram.com/v/t51.82787-15/574186883_17948379672046885_6091616279974547701_n.jpg?stp=dst-jpg_e35_tt6&_nc_cat=108&ig_cache_key=Mzc1NzgxODIxOTA4NDk0NzAwNQ%3D%3D.3-ccb7-5&ccb=7-5&_nc_sid=58cdad&efg=eyJ2ZW5jb2RlX3RhZyI6InhwaWRzLjE0NDB4OTYxLnNkci5DMyJ9&_nc_ohc=a4jl5K0zuC4Q7kNvwEPcfC8&_nc_oc=AdnmSdNTF-3yfrhIe1pSy4IKMHWKLnlY4dDOabRDAzLabWVgNmTpQU1DlLlykWJLpr4&_nc_ad=z-m&_nc_cid=0&_nc_zt=23&_nc_ht=scontent-nrt1-1.cdninstagram.com&_nc_gid=pBI8ej2NuAoh7KE3yJX4iw&oh=00_AfgVhoZbzXZioPNS-cJNTrUk166zw-W0NsBUdjTUBFGFFw&oe=69310134;"Valimiz Sayın Tuncay Akkoyun; ▶️ Ressam İsmet Yedikardeş, Mardinliler Vakfı Başkanı Av. Remzi Yedikardeş ile İş İnsanı Fevzi Yedikardeş’i Valilik Makamında ağırladı.  @iletisim  @tcicisleri";
https://www.instagram.com/p/DQmLpXdDHlc/;Photo;285;0;0;2025-11-03 16:49:54;https://scontent-nrt6-1.cdninstagram.com/v/t51.82787-15/573067923_17948365206046885_4036574986793101225_n.jpg?stp=dst-jpg_e35_tt6&_nc_cat=100&ig_cache_key=Mzc1Nzc0MjE2MDI4MDg0NDYzNg%3D%3D.3-ccb7-5&ccb=7-5&_nc_sid=58cdad&efg=eyJ2ZW5jb2RlX3RhZyI6InhwaWRzLjE0NDB4OTYwLnNkci5DMyJ9&_nc_ohc=pE5qnSQnuIQQ7kNvwGE64K3&_nc_oc=Admk-uTqO6Qq__F-4TRiV6zUuqOy_9aWoqLESQjGkO29PsMSp4WuAI7NUOcWC0UIDSE&_nc_ad=z-m&_nc_cid=0&_nc_zt=23&_nc_ht=scontent-nrt6-1.cdninstagram.com&_nc_gid=pBI8ej2NuAoh7KE3yJX4iw&oh=00_AfjdaDDJ6jQVcc1Bs07ValwWOAsgbuhSValXudIk57vPlg&oe=69311224;Vakıflar Genel Müdürü Sayın Sinan Aksu, Genel Müdür Yardımcıları Sayın Erkan Ömeroğlu ve Sayın Hayrullah Çelebi, Azınlık Cemaat Temsilcileri Meclis üyesi Sayın Can Ustabaşı, Bölge Müdürü Sayın Hakan Demir ile Vali Yardımcısı Sayın Hasan Kurt, Valimiz Sayın Tuncay Akkoyun’a ziyarette bulundular.  @iletisim  @tcicisleri;
https://www.instagram.com/p/DQmGd94jNxT/;Photo;212;0;0;2025-11-03 16:04:40;https://scontent-phx1-1.cdninstagram.com/v/t51.82787-15/573387640_17948361159046885_8958792817584421078_n.jpg?stp=dst-jpg_e35_tt6&_nc_cat=108&ig_cache_key=Mzc1NzcxOTM4NjY3ODE1NjM3MQ%3D%3D.3-ccb7-5&ccb=7-5&_nc_sid=58cdad&efg=eyJ2ZW5jb2RlX3RhZyI6InhwaWRzLjE0NDB4OTYxLnNkci5DMyJ9&_nc_ohc=DnSxyDaOVToQ7kNvwHUAzf1&_nc_oc=AdkaNpCSh0pJ69ybqr0eCDTIcudyLM3OEL4gfgm7UgRqrlybTW909jAPu9GfNuVB5tI&_nc_ad=z-m&_nc_cid=0&_nc_zt=23&_nc_ht=scontent-phx1-1.cdninstagram.com&_nc_gid=9viruuswbx_H0viF0kzKoA&oh=00_AfjiXOczFVMT2Ks9HDcPngKylibDXbEPzI5Vg74OmKqA7A&oe=69311E8F;"Valimiz Sayın Tuncay Akkoyun; Kızılay Mardin Şube Başkanı Abdulmelik Şahin, Başkan Yardımcısı Mehmet Ali Duyan, Kadın Kolları Başkanı Özlem Artukoğlu, Yönetim Kurulu Üyeleri İsa Aydoğan, Mehmet Bakır Deniz ve Mustafa Demir’i Valilik Makamında ağırladı.  @iletisim  @tcicisleri";
https://www.instagram.com/p/DQj_2eGDKtI/;Carousel;307;0;0;2025-11-02 20:28:21;https://scontent-phx1-1.cdninstagram.com/v/t51.82787-15/573422597_17948290092046885_4224967823679665110_n.jpg?stp=dst-jpg_e35_tt6&_nc_cat=104&ig_cache_key=Mzc1NzEyNzMyOTA2ODY3NDMwOQ%3D%3D.3-ccb7-5&ccb=7-5&_nc_sid=58cdad&efg=eyJ2ZW5jb2RlX3RhZyI6InhwaWRzLjE0NDB4MTA4MC5zZHIuQzMifQ%3D%3D&_nc_ohc=llKC4ofZBVkQ7kNvwGTuTLI&_nc_oc=AdkLEm32dEcG9A53CjoT5QOeCHGPjUujP3QTMINB_BaNResc1Kl7viLehGR8JQwQJz8&_nc_ad=z-m&_nc_cid=0&_nc_zt=23&_nc_ht=scontent-phx1-1.cdninstagram.com&_nc_gid=9viruuswbx_H0viF0kzKoA&oh=00_AfjsnDOk2aw9j4NbnzrmPZ6qrYyLk-CEu6uuQt5fi5Bjcg&oe=69311A92;"📌Midyat/Sayın Valimiz, 15 Temmuz Şehidimizin Vefat Eden Babasının Taziyesine Katıldı  Valimiz Sayın Tuncay Akkoyun; Midyat Kaymakamı Mehmet Kaya, İl Jandarma Komutanı Tuğgeneral Tahsin Saruhan, İl Emniyet Müdürü Recep Tecimer ve beraberindekiler, ▶️ 15 Temmuz Şehidimiz Kahraman Özel Harekat Polisimiz Velid Bektaş’ın vefat eden babası Abdülkadir Bektaş’ın taziyesine katılarak ailesine başsağlığı dileklerinde bulundu.  @iletisim  @tcicisleri";
https://www.instagram.com/p/DQjxsuGDEXx/;Carousel;315;0;0;2025-11-02 18:24:42;https://scontent-phx1-1.cdninstagram.com/v/t51.82787-15/573806008_17948277882046885_7818137035260221367_n.jpg?stp=dst-jpg_e35_tt6&_nc_cat=109&ig_cache_key=Mzc1NzA2NTA4NDU5MDY3OTU5MQ%3D%3D.3-ccb7-5&ccb=7-5&_nc_sid=58cdad&efg=eyJ2ZW5jb2RlX3RhZyI6InhwaWRzLjEyMDB4OTAwLnNkci5DMyJ9&_nc_ohc=lYNMgAp-ex4Q7kNvwF_rrzN&_nc_oc=AdltV21RAsDpR5GsqcM9PGK_DpCYWpr80lBn0RopgVR_-NidmAFbJ8pY_K-m1r9tWrg&_nc_ad=z-m&_nc_cid=0&_nc_zt=23&_nc_ht=scontent-phx1-1.cdninstagram.com&_nc_gid=9viruuswbx_H0viF0kzKoA&oh=00_AfgDhE5iEDCLIDUjR0jADqkZtRI-53lROEXq5FgTStWABA&oe=69311CA6;"Valimiz Sayın Tuncay Akkoyun; İl Jandarma Komutanı Tuğgeneral Tahsin Saruhan, İl Emniyet Müdürü Recep Tecimer ve beraberindekilerle, vefat eden Müzeyyen Başboğa’nın taziyesine katılarak ailesine başsağlığı dileklerinde bulundu.  @iletisim  @tcicisleri";
https://www.instagram.com/p/DQfCHxCjDGh/;Carousel;403;0;0;2025-10-31 22:12:00;https://scontent-phx1-1.cdninstagram.com/v/t51.82787-15/572217974_17948073714046885_4149724780887049533_n.jpg?stp=dst-jpg_e35_tt6&_nc_cat=102&ig_cache_key=Mzc1NTcyOTkzNjQzNTcwNjMxOQ%3D%3D.3-ccb7-5&ccb=7-5&_nc_sid=58cdad&efg=eyJ2ZW5jb2RlX3RhZyI6InhwaWRzLjE0NDB4OTYwLnNkci5DMyJ9&_nc_ohc=qjIaNHC2IlYQ7kNvwE8c62l&_nc_oc=AdmEgE0qvS096YVpytg7uOtCTiKIc1XaXZvJzXF43bln9rdeNrpNELUnfqhQT2jYcYo&_nc_ad=z-m&_nc_cid=0&_nc_zt=23&_nc_ht=scontent-phx1-1.cdninstagram.com&_nc_gid=9viruuswbx_H0viF0kzKoA&oh=00_Afh9n6p3O6E9ZEaErjbAx3KGAnJM1V0rydVVLKCfcAv0jg&oe=693132A2;"Valimiz Sayın Tuncay Akkoyun; Vali Yardımcısı İbrahim Engin Şenay ve İl Müftüsü Dr. Enver Türkmen ile birlikte Mardin Müftülüğü tarafından 15 Temmuz Demokrasi ve Şehitler Parkında kurulan “Hayır Çarşı”nı ziyaret etti.  @iletisim  @tcicisleri";
https://www.instagram.com/p/DQepqSGjAsf/;Carousel;242;0;0;2025-10-31 18:38:15;https://scontent-phx1-1.cdninstagram.com/v/t51.82787-15/573334004_18270597307304771_3855157561285008126_n.jpg?stp=dst-jpg_e35_tt6&_nc_cat=110&ig_cache_key=Mzc1NTYyMjM1ODMxNzgxODQyMw%3D%3D.3-ccb7-5&ccb=7-5&_nc_sid=58cdad&efg=eyJ2ZW5jb2RlX3RhZyI6InhwaWRzLjE0NDB4OTYwLnNkci5DMyJ9&_nc_ohc=jv9Xlx0icTQQ7kNvwH831n0&_nc_oc=Adk_zpuuaZq1HENv9Tbjc1XgtsvuYGM8gS1inVvlQfeXAvswAvSi3EIDWrlV79lwHs0&_nc_ad=z-m&_nc_cid=0&_nc_zt=23&_nc_ht=scontent-phx1-1.cdninstagram.com&_nc_gid=9viruuswbx_H0viF0kzKoA&oh=00_AfhK-hDxIKzcPh0XJmBhUBl9t-EyhIfTHjPX2O8Yrd9U0w&oe=69311BE8;"Valimiz/Büyükşehir Belediye Başkan Vekilimiz Sayın Tuncay Akkoyun Başkanlığında; Genel Sekreterimiz Kemalettin Sakin, MARSU Genel Müdürümüz Murat Erçin, Genel Sekreter Yardımcılarımız ve Daire Başkanlarımızın katılımıyla Mardin Büyükşehir Belediyesinde düzenlenen toplantıda, Mardin’imizin 10 ilçesinde planlanan ve devam eden yatırımlar, İlçelerimizin kamu hizmetleri ihtiyaçlarının tespiti ve projelerin koordinasyonu ile ilgili yapılacak çalışmalar değerlendirildi.  Sayın Valimiz/Büyükşehir Belediye Başkan Vekilimiz, Daire Başkanlarımızın hizmetlerini anlatan sunumları tek tek dinleyerek çalışmaları hakkında bilgi aldı.";
https://www.instagram.com/p/DQeXBzHjNPt/;Carousel;446;0;0;2025-10-31 15:55:26;https://scontent-phx1-1.cdninstagram.com/v/t51.82787-15/573052960_17948037621046885_5472496056115694747_n.jpg?stp=dst-jpg_e35_tt6&_nc_cat=110&ig_cache_key=Mzc1NTU0MDQwODcxNDM5OTU5OQ%3D%3D.3-ccb7-5&ccb=7-5&_nc_sid=58cdad&efg=eyJ2ZW5jb2RlX3RhZyI6InhwaWRzLjE0NDB4MTA3OS5zZHIuQzMifQ%3D%3D&_nc_ohc=yVmJFPKsP_oQ7kNvwHtjZey&_nc_oc=AdkgfFaBTYLvpGQRQkR__3p68PzGs_de1Amcg3wIG3EEiN7X5unWDwj3CviWfopUYlI&_nc_ad=z-m&_nc_cid=0&_nc_zt=23&_nc_ht=scontent-phx1-1.cdninstagram.com&_nc_gid=9viruuswbx_H0viF0kzKoA&oh=00_Afgg1Q_jJbrNH8Qdap7AUcBgc9NCaz5f4g9mytLYWYVkJw&oe=6931259C;Valimiz Sayın Tuncay Akkoyun, Artuklu Kaymakamı Muhammet Öztabak, İl Jandarma Komutanı Tuğgeneral Tahsin Saruhan ve İl Emniyet Müdürü Recep Tecimer, Kabala Hacı İsmail Kaya Camiinde Cuma namazı sonrası hemşehrilerimiz ve Kur’an Kursu öğrencileri ile bir araya geldiler.  @iletisim  @tcicisleri;
https://www.instagram.com/p/DQeLqmijP5d/;Carousel;272;0;0;2025-10-31 14:16:09;https://scontent-phx1-1.cdninstagram.com/v/t51.82787-15/574221622_17948029545046885_4423139545795079234_n.jpg?stp=dst-jpg_e35_tt6&_nc_cat=106&ig_cache_key=Mzc1NTQ5MDQ0MDQ5NDQ4NTEyMw%3D%3D.3-ccb7-5&ccb=7-5&_nc_sid=58cdad&efg=eyJ2ZW5jb2RlX3RhZyI6InhwaWRzLjE0NDB4MTA4MC5zZHIuQzMifQ%3D%3D&_nc_ohc=pF5yzS-sN1wQ7kNvwFZ5al8&_nc_oc=AdlhIURS8SG7ETLg7DHri47LSSlgwmCu42qhyRI7Uk_d_ndYHmgYCghiP_miPpvQWhY&_nc_ad=z-m&_nc_cid=0&_nc_zt=23&_nc_ht=scontent-phx1-1.cdninstagram.com&_nc_gid=9viruuswbx_H0viF0kzKoA&oh=00_AfgQwTpNQAkbogd2-ja9wW6rw42AyYHs5YkLpE5cMnNmAA&oe=69312127;"Valimiz Sayın Tuncay Akkoyun; Artuklu Kaymakamı Muhammet Öztabak, İl Jandarma Komutanı Tuğgeneral Tahsin Saruhan, İl Emniyet Müdürü Recep Tecimer ve beraberindekilerle, vefat eden Seyithan Bozkuş’un taziyesine katılarak ailesine başsağlığı dileklerinde bulundu.  @iletisim  @tcicisleri";
https://www.instagram.com/p/DQdxy1GDByo/;Photo;247;0;0;2025-10-31 10:30:05;https://scontent-phx1-1.cdninstagram.com/v/t51.82787-15/573328415_17948013132046885_1969829976267818535_n.jpg?stp=dst-jpg_e35_tt6&_nc_cat=103&ig_cache_key=Mzc1NTM3NjY2MTU1OTUxNjMyOA%3D%3D.3-ccb7-5&ccb=7-5&_nc_sid=58cdad&efg=eyJ2ZW5jb2RlX3RhZyI6InhwaWRzLjE0NDB4OTYwLnNkci5DMyJ9&_nc_ohc=zXYYZPMedHIQ7kNvwGUVR6e&_nc_oc=AdloiGFx6xzxIbnSKC3QtiXA6zw0UFMA9bNZ6q6P7GJMzEU5C7JGryf-CM37i9OJrEk&_nc_ad=z-m&_nc_cid=0&_nc_zt=23&_nc_ht=scontent-phx1-1.cdninstagram.com&_nc_gid=9viruuswbx_H0viF0kzKoA&oh=00_Afjvatqo0aip4GgUxdg9pijRww0T0mGmENbNmZ-Bb-G3zA&oe=693107B0;PTT Genel Müdür Yardımcısı Fatih Tezcan, PTT Uluslararası Operasyonel Daire Başkanı Yasemin Çına Yavuz, PTT Uluslararası Operasyonel Daire Başkan Yardımcısı Serkan Akşahin ile Mardin PTT Başmüdürü Abdulhakim Yenigün, Valimiz Sayın Tuncay Akkoyun’a ziyarette bulundu.  @iletisim  @tcicisleri;
