﻿PostLink;PostTürü;BeğeniSayısı;YorumSayısı;Görüntülenme Sayısı;Tarih;DisplayPhoto;Caption;Takipçi
https://www.instagram.com/p/DRpaqNLCBWI/;Photo;182;0;0;2025-11-29 19:30:13;https://scontent.cdninstagram.com/v/t51.82787-15/591039360_18397512760131689_5721046327735010656_n.jpg?stp=dst-jpg_e35_tt6&_nc_cat=102&ig_cache_key=Mzc3NjY2NzAxMjA5NzkwNjA1Ng%3D%3D.3-ccb7-5&ccb=7-5&_nc_sid=58cdad&efg=eyJ2ZW5jb2RlX3RhZyI6InhwaWRzLjEwODB4MTM1MC5zZHIuQzMifQ%3D%3D&_nc_ohc=teesmhmavGgQ7kNvwEkL426&_nc_oc=AdlYd24gp86HqwYD5GV_za8685yo9oGsDlcuztxeQmXUrYcN-Lb2XksgRRGQw_COTURbAwq4sz3YN6IblnAl9I2f&_nc_ad=z-m&_nc_cid=0&_nc_zt=23&_nc_ht=scontent.cdninstagram.com&_nc_gid=cyCPdV1vpZqv4RB-t0B7pg&oh=00_Afi31dh92cg_O3P7fKTWKeSpGaIjJg5UtBsS3bghudvzgw&oe=69310AF9;;7482
https://www.instagram.com/p/DRpB0P5iJdK/;Carousel;60;0;0;2025-11-29 15:53:08;https://scontent.cdninstagram.com/v/t51.82787-15/586869502_18397489492131689_4051185129893138475_n.jpg?stp=dst-jpg_e35_tt6&_nc_cat=103&ig_cache_key=Mzc3NjU1NzczNjk1NjMxODQxMA%3D%3D.3-ccb7-5&ccb=7-5&_nc_sid=58cdad&efg=eyJ2ZW5jb2RlX3RhZyI6InhwaWRzLjE0NDB4MTA4MC5zZHIuQzMifQ%3D%3D&_nc_ohc=oljjTxewOb0Q7kNvwGnR3A-&_nc_oc=Admd5UbSJ-bkVSZL8884nrFCne9vHwZrcmWXQ3uyR4NyofKsp8J4FDSiTO2YV4ABzZ1y4XxIMoYmqDewzlJXT5es&_nc_ad=z-m&_nc_cid=0&_nc_zt=23&_nc_ht=scontent.cdninstagram.com&_nc_gid=cyCPdV1vpZqv4RB-t0B7pg&oh=00_Afh-HKbtIdJEnxufsmQLkI0SRp-eXZwFOm4QpfrMM4uJxQ&oe=69312DAC;Türk Eğitim-Sen Gümüşhane Şubesi 8. Olağan Genel Kurulu’na katılım sağladık. Genel kurulun hayırlara vesile olmasını diliyor, Başkan seçilen Mustafa Şişman’a ve yönetimine başarılar diliyorum. Önceki dönem Başkanı Mustafa Fevzi Akçay’a emek ve katkılarından dolayı teşekkür ediyorum.;
https://www.instagram.com/p/DRm-58RiOAD/;Photo;111;1;0;2025-11-28 20:49:13;https://scontent.cdninstagram.com/v/t51.82787-15/587292654_18397410529131689_373914095523379475_n.jpg?stp=dst-jpg_e35_tt6&_nc_cat=110&ig_cache_key=Mzc3NTk4MTk5ODIwOTI5NDMzOQ%3D%3D.3-ccb7-5&ccb=7-5&_nc_sid=58cdad&efg=eyJ2ZW5jb2RlX3RhZyI6InhwaWRzLjE0NDB4MTA4MC5zZHIuQzMifQ%3D%3D&_nc_ohc=ZKyRJT6AQgAQ7kNvwFNwbdC&_nc_oc=AdlLsrVPrlsA_wNAhiqKSQidbhUXjJl6wVqlVH2fNCNmtz343Uzi0vwL6fj2NVV7VHC-VTwa8O4wDXrQkapp5H4g&_nc_ad=z-m&_nc_cid=0&_nc_zt=23&_nc_ht=scontent.cdninstagram.com&_nc_gid=cyCPdV1vpZqv4RB-t0B7pg&oh=00_AfiOI7bWHPpduwxoIqnok9FQTvGO8m4wF2rydbpgaMeqIg&oe=693110A0;Aysun Taşdelen ve Ahmet Dabağ çiftinin nişan törenlerine katılım sağladık.   Çiftimize bir ömür boyu mutluluklar diliyorum.;
https://www.instagram.com/p/DRmstUFCJqz/;Reels;79;12;6904;2025-11-28 18:13:53;https://scontent.cdninstagram.com/v/t51.71878-15/587604247_1360630985471493_6927760622023344686_n.jpg?stp=dst-jpg_e15_tt6&_nc_cat=110&ig_cache_key=Mzc3NTkwMTk2NTU3ODk2NzczMQ%3D%3D.3-ccb7-5&ccb=7-5&_nc_sid=58cdad&efg=eyJ2ZW5jb2RlX3RhZyI6InhwaWRzLjY0MHgxMTM2LnNkci5DMyJ9&_nc_ohc=iKTKe2g8nzMQ7kNvwFGoUJn&_nc_oc=Adk0pwJGbb-CwT_4M1n5Wwq3O1OpDZfK3YPAEnZoZ4j78TrLjrKuHKNe3VcpMe4WLDJDki33f08v6GgWeLL4j92_&_nc_ad=z-m&_nc_cid=0&_nc_zt=23&_nc_ht=scontent.cdninstagram.com&_nc_gid=cyCPdV1vpZqv4RB-t0B7pg&oh=00_Afiyze5L59amkg2UFPduTnE7LloBMLt1aiHl_xSGdAjvGg&oe=69311EDE;GÜMÜŞHANE DEĞER, GÜMÜŞHANE’YE DEĞER…  TOKİ tarafından Çamlıca Mahallesi’nde hayata geçirilecek 393 konut ile 24 derslikli ilköğretim okulunu kapsayan sosyal konut projesi, Gümüşhane’mize hayırlı olsun. Türkiye genelinde yürütülen 250 bin Sosyal Konut Projesi kapsamında, hak sahiplerinin kura ile belirlendiği bu önemli yatırım için bir söz vermiştik… Ve bugün gururla söylüyoruz: Söz verdik, yapıyoruz…;
https://www.instagram.com/p/DRmjE9uk_xg/;Reels;50;0;6078;2025-11-28 16:46:43;https://scontent.cdninstagram.com/v/t51.82787-15/589717908_17881466163424432_2396242326015762091_n.jpg?stp=dst-jpg_e15_tt6&_nc_cat=107&ig_cache_key=Mzc3NTg1OTYxMDM4MjIzNjc2OA%3D%3D.3-ccb7-5&ccb=7-5&_nc_sid=58cdad&efg=eyJ2ZW5jb2RlX3RhZyI6InhwaWRzLjEwODB4MTkyMC5zZHIuQzMifQ%3D%3D&_nc_ohc=KPzoXuauGiwQ7kNvwEB2rSH&_nc_oc=Adl_iX9Uo191jHhveNRIhZYgcO4xq8fc4KsEom9-hurUczp_nWyRdKpg2aPA6f885VCYfORlt8yS9ztxB-NBaE4C&_nc_ad=z-m&_nc_cid=0&_nc_zt=23&_nc_ht=scontent.cdninstagram.com&_nc_gid=cyCPdV1vpZqv4RB-t0B7pg&oh=00_AfhKL0xOweZMr2UN7pb9HmrpLUE453XCPJE3SFU3WnZ0PQ&oe=6931246B;Gümüşhane DEĞER, Gümüşhane'ye DEĞER! 📌Karşıyaka Mahallesi Asfalt Çalışması 📌Cumhuriyet Caddesi Kilit Taşı Çalışması 📌İmamoğlu Sokak Elektrik Lambası Tamiri 📌Taksi Durağı Elektrik Borusu Montajı 📌Sebahattin Aytaç Caddesi Su Deposu Bakım ve Onarım Çalışması 📌Şehit Er Numan Yakut Sokak Peyzaj Çalışması 📌Cadde ve Sokak Temizlik Çalışmaları 📌Tamirciler Sokak Filtre Montaj Çalışması 📌Eskibağlar Mahallesi Su Hattı Çalışması 📌Hastane, Yaşlı ve Engelli Ziyareti #GümüşhaneDeğer #GümüşhaneyeDeğer;
https://www.instagram.com/p/DRmSwrFjbhr/;Reels;34;0;15260;2025-11-28 14:31:16;https://scontent.cdninstagram.com/v/t51.71878-15/587400724_867707412271197_8331076335387065023_n.jpg?stp=dst-jpg_e15_tt6&_nc_cat=105&ig_cache_key=Mzc3NTc4Nzg0NzIzMjg5NTA4Mw%3D%3D.3-ccb7-5&ccb=7-5&_nc_sid=58cdad&efg=eyJ2ZW5jb2RlX3RhZyI6InhwaWRzLjY0MHgxMTM2LnNkci5DMyJ9&_nc_ohc=wfTPPUseM8IQ7kNvwFAfkad&_nc_oc=AdlKTqKPhN8NfGrSCza6ZbVUvhIbym6tgwPemJIZTWfvl8fde409LGLuk7GNIal-LwYTk5XTnsDh4ASlhjvBJwsR&_nc_ad=z-m&_nc_cid=0&_nc_zt=23&_nc_ht=scontent.cdninstagram.com&_nc_gid=cyCPdV1vpZqv4RB-t0B7pg&oh=00_AfggL4bKGhz88nQ-rM3EmhWuJTfLtyB3VFNYOk-GNHhcBA&oe=69310138;Gümüşhane Belediyesi’nin dijital hizmet platformu olan Gümüşhane Kent Rehberi’nde adres bulmak çok kolay… Gümüşhane Kent Rehberini Nasıl Kullanabilirim? 1️⃣ Apple Store veya Google Play’den “Ulusal Kent Rehberi” adıyla uygulamayı indirin. 2️⃣ Profil doğrulamanızı yapın. 3️⃣ “Gümüşhane Belediyesi Başkanlığını seçip kent rehberini kullanın.;
https://www.instagram.com/p/DRmOAaciH6D/;Carousel;162;6;0;2025-11-28 13:41:55;https://scontent.cdninstagram.com/v/t51.82787-15/587486619_18397370320131689_1944798878291418044_n.jpg?stp=dst-jpg_e35_tt6&_nc_cat=100&ig_cache_key=Mzc3NTc2NjkyNzg4OTY2Njk3NA%3D%3D.3-ccb7-5&ccb=7-5&_nc_sid=58cdad&efg=eyJ2ZW5jb2RlX3RhZyI6InhwaWRzLjE0NDB4MTA4MC5zZHIuQzMifQ%3D%3D&_nc_ohc=N6LEwnMx42wQ7kNvwHNYmR1&_nc_oc=Adl4Y5cebhekZ9vFdF5qXNKQSjphujn2Jfls4EWxbMBt5LuXn79tt9-xK-YRJYeVG2ZhJ_tmRfB290wJIzzyzLCI&_nc_ad=z-m&_nc_cid=0&_nc_zt=23&_nc_ht=scontent.cdninstagram.com&_nc_gid=cyCPdV1vpZqv4RB-t0B7pg&oh=00_AfhUQxH0ZFS7tMjJd4hiJZQoa9ht7F1eBgMtqUVBTHfe4g&oe=6930FD1D;İlimiz Torul ilçesi Yücebelen köyü sakinlerinden Halit Akın Karabulut’u ebediyete uğurladık. Merhuma Allah’tan rahmet, kederli ailesi ve yakınlarına başsağlığı dilerim.;
https://www.instagram.com/p/DRl4QZXjZjT/;Reels;63;0;6707;2025-11-28 10:32:17;https://scontent.cdninstagram.com/v/t51.71878-15/586669334_773170319070354_6263378203505419862_n.jpg?stp=dst-jpg_e15_tt6&_nc_cat=107&ig_cache_key=Mzc3NTY3MTI3OTk3NDk3OTc5NQ%3D%3D.3-ccb7-5&ccb=7-5&_nc_sid=58cdad&efg=eyJ2ZW5jb2RlX3RhZyI6InhwaWRzLjY0MHgxMTM2LnNkci5DMyJ9&_nc_ohc=JV-bUHeKcD4Q7kNvwGt8pPL&_nc_oc=Adkyq8DMd69eLcwIiPI-lIqWLagahrhSsUsBQJI3iToE86sRjRvj4Jm1OuQCyqGvI8e_lzeec2kJCipGmiV6uoZ8&_nc_ad=z-m&_nc_cid=0&_nc_zt=23&_nc_ht=scontent.cdninstagram.com&_nc_gid=cyCPdV1vpZqv4RB-t0B7pg&oh=00_Afhf29Pdv-wHIxroUM_V7oCM7OHd2HuDfJMMzUTOFcrKbA&oe=69311B7B;Belediyemiz Kültür ve Sosyal İşler Müdürlüğü ‘Aile Yaşam Birimi’, her hafta gerçekleştirdiği ziyaretler kapsamında bu hafta Gümüşhane Devlet Hastanesi Göğüs Hastalıkları Servisi’nde tedavi gören hastalarımızı ziyaret etti.;
https://www.instagram.com/p/DRlt9K4iFnG/;Reels;30;0;3925;2025-11-28 09:02:06;https://scontent.cdninstagram.com/v/t51.71878-15/586700387_1915079932718847_4288689041077839117_n.jpg?stp=dst-jpg_e15_tt6&_nc_cat=100&ig_cache_key=Mzc3NTYyNTk3ODI4Njk4NzcxOA%3D%3D.3-ccb7-5&ccb=7-5&_nc_sid=58cdad&efg=eyJ2ZW5jb2RlX3RhZyI6InhwaWRzLjY0MHgxMTM2LnNkci5DMyJ9&_nc_ohc=wwOnMtCnF94Q7kNvwEO_Hw3&_nc_oc=AdmokDeIcAjRoEPXYr3sItEAGRCLjBjcygFxpQ24zZvfA8rI47DPX-LT_sJrIHnpYg2Rwji7iWgtsJNUtMiu07AU&_nc_ad=z-m&_nc_cid=0&_nc_zt=23&_nc_ht=scontent.cdninstagram.com&_nc_gid=cyCPdV1vpZqv4RB-t0B7pg&oh=00_AfhXe5xaytOAD4PQunFWU8rvlVz6oWFZzIPlqPknazPXEw&oe=69310CAA;Allah’ın rahmeti ve bereketi üzerimize olsun. Günümüz aydın, cumamız mübarek olsun. 🤲🏻 #HayırlıCumalar 🇹🇷;
https://www.instagram.com/p/DRkboHIjUzr/;Carousel;101;0;0;2025-11-27 21:02:28;https://scontent.cdninstagram.com/v/t39.30808-6/588928964_122254879994176179_6071219727314004675_n.jpg?stp=c0.0.2047.1365a_dst-jpg_e35_s2047x1365_tt6&_nc_cat=105&ig_cache_key=Mzc3NTI2Mzg3Mjk1MDA0ODUzOQ%3D%3D.3-ccb7-5&ccb=7-5&_nc_sid=58cdad&efg=eyJ2ZW5jb2RlX3RhZyI6InhwaWRzLjIwNDh4MTM2NS5zZHIuQzMifQ%3D%3D&_nc_ohc=ntKVNZR_fSkQ7kNvwGgHjKi&_nc_oc=AdkjcnhIoGks4By6HGs7q0yrxQ0vywWWjNVsJu8010l325k2OCEhpeDeXQKHpTRGRblkr0UEPy2uSQP-SI8xEJ_E&_nc_ad=z-m&_nc_cid=0&_nc_zt=23&_nc_ht=scontent.cdninstagram.com&_nc_gid=cyCPdV1vpZqv4RB-t0B7pg&oh=00_Afhd36jPgnfAeMxY2LYDndCN7wAOMsIrWzx9c_yDw6Fvfw&oe=69312FC1;📌İlimiz Torul ilçemiz Yücebelen Köyü sakinlerinden vefat eden Halit Karabulut’un ailesi ve yakınlarına taziye ziyaretinde bulunduk. 📌İlimiz Bahçeli beldesi sakinlerinden Alay, Zikri, Erol, Erdoğan ve Hamit Tanış'ın anneleri vefat eden Gülsüm Tanış’ın ailesi ve yakınlarına taziye ziyaretinde bulunduk. Merhum ve merhumeye Allah’tan rahmet, kederli ailesi ve yakınlarına başsağlığı dilerim.;
https://www.instagram.com/p/DRkLbeNCA64/;Reels;157;5;13633;2025-11-27 18:44:29;https://scontent.cdninstagram.com/v/t51.71878-15/587903223_1504931837481212_8231769186282333674_n.jpg?stp=dst-jpg_e15_tt6&_nc_cat=110&ig_cache_key=Mzc3NTE5MjY1NDAxMTY5ODg3Mg%3D%3D.3-ccb7-5&ccb=7-5&_nc_sid=58cdad&efg=eyJ2ZW5jb2RlX3RhZyI6InhwaWRzLjY0MHgxMTM2LnNkci5DMyJ9&_nc_ohc=i-TOTwJxDBgQ7kNvwFrMaiL&_nc_oc=Adlh1MnYEoNbsw5WrqMgKmxW7bngI-n1_lIMWs-1h8p29hGd_cPm3V3GhUEqSc7Xx7VaZWFlUf8YM3G9qaYWKKFX&_nc_ad=z-m&_nc_cid=0&_nc_zt=23&_nc_ht=scontent.cdninstagram.com&_nc_gid=cyCPdV1vpZqv4RB-t0B7pg&oh=00_AfhOFhUAeyqGp7UENXa-u7vJsRHaAm5QvkXssNLguvZZrQ&oe=69312872;Valimiz Sayın Aydın Baruş’un öncülüğünde, İl Emniyet Müdürümüz İsmail Karasakal, Gümüşhane İl Sağlık Müdürlüğü Sağlık Hizmetleri Başkanı ve İl Sağlık Müdür Vekili Dr. Emre Karataş’ın katılımlarıyla, sigara ile mücadele ve zabıta ekiplerimiz ile birlikte şehir merkezindeki kafeteryaları ziyaret ederek 4207 sayılı Kanun kapsamında tütün ve tütün mamullerinin tüketimine ilişkin yasal yükümlülükleri hatırlatıp gerekli uyarılarda bulunduk.;
https://www.instagram.com/p/DRkDva_gF3z/;Carousel;176;0;0;2025-11-27 17:33:45;https://scontent.cdninstagram.com/v/t39.30808-6/591495113_122254859018176179_1634870524443978616_n.jpg?stp=c0.0.1280.853a_dst-jpg_e35_tt6&_nc_cat=101&ig_cache_key=Mzc3NTE1ODgxMTUxNDM4NzY5OA%3D%3D.3-ccb7-5&ccb=7-5&_nc_sid=58cdad&efg=eyJ2ZW5jb2RlX3RhZyI6InhwaWRzLjEyODB4ODU0LnNkci5DMyJ9&_nc_ohc=b3e7_LJQilMQ7kNvwGxrp2B&_nc_oc=AdkbabI9FvTijhkUoa27UuHldG6YmXoBwSKxR5HrQdhgNy0PlPtHnkvGPOWulYtQiBOADojhR4EG6fczNm8pMxQd&_nc_ad=z-m&_nc_cid=0&_nc_zt=23&_nc_ht=scontent.cdninstagram.com&_nc_gid=cyCPdV1vpZqv4RB-t0B7pg&oh=00_AfgnhJWWLNxkNVoGNwl4_jMqMfVR8-2gMCK6IhbvOSnxTw&oe=6931173E;Valimiz Sayın Aydın Baruş'un öncülüğünde, İl Emniyet Müdürümüz İsmail Karasakal, Gümüşhane İl Sağlık Müdürlüğü Sağlık Hizmetleri Başkanı ve İl Sağlık Müdür Vekili Dr. Emre Karataş'ın katılımlarıyla, sigara ile mücadele ve zabıta ekiplerimiz ile birlikte şehir merkezindeki kafeteryaları ziyaret ederek 4207 sayılı Kanun kapsamında tütün ve tütün mamullerinin tüketimine ilişkin yasal yükümlülükleri hatırlatıp gerekli uyarılarda bulunduk.;
https://www.instagram.com/p/DRjKITiE04E/;Reels;59;2;9210;2025-11-27 09:11:11;https://scontent.cdninstagram.com/v/t51.82787-15/588151127_17881325886424432_67110173284924708_n.jpg?stp=dst-jpg_e15_tt6&_nc_cat=100&ig_cache_key=Mzc3NDkwNTQ2Mzg2MDMxNzcwMA%3D%3D.3-ccb7-5&ccb=7-5&_nc_sid=58cdad&efg=eyJ2ZW5jb2RlX3RhZyI6InhwaWRzLjEwODB4MTkyMC5zZHIuQzMifQ%3D%3D&_nc_ohc=QtJdkdlwZTYQ7kNvwHXZZaE&_nc_oc=AdlgLS-Zn0U-7UymQfoKWeMy-3VgqyXGqpv1V1xzLqeCPr_7Y89h8qWvpxXi5ypFW4L4GWWW69QwE361yjx-H4eZ&_nc_ad=z-m&_nc_cid=0&_nc_zt=23&_nc_ht=scontent.cdninstagram.com&_nc_gid=Omq6gLZM3HBjV8MGcSMtAg&oh=00_AfjdNKYvtsTmeP1PJEDH3YZ9e_APgyVuilT5OmUi1g96BQ&oe=69313092;Belediyemiz Kültür ve Sosyal İşler Müdürlüğü Aile Yaşam Birimi’nin düzenlediği ‘Engelsiz Saatler’ adlı proje kapsamında, birimimiz tarafından belirlenen aileye ziyaret gerçekleştirildi.;
https://www.instagram.com/p/DRhbS3-kSMu/;Carousel;180;0;0;2025-11-26 17:01:50;https://scontent.cdninstagram.com/v/t39.30808-6/589942895_122254712336176179_661147881132000294_n.jpg?stp=c0.0.1500.999a_dst-jpg_e35_tt6&_nc_cat=109&ig_cache_key=Mzc3NDQxNzk4OTk5NjE5NjE4Mw%3D%3D.3-ccb7-5&ccb=7-5&_nc_sid=58cdad&efg=eyJ2ZW5jb2RlX3RhZyI6InhwaWRzLjE1MDB4MTAwMC5zZHIuQzMifQ%3D%3D&_nc_ohc=5tuKIB_zUOwQ7kNvwH5K1bA&_nc_oc=AdlrI8Aulontu9bmNKl-_Dz4UqDF2A2QlBKuOd1-XERMRA9HHWQWBtoK9fSUGTWlreHF6wU-1dh2AQr_7llTmzM4&_nc_ad=z-m&_nc_cid=0&_nc_zt=23&_nc_ht=scontent.cdninstagram.com&_nc_gid=Omq6gLZM3HBjV8MGcSMtAg&oh=00_AfiGIiTn3f4ZjQodsw2ZS2NpQrvW68TrJ2hPq9tPiFw_Ow&oe=693100A6;📌Gümüşhane Üniversitesi Mühendislik ve Doğa Bilimleri Fakültesi'nde yaşanan rehine krizi, emniyet mensuplarımız ile üniversitemizin uzun süren ikna çabaları sonucunda sona ermiştir. Rehin alınan kadın personel sağlıklı bir şekilde kurtarılmıştır. Bu üzücü olayın bir daha yaşanmamasını temenni eder, kurtarılan personelimize ve ailesine geçmiş olsun dileklerimi iletiyorum. 📌İlimiz Çaltılı köyü sakinlerinden Ali Ağaç’ı ebediyete uğurlardık. Merhuma Allah’tan rahmet, kederli ailesi ve yakınlarına başsağlığı dilerim.;
https://www.instagram.com/p/DRhC0O0jZw9/;Reels;33;1;5653;2025-11-26 13:30:49;https://scontent.cdninstagram.com/v/t51.71878-15/587104950_1781421972566044_2374426419230366687_n.jpg?stp=dst-jpg_e15_tt6&_nc_cat=105&ig_cache_key=Mzc3NDMxMDM0ODEzMzA4MDEyNQ%3D%3D.3-ccb7-5&ccb=7-5&_nc_sid=58cdad&efg=eyJ2ZW5jb2RlX3RhZyI6InhwaWRzLjY0MHgxMTM2LnNkci5DMyJ9&_nc_ohc=69TQtxpiqVwQ7kNvwFrtdqm&_nc_oc=AdleXyutdhTNajyWornN-zNbbgR-VAV3Tv2aCu8RLO-rviasnl9NdinTEcm_V0neoe5ZsZe_hCdwznlJ5GiARLXk&_nc_ad=z-m&_nc_cid=0&_nc_zt=23&_nc_ht=scontent.cdninstagram.com&_nc_gid=Omq6gLZM3HBjV8MGcSMtAg&oh=00_Afhx3Ymo2TfG-WmIhshjSdaotg66ZGQlcf6k_C_bZcruUg&oe=693105E5;Gümüşhane DEĞER, Gümüşhane’ye DEĞER! 📌Karşıyaka Mah. Asfalt Çalışması 📌Cumhuriyet Cad. Kilit Taşı Çalışması 📌İmamoğlu Sok. Elektrik Lambası Tamiri 📌Cadde ve Sokak Temizlik Çalışmaları 📌Taksi Durağı Elektrik Borusu Montajı 📌Karşıyaka Mah. Korkuluk Yapımı 📌Hasanbey Mah. Peyzaj Çalışması 📌Eskibağlar Kanalizasyon Çalışması 📌Zafer Meydanı Ölçüm Çalışması 📌Hastane, Yaşlı ve Engelli Ziyareti #GümüşhaneDeğer #GümüşhaneyeDeğer;
https://www.instagram.com/p/DRgs8wLj6ez/;Reels;330;13;19819;2025-11-26 10:21:23;https://scontent.cdninstagram.com/v/t51.82787-15/587709149_18397148362131689_3192386173260878671_n.jpg?stp=dst-jpg_e15_tt6&_nc_cat=111&ig_cache_key=Mzc3NDIxNDE3NjY4NTEzOTg5MQ%3D%3D.3-ccb7-5&ccb=7-5&_nc_sid=58cdad&efg=eyJ2ZW5jb2RlX3RhZyI6InhwaWRzLjEwODB4MTkyMC5zZHIuQzMifQ%3D%3D&_nc_ohc=P1DRYLCeGY8Q7kNvwE4lE79&_nc_oc=AdkQ2eModRQYokD7qt_Ps_wdo6s1UBNrd04Yjt1yUiMddfs7LEOnFiMbpDefkgAp1l_AJl_4hKdbzDlne2zaqWxi&_nc_ad=z-m&_nc_cid=0&_nc_zt=23&_nc_ht=scontent.cdninstagram.com&_nc_gid=Omq6gLZM3HBjV8MGcSMtAg&oh=00_AfhMf0Ve42-T2s3Kn5lhELZY_SNgRVKkha4b_ZLbJZIP3g&oe=69312BF3;Valimiz Sayın Aydın Baruş’un başkanlığında, milletvekilimiz Sayın Celalettin Köse ve Tp Türkiye firması yetkilisi Jülide Marangoz’un katılımlarıyla ilimizde kurulacak Çağrı Merkezi protokolünü imzaladık. Dr. Devlet Bahçeli Caddesi’nde bulunan Naim Ağaç Tesisimizde faaliyete başlayacak olan çağrı merkezinde ilk etapta yaklaşık 250 kişiye istihdam sağlanacaktır. Bu alanda yapmayı ve Mart ayına yetiştirmeyi hedeflediğimiz 1.250 metrekarelik çağrı merkezi alanı ile ilimizde toplam 500 kişinin istihdam edilmesine katkı sunacağız. Çağrı Merkezinin açılmasında emeği geçen Valimiz Sayın Aydın Baruş’a, Milletvekillerimiz Celalettin Köse, Musa Küçük ve Cumhur İttifakın tüm paydaşlarına şükranlarımı sunuyorum.;
https://www.instagram.com/p/DRfMU49CAcg/;Carousel;57;4;0;2025-11-25 20:12:34;https://scontent.cdninstagram.com/v/t51.82787-15/587090355_18397094794131689_9129288448875613164_n.jpg?stp=dst-jpegr_e35_tt6&_nc_cat=103&ig_cache_key=Mzc3Mzc4OTIxMDg5Mzg5MTcwNg%3D%3D.3-ccb7-5&ccb=7-5&_nc_sid=58cdad&efg=eyJ2ZW5jb2RlX3RhZyI6InhwaWRzLjE0NDB4MTA4MC5oZHIuQzMifQ%3D%3D&_nc_ohc=K5jPHM70zUwQ7kNvwFCbhYf&_nc_oc=Adkg3w2O9KXQaOzgjyt6zyokulpxMycEU4dmdMkC0Z68xRsasgcamOvEzZyJwGETgGdgxwg0Gsu2bNrDuNywDClQ&_nc_ad=z-m&_nc_cid=0&_nc_zt=23&_nc_ht=scontent.cdninstagram.com&_nc_gid=Omq6gLZM3HBjV8MGcSMtAg&oh=00_AfiFuxRpPcXiyvNB7vhYgo6WaXsI3oc0T7O2HXzk-6CdNg&oe=6931162B;GÜMSAŞ Yaşam Evleri projesi kapsamında hak sahipleriyle yeniden bir araya gelerek, TOKİ ve Belediyemiz koordinasyonunda yürütülen projeye ilişkin Toplu Konut İdaresi Başkanlığı (TOKİ) tarafından hazırlanıp Belediyemize ulaştırılan güncellenmiş sözleşme sürecine dair tüm detayları paylaştık. Güncellenen sözleşmeler üzerine bilgilendirme ve değerlendirme toplantımızı gerçekleştirdik.;
https://www.instagram.com/p/DRer8GtCJgo/;Carousel;54;0;0;2025-11-25 15:29:33;https://scontent.cdninstagram.com/v/t51.82787-15/584407303_18397067740131689_2797721909908414947_n.jpg?stp=dst-jpg_e35_tt6&_nc_cat=110&ig_cache_key=Mzc3MzY0Njc2ODk0MTEwMDQ5Nw%3D%3D.3-ccb7-5&ccb=7-5&_nc_sid=58cdad&efg=eyJ2ZW5jb2RlX3RhZyI6InhwaWRzLjE0NDB4OTYwLnNkci5DMyJ9&_nc_ohc=B0Y0KO0os_4Q7kNvwEwGqWL&_nc_oc=Adk4wxj42MHHjJeGUAybQu2oG0U4jPvrJ0qH0H_aHmxrHGHOLSBsKzViUxAmSVr2nI5zFtsLvLz1N3qYxJECB9pU&_nc_ad=z-m&_nc_cid=0&_nc_zt=23&_nc_ht=scontent.cdninstagram.com&_nc_gid=Omq6gLZM3HBjV8MGcSMtAg&oh=00_Afg5WWIehc1LyrnnoWlnOlkiA-tD3oEUO_uruHNdzTH9NA&oe=6930F9AD;"Gümüşhane Yerel Yönetimler Birliği Olağan Meclis Toplantımızı gerçekleştirdik. Toplantıda aldığımız kararların, bölgemizin çevresel altyapısının güçlendirilmesine önemli katkılar sunmasını diliyor; hayırlara vesile olmasını temenni ediyorum.";
https://www.instagram.com/p/DRd_iFdCIMZ/;Photo;26;0;0;2025-11-25 09:01:32;https://scontent.cdninstagram.com/v/t51.82787-15/587431825_18397038415131689_3003106271510265510_n.jpg?stp=dst-jpg_e35_tt6&_nc_cat=103&ig_cache_key=Mzc3MzQ1MTQ4MjA1NDU1ODQ4OQ%3D%3D.3-ccb7-5&ccb=7-5&_nc_sid=58cdad&efg=eyJ2ZW5jb2RlX3RhZyI6InhwaWRzLjE0NDB4MTQ0MC5zZHIuQzMifQ%3D%3D&_nc_ohc=11uNGQEdrJAQ7kNvwH3exkl&_nc_oc=AdnlFjWwSgVuhY0wD7svZSDcvNKiK_scP1bAeoG8twMtIwcu07v9Xj_BgxlpxoiyiG0ubci-VP5ZPVFYYfrGy0Mx&_nc_ad=z-m&_nc_cid=0&_nc_zt=23&_nc_ht=scontent.cdninstagram.com&_nc_gid=Omq6gLZM3HBjV8MGcSMtAg&oh=00_AfjHLuaXNDeCEUEjnxjuNckPj2kjCZLBB1KY0RPNnrChoA&oe=69312E3F;"25 Kasım Kadına Yönelik Şiddete Karşı Uluslararası Mücadele Gününde, kadına yönelik her türlü şiddetin karşısında olduğumu belirtiyor; sevgi, saygı ve eşitliğin hakim olduğu bir toplum temenni ediyorum.";
https://www.instagram.com/p/DRczpwtCNUZ/;Reels;179;2;13635;2025-11-24 22:01:48;https://scontent.cdninstagram.com/v/t51.71878-15/589070468_1351275596006976_5917899821956709733_n.jpg?stp=dst-jpg_e15_tt6&_nc_cat=111&ig_cache_key=Mzc3MzExNzc1Nzk5NTQwNjYxNw%3D%3D.3-ccb7-5&ccb=7-5&_nc_sid=58cdad&efg=eyJ2ZW5jb2RlX3RhZyI6InhwaWRzLjY0MHgxMTM2LnNkci5DMyJ9&_nc_ohc=vhyv-42DwiMQ7kNvwHdeeQK&_nc_oc=AdkCvhCDL3907ZYmu91cdIzZRKIwhQUEar_1VJsI8KUNBD1GN9wxEAmC__-i23megMvK9Db3w3mxVimZstu4_MBN&_nc_ad=z-m&_nc_cid=0&_nc_zt=23&_nc_ht=scontent.cdninstagram.com&_nc_gid=Omq6gLZM3HBjV8MGcSMtAg&oh=00_AfgbuUt52KkCUGrMIklCBn5SqJGJ0UzS9BQxujEnbud54A&oe=69311595;"24 Kasım Öğretmenler Günü vesilesiyle, Belediyemiz Hizmet Binası 6. katta bulunan Otağ Sosyal Tesislerimizde; Valimiz Sayın Aydın Baruş’un teşrifleri ve protokolümüzün katılımlarıyla emekli öğretmenlerimiz onuruna düzenlediğimiz yemek programını yoğun bir katılımla gerçekleştirdik.  Programımıza katılım sağlayan tüm misafirlerimize teşekkür ediyor, bu vesileyle tüm öğretmenlerimizin Öğretmenler Günü’nü bir kez daha en içten dileklerimle tebrik ediyorum.";
https://www.instagram.com/p/DRcyP9fCM2C/;Carousel;105;0;0;2025-11-24 21:46:13;https://scontent.cdninstagram.com/v/t51.82787-15/587413181_18396996655131689_1071001047242444355_n.jpg?stp=dst-jpg_e35_tt6&_nc_cat=107&ig_cache_key=Mzc3MzExMTU1OTgzNzQ3MTk0Nw%3D%3D.3-ccb7-5&ccb=7-5&_nc_sid=58cdad&efg=eyJ2ZW5jb2RlX3RhZyI6InhwaWRzLjEyMDB4OTAwLnNkci5DMyJ9&_nc_ohc=LHdQ1exXIKQQ7kNvwHgucXP&_nc_oc=AdlupeIvzcx_Y59KtXNR0UkdZNMeyzQNSMuUoyf6a_mcPFlW3aMDokHkFf3daZP1dQvf1zDyFO7JDwX0fzDi1PHY&_nc_ad=z-m&_nc_cid=0&_nc_zt=23&_nc_ht=scontent.cdninstagram.com&_nc_gid=Omq6gLZM3HBjV8MGcSMtAg&oh=00_Afjt1riOWKhK0RXsO8ngO7opB2Ahi_Rx6NASMIFCiH9ifw&oe=6930F918;"24 Kasım Öğretmenler Günü vesilesiyle, Belediyemiz Hizmet Binası 6. katta bulunan Otağ Sosyal Tesislerimizde; Valimiz Sayın Aydın Baruş’un teşrifleri ve protokolümüzün katılımlarıyla emekli öğretmenlerimiz onuruna düzenlediğimiz yemek programını yoğun bir katılımla gerçekleştirdik.  Programımıza katılım sağlayan tüm misafirlerimize teşekkür ediyor, bu vesileyle tüm öğretmenlerimizin Öğretmenler Günü’nü bir kez daha en içten dileklerimle tebrik ediyorum.";
https://www.instagram.com/p/DRcS0aOCI5I/;Carousel;102;0;0;2025-11-24 17:11:34;https://scontent.cdninstagram.com/v/t51.82787-15/586688271_18396971425131689_6979362822956395392_n.jpg?stp=dst-jpegr_e35_tt6&_nc_cat=110&ig_cache_key=Mzc3Mjk3MzMzNjE1NDkzMDY4NQ%3D%3D.3-ccb7-5&ccb=7-5&_nc_sid=58cdad&efg=eyJ2ZW5jb2RlX3RhZyI6InhwaWRzLjE0NDB4MTA4MC5oZHIuQzMifQ%3D%3D&_nc_ohc=0vXAIvKTPrIQ7kNvwGhSC7U&_nc_oc=AdlAe0Iy636b68pzs6Wn027T-S4K8wU-xHr7YwSCgsLKX6iDVlKW321eGGvlWft2jYq2eAQCtvIleTEDJR5xiN-j&_nc_ad=z-m&_nc_cid=0&_nc_zt=23&_nc_ht=scontent.cdninstagram.com&_nc_gid=Omq6gLZM3HBjV8MGcSMtAg&oh=00_AfhxU0DY9cpj4eVQFpTdYw71O1UCcQHSDbBzTc-jCw4bFg&oe=693122F4;Türk Kadınlar Birliği Gümüşhane Şubesinin düzenlediği, emekli kadın öğretmenlerimizle bir araya geldiğimiz kahvaltı programına katılım sağladık.  Yıllarını eğitime adamış değerli öğretmenlerimizle birlikte olmak bizler için büyük bir mutluluktu. Misafirperverlikleri için Türk Kadınlar Birliği’ne teşekkür ediyor, emekli kadın öğretmenlerimize sağlıklı ve huzurlu bir yaşam temenni ediyorum.;
https://www.instagram.com/p/DRcG64QiAOP/;Carousel;60;0;0;2025-11-24 15:27:36;https://scontent.cdninstagram.com/v/t51.82787-15/583282949_18396960175131689_8305903085074648719_n.jpg?stp=dst-jpg_e35_tt6&_nc_cat=100&ig_cache_key=Mzc3MjkyMTAxMDQ0MjUyMzgyNA%3D%3D.3-ccb7-5&ccb=7-5&_nc_sid=58cdad&efg=eyJ2ZW5jb2RlX3RhZyI6InhwaWRzLjE0NDB4MTA4MC5zZHIuQzMifQ%3D%3D&_nc_ohc=WbIfDJbJY00Q7kNvwGfQDDM&_nc_oc=AdmRwyJE24RHtA0evE12F6mxI7fxEezidPQDDndSSuEJ3W_-xNEmB4hk8hCzjBuhMzXTvaEelLVom1A2DdEfB0Yi&_nc_ad=z-m&_nc_cid=0&_nc_zt=23&_nc_ht=scontent.cdninstagram.com&_nc_gid=Omq6gLZM3HBjV8MGcSMtAg&oh=00_Afhld-2ObuSbkmzkZP0rxCo_SOR2t0KBKGtJjnfjjSQb7g&oe=693127ED;24 Kasım Öğretmenler Günü kapsamında, Atatürk Anıt’ı önünde düzenlenen çelenk sunma törenine katılım sağladık. Fedakârlıklarıyla yarınlarımızı inşa eden kıymetli öğretmenlerimizle bir arada olmaktan büyük memnuniyet duyduk. Tüm öğretmenlerimizin Öğretmenler Günü’nü yürekten kutluyorum.;
https://www.instagram.com/p/DRbaC0-iGBy/;Reels;244;2;10077;2025-11-24 08:57:59;https://scontent.cdninstagram.com/v/t51.71878-15/588443462_1467187364369021_7968892734825967420_n.jpg?stp=dst-jpg_e15_tt6&_nc_cat=100&ig_cache_key=Mzc3MjcyMzY1NjM4NDg2NDM3MA%3D%3D.3-ccb7-5&ccb=7-5&_nc_sid=58cdad&efg=eyJ2ZW5jb2RlX3RhZyI6InhwaWRzLjY0MHgxMTM2LnNkci5DMyJ9&_nc_ohc=YT7UODhCDVYQ7kNvwEQIHCx&_nc_oc=AdnpoANCpNq3GoyDdzfLKPMgRXAxoD_0cGisf4jhJXEdjVKqqW820AICXXAbot6ZW2VbzMHXt0Ul8f4mzmi5vgPj&_nc_ad=z-m&_nc_cid=0&_nc_zt=23&_nc_ht=scontent.cdninstagram.com&_nc_gid=Omq6gLZM3HBjV8MGcSMtAg&oh=00_AfhE7aJxIdd5-yDMckZ6V4R45RGvMs5TGaZ-qri6S9FYOw&oe=6930FC02;Geleceğin temeli eğitim, eğitimin temeli öğretmenlerdir. Emeği, azmi, sabrı ve sevgisiyle evlatlarımızı yarınlara hazırlayan öğretmenlerimizin Öğretmenler Günü’nü tebrik ediyorum.;
https://www.instagram.com/p/DRZ7HD_DjUw/;Photo;40;0;0;2025-11-23 19:05:56;https://scontent.cdninstagram.com/v/t39.30808-6/585433709_122254301150176179_5502304731239153310_n.jpg?stp=dst-jpg_e35_tt6&_nc_cat=102&ig_cache_key=Mzc3MjMwNjEzMjk1OTExNDU0NA%3D%3D.3-ccb7-5&ccb=7-5&_nc_sid=58cdad&efg=eyJ2ZW5jb2RlX3RhZyI6InhwaWRzLjIwNDh4MjA0OC5zZHIuQzMifQ%3D%3D&_nc_ohc=5eJDzh3BF6gQ7kNvwGQjWZO&_nc_oc=Admh22LLd3LRzUUrsthsium0WWJzcl_gU60S19xIMEsN7J0zKQO9nL-Yfi6shaxCVH8&_nc_ad=z-m&_nc_cid=0&_nc_zt=23&_nc_ht=scontent.cdninstagram.com&_nc_gid=tWYbdruLJyfDK6IBaym3cg&oh=00_AfjStr6dxUUokdEpWe0NadQieUP-Fu88n0y0qVGjZKILsg&oe=6931131F;"""Önkuzu hey! Önkuzu! Önde gider Önkuzu. Bu bayrak düşmez yere, Ölmedikçe sonkuzu!""  Ülkücü Şehidimiz Ertuğrul Dursun Önkuzu’yu şehadetinin yıl dönümünde rahmet, minnet ve dualarla anıyorum.   Ruhu şad, mekanı Cennet olsun inşallah…";
https://www.instagram.com/p/DRZyD-SEVhg/;Carousel;364;5;0;2025-11-23 17:46:51;https://scontent.cdninstagram.com/v/t39.30808-6/584975803_122254293308176179_679802168277186006_n.jpg?stp=c0.16.2048.1332a_dst-jpg_e35_tt6&_nc_cat=106&ig_cache_key=Mzc3MjI2NjMxODkyMjg0NTY4NQ%3D%3D.3-ccb7-5&ccb=7-5&_nc_sid=58cdad&efg=eyJ2ZW5jb2RlX3RhZyI6InhwaWRzLjIwNDh4MTM2NS5zZHIuQzMifQ%3D%3D&_nc_ohc=MjZ26CUc6uIQ7kNvwGcOB1I&_nc_oc=AdkBcUNUPNjCDwVCFwh4Zi2xkM_xdedkNRIhwPd8ozRS2o-dn9bfVcOPFu-WkzrpcFg&_nc_ad=z-m&_nc_cid=0&_nc_zt=23&_nc_ht=scontent.cdninstagram.com&_nc_gid=tWYbdruLJyfDK6IBaym3cg&oh=00_AfjWiyv1UQjUovjCd5EvtVnvAyooy3pBeMAySEohhYEUPA&oe=69312EBD;📌 Karaer Mahallesi Hilal Sokak’ta hizmet vermeye başlayan Viola Pastanesinin açılış törenine katılarak, davetlilerle birlikte açılış kurdelesini kestik. İşletme sahibi Gülsüm Kazancı’ya hayırlı ve bereketli kazançlar temenni ediyorum. 📌 Harşit Çayı Dere Islahı kapsamında, Gümüş Otel mevkiinde devam eden çalışmaları yerinde inceledik.;
https://www.instagram.com/p/DRW3FE_jGtn/;Carousel;66;2;0;2025-11-22 14:32:59;https://scontent.cdninstagram.com/v/t39.30808-6/577036873_122254126064176179_5479537115314311951_n.jpg?stp=dst-jpg_e35_tt6&_nc_cat=111&ig_cache_key=Mzc3MTQ0Mzk2OTIyNjc2NDUwMA%3D%3D.3-ccb7-5&ccb=7-5&_nc_sid=58cdad&efg=eyJ2ZW5jb2RlX3RhZyI6InhwaWRzLjEzMjB4ODgwLnNkci5DMyJ9&_nc_ohc=DKSMlU0ImOIQ7kNvwFvMiho&_nc_oc=AdnF0gGsIfNnHx_CrdBD2z6LvLFt0Iakq8Zb_l4ZBpSYwEKuMiRmaQsRjg3xnIQZhTs&_nc_ad=z-m&_nc_cid=0&_nc_zt=23&_nc_ht=scontent.cdninstagram.com&_nc_gid=tWYbdruLJyfDK6IBaym3cg&oh=00_Afg_3l3aBRnTRv7H38PmaZpXcXQDwAOoDoyWsANzXVBkpg&oe=693108C7;Köse Belediye Başkanımız Turgay Kesler’in kıymetli kayınpederi Muammer Bayrak’ı Köse ilçemizde ebediyete uğurladık. Merhuma Allah’tan rahmet, kederli ailesine ve yakınlarına başsağlığı diliyorum.;
https://www.instagram.com/p/DRU8HIsDBXa/;Carousel;163;0;0;2025-11-21 20:38:28;https://scontent.cdninstagram.com/v/t39.30808-6/586015556_122254025696176179_2361395705978813523_n.jpg?stp=c0.0.2047.1365a_dst-jpg_e35_s2047x1365_tt6&_nc_cat=107&ig_cache_key=Mzc3MDkwMzE0NDg2NDQ3ODAwNg%3D%3D.3-ccb7-5&ccb=7-5&_nc_sid=58cdad&efg=eyJ2ZW5jb2RlX3RhZyI6InhwaWRzLjIwNDh4MTM2NS5zZHIuQzMifQ%3D%3D&_nc_ohc=3kcv6sVvcsoQ7kNvwEz8qaB&_nc_oc=Adn_vcrC3cY4TOMKhSgs7rHEAYeWn9reXoGHhQkSmMwp-Oa9E7L-UasamiF3RQhKaJg&_nc_ad=z-m&_nc_cid=0&_nc_zt=23&_nc_ht=scontent.cdninstagram.com&_nc_gid=tWYbdruLJyfDK6IBaym3cg&oh=00_Afj4-ztcFJLwmmezT9F6HKS6nZ4BmYjs9-MO9n90qlJYeA&oe=6931153C;"🔸 15 Temmuz Zafer Meydanı’nda başlattığımız otopark yapım çalışmalarını, 🔸 Karşıyaka Mahallesi mesire yolu, Yenimahalle Cami önü ve 15 Şubat Caddesinde Fen İşleri Müdürlüğümüz tarafından sürdürülen asfaltlama çalışmalarını, 🔸 Karşıyaka Mahallemiz Dr. Devlet Bahçeli Caddesi üzerinde bulunan Naim Ağaç Tesisimizde, 500 kişinin istihdam edileceği Çağrı Merkezi için yürütülen çalışmaları yerinde inceledik. 15 Temmuz Zafer Meydanı’nda ve diğer çalışma alanlarımızda vatandaşlarımız ve çocuklarımızla bir araya gelerek sohbet ettik, taleplerini dinledik. 🔸Belediye Başkan Yardımcımız Muzaffer Pezük ve GÜMSAŞ Genel Müdürümüz Gürhan Yılmaz ile birlikte; İlimizden Umre farizasını yerine getirmek için kutsal topraklara gidecek olan hemşerilerimizi Karşıyaka Cami önünden uğurlama programına katılım sağladık. Umreye giden vatandaşlarımıza hayırlı yolculuklar dileyerek, ibadetlerini huzur içinde yerine getirmelerini temenni ediyorum.";
https://www.instagram.com/p/DRUhmToiEuX/;Carousel;41;0;0;2025-11-21 16:46:48;https://scontent.cdninstagram.com/v/t51.82787-15/582720058_18395367013131689_8375321607822537552_n.jpg?stp=dst-jpg_e35_tt6&_nc_cat=109&ig_cache_key=Mzc3MDc4NjU0NDI5NTEyOTIxMA%3D%3D.3-ccb7-5&ccb=7-5&_nc_sid=58cdad&efg=eyJ2ZW5jb2RlX3RhZyI6InhwaWRzLjkwMHg1MDYuc2RyLkMzIn0%3D&_nc_ohc=n9MSeNQ8D8IQ7kNvwHtoiGO&_nc_oc=AdlxzhhWQbcaQ36Wnqj-46n8xAAgg0Stg8wHk7rbwhbpzTgoQ32eeH8i2tQ8sLpPMZY&_nc_ad=z-m&_nc_cid=0&_nc_zt=23&_nc_ht=scontent.cdninstagram.com&_nc_gid=tWYbdruLJyfDK6IBaym3cg&oh=00_AfhFMKgOXj21VMrDCYzGugQmodE9hQxMDcZpf1x-KUAhvg&oe=69310A21;2025 CBS Günü kapsamında Antalya Üniversitesi’nde düzenlenen poster yarışmasında, üniversitemiz CBS ve Coğrafya Bölümü öğrencilerimizin ilk üç sırayı elde etmesi bizler için büyük bir gurur oldu.  Akıllı Şehir Yönetişiminde Yenilikçi Bir Adım: Gümüşhane Belediyesi Beyaz Masa Biriminin Bulut Kent Bilgi Sistemine Entegrasyonu, Yeşilin Soğuttuğu, Betonun Isıttığı Vadi Gümüşhane, ve Coğrafi Bilgi Sistemleriyle Yağmur Suyu Hasadının Değerlendirilmesi: Gümüşhane Şehri Örneği başlıklı poster çalışmaları ile etkinlikte önemli bir başarı elde eden tüm öğrencilerimize teşekkür ediyoruz. Gümüşhane Kent Rehberi üzerinden ilettikleri teşekkür mesajların belediyemizi gerçekten mutlu ettiğini belirtmek istiyoruz.  Belediyemiz ile üniversitemiz arasındaki bu güçlü iş birliği, hem şehrimizin geleceği hem de gençlerimizin akademik ve mesleki gelişimi için büyük önem taşıyor. Akıllı Şehir vizyonumuz doğrultusunda, tüm paydaşlarımızla birlikte çalışmaya devam edeceğiz.;
https://www.instagram.com/p/DRUe0jLE0dN/;Reels;41;0;4983;2025-11-21 16:23:43;https://scontent.cdninstagram.com/v/t51.82787-15/587829622_17880718485424432_3641643477254181837_n.jpg?stp=dst-jpg_e15_tt6&_nc_cat=103&ig_cache_key=Mzc3MDc3NDM0MDU5MDg0NzgyMQ%3D%3D.3-ccb7-5&ccb=7-5&_nc_sid=58cdad&efg=eyJ2ZW5jb2RlX3RhZyI6InhwaWRzLjEwODB4MTkyMC5zZHIuQzMifQ%3D%3D&_nc_ohc=sbnLCRXbDbkQ7kNvwFrCWVC&_nc_oc=AdmOvVgXOOjGihDpsWFShGi5o70ds3lccvjy30jSOtjjLMk6kE8PmcTcy2Vj0A_FvLY&_nc_ad=z-m&_nc_cid=0&_nc_zt=23&_nc_ht=scontent.cdninstagram.com&_nc_gid=tWYbdruLJyfDK6IBaym3cg&oh=00_AfgKLsWPDA6_gXh36MCvSZX0d0flwd--QDErV49GTi7Uww&oe=6931299C;Gümüşhane DEĞER, Gümüşhane'ye DEĞER! 📌Bahçeli Sokak Asfalt Çalışması 📌Karşıyaka Mahallesi Hafriyat Çalışması 📌Yeşil Sokak Kilit Taşı Çalışması 📌Harşit Sokak Levha Montajı 📌Cadde ve Sokak Temizlik Çalışmaları 📌Su Deposu Onarım Çalışması 📌Kaynak Atölyesi Kaynak İşlemleri 📌Karaer Mahallesi Peyzaj Çalışması 📌Küp Park Sulama Sistemi Bakım Çalışması 📌Zafer Meydanı Ölçüm Çalışması 📌Zabıta Duba Kaldırım Çalışması 📌Atıksu Arıtma Tesisi Bakım ve Onarım Çalışması 📌Hastane, Yaşlı ve Engelli Ziyareti #GümüşhaneDeğer #GümüşhaneyeDeğer;
https://www.instagram.com/p/DRTvjY5kxcC/;Reels;56;0;5385;2025-11-21 09:30:22;https://scontent.cdninstagram.com/v/t51.82787-15/584598862_17880690858424432_2073006877948223056_n.jpg?stp=dst-jpg_e15_tt6&_nc_cat=100&ig_cache_key=Mzc3MDU2NjQ1MzE0MjY4OTUzOA%3D%3D.3-ccb7-5&ccb=7-5&_nc_sid=58cdad&efg=eyJ2ZW5jb2RlX3RhZyI6InhwaWRzLjEwODB4MTkyMC5zZHIuQzMifQ%3D%3D&_nc_ohc=3WpbiBhn6m0Q7kNvwED7JH3&_nc_oc=Adk8Iwd_MhyWhYGJnZlE-RY0mvpbRG-O7ZYytLyzfzG7sBnA-wxWuvpiDnqDYYDFkOQ&_nc_ad=z-m&_nc_cid=0&_nc_zt=23&_nc_ht=scontent.cdninstagram.com&_nc_gid=tWYbdruLJyfDK6IBaym3cg&oh=00_AfjSiW22subbqWDF_2bvSS2sux2Zf_7MvFpFcNkGjzkaTA&oe=69310C69;Belediyemiz Kültür ve Sosyal İşler Müdürlüğü ‘Aile Yaşam Birimi’, her hafta gerçekleştirdiği ziyaretler kapsamında bu hafta Gümüşhane Devlet Hastanesi Dahiliye Servisi’nde tedavi gören hastalarımızı ziyaret etti.;
https://www.instagram.com/p/DRTrxGqj6_U/;Reels;36;0;4274;2025-11-21 08:57:34;https://scontent.cdninstagram.com/v/t51.82787-15/583202685_18395044819131689_6521852009148412502_n.jpg?stp=dst-jpg_e15_tt6&_nc_cat=109&ig_cache_key=Mzc3MDU0OTgwMzQ1MDA4NTMzMg%3D%3D.3-ccb7-5&ccb=7-5&_nc_sid=58cdad&efg=eyJ2ZW5jb2RlX3RhZyI6InhwaWRzLjEwODB4MTkyMC5zZHIuQzMifQ%3D%3D&_nc_ohc=hQbhfy4TdIkQ7kNvwGrtvcw&_nc_oc=AdlKypxO-y7EFV7NoVB1UQa3-1MQboKGPWABHVKHqCn2LgpnyZOXLAKgc7X9Cr5l_wg&_nc_ad=z-m&_nc_cid=0&_nc_zt=23&_nc_ht=scontent.cdninstagram.com&_nc_gid=tWYbdruLJyfDK6IBaym3cg&oh=00_AfjFit8pmCp64ajHBZqOUrLAs6g32l2SP3_i8xkm4rALWw&oe=693121F4;Allah’ın rahmeti ve bereketi üzerimize olsun. Günümüz aydın, cumamız mübarek olsun. 🤲🏻 #HayırlıCumalar 🇹🇷;
https://www.instagram.com/p/DRRyKi5DQQW/;Reels;72;0;7862;2025-11-20 15:14:13;https://scontent.cdninstagram.com/v/t51.71878-15/584928856_719104457900424_1353948672512512571_n.jpg?stp=dst-jpg_e15_tt6&_nc_cat=106&ig_cache_key=Mzc3MDAxNDk5MDA3MDUxNDcxMA%3D%3D.3-ccb7-5&ccb=7-5&_nc_sid=58cdad&efg=eyJ2ZW5jb2RlX3RhZyI6InhwaWRzLjY0MHgxMTM2LnNkci5DMyJ9&_nc_ohc=eTTLwSiv8v4Q7kNvwHD6Q6y&_nc_oc=Adl9AxE0W6_Bl1Thl9Kqm8XHjG38z_aezAlOTBFy8X8XU3Q1wRWIMM8HR_zOjO08Kds&_nc_ad=z-m&_nc_cid=0&_nc_zt=23&_nc_ht=scontent.cdninstagram.com&_nc_gid=tWYbdruLJyfDK6IBaym3cg&oh=00_AfjGCT1L9voNcjIGGLoyVs182YUo8EePaMjXXn8o86wvtg&oe=69312B5E;Belediyemiz Kültür ve Sosyal İşler Müdürlüğü Aile Yaşam Birimi’nin düzenlediği ‘Çay Saati’ adlı proje kapsamında, birimimiz tarafından belirlenen aileye ziyaret gerçekleştirildi.;
https://www.instagram.com/p/DRRLfoNFgSX/;Photo;93;0;0;2025-11-20 09:35:56;https://scontent.cdninstagram.com/v/t39.30808-6/585880884_122253819044176179_4764909227653939896_n.jpg?stp=dst-jpg_e35_tt6&_nc_cat=109&ig_cache_key=Mzc2OTg0NDkxNTA3MDQzNjUwMw%3D%3D.3-ccb7-5&ccb=7-5&_nc_sid=58cdad&efg=eyJ2ZW5jb2RlX3RhZyI6InhwaWRzLjIwNDh4MjA0OC5zZHIuQzMifQ%3D%3D&_nc_ohc=etdY3dFUol4Q7kNvwENimEd&_nc_oc=Adm3nRMuC2abPJ3s5mXI8rRiHXeF3h21OV2KrxlZG-3oFrJO_nd18fonX7MPoPQEqM4&_nc_ad=z-m&_nc_cid=0&_nc_zt=23&_nc_ht=scontent.cdninstagram.com&_nc_gid=tWYbdruLJyfDK6IBaym3cg&oh=00_Afg6FJoWB9CTkx9mz-21NCH7GuUlu7_nj5DamIGeza1YDg&oe=693114C9;"Çocuk; Bugünün Yarını, Yarının Umududur. Geleceğimizin teminatı çocuklarımızın 20 Kasım Dünya Çocuk Hakları günü kutlu olsun.";
https://www.instagram.com/p/DRP9c7ljFqD/;Carousel;142;2;0;2025-11-19 22:13:59;https://scontent.cdninstagram.com/v/t39.30808-6/585198532_122253767114176179_3068209295069834194_n.jpg?stp=c0.0.1200.799a_dst-jpg_e35_tt6&_nc_cat=111&ig_cache_key=Mzc2OTUwMTY3MzY1NjY5Njc5NA%3D%3D.3-ccb7-5&ccb=7-5&_nc_sid=58cdad&efg=eyJ2ZW5jb2RlX3RhZyI6InhwaWRzLjEyMDB4ODAwLnNkci5DMyJ9&_nc_ohc=S6B1lLJQ7hoQ7kNvwH9sEIt&_nc_oc=AdlNv15ArFlQzjoMbDggI3KJzeNZM_gX3b4XrZzoL2xzSiUI38se8dyMv6E95G1xRBQ&_nc_ad=z-m&_nc_cid=0&_nc_zt=23&_nc_ht=scontent.cdninstagram.com&_nc_gid=tWYbdruLJyfDK6IBaym3cg&oh=00_AfjRCPhjHl9_TfnHULiRrUPdyMbIHUrcH56RgY8RURoMKQ&oe=6931048B;"“Hayırlı Günler Komşum” ve “Derdin Derdimizdir” programlarımız kapsamında; Merkez İlçe Başkanımız Nuh Alpaslan Durdu, Ülkü Ocakları Başkanımız Sadık Coşkun ve KAÇEP Başkanımız Leyla Bostancı ile birlikte Güzeller Mahallesi’nde Özdamar Ailesi’ni ziyaret ettik. Gösterdikleri misafirperverlik için Özdamar Ailesi’ne gönülden teşekkür ederiz. 💐";
https://www.instagram.com/p/DRPXKv9DWa7/;Carousel;65;0;0;2025-11-19 16:39:27;https://scontent.cdninstagram.com/v/t39.30808-6/584964333_122253734318176179_8595251457935351570_n.jpg?stp=c0.0.1619.1080a_dst-jpg_e35_s1619x1080_tt6&_nc_cat=100&ig_cache_key=Mzc2OTMzMzI3MTA1MDkxNjAxMw%3D%3D.3-ccb7-5&ccb=7-5&_nc_sid=58cdad&efg=eyJ2ZW5jb2RlX3RhZyI6InhwaWRzLjE2MjB4MTA4MC5zZHIuQzMifQ%3D%3D&_nc_ohc=-oboFCqRoooQ7kNvwHBKfYV&_nc_oc=AdkICuNXKpbXFMd5v15uxYrzZgLEqBkGwdoWAppsQi9VETo9STmcv7qmn8DETTNqjFE&_nc_ad=z-m&_nc_cid=0&_nc_zt=23&_nc_ht=scontent.cdninstagram.com&_nc_gid=tWYbdruLJyfDK6IBaym3cg&oh=00_AfiqqCqFlvdXwLFeU61Gtjv6z3hWYj_Bdpk9Rb5bRAk2Hg&oe=69310BF6;📌 Valimiz Sayın Aydın Baruş’un başkanlığında, ilgili kurum yetkililerinin katılımlarıyla Gümüşhane Üniversitesi Senato Salonunda gerçekleştirilen 2026 yılı Yerel Kalkınma Hamlesi Yatırım konularının belirlenmesine yönelik toplantıya katılım sağladık. 📌İlimiz Hasköy Köyü sakinlerinden Raziye Eryılmaz’ı ebediyete uğurlardık.  Merhumeye Allah’tan rahmet, kederli ailesi ve yakınlarına başsağlığı dilerim.;
https://www.instagram.com/p/DRPH19PE87Y/;Reels;62;0;6255;2025-11-19 14:27:03;https://scontent-fra3-1.cdninstagram.com/v/t51.82787-15/583315712_17880508974424432_396126807174984132_n.jpg?stp=dst-jpg_e15_tt6&_nc_cat=105&ig_cache_key=Mzc2OTI2NTkwNzM0MTQ0Njg3Mg%3D%3D.3-ccb7-5&ccb=7-5&_nc_sid=58cdad&efg=eyJ2ZW5jb2RlX3RhZyI6InhwaWRzLjEwODB4MTkyMC5zZHIuQzMifQ%3D%3D&_nc_ohc=DykkaZ33TzQQ7kNvwE4p3D8&_nc_oc=Adn2Pnk0gimndE0TcFLJBAuhlvwQz0SgDTaEbf6dZmAFj080grY-QrAWI_sSWd9btot_qbXyJceb6d_w47IdzJBt&_nc_ad=z-m&_nc_cid=0&_nc_zt=23&_nc_ht=scontent-fra3-1.cdninstagram.com&_nc_gid=ZvPaG8MPx-hVejdeWxY0IQ&oh=00_Afhbnxh5paIVkz8ZStF9Qz8Rc6AMFCfmus_sAN5HH4mUuw&oe=6931006E;Gümüşhane DEĞER, Gümüşhane'ye DEĞER! 📌Karşıyaka Mah. Hafriyat Çalışması 📌Yeşil Sok. Kilit Taşı Çalışması 📌Harşit Sok. Levha Montajı 📌Cadde ve Sokak Temizlik Çalışmaları 📌Su Deposu Onarım Çalışması 📌Kaynak Atölyesi Kaynak İşlemleri 📌Karaer Mah. Peyzaj Çalışması 📌Kazım Karabekir Cad. Kamelya Elektrik Bakımı 📌Zafer Meydanı Ölçüm Çalışması 📌Zabıta Duba Kaldırım Çalışması 📌Atıksu Arıtma Tesisi Bakım ve Onarım Çalışması 📌Hastane, Yaşlı ve Engelli Ziyareti #GümüşhaneDeğer #GümüşhaneyeDeğer;
https://www.instagram.com/p/DRPCD2sDbYC/;Reels;39;0;6633;2025-11-19 13:38:30;https://scontent-fra5-2.cdninstagram.com/v/t51.71878-15/583851377_1359069789345218_2900928853093021124_n.jpg?stp=dst-jpg_e15_tt6&_nc_cat=109&ig_cache_key=Mzc2OTI0MDQ3NDEwNTAwMTQ3NA%3D%3D.3-ccb7-5&ccb=7-5&_nc_sid=58cdad&efg=eyJ2ZW5jb2RlX3RhZyI6InhwaWRzLjY0MHgxMTM2LnNkci5DMyJ9&_nc_ohc=ycPRs_RuW6sQ7kNvwFjB2px&_nc_oc=Adl7N-l2OluyeTsvAt8G7_HyE24JH1BKziXnBqL3wAcGhyBDs9bUy6MxTS_rTvDLPxn8cPAqe0kirVgwMKzNcjU3&_nc_ad=z-m&_nc_cid=0&_nc_zt=23&_nc_ht=scontent-fra5-2.cdninstagram.com&_nc_gid=ZvPaG8MPx-hVejdeWxY0IQ&oh=00_Afjyv6sAY61xESY5gjHYjUHZDFCW2GNQk7P05r_JKLKVQw&oe=6931228C;Belediyemiz Kültür ve Sosyal İşler Müdürlüğü Aile Yaşam Birimi’nin düzenlediği ‘Engelsiz Saatler’ adlı proje kapsamında, birimimiz tarafından belirlenen aileye ziyaret gerçekleştirildi.;
https://www.instagram.com/p/DRNH0lbFesn/;Carousel;96;0;0;2025-11-18 19:46:52;https://scontent-fra5-2.cdninstagram.com/v/t39.30808-6/585187305_122253622760176179_3660014695631996093_n.jpg?stp=dst-jpg_e35_tt6&_nc_cat=109&ig_cache_key=Mzc2ODcwMjg0MzczOTI1Njk1OQ%3D%3D.3-ccb7-5&ccb=7-5&_nc_sid=58cdad&efg=eyJ2ZW5jb2RlX3RhZyI6InhwaWRzLjE2MjB4MTA4MC5zZHIuQzMifQ%3D%3D&_nc_ohc=tTEGHgCElYsQ7kNvwGeOTMO&_nc_oc=AdnJIEHgHs3ObZpXQv8m7N2jnHzrEHLgQTJ_lqKs5MdkK2suN1akPS_es01tuZQ0Eul2aM3MTDaj2bmCwldjebQg&_nc_ad=z-m&_nc_cid=0&_nc_zt=23&_nc_ht=scontent-fra5-2.cdninstagram.com&_nc_gid=ZvPaG8MPx-hVejdeWxY0IQ&oh=00_AfgiBVfq2vHS-D_TqWxUR5FeP4pvXdca-ZVmEparAcObFQ&oe=69312759;"📌 Gümüşhane Üniversitesinin Dönem Açılışı etkinlikleri kapsamında, Prof. Dr. İsmail Köse, Prof. Dr. Metin Aksoy, Prof. Dr. Yavuz Akbaş ve Doç. Dr. Osman Emir’in katılımlarıyla gerçekleştirilen; Milattan önce 401-400 yıllarında Onbinlerin ve 1461 yılında Fatih Sultan Mehmet Han’ın Karadeniz’e varış güzergâhlarının tespit edilerek coğrafi işaretlerle modellendiğinin anlatıldığı “Kadim Zamanların İzleri” başlıklı konferansa katılım sağladık. 📌Gümüşhane Üniversitesi Öğretim Üyeliğinden emekli olan Prof. Dr. Şükrü Yetkin için düzenlenen veda yemeğine katılım sağladık. Kıymetli hocamıza bundan sonraki yaşamında sağlık ve afiyet diliyorum. 📌 15 Temmuz Zafer Meydanı’nda yapım çalışmalarına başladığımız otopark projesi ile Bağlarbaşı Sanayi Sitesi arka kısmında heyelan nedeniyle yürütülen duvar çalışmalarını yerinde inceleyerek ilgili personelden bilgi aldık. 📌 Bağlarbaşı Sanayi Sitesi’nde esnaflarımızı ziyaret ederek hasbihal ettik. 📌 İlimiz Canca Mahallesi sakinlerinden Veli Yılmaz’ı ebediyete uğurladık. Merhuma Cenab-ı Allah’tan rahmet, kederli ailesi ve yakınlarına başsağlığı diliyorum.";
https://www.instagram.com/p/DRLB0uiCO0s/;Carousel;118;0;0;2025-11-18 00:15:59;https://scontent-fra5-2.cdninstagram.com/v/t51.82787-15/582268811_18394133122131689_7732734929743506805_n.jpg?stp=dst-jpg_e35_tt6&_nc_cat=109&ig_cache_key=Mzc2ODExMzUyNDI0NjA2NzAxMw%3D%3D.3-ccb7-5&ccb=7-5&_nc_sid=58cdad&efg=eyJ2ZW5jb2RlX3RhZyI6InhwaWRzLjE0NDB4MTA4MC5zZHIuQzMifQ%3D%3D&_nc_ohc=aDp5E5seUiIQ7kNvwHDFNgm&_nc_oc=AdmOaxv3fy3bQyyP9WtRFXHfAbMRV3ZFgqtU-mkr1-TiV8rhSheIXPTxQ-4Exwi4kFPSaU2eUSsIKDg24jcB1i8A&_nc_ad=z-m&_nc_cid=0&_nc_zt=23&_nc_ht=scontent-fra5-2.cdninstagram.com&_nc_gid=ZvPaG8MPx-hVejdeWxY0IQ&oh=00_AfgO_XSVC5COohJx-WC7QWfkw669putyAE9lq_NCydKnDw&oe=693127B3;"“Hayırlı Günler Komşum” ve “Derdin Derdimizdir” programlarımız kapsamında; KAÇEP Başkanımız Leyla Bostancı, İlçe Yöneticimiz Sevil Doruk ve İlçe Muhasibimiz Erdem Durdu ile birlikte Oltan Bey Mahallesi’nde ikamet eden Kartal Ailesi’ni ziyaret ettik. Gösterdikleri misafirperverlik için Kartal Ailesi’ne teşekkür ediyorum.";
https://www.instagram.com/p/DRKoIThiFwt/;Reels;388;7;16857;2025-11-17 20:34:15;https://scontent-fra3-2.cdninstagram.com/v/t51.71878-15/583275386_1917692735502231_4672034195286350708_n.jpg?stp=dst-jpg_e15_tt6&_nc_cat=104&ig_cache_key=Mzc2ODAwMDUzMDgyODc3ODU0MQ%3D%3D.3-ccb7-5&ccb=7-5&_nc_sid=58cdad&efg=eyJ2ZW5jb2RlX3RhZyI6InhwaWRzLjY0MHgxMTM2LnNkci5DMyJ9&_nc_ohc=8TsoUsDztpEQ7kNvwH4bEvl&_nc_oc=Adk6CNqxdEBCnpNH8gNyQ1VFU_sc9OT3jOxdHspO4Z1C-iPB857T6AEIvAwZh9TVZkujZZQNCFp1R7DNw3y2Yt0R&_nc_ad=z-m&_nc_cid=0&_nc_zt=23&_nc_ht=scontent-fra3-2.cdninstagram.com&_nc_gid=ZvPaG8MPx-hVejdeWxY0IQ&oh=00_Afj17evl9FwUjQkGqC7gYRiKjaAQwhomeh0ETQJ4uq414w&oe=69312F4A;Karşıyaka Mahallesi’nde anayol kenarında su, limonata ve çay satarak kazandıkları parayla Trabzonspor ve Beşiktaş forması almak isteyen çocukları makamımızda ağırladık ve söz verdiğimiz formaları kendilerine takdim ettik.   Küçücük yaşlarında kendi emekleriyle bir şeyler kazanma azmi ve gayreti, takdire şayan bir davranış.   Onlara bir başkan gibi değil, bir ağabeyleri olarak yaklaşarak, iyi bireyler olmaları yolunda her zaman yanlarında olacağımızı bir kez daha vurgulamak istiyorum.;
https://www.instagram.com/p/DRKV02HCHzd/;Carousel;417;10;0;2025-11-17 17:51:31;https://scontent-fra5-1.cdninstagram.com/v/t51.82787-15/581798254_18394104754131689_1995181050304464451_n.jpg?stp=dst-jpg_e35_tt6&_nc_cat=100&ig_cache_key=Mzc2NzkyMDAxMDMzMzgwNTMyMQ%3D%3D.3-ccb7-5&ccb=7-5&_nc_sid=58cdad&efg=eyJ2ZW5jb2RlX3RhZyI6InhwaWRzLjEwNjV4NzEwLnNkci5DMyJ9&_nc_ohc=FBPJ8ekqvoMQ7kNvwEGuV-i&_nc_oc=Admb8RwF9xxTYw0OWXzki1ve8xXiYMSPvBsAoHaoFQfAv6LgkYBGX8NGEIH03vub6sEm8LCnqb7msTkF2DGDGahp&_nc_ad=z-m&_nc_cid=0&_nc_zt=23&_nc_ht=scontent-fra5-1.cdninstagram.com&_nc_gid=ZvPaG8MPx-hVejdeWxY0IQ&oh=00_AfhK016o0dLsueifV7uU3D9rk8Mxzgkwp_wD9kq3TvgVYQ&oe=6931073D;Karşıyaka Mahallesi’nde anayol kenarında su, limonata ve çay satarak kazandıkları parayla Trabzonspor ve Beşiktaş forması almak isteyen çocukları makamımızda ağırladık ve söz verdiğimiz formaları kendilerine takdim ettik.   Küçücük yaşlarında kendi emekleriyle bir şeyler kazanma azmi ve gayreti, takdire şayan bir davranış.   Onlara bir başkan gibi değil, bir ağabeyleri olarak yaklaşarak, iyi bireyler olmaları yolunda her zaman yanlarında olacağımızı bir kez daha vurgulamak istiyorum.;
https://www.instagram.com/p/DRKTfkuCDDZ/;Photo;50;0;0;2025-11-17 17:31:08;https://scontent-fra5-1.cdninstagram.com/v/t51.82787-15/583303050_18394102651131689_8159516414158425006_n.jpg?stp=dst-jpegr_e35_tt6&_nc_cat=102&ig_cache_key=Mzc2NzkwOTc3MDg2MzMyNTQwMQ%3D%3D.3-ccb7-5&ccb=7-5&_nc_sid=58cdad&efg=eyJ2ZW5jb2RlX3RhZyI6InhwaWRzLjE0NDB4MTA4MC5oZHIuQzMifQ%3D%3D&_nc_ohc=oi3kcBvbSykQ7kNvwE3s_uN&_nc_oc=AdlXKfdFDN_yzQAnvjD97P8LPajOo-nkNbKd9jCZgh5mNshb4O6C4B1C72GN2CPMzLmLY3nnoqBQD6oqogRQlcI-&_nc_ad=z-m&_nc_cid=0&_nc_zt=23&_nc_ht=scontent-fra5-1.cdninstagram.com&_nc_gid=ZvPaG8MPx-hVejdeWxY0IQ&oh=00_AfiX-nmZ0PW-IWVtQr5OsIQlZprS7ZI0VHdtJ17hAPTIfQ&oe=693106C4;İlimiz Yaydemir köyü sakinlerinden Mustafa Ulutaş’ı ebediyete uğurlardık. Merhuma Allah’tan rahmet, kederli ailesi ve yakınlarına başsağlığı dilerim.;
https://www.instagram.com/p/DRFnu7njSDi/;Carousel;104;0;0;2025-11-15 21:51:48;https://scontent-fra3-1.cdninstagram.com/v/t39.30808-6/583999229_122253178604176179_1892112772896673453_n.jpg?stp=c0.0.2048.1364a_dst-jpg_e35_tt6&_nc_cat=103&ig_cache_key=Mzc2NjU5MTM4NTMyMDEzMzA2OQ%3D%3D.3-ccb7-5&ccb=7-5&_nc_sid=58cdad&efg=eyJ2ZW5jb2RlX3RhZyI6InhwaWRzLjIwNDh4MTM2NS5zZHIuQzMifQ%3D%3D&_nc_ohc=tETG_uRjbSQQ7kNvwE2adtz&_nc_oc=AdlKes9Lxu63V1AfDsAbefJMVkDaarOoIhJG8QC47AjIUPXYc0fNyn_bXjSgbN4jhaClY3CDElDbZdiPj678aP6S&_nc_ad=z-m&_nc_cid=0&_nc_zt=23&_nc_ht=scontent-fra3-1.cdninstagram.com&_nc_gid=ZvPaG8MPx-hVejdeWxY0IQ&oh=00_AfiS70dVS_xFKJP48hu8PWtm4YVk0qrQpbYvOLGH4Ot0MQ&oe=69310E68;🔸Gülsüm Akıncı ve Sinan Uçar kardeşlerimizin düğün törenlerine katılım sağlayarak nikah akitlerini gerçekleştirdik. 🔸Ayşenur Özel ve Fatih Aksoy kardeşlerimizin düğün törenlerine katılım sağlayarak nikah akitlerini gerçekleştirdik. 🔸Nurşen Çekiç ve İbrahim Kara kardeşlerimizin nikah akitlerini gerçekleştirdik. Genç çiftlerimizi tebrik ediyor, kendilerine bir ömür boyu mutluluklar diliyorum.;
https://www.instagram.com/p/DRFS5m_kVZM/;Carousel;59;0;0;2025-11-15 18:49:45;https://scontent-fra5-2.cdninstagram.com/v/t39.30808-6/581412509_122253159170176179_1024774845966930519_n.jpg?stp=dst-jpg_e35_tt6&_nc_cat=109&ig_cache_key=Mzc2NjQ5OTc2NjY1NTA3NjU4Nw%3D%3D.3-ccb7-5&ccb=7-5&_nc_sid=58cdad&efg=eyJ2ZW5jb2RlX3RhZyI6InhwaWRzLjIwNDh4MTM2NS5zZHIuQzIifQ%3D%3D&_nc_ohc=fzr0-DUWtoEQ7kNvwFXyS5m&_nc_oc=AdnbW4HOMwK6ibBrbx3-M1tWGdOausHKYWPsBcE-pfUtRKcYn8S8WvJLsowcffKO4EhYVbO38hW97S7-Ha9AZkSk&_nc_ad=z-m&_nc_cid=0&_nc_zt=23&_nc_ht=scontent-fra5-2.cdninstagram.com&_nc_gid=ZvPaG8MPx-hVejdeWxY0IQ&oh=00_AfhLoGxQMMOf0GlLdMH71Uqgpp5QtIScmBv1KP1YvFleHw&oe=69311B3E;Bahçeli Beldesi Belediye Başkanımız Çetin Rıza Tanış ile birlikte,  🔸Eğitimci Yazar İsmail Hayal’in kıymetli eşi Ayşe Hayal'in,  🔸İlimiz Mescitli Köyü sakinlerinden Şükriye Coşkun’un 🔸İlimiz Kale Köyü sakinlerinden Mukaddes Yılmaz’ın aileleri ve yakınlarına taziye ziyaretinde bulunduk.  Merhumelere Allah’tan rahmet, kederli aileleri ve yakınlarına başsağlığı dilerim.;
https://www.instagram.com/p/DRFENeijJdw/;Carousel;79;0;0;2025-11-15 16:41:23;https://scontent-fra5-1.cdninstagram.com/v/t39.30808-6/582282933_122253145160176179_4719737073128132668_n.jpg?stp=dst-jpg_e35_tt6&_nc_cat=110&ig_cache_key=Mzc2NjQzNTEzMjUxNDAzMDg5OQ%3D%3D.3-ccb7-5&ccb=7-5&_nc_sid=58cdad&efg=eyJ2ZW5jb2RlX3RhZyI6InhwaWRzLjE2MjB4MTA4MC5zZHIuQzMifQ%3D%3D&_nc_ohc=qV2jKF40fZYQ7kNvwEQauBu&_nc_oc=AdlzC-tbxQmaNtEHiQd3k8fWKxvzZuLRUyaWw40xT02DMstukONAW64tVIbEb1gthA3tQo3HKhwmV71iUqtjX1eC&_nc_ad=z-m&_nc_cid=0&_nc_zt=23&_nc_ht=scontent-fra5-1.cdninstagram.com&_nc_gid=ZvPaG8MPx-hVejdeWxY0IQ&oh=00_AfhiqHhOKaZRbzV4uChIdb65MfnhRadXp7CIOeszzFwR5Q&oe=6931178B;TÜRK SAĞLIK-SEN Gümüşhane Bayburt Şubesi  2. Olağan Genel Kurul Toplantısına, İl Başkanımız Mete Kaya, Merkez İlçe Başkanımız Nuh Alparslan Durdu ve Ülkü Ocakları Başkanımız Sadık Coşkun ile birlikte katılım sağladık. Genel kurulun ardından TÜRK SAĞLIK-SEN  Gümüşhane Bayburt Şube Başkanlığına seçilen Samed Tonyalı ve yönetimini tebrik ediyor, çalışmalarında başarılar diliyoruz.;
https://www.instagram.com/p/DRCtpwskea5/;Carousel;153;3;0;2025-11-14 18:45:48;https://scontent-fra5-2.cdninstagram.com/v/t39.30808-6/583087493_122253031784176179_3365596874164120323_n.jpg?stp=dst-jpg_e35_tt6&_nc_cat=106&ig_cache_key=Mzc2NTc3MzAxMDE2MzgwOTg5OA%3D%3D.3-ccb7-5&ccb=7-5&_nc_sid=58cdad&efg=eyJ2ZW5jb2RlX3RhZyI6InhwaWRzLjE4MDB4MTIwMC5zZHIuQzMifQ%3D%3D&_nc_ohc=shN29JglIDcQ7kNvwFRPPOW&_nc_oc=AdmeifXpawW4J2CPAq9efBC0FmFx0TelXWRItQFeariqs7QLJ1WtazU54x0XhSQER8-jgRQFoTdPuI_qPLSzmjSK&_nc_ad=z-m&_nc_cid=0&_nc_zt=23&_nc_ht=scontent-fra5-2.cdninstagram.com&_nc_gid=ZvPaG8MPx-hVejdeWxY0IQ&oh=00_AfivIx3JyJYqgPy3nyMSdsvpajeaO6_1o6_NTVh9aTDbug&oe=69310EE9;Hava Kuvvetlerimize ait C-130 tipi askeri kargo uçağının Gürcistan-Azerbaycan sınırında düşmesi sonucu şehit olan hemşehrimiz Hava Uçak Bakım Astsubay Başçavuş Akın Karakuş’u, Milletvekilimiz Celalettin Köse ile birlikte ebediyete uğurladık. Şehidimize Cenab-ı Allah’tan rahmet, kederli ailesine ve yakınlarına sabır ve başsağlığı diliyorum.;
https://www.instagram.com/p/DRCcfHDESub/;Carousel;86;2;0;2025-11-14 16:15:47;https://scontent-fra5-2.cdninstagram.com/v/t39.30808-6/579930079_122253012926176179_5618624616137748579_n.jpg?stp=c0.0.1234.823a_dst-jpg_e35_tt6&_nc_cat=109&ig_cache_key=Mzc2NTY5NzUxMTA0NzY3NTE1Mg%3D%3D.3-ccb7-5&ccb=7-5&_nc_sid=58cdad&efg=eyJ2ZW5jb2RlX3RhZyI6InhwaWRzLjEyMzV4ODIzLnNkci5DMyJ9&_nc_ohc=6YPK6PyYCo0Q7kNvwGijsSD&_nc_oc=Adkr83vjmpzBu4H3_xL4G72BWpH1YP-e1ORRl_Rr5P5hSqB_NHxXqhOzjF9aIjwyHioznuO-ftru1zno2E-P3GoY&_nc_ad=z-m&_nc_cid=0&_nc_zt=23&_nc_ht=scontent-fra5-2.cdninstagram.com&_nc_gid=ZvPaG8MPx-hVejdeWxY0IQ&oh=00_AfhMhzX2vhIE-pD8In-iqYtlhWLygTTozMNRYTh9OoI7EQ&oe=69311925;🔹İlimiz futbolunun emektarlarından Adil Kara ağabeyimize, 🔹Eğitimci Yazar İsmail Hayal’in kıymetli eşi Ayşe Hayal’a, 🔹Tuna ve Oktay Tuna kardeşlerimizin kıymetli anneleri ve Alim Coşkun’un yengeleri Şükriye Coşkun’a 🔹İlimiz Kale Köyü sakinlerinden Mukaddes Yılmaz’a Allah’tan rahmet, kederli aileleri ve yakınlarına başsağlığı dilerim.;
https://www.instagram.com/p/DRCVpDvE6eL/;Reels;61;2;7458;2025-11-14 15:17:13;https://scontent-waw2-1.cdninstagram.com/v/t51.82787-15/582086704_17880000174424432_103100145467962924_n.jpg?stp=dst-jpg_e15_tt6&_nc_cat=110&ig_cache_key=Mzc2NTY2NzQxODkyMTQ3ODAyNw%3D%3D.3-ccb7-5&ccb=7-5&_nc_sid=58cdad&efg=eyJ2ZW5jb2RlX3RhZyI6InhwaWRzLjEwODB4MTkyMC5zZHIuQzMifQ%3D%3D&_nc_ohc=l59jxDn_fdcQ7kNvwGkNU18&_nc_oc=AdmhNNaIcT4RpiDEQsfIJwlaKtpkgoj9AmovJpfHI1BJDynhJLwq4YDnzouGN9hAC9HD4Yfkw_xsxnApMxKSGlLb&_nc_ad=z-m&_nc_cid=0&_nc_zt=23&_nc_ht=scontent-waw2-1.cdninstagram.com&_nc_gid=ZFKuH1Ebw9WKxX_VyG58bw&oh=00_AfjP3f-RU_xVObMlot2fuKwEZCbY375sRW6Qpz68mwk8bw&oe=69312AC4;Gümüşhane DEĞER, Gümüşhane'ye DEĞER! 📌Kalederesi Mevki Asfalt Çalışması 📌Yeni Mah. Kilit Taşı Çalışması 📌Hasanbey Mah. Kaldırım Bordür Çalışması 📌Cadde ve Sokak Temizlik Çalışmaları 📌Yeni Mah. Su Borusu Tamiri 📌Kaynak Atölyesi Kaynak İşlemleri 📌Otobüs Durağı Bakım ve Onarım Çalışması 📌Atıksu Arıtma Tesisi Bakım ve Onarım Çalışması 📌Hastane, Yaşlı ve Engelli Ziyareti #GümüşhaneDeğer #GümüşhaneyeDeğer;
https://www.instagram.com/p/DRB_ZdqDS4K/;Carousel;184;0;0;2025-11-14 12:01:37;https://scontent-waw2-2.cdninstagram.com/v/t39.30808-6/583799428_122252986424176179_2902286115077678298_n.jpg?stp=c0.0.1599.1066a_dst-jpg_e35_s1599x1066_tt6&_nc_cat=101&ig_cache_key=Mzc2NTU2OTU4MDY5ODUwODc2NQ%3D%3D.3-ccb7-5&ccb=7-5&_nc_sid=58cdad&efg=eyJ2ZW5jb2RlX3RhZyI6InhwaWRzLjE2MDB4MTA2Ni5zZHIuQzMifQ%3D%3D&_nc_ohc=2ogk_AruboIQ7kNvwFAZHE1&_nc_oc=AdljJVxsyo2XaXYu9ThY0st9pe-GgElgVp-582R73iqqeXkugfAAVSnYYgDZ-3iRYp-NcZZuo23xDbXVKk34hWEa&_nc_ad=z-m&_nc_cid=0&_nc_zt=23&_nc_ht=scontent-waw2-2.cdninstagram.com&_nc_gid=ZFKuH1Ebw9WKxX_VyG58bw&oh=00_AfgCRJ42cJ6Mydrdnr-Sw-NTmweZgB9_Q4z3IUwFWQ1GSg&oe=69311EB9;Valimiz Sayın Aydın Baruş’un başkanlığında, milletvekilimiz Sayın Celalettin Köse ve Tp Türkiye firması yetkilisi Jülide Marangoz’un katılımlarıyla ilimizde kurulacak Çağrı Merkezi protokolünü imzaladık. Dr. Devlet Bahçeli Caddesi’nde bulunan Naim Ağaç Tesisimizde faaliyete başlayacak olan çağrı merkezinde ilk etapta yaklaşık 250 kişiye istihdam sağlanacaktır. Bu alanda yapmayı ve Mart ayına yetiştirmeyi hedeflediğimiz 1.250 metrekarelik çağrı merkezi alanı ile ilimizde toplam 500 kişinin istihdam edilmesine katkı sunacağız. Çağrı Merkezinin açılmasında emeği geçen Valimiz Sayın Aydın Baruş’a, Milletvekillerimiz Celalettin Köse, Musa Küçük ve Cumhur İttifakın tüm paydaşlarına şükranlarımı sunuyorum.;
https://www.instagram.com/p/DRBwAiCk75y/;Reels;99;0;7140;2025-11-14 09:47:46;https://scontent-waw2-1.cdninstagram.com/v/t51.82787-15/583328921_17879974701424432_5872510885144866736_n.jpg?stp=dst-jpg_e15_tt6&_nc_cat=109&ig_cache_key=Mzc2NTUwMTkwNjI0MTQzNzI5OA%3D%3D.3-ccb7-5&ccb=7-5&_nc_sid=58cdad&efg=eyJ2ZW5jb2RlX3RhZyI6InhwaWRzLjEwODB4MTkyMC5zZHIuQzMifQ%3D%3D&_nc_ohc=CFfT1jwOaqkQ7kNvwH2ZfCX&_nc_oc=AdlRoRC7qsW6kUBDO_oyGBWaEB0G-jRmzz6aHdKjb7o6PTr3CDLwlKxE_c4QlvZC0XxkZrVn17iU2t1HxYi-nLIT&_nc_ad=z-m&_nc_cid=0&_nc_zt=23&_nc_ht=scontent-waw2-1.cdninstagram.com&_nc_gid=ZFKuH1Ebw9WKxX_VyG58bw&oh=00_Afjr3RcPWyXPwmNtgzyP6Hn7sI7Dipo6VDMYqeM4jyU9MA&oe=69312A48;Belediyemiz Kültür ve Sosyal İşler Müdürlüğü ‘Aile Yaşam Birimi’, her hafta gerçekleştirdiği ziyaretler kapsamında bu hafta Gümüşhane Devlet Hastanesi Ortopedi Servisi’nde tedavi gören hastalarımızı ziyaret etti.;
https://www.instagram.com/p/DRBqOnMCH4G/;Reels;53;0;4835;2025-11-14 08:57:02;https://scontent-waw2-2.cdninstagram.com/v/t51.71878-15/582732020_1464776608155669_7140054164536792191_n.jpg?stp=dst-jpg_e15_tt6&_nc_cat=101&ig_cache_key=Mzc2NTQ3NjQ4NTU2MjQwMDI2Mg%3D%3D.3-ccb7-5&ccb=7-5&_nc_sid=58cdad&efg=eyJ2ZW5jb2RlX3RhZyI6InhwaWRzLjY0MHgxMTM2LnNkci5DMyJ9&_nc_ohc=ED5a8UOVzsAQ7kNvwFulPSJ&_nc_oc=Adl8zehWnzUavzuQZgHKUYhQZKAFTdx8b9bO5wTkvAFSZA4eC_sjeBPsqCR8rZaW3STVcsVvMlSM-nPkVQDEwy2f&_nc_ad=z-m&_nc_cid=0&_nc_zt=23&_nc_ht=scontent-waw2-2.cdninstagram.com&_nc_gid=ZFKuH1Ebw9WKxX_VyG58bw&oh=00_AfhYESko5trT1Weyhyk8Zp1w5YCD_srekdIQauPEzlhQNw&oe=69312EED;Allah’ın rahmeti ve bereketi üzerimize olsun. Günümüz aydın, cumamız mübarek olsun. 🤲🏻 #HayırlıCumalar 🇹🇷;
https://www.instagram.com/p/DRAygmVCHnf/;Photo;53;0;0;2025-11-14 00:49:45;https://scontent-waw2-1.cdninstagram.com/v/t51.82787-15/579725033_18393621634131689_5911097535758741924_n.jpg?stp=dst-jpg_e35_tt6&_nc_cat=111&ig_cache_key=Mzc2NTIzMTQzMDk4NTYxMTc0Mw%3D%3D.3-ccb7-5&ccb=7-5&_nc_sid=58cdad&efg=eyJ2ZW5jb2RlX3RhZyI6InhwaWRzLjE0NDB4MTQ0MC5zZHIuQzMifQ%3D%3D&_nc_ohc=wk94h1ynINkQ7kNvwFhOUa9&_nc_oc=AdlkEgbWFaRmxir6-56JjffHNHRTUVx-PNXaRMjomJWaSwLYU3sIf6cOT3FgkS3GHDVstJAHbIgMibc_Hv5iAil6&_nc_ad=z-m&_nc_cid=0&_nc_zt=23&_nc_ht=scontent-waw2-1.cdninstagram.com&_nc_gid=ZFKuH1Ebw9WKxX_VyG58bw&oh=00_AfiUstp7EJ-g5A4Nf_3m-tYSrsJ2qaY8-uI_-GjmoeRIwA&oe=6931217D;Orman Genel Müdürlüğümüze ait yangın söndürme uçağının kaza-kırıma uğraması sonucu şehit olan pilotumuza Allah’tan rahmet diliyorum.   Kederli ailesine ve aziz milletimize başsağlığı temenni ediyorum. Mekânı cennet, makamı âli olsun. 🇹🇷;
https://www.instagram.com/p/DRAg1DwiBzJ/;Carousel;68;2;0;2025-11-13 22:15:16;https://scontent-waw2-2.cdninstagram.com/v/t51.82787-15/581304799_18393528724131689_4399710444442474696_n.jpg?stp=dst-jpg_e35_tt6&_nc_cat=107&ig_cache_key=Mzc2NTE1MzY1NzAyOTkyNTAwMw%3D%3D.3-ccb7-5&ccb=7-5&_nc_sid=58cdad&efg=eyJ2ZW5jb2RlX3RhZyI6InhwaWRzLjE0NDB4MTA4MC5zZHIuQzMifQ%3D%3D&_nc_ohc=j1HL2iN_tH0Q7kNvwGA5l3N&_nc_oc=AdmJdi5lepEtfQ8DcYvnoyq_EBZhCUSDUIvbUBbC5drMl7YBXPhUg-CJB8NO_94mUd-l1Pla5phTdCTY_bQGpkOI&_nc_ad=z-m&_nc_cid=0&_nc_zt=23&_nc_ht=scontent-waw2-2.cdninstagram.com&_nc_gid=ZFKuH1Ebw9WKxX_VyG58bw&oh=00_Afjkf1e0ZFHnYknn90DO2lO-hgpAzF2myp68JrYoIh1RXg&oe=6930F87F;GÜMSAŞ Yaşam Evleri projesi kapsamında hak sahipleriyle bir araya gelerek, TOKİ ve Belediyemiz koordinasyonunda yürütülen projeye dair Toplu Konut İdaresi Başkanlığı (TOKİ) tarafından hazırlanan ve Belediyemize ulaştırılan sözleşme sürecine ilişkin tüm detayları paylaştık.;
https://www.instagram.com/p/DQ_E1DzE4eN/;Reels;65;1;8161;2025-11-13 08:52:15;https://scontent-waw2-1.cdninstagram.com/v/t51.82787-15/581853201_17879862450424432_3950704432629202928_n.jpg?stp=dst-jpg_e15_tt6&_nc_cat=110&ig_cache_key=Mzc2NDc0OTA1MTkwMTQ3ODc5Nw%3D%3D.3-ccb7-5&ccb=7-5&_nc_sid=58cdad&efg=eyJ2ZW5jb2RlX3RhZyI6InhwaWRzLjEwODB4MTkyMC5zZHIuQzMifQ%3D%3D&_nc_ohc=i13zS3SOZY4Q7kNvwH0HNDb&_nc_oc=Adn2TaGrF6kV5SseWL5QapHBTkzuTtdNYjmE01W-RqBeQA8Szei_BJ5--O-ljziuvb3CdI-y-9xsggRr-7VuXRB8&_nc_ad=z-m&_nc_cid=0&_nc_zt=23&_nc_ht=scontent-waw2-1.cdninstagram.com&_nc_gid=ZFKuH1Ebw9WKxX_VyG58bw&oh=00_AfhHRYRkH-2ApsB97950s-m4S4lRGfJghVG9Ao2cLWL2Bg&oe=6931212C;Belediyemiz Kültür ve Sosyal İşler Müdürlüğü Aile Yaşam Birimi’nin düzenlediği ‘Çay Saati’ adlı proje kapsamında, birimimiz tarafından belirlenen aileye ziyaret gerçekleştirildi.;
https://www.instagram.com/p/DQ99R6jiGAY/;Reels;235;1;16715;2025-11-12 22:31:20;https://scontent-waw2-1.cdninstagram.com/v/t51.71878-15/580680259_811441651518805_5103853986471175123_n.jpg?stp=dst-jpg_e15_tt6&_nc_cat=111&ig_cache_key=Mzc2NDQzNDM3NTQ5MzA1MDM5Mg%3D%3D.3-ccb7-5&ccb=7-5&_nc_sid=58cdad&efg=eyJ2ZW5jb2RlX3RhZyI6InhwaWRzLjY0MHgxMTM2LnNkci5DMyJ9&_nc_ohc=Da4i7EGrDVMQ7kNvwHgDYKl&_nc_oc=AdmNVOUF8m-aIqcykpmobDT640m3VlIu-7JHj8yeIUrva9628_GopbZPX-OK46y78UjFAkI-wxeY_9Zd9NW-AnpD&_nc_ad=z-m&_nc_cid=0&_nc_zt=23&_nc_ht=scontent-waw2-1.cdninstagram.com&_nc_gid=ZFKuH1Ebw9WKxX_VyG58bw&oh=00_AfgtLVF4O9aH2XHhQmjIu6u3NcOAsz4tm9BXx0RsVYMWSA&oe=693115DC;"Şehrimizin ortak yaşam alanlarını daha düzenli ve güvenli hâle getirmek amacıyla yürüttüğümüz kaldırım düzenleme çalışmalarına gösterdikleri duyarlılık ve katkılardan dolayı düzenlediğimiz teşekkür yemeğinde esnaflarımızla bir araya geldik. Çalışmalarımıza verdikleri destek ve programımıza katılımlarından dolayı tüm esnaflarımıza teşekkür ediyor; kendilerine bereketli, hayırlı kazançlar ve huzurlu bir yaşam diliyorum.";
https://www.instagram.com/p/DQ9v9FICFv8/;Carousel;131;2;0;2025-11-12 20:29:42;https://scontent-waw2-2.cdninstagram.com/v/t51.82787-15/579721005_18393209413131689_1180294098637480887_n.jpg?stp=dst-jpg_e35_tt6&_nc_cat=101&ig_cache_key=Mzc2NDM3NTc1MjQ0NDIyMTYxMg%3D%3D.3-ccb7-5&ccb=7-5&_nc_sid=58cdad&efg=eyJ2ZW5jb2RlX3RhZyI6InhwaWRzLjEyMDB4OTAwLnNkci5DMyJ9&_nc_ohc=r2Crsw-b7ZQQ7kNvwFiSjq5&_nc_oc=AdmmqKw52grL02yUmMHBfVmGu6s65VGuv3z2B-eivlhC8hJEbSaQ2JnDVDO_T_4Nk_LrSjzPQ309Xt7jHp2ywJp1&_nc_ad=z-m&_nc_cid=0&_nc_zt=23&_nc_ht=scontent-waw2-2.cdninstagram.com&_nc_gid=ZFKuH1Ebw9WKxX_VyG58bw&oh=00_AfgXPJuF5rjPh1yUixWOocBokSrmdKuffpD-IKIa7MOSug&oe=6931079E;"Şehrimizin ortak yaşam alanlarını daha düzenli ve güvenli hâle getirmek amacıyla yürüttüğümüz kaldırım düzenleme çalışmalarına gösterdikleri duyarlılık ve katkılardan dolayı düzenlediğimiz teşekkür yemeğinde esnaflarımızla bir araya geldik. Çalışmalarımıza verdikleri destek ve programımıza katılımlarından dolayı tüm esnaflarımıza teşekkür ediyor; kendilerine bereketli, hayırlı kazançlar ve huzurlu bir yaşam diliyorum.";
https://www.instagram.com/p/DQ9TpJYiPDP/;Carousel;64;0;0;2025-11-12 16:22:19;https://scontent-waw2-2.cdninstagram.com/v/t51.82787-15/581462138_18393170239131689_5660994764842092323_n.jpg?stp=dst-jpg_e35_tt6&_nc_cat=106&ig_cache_key=Mzc2NDI1MTI0MTc5NTMyNzcwMA%3D%3D.3-ccb7-5&ccb=7-5&_nc_sid=58cdad&efg=eyJ2ZW5jb2RlX3RhZyI6InhwaWRzLjE0NDB4OTU5LnNkci5DMyJ9&_nc_ohc=VvcXYrNpeVsQ7kNvwFlurXJ&_nc_oc=Adn-nAVMAL7uTk7QFvxmTEee1Tz7MotJMUcItr59ZB5dijHkqDeioFOfWuySdeX6hOoSggyVKI16KjvhdVl7Escv&_nc_ad=z-m&_nc_cid=0&_nc_zt=23&_nc_ht=scontent-waw2-2.cdninstagram.com&_nc_gid=ZFKuH1Ebw9WKxX_VyG58bw&oh=00_AfjGw581VeNENoOwfudY868RpDxeUEMA-eDePNQS8VWQsQ&oe=69310085;Valimiz Sayın Aydın Baruş’un başkanlığında gerçekleştirilen Kış Mevsimi Trafik Tedbirleri Koordinasyon Toplantısına katılım sağladık.;
https://www.instagram.com/p/DQ9SskWCEB6/;Reels;769;32;42712;2025-11-12 16:18:22;https://scontent-waw2-2.cdninstagram.com/v/t51.71878-15/580569657_860104289786918_6440554236810074695_n.jpg?stp=dst-jpg_e15_tt6&_nc_cat=107&ig_cache_key=Mzc2NDI0NzA5MTA3MDEyNDE1NA%3D%3D.3-ccb7-5&ccb=7-5&_nc_sid=58cdad&efg=eyJ2ZW5jb2RlX3RhZyI6InhwaWRzLjY0MHgxMTM2LnNkci5DMyJ9&_nc_ohc=V_LYJOebRygQ7kNvwFLYQlT&_nc_oc=AdlIhRBXqIpV71CT8TVC0g3nhPyvANCGKHRuZvQEPCKge7haq1tfDcxSiDYonKyBhTYpqdl6cVHssXM5w97xmnDG&_nc_ad=z-m&_nc_cid=0&_nc_zt=23&_nc_ht=scontent-waw2-2.cdninstagram.com&_nc_gid=ZFKuH1Ebw9WKxX_VyG58bw&oh=00_AfiGAcQVJVi1K4VoQ-S8sG0YXgvOLJXE4I66rWw21GY-pQ&oe=69312744;GÜMÜŞHANE DEĞER, GÜMÜŞHANE’YE DEĞER...  Verdiğimiz her söz, emeğimizle, inancımızla taş taş yükseliyor. Zafer Meydanı ve Kapalı Otopark Projemizle, şehrimize modern bir görünüm kazandırıyoruz. 250 araçlık yer altı otoparkı, yeşil alanlar ve amfi tiyatroyla, 4 bin 155 metrekarelik bu alan, Gümüşhane’nin yeni yaşam merkezi olacak. Tamamen belediyemizin öz kaynaklarıyla, 120 milyon TL yatırımla, 10 ayda tamamlamayı hedefliyoruz. Gümüşhane’nin yarınlarını, verdiğimiz sözlerle inşa ediyoruz.;
https://www.instagram.com/p/DQ9RsgRCLgP/;Carousel;66;1;0;2025-11-12 16:05:18;https://scontent-waw2-1.cdninstagram.com/v/t51.82787-15/582393584_18393169054131689_281441469726000013_n.jpg?stp=dst-jpegr_e35_tt6&_nc_cat=109&ig_cache_key=Mzc2NDI0MjY2ODE5MzM2ODIyNg%3D%3D.3-ccb7-5&ccb=7-5&_nc_sid=58cdad&efg=eyJ2ZW5jb2RlX3RhZyI6InhwaWRzLjE0NDB4MTA4MC5oZHIuQzMifQ%3D%3D&_nc_ohc=UINdJ5AZzT4Q7kNvwHD9YXi&_nc_oc=AdnWobZbt5YoR9ddTsrbUY5CQ-veJIY3rRAc-PHzdEzZLYMeQ9QQqg0wgHTY4euqZJUqJWA8HYJDIfad4DC-2o_v&_nc_ad=z-m&_nc_cid=0&_nc_zt=23&_nc_ht=scontent-waw2-1.cdninstagram.com&_nc_gid=ZFKuH1Ebw9WKxX_VyG58bw&oh=00_AfjdhMRuJqjcyE1ECOCtUFDBpHVzLYCAXIGSg1wne1X53Q&oe=69310317;İlimiz Olucak köyü sakinlerinden Recai Nas’ı ebediyete uğurladık. Merhuma Allah’tan rahmet, kederli ailesi ve yakınlarına başsağlığı dilerim.;
https://www.instagram.com/p/DQ9GoBrk5NM/;Reels;28;1;4643;2025-11-12 14:30:15;https://scontent-man2-1.cdninstagram.com/v/t51.82787-15/581376736_17879783226424432_2432373901030460795_n.jpg?stp=dst-jpg_e15_tt6&_nc_cat=101&ig_cache_key=Mzc2NDE5NDAwMjQxNDU3MjM2NA%3D%3D.3-ccb7-5&ccb=7-5&_nc_sid=58cdad&efg=eyJ2ZW5jb2RlX3RhZyI6InhwaWRzLjEwODB4MTkyMC5zZHIuQzMifQ%3D%3D&_nc_ohc=pRmIFpEgeYkQ7kNvwGXaCzl&_nc_oc=AdlMaM1b7dxMnc2mrdjCUQXaiGT2H55uHGdl1ZFDR9SyWQTkPk2DskclNZC6Ze1KmUI&_nc_ad=z-m&_nc_cid=0&_nc_zt=23&_nc_ht=scontent-man2-1.cdninstagram.com&_nc_gid=ATlRtelEMg_nW12Rf9vM-g&oh=00_AfgZG8syE3U2w5Utf1CHn4jg1ADU2D972uN6yIhnmIW5bg&oe=693122F0;Gümüşhane DEĞER, Gümüşhane'ye DEĞER! 📌Kalederesi Mevki Asfalt Çalışması 📌Yeni Mah. Kilit Taşı Çalışması 📌Hasanbey Mah. Kaldırım Bordür Çalışması 📌Cadde ve Sokak Temizlik Çalışmaları 📌Yeni Mah. Su Borusu Tamiri 📌Kaynak Atölyesi Kaynak İşlemleri 📌Otobüs Durağı Bakım ve Onarım Çalışması 📌Atıksu Arıtma Tesisi Bakım ve Onarım Çalışması 📌Yol Viraj Aynası Yenileme Çalışması 📌Hastane, Yaşlı ve Engelli Ziyareti #GümüşhaneDeğer #GümüşhaneyeDeğer;
https://www.instagram.com/p/DQ8wE9RE1um/;Reels;74;0;8675;2025-11-12 11:12:23;https://scontent-man2-1.cdninstagram.com/v/t51.82787-15/581731903_17879768403424432_3477832778265649702_n.jpg?stp=dst-jpg_e15_tt6&_nc_cat=103&ig_cache_key=Mzc2NDA5NDgzNTQ3MDA2NDU1MA%3D%3D.3-ccb7-5&ccb=7-5&_nc_sid=58cdad&efg=eyJ2ZW5jb2RlX3RhZyI6InhwaWRzLjEwODB4MTkyMC5zZHIuQzMifQ%3D%3D&_nc_ohc=wOSLbUWWG4kQ7kNvwE38Lsk&_nc_oc=AdlATICPQoP9it_cZNB0iDWHULE2qJAUDbSWlx_rSQfhHJULIOs3ykuxjOqhHQ4XlGA&_nc_ad=z-m&_nc_cid=0&_nc_zt=23&_nc_ht=scontent-man2-1.cdninstagram.com&_nc_gid=ATlRtelEMg_nW12Rf9vM-g&oh=00_Afj7MusyUZAVPp9O5aRaLEtmVTy-joomxB69uXlnBy1owQ&oe=6931034A;Belediyemiz Kültür ve Sosyal İşler Müdürlüğü Aile Yaşam Birimi’nin düzenlediği ‘Engelsiz Saatler’ adlı proje kapsamında, birimimiz tarafından belirlenen aileye ziyaret gerçekleştirildi.;
https://www.instagram.com/p/DQ8fytcCFLQ/;Photo;220;2;0;2025-11-12 08:49:14;https://scontent-man2-1.cdninstagram.com/v/t51.82787-15/580512513_18393091051131689_7149690721550772595_n.jpg?stp=dst-jpg_e35_tt6&_nc_cat=100&ig_cache_key=Mzc2NDAyMzIxMjc3OTI2MjY3Mg%3D%3D.3-ccb7-5&ccb=7-5&_nc_sid=58cdad&efg=eyJ2ZW5jb2RlX3RhZyI6InhwaWRzLjE0NDB4MTgwMC5zZHIuQzMifQ%3D%3D&_nc_ohc=ImqHcGyY_jUQ7kNvwGO0qR6&_nc_oc=AdkS2o02o5dG9DuLEfzhIICVfBVLiM0M21924ZyTdWFV5FGg0VOyttLWBJqi5hgDC78&_nc_ad=z-m&_nc_cid=0&_nc_zt=23&_nc_ht=scontent-man2-1.cdninstagram.com&_nc_gid=ATlRtelEMg_nW12Rf9vM-g&oh=00_AfiwMhbyj1tP4cHyRP0EwrFlVbCxcph-OwYkdi7uNnJvIg&oe=69312EA2;Şehidin var Gümüşhane🇹🇷  Hava Kuvvetlerimize ait C130 tipi askeri kargo uçağının Gürcistan-Azerbaycan sınırında düşmesi sonucu şehit olan Gümüşhane Kürtün Aşağı Karadere Köyü nüfusuna kayıtlı hemşehrimiz Hava Uçak Bakım Astsubay Başçavuş Akın Karakuş’a Cenab-ı Allah’tan rahmet, kederli ailesi ve yakınlarına sabır ve başsağlığı diliyorum. Milletimizin başı sağolsun🇹🇷;
https://www.instagram.com/p/DQ7Xp9YCABV/;Photo;76;1;0;2025-11-11 22:18:54;https://scontent-man2-1.cdninstagram.com/v/t51.82787-15/580740893_18392993419131689_5513227301675946586_n.jpg?stp=dst-jpg_e35_tt6&_nc_cat=107&ig_cache_key=Mzc2MzcwNTk1MjA2NzkxMTc2NQ%3D%3D.3-ccb7-5&ccb=7-5&_nc_sid=58cdad&efg=eyJ2ZW5jb2RlX3RhZyI6InhwaWRzLjE0NDB4MTQ0MC5zZHIuQzMifQ%3D%3D&_nc_ohc=OyI3QDIj19oQ7kNvwHZT1X3&_nc_oc=AdlPY3lspi7GfOjRC8IZ2gmNV4DfJj4nLVpBA5PKFAfA_D4LdqrX8EFoUee5E5aF0FA&_nc_ad=z-m&_nc_cid=0&_nc_zt=23&_nc_ht=scontent-man2-1.cdninstagram.com&_nc_gid=ATlRtelEMg_nW12Rf9vM-g&oh=00_Afh_ItdXpYNRjP3z40FaTkYaVqrzTbehpMX4HeyPB7seLw&oe=69312ADF;Azerbaycan’dan ülkemize intikal etmek üzere havalanan askeri kargo uçağımızın Gürcistan - Azerbeycan sınırında düşmesi sonucu şehit olan kahraman Mehmetçiklerimize Allah’tan rahmet, kederli ailelerine sabır ve başsağlığı diliyorum. Milletimizin başı sağ olsun. 🇹🇷;
https://www.instagram.com/p/DQ6nDzUEdi0/;Carousel;150;1;0;2025-11-11 15:14:15;https://scontent-man2-1.cdninstagram.com/v/t39.30808-6/580133593_122252618240176179_5711570889127170247_n.jpg?stp=dst-jpg_e35_tt6&_nc_cat=100&ig_cache_key=Mzc2MzQ5MjIwMzA4ODk0ODM5NA%3D%3D.3-ccb7-5&ccb=7-5&_nc_sid=58cdad&efg=eyJ2ZW5jb2RlX3RhZyI6InhwaWRzLjIwNDh4MTM2NS5zZHIuQzMifQ%3D%3D&_nc_ohc=EJD3ifKguOQQ7kNvwFdkc0B&_nc_oc=AdlwHjxNmzirIvYQgyEH29Mecct2RwkGscxjZUEBX7yWZW1Gr6XvJuUpFUu6iw4gHSM&_nc_ad=z-m&_nc_cid=0&_nc_zt=23&_nc_ht=scontent-man2-1.cdninstagram.com&_nc_gid=ATlRtelEMg_nW12Rf9vM-g&oh=00_AfgRNFVoJLp63gChpaNTwKL7zV8Sy5tk03mQKQWWCBlYfg&oe=693115A1;📌Gümüşhane Devlet Hastanesi Yoğun Bakım Servisi'nde tedavi gören kıymetli öğretmenimiz Serkan Mutlu ve değerli ailesini ziyaret ettik. Şu an durumunu çok iyi gördüm, kendisine bir kez daha geçmiş olsun dileklerimi iletiyor, sağlık dolu günler dilerim. 📌Fatma Nur Murat ve Engin Ören kardeşlerimizin nikah akdini gerçekleştirdik. Genç çiftimizi kutluyor, kendilerine ömür boyu mutluluklar diliyorum. 📌Cumhuriyet Caddesi’nde faaliyete başlayan Mendy Mağazası’nın açılışına kıymetli misafirlerimizle birlikte katılım sağlayarak açılış kurdelesini kestik. İşletme sahibi Caner Köksal’a hayırlı ve bereketli kazançlar diliyorum.;
https://www.instagram.com/p/DQ6b42JjVFj/;Carousel;90;0;0;2025-11-11 13:36:39;https://scontent-man2-1.cdninstagram.com/v/t39.30808-6/580590742_122252608226176179_8104861469033134741_n.jpg?stp=dst-jpg_e35_tt6&_nc_cat=111&ig_cache_key=Mzc2MzQ0MzA3MTk0MjcyMjk2Mw%3D%3D.3-ccb7-5&ccb=7-5&_nc_sid=58cdad&efg=eyJ2ZW5jb2RlX3RhZyI6InhwaWRzLjE2MjB4MTA4MC5zZHIuQzMifQ%3D%3D&_nc_ohc=XOcXnqZBqaIQ7kNvwEY8_bo&_nc_oc=Adnwi1sBcQQMEO1GTDUdQU2UUrYJyWmnlLIX0YXS4p_Vwnd1lYLtGq13ajAouqCqRLE&_nc_ad=z-m&_nc_cid=0&_nc_zt=23&_nc_ht=scontent-man2-1.cdninstagram.com&_nc_gid=ATlRtelEMg_nW12Rf9vM-g&oh=00_Afgbutj1CIma0hBFw857RviLI3QHMgvyr2t--3ZsNgGYUA&oe=6930FD56;Milli Ağaçlandırma Günü kapsamında, Valimiz Sayın Aydın Baruş’un öncülüğünde ve protokol üyelerinin katılımlarıyla Karşıyaka Mahallemiz Mezire Bölgesinde gerçekleştirilen ağaç dikim programına katılım sağladık. Diktiğimiz ağaçların geleceğe nefes olmasını temenni ediyorum. 🌳;
https://www.instagram.com/p/DQ4UjO4CDkA/;Photo;78;0;0;2025-11-10 17:54:03;https://scontent-man2-1.cdninstagram.com/v/t51.82787-15/579718471_18392772943131689_5543449010153003813_n.jpg?stp=dst-jpg_e35_tt6&_nc_cat=101&ig_cache_key=Mzc2Mjg0Nzg3MDc1MjQwNTc2MA%3D%3D.3-ccb7-5&ccb=7-5&_nc_sid=58cdad&efg=eyJ2ZW5jb2RlX3RhZyI6InhwaWRzLjE0NDB4OTc4LnNkci5DMyJ9&_nc_ohc=xhFQa8dF2pgQ7kNvwHyi_RB&_nc_oc=AdngYfAtxXFDaFiTY7r1fcnjLxp1iUv9P3RW0Bvaevy4ypUzLVw9_PJ_5C2W0gnmN_4&_nc_ad=z-m&_nc_cid=0&_nc_zt=23&_nc_ht=scontent-man2-1.cdninstagram.com&_nc_gid=ATlRtelEMg_nW12Rf9vM-g&oh=00_AfiqXOR5vPi9hsTo7APCFtR-x-xxEOqX6vQOLzv6vDKe9g&oe=69311EEC;Bahçeli Belediye Başkanımız Çetin Rıza Tanış ile birlikte İlbank Genel Müdürü hemşehrimiz Sayın Eyyüp Karahan’ı ziyaret ettik.;
https://www.instagram.com/p/DQ3WFtkDxWk/;Photo;55;0;0;2025-11-10 08:48:15;https://scontent-man2-1.cdninstagram.com/v/t39.30808-6/578794558_122252440316176179_1254506613485274833_n.jpg?stp=dst-jpg_e35_tt6&_nc_cat=111&ig_cache_key=Mzc2MjU3MzE2MzIzNTMxNzE1Ng%3D%3D.3-ccb7-5&ccb=7-5&_nc_sid=58cdad&efg=eyJ2ZW5jb2RlX3RhZyI6InhwaWRzLjExMjZ4MTQwNy5zZHIuQzMifQ%3D%3D&_nc_ohc=Ifd8TVSkncUQ7kNvwEnsXJ2&_nc_oc=AdkIdGw_dQw74qj0Iv_efJX8DTv8-OLg-U48gZc3H5rOrWsaCrHgPSu8cLi7YUDnsFU&_nc_ad=z-m&_nc_cid=0&_nc_zt=23&_nc_ht=scontent-man2-1.cdninstagram.com&_nc_gid=ATlRtelEMg_nW12Rf9vM-g&oh=00_AfiT9TFtNAtgLp_8N9pd85kzHopZZ6-yWUAiL0L18VO2Jg&oe=69310544;"Cumhuriyetimizin kurucusu Gazi Mustafa Kemal Atatürk’ü, vefatının yıldönümünde; bağımsızlık mücadelesinin tüm kahramanlarını ve bu topraklar için canını feda eden aziz şehitlerimizi rahmetle ve minnetle yad ediyorum.";
https://www.instagram.com/p/DQyi0WSCBIi/;Photo;32;0;0;2025-11-08 12:03:16;https://scontent-man2-1.cdninstagram.com/v/t51.82787-15/573626281_18392418598131689_5278934629328618209_n.jpg?stp=dst-jpg_e35_tt6&_nc_cat=102&ig_cache_key=Mzc2MTIyMTc2OTcyNjc5MjIyNg%3D%3D.3-ccb7-5&ccb=7-5&_nc_sid=58cdad&efg=eyJ2ZW5jb2RlX3RhZyI6InhwaWRzLjE0NDB4MTgwMC5zZHIuQzMifQ%3D%3D&_nc_ohc=N3VnQzLSwy8Q7kNvwHpcsvu&_nc_oc=AdkeFWkmpzRvo90ftA3HZUnbKz0svYKbUmqSmIGvt8yAEC0QWsr9oFATifzfImh7ViQ&_nc_ad=z-m&_nc_cid=0&_nc_zt=23&_nc_ht=scontent-man2-1.cdninstagram.com&_nc_gid=ATlRtelEMg_nW12Rf9vM-g&oh=00_Afi9Quogt8wBCJ5jVRY_ogmrC7MAXhQHrIQOHwFdj5VsEQ&oe=69310458;Karabağ Zaferi’nin 5. yıl dönümünde aziz şehitlerimizi rahmetle yad ediyor, gazilerimize şükranlarımı sunuyorum. 🇹🇷🇦🇿;
https://www.instagram.com/p/DQxGRZNCA_d/;Carousel;98;0;0;2025-11-07 22:34:35;https://scontent-man2-1.cdninstagram.com/v/t51.82787-15/574487021_18392346757131689_7445738977537653513_n.jpg?stp=dst-jpg_e35_tt6&_nc_cat=111&ig_cache_key=Mzc2MDgxNDcyNjIwNTQxNjk4OA%3D%3D.3-ccb7-5&ccb=7-5&_nc_sid=58cdad&efg=eyJ2ZW5jb2RlX3RhZyI6InhwaWRzLjEyMDB4OTAwLnNkci5DMyJ9&_nc_ohc=JynIb3TC5LQQ7kNvwHpp4HO&_nc_oc=Adn7CnyEWKad24FC70fHg0JNvp_VBW0fo3QT_x87CpJ0IwxK9N6bA_4-IihUwyG9FrY&_nc_ad=z-m&_nc_cid=0&_nc_zt=23&_nc_ht=scontent-man2-1.cdninstagram.com&_nc_gid=ATlRtelEMg_nW12Rf9vM-g&oh=00_AfjV1cXV6LxRH5kzZ5E6b_rZ1_vwoD4NVzQmnQX-AeXAHg&oe=6931154F;Genel Başkanımız Sayın Dr. Devlet Bahçeli beyefendinin liderliğinde, Yerel Yönetimlerden Sorumlu Genel Başkan Yardımcımız Sayın Sadir Durmaz’ın katılımlarıyla Genel Merkezimizde düzenlenen Milliyetçi Hareket Partisi Belediye Başkanları İstişare ve Değerlendirme Toplantısı’na katılım sağladık.  Yerel yönetim çalışmalarına ilişkin değerlendirmelerin yapıldığı toplantımızda, şehir yönetimlerinde “Üretken Belediyecilik” anlayışı çerçevesinde yürütülen hizmetler ve gelecek dönem hedefleri ele alındı. Bu anlayışla Gümüşhane’mizi daha yaşanabilir ve güçlü kılmak adına aynı inanç ve kararlılıkla çalışmaya devam edeceğiz.;
https://www.instagram.com/p/DQwQOl3E-D6/;Reels;52;1;6173;2025-11-07 14:43:49;https://scontent-man2-1.cdninstagram.com/v/t51.82787-15/573552466_17879247324424432_7730497890477292513_n.jpg?stp=dst-jpg_e15_tt6&_nc_cat=100&ig_cache_key=Mzc2MDU3NzA2MDMyMzcxMzI3NA%3D%3D.3-ccb7-5&ccb=7-5&_nc_sid=58cdad&efg=eyJ2ZW5jb2RlX3RhZyI6InhwaWRzLjEwODB4MTkyMC5zZHIuQzMifQ%3D%3D&_nc_ohc=t7o6gDt0KXUQ7kNvwH-SlAz&_nc_oc=Adnndxv5t8MYwUqLo7cBVDP5kuPcwkQaPgsyFn6ZdPL2Jv_cLsYEdxVuYLgiyRN0538&_nc_ad=z-m&_nc_cid=0&_nc_zt=23&_nc_ht=scontent-man2-1.cdninstagram.com&_nc_gid=ATlRtelEMg_nW12Rf9vM-g&oh=00_AfgiyhGE3vxor9fYAt8niyl2GFqxWQHNuQjosiFbxYkvdg&oe=6931164D;Gümüşhane DEĞER, Gümüşhane’ye DEĞER! 📌Akçakale Mah. Kaldırım Çalışması 📌Karaer Mah. Kilit Taş Yapım Çalışması 📌Gümüş Otel Önü Kanalizasyon Boru Çalışması 📌Harşit Sok. Yol Temizleme ve Yıkama Çalışması 📌Kazım Karabekir Cad. Peyzaj Çalışması 📌Cadde ve Sokak Temizlik Çalışması 📌Şehir Geneli Elektrik Bakım ve Onarım Çalışması 📌Kaynak Atölyesi Kaynak İşlemleri 📌Hasanbey Mah. Yol Ölçüm Çalışması 📌Halit Zarbun Erkek Yurduna Yangın Tatbikatı Çalışması 📌Engelli, Yaşlı ve Hastane Ziyareti #GümüşhaneDeğer #GümüşhaneyeDeğer;
https://www.instagram.com/p/DQvqVRmjyZa/;Reels;59;0;3867;2025-11-07 09:11:38;https://scontent-man2-1.cdninstagram.com/v/t51.82787-15/574208094_18392271358131689_5043060219480986559_n.jpg?stp=dst-jpg_e15_tt6&_nc_cat=108&ig_cache_key=Mzc2MDQxMDM5Mzg0MDY1ODAxMA%3D%3D.3-ccb7-5&ccb=7-5&_nc_sid=58cdad&efg=eyJ2ZW5jb2RlX3RhZyI6InhwaWRzLjEwODB4MTkyMC5zZHIuQzMifQ%3D%3D&_nc_ohc=wDTKyFtInbkQ7kNvwE6iK2v&_nc_oc=AdmQfubpNe5GeQdfMDeJUIwA_xyJ4_BOXbt5mPh_R7oTfWbACNDMWw218KoXTgmJvkI&_nc_ad=z-m&_nc_cid=0&_nc_zt=23&_nc_ht=scontent-man2-1.cdninstagram.com&_nc_gid=ATlRtelEMg_nW12Rf9vM-g&oh=00_AfioCeXghmRus51tj-bVXgSCBemqJioHlKLzb3imHwVmrA&oe=6931278F;Allah’ın rahmeti ve bereketi üzerimize olsun. Günümüz aydın, cumamız mübarek olsun. 🤲🏻 #HayırlıCumalar 🇹🇷;
https://www.instagram.com/p/DQuIV0ijV92/;Reels;86;0;6897;2025-11-06 18:55:08;https://scontent-mxp2-1.cdninstagram.com/v/t51.71878-15/574500676_839543488443330_2959532060631343207_n.jpg?stp=dst-jpg_e15_tt6&_nc_cat=109&ig_cache_key=Mzc1OTk3OTQyMjc5NjMwODM0Mg%3D%3D.3-ccb7-5&ccb=7-5&_nc_sid=58cdad&efg=eyJ2ZW5jb2RlX3RhZyI6InhwaWRzLjY0MHgxMTM2LnNkci5DMyJ9&_nc_ohc=9HBWIl1sQAsQ7kNvwFeEXpp&_nc_oc=AdkymM8sWHv1BSENgXuA9Xs31zccGjD6ajLVSMaY9dCSx0j8a7W7xq9mtvx9WguzSiA&_nc_ad=z-m&_nc_cid=0&_nc_zt=23&_nc_ht=scontent-mxp2-1.cdninstagram.com&_nc_gid=0b2QSG9jeGnqyHZXs5Q7xQ&oh=00_AfinA2TbFtvBV6sbeQ0543rLg9IZSUGLaMm7T5MsZL2oEw&oe=6930FEC8;Belediyemiz Kültür ve Sosyal İşler Müdürlüğü Aile Yaşam Birimi’nin düzenlediği ‘Çay Saati’ adlı proje kapsamında, birimimiz tarafından belirlenen aileye ziyaret gerçekleştirildi.;
https://www.instagram.com/p/DQt_ofgkUNc/;Carousel;93;0;0;2025-11-06 17:38:51;https://scontent-mxp1-1.cdninstagram.com/v/t39.30808-6/576349089_122251957934176179_346788013817210613_n.jpg?stp=dst-jpg_e35_tt6&_nc_cat=108&ig_cache_key=Mzc1OTk0MTEwMDgwODI3NTYzMw%3D%3D.3-ccb7-5&ccb=7-5&_nc_sid=58cdad&efg=eyJ2ZW5jb2RlX3RhZyI6InhwaWRzLjE2MjB4MTA4MC5zZHIuQzMifQ%3D%3D&_nc_ohc=LCj8FRDZgD4Q7kNvwH1s6Iv&_nc_oc=Adm1miEn7McfS1VLkpw0zcRTbTjlmsr_ns20h0AoJ-BgUtJwlfkYavguzYMnQtECaYU&_nc_ad=z-m&_nc_cid=0&_nc_zt=23&_nc_ht=scontent-mxp1-1.cdninstagram.com&_nc_gid=0b2QSG9jeGnqyHZXs5Q7xQ&oh=00_Afh8SW0ec_M79EWDGP5AWW7AEw5U9r8R-erEXPKTuysURQ&oe=69311C55;;
https://www.instagram.com/p/DQt7cs3EbDn/;Carousel;64;0;0;2025-11-06 17:02:18;https://scontent-mxp2-1.cdninstagram.com/v/t39.30808-6/578011561_122251950470176179_4364222994851731787_n.jpg?stp=dst-jpg_e35_tt6&_nc_cat=110&ig_cache_key=Mzc1OTkyMjcwNjM2MDkwMTQwMA%3D%3D.3-ccb7-5&ccb=7-5&_nc_sid=58cdad&efg=eyJ2ZW5jb2RlX3RhZyI6InhwaWRzLjE2MjB4MTA4MC5zZHIuQzMifQ%3D%3D&_nc_ohc=ctadNtTb1SEQ7kNvwHKl4gU&_nc_oc=AdnW136zKquZ19NycJ7Z2BpT5TaLt7bQB15C3WeCTNV6nrOhD0PVIl3gguzbKsUavMQ&_nc_ad=z-m&_nc_cid=0&_nc_zt=23&_nc_ht=scontent-mxp2-1.cdninstagram.com&_nc_gid=0b2QSG9jeGnqyHZXs5Q7xQ&oh=00_AfjauDmeWL1143LmsoXYtQNpm_c30AxVZxl8ianhG5hy8w&oe=6930FF03;İlimiz Aksu Köyü sakinlerinden Hayrullah Kaya’yı ebediyete uğurladık. Merhuma Cenab-ı Allah’tan rahmet, kederli ailesi ve yakınlarına başsağlığı dilerim.;
https://www.instagram.com/p/DQrdSuDiNae/;Photo;153;0;0;2025-11-05 18:00:18;https://scontent-mxp2-1.cdninstagram.com/v/t51.82787-15/573820411_18392081119131689_9162930122171875614_n.jpg?stp=dst-jpg_e35_tt6&_nc_cat=109&ig_cache_key=Mzc1OTIyNzE0MzcyMTYzNzUzNA%3D%3D.3-ccb7-5&ccb=7-5&_nc_sid=58cdad&efg=eyJ2ZW5jb2RlX3RhZyI6InhwaWRzLjE0NDB4MTQ0MC5zZHIuQzMifQ%3D%3D&_nc_ohc=TZlH1wpRF7AQ7kNvwEGXmu5&_nc_oc=AdkDBfR8EyMmbBaBq50v6pDXgLgmQBGO_H1DBN5B7rExYthZ68PoYagd8sHVxSQ60hs&_nc_ad=z-m&_nc_cid=0&_nc_zt=23&_nc_ht=scontent-mxp2-1.cdninstagram.com&_nc_gid=0b2QSG9jeGnqyHZXs5Q7xQ&oh=00_AfhFqzSwAGEiItc22CxbaOey_8UD6XaKRIBf3nOfQMfNUg&oe=693122F3;Gümüşeller Kadın Girişimi Üretim ve İşletme Kooperatifi Başkanı Yüksel Kandemir‘e nazik ziyaretlerinde dolayı teşekkür ederim.;
https://www.instagram.com/p/DQrZt6SDbiM/;Reels;47;1;6783;2025-11-05 17:29:28;https://scontent-mxp1-1.cdninstagram.com/v/t51.71878-15/572135976_1162622885817387_3490787978082991596_n.jpg?stp=dst-jpg_e15_tt6&_nc_cat=102&ig_cache_key=Mzc1OTIxMTQyMDA4OTk1NjQ5Mg%3D%3D.3-ccb7-5&ccb=7-5&_nc_sid=58cdad&efg=eyJ2ZW5jb2RlX3RhZyI6InhwaWRzLjY0MHgxMTM2LnNkci5DMyJ9&_nc_ohc=GEGTriRsXy4Q7kNvwHxlLkX&_nc_oc=Adl9tqD4bQvuLym1Ktmsn_xK-dSanwlIZH407E5UUVgDJMgIxJgnV9PSUwHBpqXzLfM&_nc_ad=z-m&_nc_cid=0&_nc_zt=23&_nc_ht=scontent-mxp1-1.cdninstagram.com&_nc_gid=0b2QSG9jeGnqyHZXs5Q7xQ&oh=00_Afgbp_hgx_agwIRLBD2e3F7allzUD-OPrBM_KGpPlkUJlg&oe=693121A6;Gümüşhane DEĞER, Gümüşhane’ye DEĞER! 📌Akçakale Mah. Kaldırım Çalışması 📌Karaer Mah. Kilit Taş Yapım Çalışması 📌Gümüş Otel Önü Kanalizasyon Boru Çalışması 📌Harşit Sok. Yol Temizleme ve Yıkama Çalışması 📌Kazım Karabekir Cad. Peyzaj Çalışması 📌Cadde ve Sokak Temizlik Çalışması 📌Şehir Geneli Elektrik Bakım ve Onarım Çalışması 📌Kaynak Atölyesi Kaynak İşlemleri 📌Hasanbey Mah. Yol Ölçüm Çalışması 📌Halit Zarbun Erkek Yurduna Yangın Tatbikatı Çalışması 📌Engelli, Yaşlı ve Hastane Ziyareti #GümüşhaneDeğer #GümüşhaneyeDeğer;
https://www.instagram.com/p/DQrYMRhjQYI/;Reels;66;2;8910;2025-11-05 17:15:56;https://scontent-mxp1-1.cdninstagram.com/v/t51.71878-15/573435804_2381619738920004_4150539738424988679_n.jpg?stp=dst-jpg_e15_tt6&_nc_cat=107&ig_cache_key=Mzc1OTIwNDcxMDUzNzI5OTQ2NA%3D%3D.3-ccb7-5&ccb=7-5&_nc_sid=58cdad&efg=eyJ2ZW5jb2RlX3RhZyI6InhwaWRzLjY0MHgxMTM2LnNkci5DMyJ9&_nc_ohc=ZU6Q45vV-icQ7kNvwGYsdlP&_nc_oc=Adkqzpo5Ina9aj-jAkUsWcV8yX7Tw6qeYRjrPZiCF9Sq-dd72XyVWnIChg7n8mJkl1k&_nc_ad=z-m&_nc_cid=0&_nc_zt=23&_nc_ht=scontent-mxp1-1.cdninstagram.com&_nc_gid=0b2QSG9jeGnqyHZXs5Q7xQ&oh=00_AfjVztVTVsgf44XBBS9EBKhSCkhIsVkHkyXQCt41aZXBgg&oe=6931123A;Belediyemiz Kültür ve Sosyal İşler Müdürlüğü Aile Yaşam Birimi’nin düzenlediği ‘Engelsiz Saatler’ adlı proje kapsamında, birimimiz tarafından belirlenen aileye ziyaret gerçekleştirildi.;
https://www.instagram.com/p/DQpCVnzCJ_B/;Reels;495;55;21641;2025-11-04 19:27:58;https://scontent-mxp2-1.cdninstagram.com/v/t51.71878-15/572118500_1552883952561717_7878959795537551017_n.jpg?stp=dst-jpg_e15_tt6&_nc_cat=109&ig_cache_key=Mzc1ODU0NTY0NTk1MTU1NzU2OQ%3D%3D.3-ccb7-5&ccb=7-5&_nc_sid=58cdad&efg=eyJ2ZW5jb2RlX3RhZyI6InhwaWRzLjY0MHgxMTM2LnNkci5DMyJ9&_nc_ohc=OvOP2Qi7Z1EQ7kNvwETRI5o&_nc_oc=Adn_Wnl-09RY4PCiYPnmYaEH700X01cNPURcZbWxd-vhgdqMXVOVSHEvXfPx3AdtoIw&_nc_ad=z-m&_nc_cid=0&_nc_zt=23&_nc_ht=scontent-mxp2-1.cdninstagram.com&_nc_gid=0b2QSG9jeGnqyHZXs5Q7xQ&oh=00_AfjTVlwDc8kGReBefZWF_r_DNyUxERgL4u9RyNYeHEzhPg&oe=6930FFB8;"Gümüşhane Belediyesi olarak zabıta ekiplerimiz, şehrin genelinde kaldırım işgali yapan esnaflara yönelik kapsamlı bir denetim başlattı. Zabıta ekiplerimiz, kaldırımların işgaline neden olan malzeme, tezgâh veya ürünlerin hem yaya güvenliğini hem de şehir estetiğini olumsuz etkilememesi için taviz vermeden çalışmalarını kararlılıkla sürdürüyor.  Çalışmalar kapsamında, kaldırım, yaya geçidi ve engelli rampalarını malzeme, tezgâh veya ürünleriyle işgal eden işletmeler tek tek ziyaret edilerek, kaldırımların yayalara ait olduğu ve işgal edilmemesi gerektiği anlatılıyor; işgal teşkil eden malzemeler toplatılarak işletmelere gerekli uyarılar yapılıyor. Toplumsal sorumluluk bilinci ve yardımlaşma ruhuyla hizmet veren kıymetli esnaflarımıza ayrı ayrı teşekkür ediyor, işlerinin her daim bereketli olmasını temenni ediyorum.";
https://www.instagram.com/p/DQpB5qTCISh/;Carousel;70;0;0;2025-11-04 19:22:28;https://scontent-mxp1-1.cdninstagram.com/v/t51.82787-15/573876166_18391983697131689_4361038113688677890_n.jpg?stp=dst-jpegr_e35_tt6&_nc_cat=107&ig_cache_key=Mzc1ODU0MzcxNjY5NzU2NzQ1NQ%3D%3D.3-ccb7-5&ccb=7-5&_nc_sid=58cdad&efg=eyJ2ZW5jb2RlX3RhZyI6InhwaWRzLjE0NDB4MTA4MC5oZHIuQzMifQ%3D%3D&_nc_ohc=nan9Ft6TU4gQ7kNvwGX_c5E&_nc_oc=Adl4DcrFtkBwc7KyQRsOQ7VgrRUjJNaKro-jlnvIhUE5pG_LCNKipuLnn9GPYne84RM&_nc_ad=z-m&_nc_cid=0&_nc_zt=23&_nc_ht=scontent-mxp1-1.cdninstagram.com&_nc_gid=0b2QSG9jeGnqyHZXs5Q7xQ&oh=00_AfgbsNLKOF0Ns6nDvtShoAuwSBEsqGIoj_TjJ1hfBz9XcQ&oe=69310974;İl Müftülüğümüz tarafından düzenlenen “Filistin Yararına Kermes” etkinliğini ziyaret ettik. Emek veren tüm gönüllülerimize teşekkür ederim.;
https://www.instagram.com/p/DQoo06sCNd9/;Carousel;205;8;0;2025-11-04 15:43:22;https://scontent-mxp1-1.cdninstagram.com/v/t51.82787-15/574722660_18391963471131689_817834680429646931_n.jpg?stp=dst-jpg_e35_tt6&_nc_cat=106&ig_cache_key=Mzc1ODQzMzQzMTgxOTE3NTUzNw%3D%3D.3-ccb7-5&ccb=7-5&_nc_sid=58cdad&efg=eyJ2ZW5jb2RlX3RhZyI6InhwaWRzLjc2MXg1MzYuc2RyLkMzIn0%3D&_nc_ohc=CEN1g6U0EWsQ7kNvwGISDID&_nc_oc=AdlQGeJ9Z7F6qEUvHybgcTWOoXyJ-nvrxdBNX4pOwegmbP7vq4nFLrRMcnLrgt69608&_nc_ad=z-m&_nc_cid=0&_nc_zt=23&_nc_ht=scontent-mxp1-1.cdninstagram.com&_nc_gid=0b2QSG9jeGnqyHZXs5Q7xQ&oh=00_AfjErend7QEww5JQLVFHBkjw75KVqPdh6tHtWc-_yTTNJw&oe=6930FE52;"Gümüşhane Belediyesi olarak zabıta ekiplerimiz, şehrin genelinde kaldırım işgali yapan esnaflara yönelik kapsamlı bir denetim başlattı. Zabıta ekiplerimiz, kaldırımların işgaline neden olan malzeme, tezgâh veya ürünlerin hem yaya güvenliğini hem de şehir estetiğini olumsuz etkilememesi için taviz vermeden çalışmalarını kararlılıkla sürdürüyor.  Çalışmalar kapsamında, kaldırım, yaya geçidi ve engelli rampalarını malzeme, tezgâh veya ürünleriyle işgal eden işletmeler tek tek ziyaret edilerek, kaldırımların yayalara ait olduğu ve işgal edilmemesi gerektiği anlatılıyor; işgal teşkil eden malzemeler toplatılarak işletmelere gerekli uyarılar yapılıyor. Toplumsal sorumluluk bilinci ve yardımlaşma ruhuyla hizmet veren kıymetli esnaflarımıza ayrı ayrı teşekkür ediyor, işlerinin her daim bereketli olmasını temenni ediyorum.";
https://www.instagram.com/p/DQoolSJiIH3/;Carousel;68;0;0;2025-11-04 15:41:14;https://scontent-mxp2-1.cdninstagram.com/v/t51.82787-15/572505468_18391963315131689_6332235932369575675_n.jpg?stp=dst-jpegr_e35_tt6&_nc_cat=109&ig_cache_key=Mzc1ODQzMjM1ODEzNjAyNTIwOQ%3D%3D.3-ccb7-5&ccb=7-5&_nc_sid=58cdad&efg=eyJ2ZW5jb2RlX3RhZyI6InhwaWRzLjE0NDB4MTA4MC5oZHIuQzMifQ%3D%3D&_nc_ohc=fuM1WwL2PscQ7kNvwFhP0UP&_nc_oc=Adl-7sY-7bkIn011cp6cIoAthOnKXzWD0da_Y2HK1cIl25X0-lr-EAYjcXewG0gDyW0&_nc_ad=z-m&_nc_cid=0&_nc_zt=23&_nc_ht=scontent-mxp2-1.cdninstagram.com&_nc_gid=0b2QSG9jeGnqyHZXs5Q7xQ&oh=00_AfiXKh3v0kO2nOb273HcI5JskuWeFimOE0SuYdD_Auepow&oe=69310900;✔️ İlimiz Yeniköy sakinlerinden Naciye Duran’ı ebediyete uğurlardık.   ✔️ İlimiz Gökdere köyü sakinlerinden Ballı Gök’ü ebediyete uğurladık.   Merhumelere Allah’tan rahmet, kederli ailesi ve yakınlarına başsağlığı dilerim.;
https://www.instagram.com/p/DQon1sziMXW/;Photo;56;0;0;2025-11-04 15:34:45;https://scontent-mxp2-1.cdninstagram.com/v/t51.82787-15/572276669_18391962832131689_8132308457158196571_n.jpg?stp=dst-jpg_e35_tt6&_nc_cat=111&ig_cache_key=Mzc1ODQyOTEwMzA5NjEyMDc5MA%3D%3D.3-ccb7-5&ccb=7-5&_nc_sid=58cdad&efg=eyJ2ZW5jb2RlX3RhZyI6InhwaWRzLjE0MDd4NzM5LnNkci5DMyJ9&_nc_ohc=yEyk76lTCvcQ7kNvwG2ajQQ&_nc_oc=AdnaYgdMxcNU5QoaPMhRb1hqqm7Eakkor-A2XHKDYQvmD6mcl8p8RJBYfsA6J4zVZsw&_nc_ad=z-m&_nc_cid=0&_nc_zt=23&_nc_ht=scontent-mxp2-1.cdninstagram.com&_nc_gid=0b2QSG9jeGnqyHZXs5Q7xQ&oh=00_AfitOlf8klwPiSwbYiwJ-EWys33Mar7-_SR82-l6n2Wt_g&oe=69310D6D;Geçtiğimiz hafta, kıymetli büyüğümüz Turan Tuğlu adına Koru Yayıncılık A.Ş. ile ortaklaşa düzenlediğimiz 2. Kitap Fuarı’na kattıkları değer ve verdikleri desteklerden dolayı bizleri ziyaret eden Koru Yayıncılık A.Ş. imtiyaz sahibi Köksal Aydın ve Sanat Yönetmeni Erkan Karsoy’a teşekkür ederek fuarın anısına plaket takdiminde bulunduk. Bu vesileyle bir kez daha, bir hafta süren kültür ve edebiyat dolu buluşmalarda fuarımıza destek veren tüm kamu kuruluşlarımıza ve kıymetli idarecilerimize, fuara katılan tüm yazarlarımıza, öğrencilerimize ve hemşehrilerimize teşekkür ediyor, gelecek fuarlarda yeniden bir araya gelmeyi temenni ediyorum.;
https://www.instagram.com/p/DQoYBCUCMyU/;Photo;114;1;0;2025-11-04 13:16:29;https://scontent-mxp2-1.cdninstagram.com/v/t51.82787-15/572505528_18391950718131689_1865721934781478602_n.jpg?stp=dst-jpg_e35_tt6&_nc_cat=101&ig_cache_key=Mzc1ODM1OTUxMzM2MDAyNjc3Mg%3D%3D.3-ccb7-5&ccb=7-5&_nc_sid=58cdad&efg=eyJ2ZW5jb2RlX3RhZyI6InhwaWRzLjE0NDB4ODEwLnNkci5DMyJ9&_nc_ohc=5Y4_pS8pgZwQ7kNvwFuGars&_nc_oc=Adkt6K14_PI_3BuFRTB5E41SJyVlxwBRwAgGw2HTgQLJLvYD_LGP52ur63gmZnmPXlc&_nc_ad=z-m&_nc_cid=0&_nc_zt=23&_nc_ht=scontent-mxp2-1.cdninstagram.com&_nc_gid=0b2QSG9jeGnqyHZXs5Q7xQ&oh=00_AfjIGDiPGmmyEiosq_D0mhRQpht-xQnzcAUt0MbLlp0pkA&oe=69312018;GÜMSAŞ’ta Sözleşme Zamanı  Gümüşhane’de uzun süredir merakla beklenen GÜMSAŞ Yaşam Evleri Proje süreci, TOKİ ve Belediyemiz koordinasyonunda planlandığı şekilde ve yeni gelişmelerle devam ediyor. Toplu Konut İdaresi Başkanlığı (TOKİ) tarafından 31 Temmuz 2025 tarihinde ihalesi yapılan proje kapsamında önemli bir aşama tamamlandı. TOKİ tarafından hazırlanan sözleşmeler, dün itibarıyla Belediyemize ulaştı. Gümüşhane Belediyesi olarak önümüzdeki süreçte bu sözleşmeleri hak sahipleriyle imzalayacağız.;
https://www.instagram.com/p/DQmugdhDbZ_/;Carousel;103;0;0;2025-11-03 21:54:32;https://scontent-ham3-1.cdninstagram.com/v/t39.30808-6/574341273_122251544702176179_8040026650824413493_n.jpg?stp=dst-jpg_e35_tt6&_nc_cat=109&ig_cache_key=Mzc1Nzg5NTQ2Njk3NDI1ODE4MQ%3D%3D.3-ccb7-5&ccb=7-5&_nc_sid=58cdad&efg=eyJ2ZW5jb2RlX3RhZyI6InhwaWRzLjE4MDB4MTIwMC5zZHIuQzMifQ%3D%3D&_nc_ohc=2-jcg6C6f0UQ7kNvwF-mNJ7&_nc_oc=AdnVSzfT8KKzxXgZVblT5BCQ1OOXbIoLOXzb2pSjoj85OZL6LOOWQtuR8JHVW3rqz4grvEUL7RfB8K5NgOQDtFQn&_nc_ad=z-m&_nc_cid=0&_nc_zt=23&_nc_ht=scontent-ham3-1.cdninstagram.com&_nc_gid=vxKfMuqREO719POUHrv2rw&oh=00_Afhm5x9lB9u7O9R69rK-_8vfBr9V9DTezDRTz7HyngAQwQ&oe=69310EDC;"Belediye Başkan Yardımcımız Muzaffer Pezük ve Zabıta Müdürümüz Murat Bal ile birlikte; 📌 İlimiz Bahçecik Köyü sakinlerinden vefat eden Liman Kılıç’ın ailesi ve yakınlarına taziye ziyaretinde bulunduk. 📌 İlimiz Yeniköy Köyü sakinlerinden Musa ve Hasan Duran’ın vefat eden anneleri Naciye Duran’ın ailesi ve yakınlarına da taziye ziyaretinde bulunduk. 📌 Esnaf ve vatandaşlarımızı ziyaret ederek hasbihal ettik.";
https://www.instagram.com/p/DQmE9jNDZd1/;Photo;18;0;0;2025-11-03 15:51:30;https://scontent-ham3-1.cdninstagram.com/v/t51.82787-15/572757655_17878827948424432_7349140423413390274_n.jpg?stp=dst-jpg_e35_tt6&_nc_cat=106&ig_cache_key=Mzc1NzcxMjc2MDk2MTM0MTMwMQ%3D%3D.3-ccb7-5&ccb=7-5&_nc_sid=58cdad&efg=eyJ2ZW5jb2RlX3RhZyI6InhwaWRzLjEyMjZ4MTYwMC5zZHIuQzMifQ%3D%3D&_nc_ohc=YET_OGDUKOcQ7kNvwGpe3Lb&_nc_oc=Adkkr6qanDCuSG_Y9kPN-b2wlUHCUhcb-_25j6gWu6He8CDi_lTOW4IBbKMeOHu9Xd3WNnyIZZV2NxH88M3yFFLZ&_nc_ad=z-m&_nc_cid=0&_nc_zt=23&_nc_ht=scontent-ham3-1.cdninstagram.com&_nc_gid=vxKfMuqREO719POUHrv2rw&oh=00_Afik9FP7I2oWNPclBW_Q0GzrKW4Z2Nh5cibj4X7P4WUKbA&oe=69310158;Akıllı şehir vizyonu kapsamında vatandaşların yönetime katılımını artırmak amacıyla, Gümüşhane Kent Rehberinde yer alan anketler modülü üzerinden erişilebilen “Gümüşhane Belediye Hizmetlerinin Memnuniyet Anketi 2025” başlığıyla kapsamlı bir anket vatandaşların oylamasına sunuldu.;
https://www.instagram.com/p/DQl_dNXEeWm/;Carousel;109;0;0;2025-11-03 15:03:23;https://scontent-ham3-1.cdninstagram.com/v/t39.30808-6/573036145_122251501574176179_1241249951950734281_n.jpg?stp=dst-jpg_e35_tt6&_nc_cat=106&ig_cache_key=Mzc1NzY4ODUzODg0NzU4NzUwMw%3D%3D.3-ccb7-5&ccb=7-5&_nc_sid=58cdad&efg=eyJ2ZW5jb2RlX3RhZyI6InhwaWRzLjIwNDh4MTM2NS5zZHIuQzMifQ%3D%3D&_nc_ohc=QWIrUsHSC0MQ7kNvwGpi3dw&_nc_oc=AdlvyamdzX5bt6oVN_2gaB7T5FciQOH7PPPFp6DQm2ekvezBEQGJofSOj_MJWF3waW74J-zl87HHY0yfquD68fcg&_nc_ad=z-m&_nc_cid=0&_nc_zt=23&_nc_ht=scontent-ham3-1.cdninstagram.com&_nc_gid=vxKfMuqREO719POUHrv2rw&oh=00_Afjs3rqe-MgWUzHPVW41zPodwuQ66e8q8RCYuxdE_fTEcA&oe=6930FF66;Gümüşhane Cezaevi Cumhuriyet Savcısı Bedirhan Portek’e ve Cezaevi Müdürü Orhan Akbaş’a nazik ziyaretleri ve hediye takdimleri için teşekkür eder, görevlerinde başarılar dilerim.;
https://www.instagram.com/p/DQln9nxAPGg/;Carousel;53;0;0;2025-11-03 11:38:06;https://scontent-ham3-1.cdninstagram.com/v/t39.30808-6/576926677_122251477232176179_8792549834273195227_n.jpg?stp=dst-jpg_e35_tt6&_nc_cat=108&ig_cache_key=Mzc1NzU4NTIwNjc2NTE5OTI0Ng%3D%3D.3-ccb7-5&ccb=7-5&_nc_sid=58cdad&efg=eyJ2ZW5jb2RlX3RhZyI6InhwaWRzLjIwNDh4MTM2NS5zZHIuQzMifQ%3D%3D&_nc_ohc=0M1OQ-cbDbQQ7kNvwF57aNZ&_nc_oc=AdlYHGPZaT0_yasoA3Pp7GwWbgCi96PQy1lvFkrTbyEu9PcJxS1rlkWfOCWKlgquXHWOvC9uE7z74oiDUG_T6b4_&_nc_ad=z-m&_nc_cid=0&_nc_zt=23&_nc_ht=scontent-ham3-1.cdninstagram.com&_nc_gid=vxKfMuqREO719POUHrv2rw&oh=00_Afhi9SoOHf_tUkKfdByvazLwOef38mXhESFEKXf5e0HvDA&oe=69310F86;Belediye Meclisimizin Kasım ayı ilk toplantısını gerçekleştirdik. Toplantımızın hayırlara vesile olmasını temenni ediyorum.;
https://www.instagram.com/p/DQjpG8lEccp/;Carousel;106;0;0;2025-11-02 17:09:38;https://scontent-ham3-1.cdninstagram.com/v/t39.30808-6/573274793_122251371764176179_2299590280385533495_n.jpg?stp=c0.0.1438.959a_dst-jpg_e35_s1438x959_tt6&_nc_cat=111&ig_cache_key=Mzc1NzAyNzI4NzY0NTY1NjY0MA%3D%3D.3-ccb7-5&ccb=7-5&_nc_sid=58cdad&efg=eyJ2ZW5jb2RlX3RhZyI6InhwaWRzLjE0Mzl4OTU5LnNkci5DMyJ9&_nc_ohc=ukLRMCC7evkQ7kNvwFpJ88z&_nc_oc=AdkdvUQVutMQUvB8j7pKm_60h8hLhz-REWzoWRjLObJbmu1DU_WIFtnAZkaF1W3drC2aBG62UTOiTdf1iEmOizn7&_nc_ad=z-m&_nc_cid=0&_nc_zt=23&_nc_ht=scontent-ham3-1.cdninstagram.com&_nc_gid=vxKfMuqREO719POUHrv2rw&oh=00_AfhutcNOQIp_Difb53pQU7iUpCG9dlFIRs10JWolp4yzFw&oe=6930FA26;Türk Büro-Sen Gümüşhane Bayburt Şubesi 2. Olağan Genel Kurul Toplantısına, Milletvekilimiz Sayın Musa Küçük, İl Başkanımız Mete Kaya, Merkez İlçe Başkanımız Nuh Alparslan Durdu ve Ülkü Ocakları Başkanımız Sadık Coşkun ile birlikte katılım sağladık. Genel kurulun ardından yeniden Türk Büro-Sen Gümüşhane Bayburt Şube Başkanlığına seçilen Faruk Ünlü ve yönetimini tebrik ediyor, çalışmalarında başarılar diliyorum.;
https://www.instagram.com/p/DQjMTpxCERr/;Photo;20;0;0;2025-11-02 12:57:58;https://scontent-ham3-1.cdninstagram.com/v/t51.82787-15/572632941_18391748914131689_1878656994776871871_n.jpg?stp=dst-jpg_e35_tt6&_nc_cat=103&ig_cache_key=Mzc1NjkwMDY0MTIzMTM1NzAzNQ%3D%3D.3-ccb7-5&ccb=7-5&_nc_sid=58cdad&efg=eyJ2ZW5jb2RlX3RhZyI6InhwaWRzLjE0NDB4MTQ0MC5zZHIuQzMifQ%3D%3D&_nc_ohc=jRR3rnZi4DUQ7kNvwHJLUl8&_nc_oc=AdnzkRzJS9DIpXnopElcMTP6nPleopfrubSFtiiHWyxaq7P28-7SeaNQZxJfcr-ta3bQV95f_QpfNjvLZd-2m4Fu&_nc_ad=z-m&_nc_cid=0&_nc_zt=23&_nc_ht=scontent-ham3-1.cdninstagram.com&_nc_gid=vxKfMuqREO719POUHrv2rw&oh=00_Afh5DojzwL3ZTLX5LJRHMBjmlymR8fJsutFth2E9U-YdgQ&oe=6930F929;2-8 Kasım Lösemili Çocuklar Haftası’nın toplumumuzda farkındalık oluşturmasına vesile olmasını temenni ediyor, lösemi hastalığıyla mücadele eden tüm vatandaşlarımıza acil şifalar diliyorum.;
https://www.instagram.com/p/DQhYEyuiE_f/;Carousel;113;1;0;2025-11-01 20:02:18;https://scontent-ham3-1.cdninstagram.com/v/t51.82787-15/571001169_18391674268131689_4602899111519984989_n.jpg?stp=dst-jpg_e35_tt6&_nc_cat=105&ig_cache_key=Mzc1NjM4OTQzNzYwNTk3NjkzNQ%3D%3D.3-ccb7-5&ccb=7-5&_nc_sid=58cdad&efg=eyJ2ZW5jb2RlX3RhZyI6InhwaWRzLjE0NDB4MTA4MC5zZHIuQzMifQ%3D%3D&_nc_ohc=3DLOG7mo27QQ7kNvwFNj4ZU&_nc_oc=AdmZZPeWvEwArnC7uxPlYSx51TS1X9nhAL1UGFPAvVKM7kCMudrZV4ZZL1UZlHODLqXvkCtoz3yfM3v_TYdC5f1r&_nc_ad=z-m&_nc_cid=0&_nc_zt=23&_nc_ht=scontent-ham3-1.cdninstagram.com&_nc_gid=vxKfMuqREO719POUHrv2rw&oh=00_Afg0pHuY4eOoBOohmuVrbyR8HeHVPnXJdZKdjYJsWFQxCw&oe=693123A1;Üniversite yıllarından sınıf arkadaşım, Tokat AK Parti İl Başkanı Adem Dizer’in kıymetli evladının Tokat’ta gerçekleşen düğün merasimine katılım sağladık. Bu vesileyle üniversite döneminden arkadaşlarımızla yeniden bir araya gelmenin mutluluğunu yaşadık.  Gelin hanımın da Gümüşhaneli hemşehrimiz olması bizler için ayrı bir mutluluk vesilesi oldu. Genç çiftimize bir ömür boyu mutluluklar diliyorum.;
https://www.instagram.com/p/DQeYJehCHtv/;Carousel;82;1;0;2025-10-31 16:05:14;https://scontent-ham3-1.cdninstagram.com/v/t51.82787-15/572130418_18391535506131689_5523926625432354390_n.jpg?stp=dst-jpegr_e35_tt6&_nc_cat=109&ig_cache_key=Mzc1NTU0NTMyMDMzNjQwMjcyMA%3D%3D.3-ccb7-5&ccb=7-5&_nc_sid=58cdad&efg=eyJ2ZW5jb2RlX3RhZyI6InhwaWRzLjE0NDB4MTA4MC5oZHIuQzMifQ%3D%3D&_nc_ohc=5D8B37PfEvEQ7kNvwE2EOba&_nc_oc=AdmRPDK9HDtwzcI9_1bmeJjRZIJ_raWk9grSE6OmhJ2YQUDujI6mLhiBtLrB0rVHchACu4zYVVwMIy-0EKqFfbEC&_nc_ad=z-m&_nc_cid=0&_nc_zt=23&_nc_ht=scontent-ham3-1.cdninstagram.com&_nc_gid=vxKfMuqREO719POUHrv2rw&oh=00_AfjB2KCOurAI5MYuTPfVJ2aDCEnuN2jhhG3HkND1xy-Jvg&oe=693121AC;✔️ İlimiz Gözeler köyü sakinlerinden Mahir Ödünç’ü ebediyete uğurladık.   ✔️ İlimiz Çamlıköy sakinlerinden Pakize Köksalan’ı ebediyete uğurladık.   ✔️ İlimiz Yeniyol köyü sakinlerinden Bahri Aslan’ı ebediyete uğurlardık.   ✔️ İlimiz Yenimahalle sakinlerinden Musa Kurt’u ebediyete uğurlardık.   Merhumlara ve merhumeye Allah’tan rahmet, kederli ailelerine ve yakınlarına başsağlığı diliyorum.;
https://www.instagram.com/p/DQeQQCWk1QS/;Reels;68;0;9166;2025-10-31 14:56:56;https://scontent-ham3-1.cdninstagram.com/v/t51.82787-15/572484749_17878490952424432_7858026383133327104_n.jpg?stp=dst-jpg_e15_tt6&_nc_cat=100&ig_cache_key=Mzc1NTUxMDYxMDA1NTYxNTUwNg%3D%3D.3-ccb7-5&ccb=7-5&_nc_sid=58cdad&efg=eyJ2ZW5jb2RlX3RhZyI6InhwaWRzLjEwODB4MTkyMC5zZHIuQzMifQ%3D%3D&_nc_ohc=y7leW0yF1M4Q7kNvwGeuorQ&_nc_oc=AdnOYaFzIjjAsY_7uR_H3P-pdNqa1ZIpqKSUYXiLln7YCrSM_pm2XV29FfKPAHEe9WWxBrpuT98T6ayMfSZemScz&_nc_ad=z-m&_nc_cid=0&_nc_zt=23&_nc_ht=scontent-ham3-1.cdninstagram.com&_nc_gid=vxKfMuqREO719POUHrv2rw&oh=00_AfjPTiBVtg3bjR6N8pytGel9i-j9cdbCH0-gM7PckpkTkQ&oe=69310B43;Gümüşhane DEĞER, Gümüşhane'ye DEĞER! 📌İnönü Mahallesi Su Hattı Onarım Çalışması 📌İstiklal Caddesi Kanalizasyon Çalışması 📌Arzu Sokak Kaldırım ve Kilit Taş Yapım Çalışması 📌İnönü Mahallesi Kaldırım ve Kilit Taş Yapım Çalışması 📌İnönü Mahallesi Su Hattı Yenileme Çalışması 📌Katı Atık Aktarma İstasyonu Mazgal Temizliği 📌Atıksu Arıtma Tesisi Bakım ve Onarım Çalışması 📌Küp Park Peyzaj Çalışması 📌İnönü Caddesi Peyzaj Çalışması 📌Hastane Ziyareti #GümüşhaneDeğer #GümüşhaneyeDeğer;
https://www.instagram.com/p/DQdl-spCHfY/;Reels;42;1;3369;2025-10-31 08:47:14;https://scontent-ham3-1.cdninstagram.com/v/t51.71878-15/572557263_1190129459675523_701802245824952629_n.jpg?stp=dst-jpg_e15_tt6&_nc_cat=107&ig_cache_key=Mzc1NTMyNDcwMDU1ODM5MTI1Ng%3D%3D.3-ccb7-5&ccb=7-5&_nc_sid=58cdad&efg=eyJ2ZW5jb2RlX3RhZyI6InhwaWRzLjY0MHgxMTM2LnNkci5DMyJ9&_nc_ohc=JTtnSNoG1zsQ7kNvwHzQ-xP&_nc_oc=Adno8ATZW9i0eYWLnd8ps-YFnbfK0DM80rcUX-yNUkokKGLWUMBnrbKLNBqKZFXHymNkCwzUJ99fct8n2Asnuij4&_nc_ad=z-m&_nc_cid=0&_nc_zt=23&_nc_ht=scontent-ham3-1.cdninstagram.com&_nc_gid=vxKfMuqREO719POUHrv2rw&oh=00_AfjrcS-TLNJVJfmGNYthmdta4g1z0NaHhLBcFcdTowGBqw&oe=693103AC;Allah’ın rahmeti ve bereketi üzerimize olsun. Günümüz aydın, cumamız mübarek olsun. 🤲🏻 #HayırlıCumalar 🇹🇷;
