﻿PostLink;PostTürü;BeğeniSayısı;YorumSayısı;Görüntülenme Sayısı;Tarih;DisplayPhoto;Caption;Takipçi
https://www.instagram.com/p/DRhFTUOiGc5/;Carousel;230;2;0;2025-11-26 13:49:40;https://scontent.cdninstagram.com/v/t51.82787-15/586881456_18440183236099310_3248913511431273069_n.jpg?stp=dst-jpg_e35_tt6&_nc_cat=102&ig_cache_key=Mzc3NDMyMTI3MDYyODg2NDYyNA%3D%3D.3-ccb7-5&ccb=7-5&_nc_sid=58cdad&efg=eyJ2ZW5jb2RlX3RhZyI6InhwaWRzLjE0NDB4OTYwLnNkci5DMyJ9&_nc_ohc=uT0WtGkwNTMQ7kNvwGlZ17u&_nc_oc=Admq7RN6--IoUg1At6Vwx0lrZW6xaiqu5x5UnvML8qMSwlvxvcwCBGDKzFjrRxxAqjc&_nc_ad=z-m&_nc_cid=0&_nc_zt=23&_nc_ht=scontent.cdninstagram.com&_nc_gid=JyIWEkxfaTq2h-sGblDDVg&oh=00_AfiQ1CtfAHyP_oKBb9-Xua6kEncrI8UzUFKzd73RHT6veA&oe=693123D6;"Kars’ta futbolun adil ve sağlıklı yönetimi için emek veren tüm hakemlerimiz ve yöneticilerimizle birlikte çalışmaktan memnuniyet duyuyorum.  Başta Genel Merkez Başkan Yardımcısı Sn. Erkan Odabaşı olmak üzere; Şube Başkanımız Sn. Ömer Nayki, Başkan Yardımcımız Sn. Azer Akyol, Saymanımız Sn. Onur Aydın, Üyemiz Sn. Furkan Ali Karahancı ve İl Hakem Kurulu Başkan Yardımcısı Sn. Onur İbrahimoğlu’na çalışmalarında başarılar diliyorum.  Sporun birleştirici gücü için hep birlikte çalışmaya devam edeceğiz. 🤝";17863
https://www.instagram.com/p/DRe7UmsiDjL/;Carousel;341;1;0;2025-11-25 17:43:58;https://scontent.cdninstagram.com/v/t51.82787-15/586912388_18440081761099310_5914845837239872817_n.jpg?stp=dst-jpg_e35_tt6&_nc_cat=110&ig_cache_key=Mzc3MzcxNDQxMjA3NTUzMTgyNQ%3D%3D.3-ccb7-5&ccb=7-5&_nc_sid=58cdad&efg=eyJ2ZW5jb2RlX3RhZyI6InhwaWRzLjE0NDB4OTYwLnNkci5DMyJ9&_nc_ohc=yD_uU4DJlK8Q7kNvwFjJtY8&_nc_oc=AdnYlDk-cCA6nxsYM7sriukF8M9TdNmt_4ZwOWJzkxFoQSxqc5EspsozdQoyIUb3sPY&_nc_ad=z-m&_nc_cid=0&_nc_zt=23&_nc_ht=scontent.cdninstagram.com&_nc_gid=JyIWEkxfaTq2h-sGblDDVg&oh=00_Afg0v-jrEmVoOTTcE7Zm_6td4aOE2qMvXJGDtFG4zz5ZYw&oe=6931061C;"Şiddetin karşısında susmanın, şiddeti büyüttüğünü biliyorum. Bu nedenle; kadınlarımızın yanında durmaya, onların yaşam hakkını ve onurunu korumak için elimizden gelen tüm çalışmaları sürdürmeye kararlıyım.  Kars’ta hiçbir kadın kendini yalnız hissetmeyecek. Birlikte güçlenecek, birlikte değiştireceğiz.  Kadına Şiddete Hayır!";
https://www.instagram.com/p/DRe3qzeiF_f/;Reels;291;0;13318;2025-11-25 17:12:57;https://scontent.cdninstagram.com/v/t51.71878-15/584409656_864149419446475_2482169221465825153_n.jpg?stp=dst-jpg_e15_tt6&_nc_cat=103&ig_cache_key=Mzc3MzY5ODM3MTgzMjI3NDkxMQ%3D%3D.3-ccb7-5&ccb=7-5&_nc_sid=58cdad&efg=eyJ2ZW5jb2RlX3RhZyI6InhwaWRzLjY0MHgxMTM2LnNkci5DMyJ9&_nc_ohc=ASx6lzLW_GgQ7kNvwFibFoP&_nc_oc=AdnS2TByXBc8rm4SwtNu5pRlH4QhFrykHBkVQXybfBGKLq3dV0qAbCSiSpIxQ4Lf6M4&_nc_ad=z-m&_nc_cid=0&_nc_zt=23&_nc_ht=scontent.cdninstagram.com&_nc_gid=JyIWEkxfaTq2h-sGblDDVg&oh=00_AfiPLVtF9fekotllSWxgS74Y6yVeBYx5KOJq5ohg8IeH0g&oe=6930FFEE;"Bugün, Kadına Yönelik Şiddete Karşı Uluslararası Mücadele Günü vesilesiyle düzenlenen farkındalık etkinliğine katıldım. Şiddetin her türüne karşı durmanın, toplumsal dayanışmayı büyütmenin ve kadınlarımızın yanında olmanın bir görev değil; bir insanlık sorumluluğu olduğuna inanıyorum.  Kars’ta her kadının güvenli, eşit ve özgür bir yaşam sürmesi için çalışmaya devam edeceğiz. Dayanışmayı büyütmek, sessiz kalan sesleri duyurmak ve şiddete karşı güçlü bir duruş sergilemek hepimizin görevi.  Kadına Şiddete Hayır. Bugün de, yarın da!";
https://www.instagram.com/p/DRewE-WCNGR/;Photo;97;0;0;2025-11-25 16:05:43;https://scontent.cdninstagram.com/v/t51.82787-15/586538400_18440070541099310_3680911790921337221_n.jpg?stp=dst-jpg_e35_tt6&_nc_cat=101&ig_cache_key=Mzc3MzY2NDk4NTgzNTE2NDA0OQ%3D%3D.3-ccb7-5&ccb=7-5&_nc_sid=58cdad&efg=eyJ2ZW5jb2RlX3RhZyI6InhwaWRzLjEzNTB4MTY4OC5zZHIuQzMifQ%3D%3D&_nc_ohc=HS6hLL6DgLsQ7kNvwE3QrvW&_nc_oc=Admz4hFpveattgqf19CBjwOjX7wY0Vyap6fpJS-r-39E-FRUDew-J7C7pK4VAG2Dpyo&_nc_ad=z-m&_nc_cid=0&_nc_zt=23&_nc_ht=scontent.cdninstagram.com&_nc_gid=JyIWEkxfaTq2h-sGblDDVg&oh=00_AfihL4QZVu010pdEbMHEboUZLkrVErci14I_9DXV9ZByHw&oe=69311DB3;"Kars’ta her kadının güvenli bir şehirde yaşamı için çalışmaya devam edeceğiz. Şiddeti doğuran sessizliği birlikte kıracağız; dayanışmayı birlikte büyüteceğiz.  Kadına Şiddete Hayır. Bugün de, yarın da!";
https://www.instagram.com/p/DRevXB5CHgk/;Photo;148;2;0;2025-11-25 15:59:27;https://scontent.cdninstagram.com/v/t51.82787-15/587700344_18440070079099310_5934196220861948054_n.jpg?stp=dst-jpg_e35_tt6&_nc_cat=107&ig_cache_key=Mzc3MzY2MTgyODU0NzYzOTMzMg%3D%3D.3-ccb7-5&ccb=7-5&_nc_sid=58cdad&efg=eyJ2ZW5jb2RlX3RhZyI6InhwaWRzLjE0NDB4MTc3Ny5zZHIuQzMifQ%3D%3D&_nc_ohc=CKaVDTY5d94Q7kNvwHSyqRz&_nc_oc=AdlGAMLk_f0On1jsrH4KrQQ1FeQxwGdjl22_Ga05f9hWve3-5oKp9z9S6K75E3V3H0o&_nc_ad=z-m&_nc_cid=0&_nc_zt=23&_nc_ht=scontent.cdninstagram.com&_nc_gid=JyIWEkxfaTq2h-sGblDDVg&oh=00_Afi56YnKfmAGN-Jag2sN9Kqu9zS_Bb5hkfuKdC-4MksG3Q&oe=69310F59;Doğumunun 108. Yılında Kurucu Genel Başkanımız, Merhum Başbuğumuz #AlparslanTÜRKEŞ’i rahmet, minnet ve özlemle anıyorum.;
https://www.instagram.com/p/DRc2Wu5CITb/;Photo;636;6;0;2025-11-24 22:22:06;https://scontent.cdninstagram.com/v/t51.82787-15/586697210_18439981903099310_2251068064166998556_n.jpg?stp=dst-jpegr_e35_tt6&_nc_cat=105&ig_cache_key=Mzc3MzEyOTY0NDUxODcwNDM0Nw%3D%3D.3-ccb7-5&ccb=7-5&_nc_sid=58cdad&efg=eyJ2ZW5jb2RlX3RhZyI6InhwaWRzLjE0NDB4MTA4MC5oZHIuQzMifQ%3D%3D&_nc_ohc=aiL3m6UTWhUQ7kNvwE-w-ta&_nc_oc=Adkn91Pf_YR1MrEuS7QFQLTwDiegZb-XeGyxWJGo5a84WJEIXNyqZSMs-WeXbGAWZ9Y&_nc_ad=z-m&_nc_cid=0&_nc_zt=23&_nc_ht=scontent.cdninstagram.com&_nc_gid=JyIWEkxfaTq2h-sGblDDVg&oh=00_AfgApWVzvjBYeBMzq-UfyPdM7BcRn89Gz7ZrWBXGrbEwOg&oe=69311D9F;Öğretmenler Günümü kutlayarak beni onurlandıran tüm öğrencilerime gönülden teşekkür ediyorum. 🙏 İyi ki varsınız, iyi ki yollarımız kesişmiş.;
https://www.instagram.com/p/DRb7-mtCPDT/;Carousel;283;1;0;2025-11-24 13:51:59;https://scontent.cdninstagram.com/v/t51.82787-15/584342954_18439926769099310_1374016807845096806_n.jpg?stp=dst-jpg_e35_tt6&_nc_cat=107&ig_cache_key=Mzc3Mjg3Mjg4NDIwOTkwMDg3MQ%3D%3D.3-ccb7-5&ccb=7-5&_nc_sid=58cdad&efg=eyJ2ZW5jb2RlX3RhZyI6InhwaWRzLjE0NDB4OTYwLnNkci5DMyJ9&_nc_ohc=85ta-cAi4OMQ7kNvwFmP4o6&_nc_oc=AdlSJkQkaul60XnonkHm_ot-ObcoYwY9bxpR8UK-15R-QDgnc63UY276Jj1W813b3FY&_nc_ad=z-m&_nc_cid=0&_nc_zt=23&_nc_ht=scontent.cdninstagram.com&_nc_gid=JyIWEkxfaTq2h-sGblDDVg&oh=00_AfipvbcmBOKf1M7e034pxWCe7pvKJdaydvRnX0zP1v06Mg&oe=69310ABD;"Başöğretmenimiz Gazi Mustafa Kemal Atatürk’ün açtığı çağdaşlık yolunda; fedakârca çalışan tüm öğretmenlerimizi gönülden selamlıyorum. Görevleri başında şehit düşen öğretmenlerimizi ise rahmetle, minnetle anıyorum.";
https://www.instagram.com/p/DRbm3TqCBqv/;Photo;143;1;0;2025-11-24 10:47:29;https://scontent.cdninstagram.com/v/t51.82787-15/587311848_18439911670099310_2047535906474731477_n.jpg?stp=dst-jpg_e35_tt6&_nc_cat=105&ig_cache_key=Mzc3Mjc4MDAzOTI5NzgzMzY0Nw%3D%3D.3-ccb7-5&ccb=7-5&_nc_sid=58cdad&efg=eyJ2ZW5jb2RlX3RhZyI6InhwaWRzLjEyNTZ4MTU3Ni5zZHIuQzMifQ%3D%3D&_nc_ohc=KyNVwLM8wSAQ7kNvwEeSs1R&_nc_oc=AdlABv1yPx8XPM_TX2zFnjyzytzJEYbbWUguIu27ZJftKaMGmfyagam4t8bITkKkn14&_nc_ad=z-m&_nc_cid=0&_nc_zt=23&_nc_ht=scontent.cdninstagram.com&_nc_gid=JyIWEkxfaTq2h-sGblDDVg&oh=00_AfhE9sWZlmSwk4VicFjyiU-vdUM-g7Q8wmv1XrlTYuOGeQ&oe=69311D89;"Başöğretmenimiz Gazi Mustafa Kemal Atatürk’ün ‘Öğretmenler, yeni nesil sizin eseriniz olacaktır’ sözü; bugün de yolumuzu aydınlatmaya devam ediyor.  Fedakarca çalışan tüm öğretmenlerimiz; memleketimizin gerçek mimarları, geleceğimizin en güçlü teminatıdır.  Gazi Kars’ımızda yetişen her bir evladımızın başarısında emek veren tüm öğretmenlerimize en derin saygı ve gönülden teşekkürlerimi sunuyorum.  Görevi başında şehit edilen öğretmenlerimizi rahmet, minnet ve saygıyla anıyorum. Onların bıraktığı iz, bu topraklarda asla silinmeyecek.";
https://www.instagram.com/p/DRFFC5UiHPE/;Photo;84;0;0;2025-11-15 16:48:41;https://scontent.cdninstagram.com/v/t51.82787-15/583394822_18438830746099310_3112589745857577655_n.jpg?stp=dst-jpg_e35_tt6&_nc_cat=109&ig_cache_key=Mzc2NjQzODg1MjU4NDU2Nzc0OA%3D%3D.3-ccb7-5&ccb=7-5&_nc_sid=58cdad&efg=eyJ2ZW5jb2RlX3RhZyI6InhwaWRzLjEzNTB4MTY4OC5zZHIuQzMifQ%3D%3D&_nc_ohc=eP3KY-hLiwwQ7kNvwGn4Ft9&_nc_oc=Adnp3Opz0_fwMTNm-_U9UqTt2t4ZV93op9iHnntN8U0b6YhpOt45tC5P3fYuZjzK_7w&_nc_ad=z-m&_nc_cid=0&_nc_zt=23&_nc_ht=scontent.cdninstagram.com&_nc_gid=JyIWEkxfaTq2h-sGblDDVg&oh=00_Afj65SH2h7dboPz4k5hLijid_EQ_IxYi36JcvaJSyNItfA&oe=693107B3;Kuzey Kıbrıs Türk Cumhuriyeti’nin Kuruluşunun 42. Yıl Dönümü Kutlu Olsun #kıbrıs;
https://www.instagram.com/p/DRCKKmWCKzT/;Photo;209;2;0;2025-11-14 13:35:42;https://scontent.cdninstagram.com/v/t51.82787-15/581529093_18438686848099310_4035213972265246662_n.jpg?stp=dst-jpg_e35_tt6&_nc_cat=108&ig_cache_key=Mzc2NTYxNjk0NzI2Njg5MDk2Mw%3D%3D.3-ccb7-5&ccb=7-5&_nc_sid=58cdad&efg=eyJ2ZW5jb2RlX3RhZyI6InhwaWRzLjEzNTB4MTY4OC5zZHIuQzMifQ%3D%3D&_nc_ohc=6FZj-gfDfYQQ7kNvwGfOG3q&_nc_oc=Adk8gT_Z8Gm_f6s2GqfFyiiSpAPvEl5XK2uz_zZTuRGm83oOAaxjyWFyr8T1748Mrz8&_nc_ad=z-m&_nc_cid=0&_nc_zt=23&_nc_ht=scontent.cdninstagram.com&_nc_gid=WlKWEroHE3L5_-3fUD3VEA&oh=00_Afh2I1CQlA0MYlL5CfAhBBVKezdyvtP8mHexdPKda0wlpQ&oe=69311C76;"Tarihin acı sayfalarından biri olan Ahıska sürgününü bugün yeniden hatırlıyoruz… Evlerinden, yurtlarından koparılan Ahıska Türklerinin yaşadığı büyük acıyı yüreğimizde hissediyor; onların umutla, sabırla ve inançla verdikleri var olma mücadelesini saygıyla anıyorum. Sürgünde hayatını kaybeden tüm kardeşlerimizi rahmetle yad ediyorum.";
https://www.instagram.com/p/DQ_5sFfCMML/;Reels;386;15;16103;2025-11-13 16:36:30;https://scontent.cdninstagram.com/v/t51.71878-15/581719115_1588578102304485_146284337081476611_n.jpg?stp=dst-jpg_e15_tt6&_nc_cat=111&ig_cache_key=Mzc2NDk4MTUzMTcwMjUxMDM0Nw%3D%3D.3-ccb7-5&ccb=7-5&_nc_sid=58cdad&efg=eyJ2ZW5jb2RlX3RhZyI6InhwaWRzLjY0MHgxMTM2LnNkci5DMyJ9&_nc_ohc=qR_rvFLmKisQ7kNvwGWjRqA&_nc_oc=Adl4KR251JLe8_2xUfvH50xC4LABVpDX6zfuWvshqd07qTj3rbKGRyVv5yRgfTgiP8o&_nc_ad=z-m&_nc_cid=0&_nc_zt=23&_nc_ht=scontent.cdninstagram.com&_nc_gid=WlKWEroHE3L5_-3fUD3VEA&oh=00_AfgjiQBYwrD59ZMtcReAYBScGdUz4AWF2fAWmcPshcJR0g&oe=69312BC5;Şehitler Mahallesi Seyhan Küme Evleri’nde yol yapım çalışmalarımız tüm hızıyla devam ediyor. Vatandaşlarımızın daha konforlu ve güvenli bir ulaşıma kavuşması için çalışıyoruz. 🚜👷‍♂️ #gazikarsi̇çincanlabaşla  #YolYapım;
https://www.instagram.com/p/DQ_nVHKiD3q/;Photo;272;0;0;2025-11-13 13:52:49;https://scontent.cdninstagram.com/v/t51.82787-15/582105756_18438570214099310_6375753089785539948_n.jpg?stp=dst-jpg_e35_tt6&_nc_cat=102&ig_cache_key=Mzc2NDkwMDc4ODEyMDg2MjE4Ng%3D%3D.3-ccb7-5&ccb=7-5&_nc_sid=58cdad&efg=eyJ2ZW5jb2RlX3RhZyI6InhwaWRzLjE0NDB4OTYwLnNkci5DMyJ9&_nc_ohc=pvW0PdAAUXgQ7kNvwGctiJO&_nc_oc=Adkg90rD4HclNc14PAeGNw68d2twDZJQ1hiQ8hlEqb1u5xmsAth9H56nQHiiJFwxyOY&_nc_ad=z-m&_nc_cid=0&_nc_zt=23&_nc_ht=scontent.cdninstagram.com&_nc_gid=WlKWEroHE3L5_-3fUD3VEA&oh=00_AfiNUdeu-I9xLYxZsjsrROjc0x1xWyh9yWvbvrJHpz_Pfw&oe=69310301;Bugün Koç Köyü Muhtarı Yalçın Vergül ve Koç Köyü Kültür Sanat ve Yardımlaşma Derneği Başkan Yardımcısı Duray Bulut’u makamımda ağırladım. Nazik ziyaretleri için kendilerine teşekkür ediyorum.;
https://www.instagram.com/p/DQ_Oj9zCFle/;Carousel;456;0;0;2025-11-13 10:16:24;https://scontent.cdninstagram.com/v/t51.82787-15/581104793_18438552022099310_7791694279321294061_n.jpg?stp=dst-jpg_e35_tt6&_nc_cat=103&ig_cache_key=Mzc2NDc5MTg0NjYzNjExODQxMQ%3D%3D.3-ccb7-5&ccb=7-5&_nc_sid=58cdad&efg=eyJ2ZW5jb2RlX3RhZyI6InhwaWRzLjE0NDB4MTAzMi5zZHIuQzMifQ%3D%3D&_nc_ohc=zMgDAsCY1AcQ7kNvwEuS5XZ&_nc_oc=AdmAHUfyJYJ9JwVkwihnwMxiGnSOgqXDkmRUe5nkIRupKEu3MkctrAoffYyyFKnDW44&_nc_ad=z-m&_nc_cid=0&_nc_zt=23&_nc_ht=scontent.cdninstagram.com&_nc_gid=WlKWEroHE3L5_-3fUD3VEA&oh=00_AfhJSDyAMv5WYm9Sd3QfANf7G8BsjH0_AcwOPpHSNcUG3w&oe=69311271;Bugün, Kars İl Emniyet Müdürümüz Sayın Murat Abdullah Tombul’u belediyemizde misafir ettik. Nazik ziyaretlerinden dolayı kendilerine teşekkür ediyorum. Şehrimizin huzuru ve güvenliği için uyum içinde çalışmaya devam edeceğiz. 🙏;
https://www.instagram.com/p/DQ_M7-HiMVE/;Carousel;380;10;0;2025-11-13 10:02:12;https://scontent.cdninstagram.com/v/t51.82787-15/581500604_18438550987099310_7836029931058940037_n.jpg?stp=dst-jpg_e35_tt6&_nc_cat=104&ig_cache_key=Mzc2NDc4NDY5NTUyMzk5NjYzMw%3D%3D.3-ccb7-5&ccb=7-5&_nc_sid=58cdad&efg=eyJ2ZW5jb2RlX3RhZyI6InhwaWRzLjE0NDB4MTIzMy5zZHIuQzMifQ%3D%3D&_nc_ohc=-JYAsgcCtqMQ7kNvwEtY5l3&_nc_oc=Adkqb090r8Mpup8BOD2aO_nN8pRzxxThQeFHg00fynEz9LHgVsAmcywQXYiOHTi3Gxo&_nc_ad=z-m&_nc_cid=0&_nc_zt=23&_nc_ht=scontent.cdninstagram.com&_nc_gid=WlKWEroHE3L5_-3fUD3VEA&oh=00_AfgX-9J2rC1dT3xBanUudCcwHihvJ8QWLIJ1C0qJZQ_ZnQ&oe=69310B5D;Şehrimizin ulaşım altyapısını güçlendirmek amacıyla yürütülen çalışmalar kapsamında, Şehitler Mahallesi 3. Teyyare Sokak’ta asfaltlama çalışmaları tamamlanmıştır. Vatandaşlarımızın daha konforlu ve güvenli bir ulaşım sağlaması için çalışmalarımız aralıksız devam edecektir. 🙏;
https://www.instagram.com/p/DQ7F66LCEDL/;Photo;306;1;0;2025-11-11 19:43:56;https://scontent.cdninstagram.com/v/t51.82787-15/579717661_18438176215099310_7351568280049943229_n.jpg?stp=dst-jpg_e35_tt6&_nc_cat=100&ig_cache_key=Mzc2MzYyNzk1MjAyMjUwMzYyNw%3D%3D.3-ccb7-5&ccb=7-5&_nc_sid=58cdad&efg=eyJ2ZW5jb2RlX3RhZyI6InhwaWRzLjE0NDB4MTQ0MC5zZHIuQzMifQ%3D%3D&_nc_ohc=Q34xt4mAdKMQ7kNvwHOPpLw&_nc_oc=AdmKv8iscy4nKQLiGd1E41lW5x9ZTeViNWnCZ1ijJCFh5On6plRMjJEt-L_EzSBBps4&_nc_ad=z-m&_nc_cid=0&_nc_zt=23&_nc_ht=scontent.cdninstagram.com&_nc_gid=WlKWEroHE3L5_-3fUD3VEA&oh=00_Afjd7SOYnqoTffvcgFxyOqE9X4ernJywaD2RzM7hDHlYew&oe=69312ED5;Milletimizin başı sağ olsun.  Azerbaycan’dan ülkemize gelmek üzere havalanan C130 askeri kargo uçağımızın, Gürcistan–Azerbaycan sınırında düştüğü haberini derin bir üzüntüyle öğrenmiş bulunuyorum.  Bu elim kazada şehit olan kahraman askerlerimize Allah’tan rahmet, kederli ailelerine, Türk Silahlı Kuvvetlerimize ve aziz milletimize başsağlığı diliyorum.  Rabbim bir daha böyle acılar yaşatmasın.   Prof. Dr. Ötüken Senger Kars Belediye Başkanı;
https://www.instagram.com/p/DQ65Ze4CAkZ/;Photo;242;2;0;2025-11-11 17:54:30;https://scontent.cdninstagram.com/v/t51.82787-15/582577384_18438163612099310_7861665624914196464_n.jpg?stp=dst-jpg_e35_tt6&_nc_cat=106&ig_cache_key=Mzc2MzU3Mjg3ODQxMTgyNzQ4MQ%3D%3D.3-ccb7-5&ccb=7-5&_nc_sid=58cdad&efg=eyJ2ZW5jb2RlX3RhZyI6InhwaWRzLjE0NDB4MTA3OS5zZHIuQzMifQ%3D%3D&_nc_ohc=KyP4TraHRJ0Q7kNvwEpWaIb&_nc_oc=AdnRlNMAaOWZZKEMOIE1-mBtVyYRS4x6tzObhRRxFSU8yoyVbotHPw1IHQ2xzhesWvo&_nc_ad=z-m&_nc_cid=0&_nc_zt=23&_nc_ht=scontent.cdninstagram.com&_nc_gid=WlKWEroHE3L5_-3fUD3VEA&oh=00_Afjgin8L5EGdcGq2k5sjKbW-3DMkpyReXkfuXsoS3LODuw&oe=69310BF9;Bugün, değerli şairimiz ve yazarımız Metin Koca’yı Kars Belediyemizde misafir ettik. Türk milletinin ruhunu, tarihini ve kahramanlığını destanlaştırdığı “Türk’ün Destanları” adlı eserini konuştuk. Kültürümüze, edebiyatımıza ve milli hafızamıza yaptığı bu kıymetli katkıdan dolayı kendisine gönülden teşekkür ediyorum. Bu toprakların ruhunu kelimelere işleyen her kalem, geleceğimize bırakılan bir mirastır.;
https://www.instagram.com/p/DQ6zHhuiElc/;Photo;191;0;0;2025-11-11 16:59:37;https://scontent.cdninstagram.com/v/t51.82787-15/580085025_18438157003099310_1893569075112353198_n.jpg?stp=dst-jpg_e35_tt6&_nc_cat=107&ig_cache_key=Mzc2MzU0NTI1NjI0NDAzNzk4MA%3D%3D.3-ccb7-5&ccb=7-5&_nc_sid=58cdad&efg=eyJ2ZW5jb2RlX3RhZyI6InhwaWRzLjk2MHg2Mzkuc2RyLkMzIn0%3D&_nc_ohc=n2ddX0eqX1YQ7kNvwHJmr-j&_nc_oc=AdkqvDv71aKhZ5g6fXkVnQPShvNxWQL_tfCLd7kwutDnaAf75uHPOaMKbeslyOK3yJ0&_nc_ad=z-m&_nc_cid=0&_nc_zt=23&_nc_ht=scontent.cdninstagram.com&_nc_gid=WlKWEroHE3L5_-3fUD3VEA&oh=00_AfjSvU_2p7J1gwIfuAphRblTehzgd2MpLY9EeMrbJx2U4A&oe=69310D8A;Osmaniye’de görevi başındayken rahatsızlanarak şehit olan Polis Memuru Faruk ŞAHİN’e Allah’tan rahmet, yakınlarına ve aziz milletimize başsağlığı diliyorum.;
https://www.instagram.com/p/DQ6oSPniLiZ/;Carousel;699;4;0;2025-11-11 15:24:58;https://scontent.cdninstagram.com/v/t51.82787-15/575999630_18438124576099310_1522565309037483774_n.jpg?stp=dst-jpegr_e35_tt6&_nc_cat=102&ig_cache_key=Mzc2MzQ5NzU4OTk1ODc5MDc1Ng%3D%3D.3-ccb7-5&ccb=7-5&_nc_sid=58cdad&efg=eyJ2ZW5jb2RlX3RhZyI6InhwaWRzLjE0NDB4MTA4MC5oZHIuQzMifQ%3D%3D&_nc_ohc=fhDrvyuAvYYQ7kNvwGeC_NS&_nc_oc=AdkT2FajRaqCCCYoI749XBfbgOxFkJ-s9NuqHseFpx0VAedCBd6pxJJwxkBa6kGLOZQ&_nc_ad=z-m&_nc_cid=0&_nc_zt=23&_nc_ht=scontent.cdninstagram.com&_nc_gid=WlKWEroHE3L5_-3fUD3VEA&oh=00_AfjJRkmA8XvPqYrpIzBrXqOt3qBP6Whw1hjmCcr9l2KIaA&oe=6930FDEE;11 Kasım Milli Ağaçlandırma Günü’nde doğaya olan sorumluluğumuzu hatırlıyor, gelecek nesillere daha yeşil bir dünya bırakmak için hep birlikte fidan dikiyoruz. Unutmayalım, bir fidan bir dünyadır. 🌍💚 #GeleceğeNefes #MilliAğaçlandırmaGünü;
https://www.instagram.com/p/DQ6hQh3iC8j/;Reels;494;7;14628;2025-11-11 14:24:56;https://scontent.cdninstagram.com/v/t51.71878-15/581781456_2222243171632228_5907557149341111792_n.jpg?stp=dst-jpg_e15_tt6&_nc_cat=111&ig_cache_key=Mzc2MzQ2NjcxMDAzMzExNjk2MzI0NzY0OTQwODIzMjAxMTUw.3-ccb7-5&ccb=7-5&_nc_sid=58cdad&efg=eyJ2ZW5jb2RlX3RhZyI6InhwaWRzLjY0MHgxMTM2LnNkci5DMyJ9&_nc_ohc=YGoEbdYwI40Q7kNvwE_rgPP&_nc_oc=AdmxhThOlyPrKIbliWoJf0VJXrvi7KiDmgXhocJhmE_qplKHteDAdZZx1GtIzEQM76U&_nc_ad=z-m&_nc_cid=0&_nc_zt=23&_nc_ht=scontent.cdninstagram.com&_nc_gid=WlKWEroHE3L5_-3fUD3VEA&oh=00_Afilh0nHuixXQ86kbXtuTtOhS_7kJ6p8zYqyGYiWudtTrg&oe=693115A4;Bugün #MilliAğaçlandırmaGünü 🌳🇹🇷 Toprağa dikilen her fidan, geleceğe bırakılan bir umuttur. Daha yeşil bir Türkiye için hep birlikte! 💚  #GeleceğeNefes #11Kasım #YeşilVatanSeferberliği;
https://www.instagram.com/p/DQ3g2gSiE1C/;Carousel;979;5;0;2025-11-10 10:22:17;https://scontent.cdninstagram.com/v/t51.82787-15/575717366_18437807800099310_7865994260319820104_n.jpg?stp=dst-jpg_e35_tt6&_nc_cat=108&ig_cache_key=Mzc2MjYyMDQ3Njg0NjI4NjYyNA%3D%3D.3-ccb7-5&ccb=7-5&_nc_sid=58cdad&efg=eyJ2ZW5jb2RlX3RhZyI6InhwaWRzLjE0NDB4MTQ0MC5zZHIuQzMifQ%3D%3D&_nc_ohc=bXbgxjSDXMUQ7kNvwEfbssn&_nc_oc=Adl-lHVt4FwAg2ULjSyLcT5Yi0OQqJie_0Iq67DYtNhhpZK-mzgKq2lqdnDhwRERpmY&_nc_ad=z-m&_nc_cid=0&_nc_zt=23&_nc_ht=scontent.cdninstagram.com&_nc_gid=WlKWEroHE3L5_-3fUD3VEA&oh=00_AfjcHbLEApHvO4BarfRE0RmWWxU10uX9-Z0EptJ0M-bEaA&oe=69310313;Ulu Önder Gazi Mustafa Kemal Atatürk’ü Saygı, Sevgi ve Minnetle Anıyorum! #10kasım;
https://www.instagram.com/p/DQ3UlaXCE2N/;Photo;318;0;0;2025-11-10 08:35:06;https://scontent.cdninstagram.com/v/t51.82787-15/579718082_18437784643099310_7460544330091480680_n.jpg?stp=dst-jpg_e35_tt6&_nc_cat=101&ig_cache_key=Mzc2MjU2NjU0NTU0NTkwNzU5Nw%3D%3D.3-ccb7-5&ccb=7-5&_nc_sid=58cdad&efg=eyJ2ZW5jb2RlX3RhZyI6InhwaWRzLjEzNTB4MTY4OC5zZHIuQzMifQ%3D%3D&_nc_ohc=Pu_ev51gAB0Q7kNvwEd-vU0&_nc_oc=AdkwNK2OwNS8BAi6ByqwTA5VpfEmtldLqgNkRbxYaMlQmi7U2umMgDY6SDZPSzKVRsI&_nc_ad=z-m&_nc_cid=0&_nc_zt=23&_nc_ht=scontent.cdninstagram.com&_nc_gid=WlKWEroHE3L5_-3fUD3VEA&oh=00_AfisDtxbKwij0cRi7voIU9Jq7muSQQiDp9YqarHt5ksuUA&oe=6931157D;Gazi Mustafa Kemal Atatürk’ü, aramızdan ayrılışının 87. yılında özlem ve saygıyla anıyoruz. Onun büyük mirası, her geçen gün kalbimizde daha da büyüyor. Cumhuriyetimizin temelleri, Atatürk’ün idealleriyle şekillenmeye devam ediyor. Aziz hatırasına sonsuz minnetle… #10Kasım #Atatürk #SonsuzaKadar;
https://www.instagram.com/p/DQywjx2CDLo/;Photo;242;4;0;2025-11-08 14:03:21;https://scontent-ham3-1.cdninstagram.com/v/t51.82787-15/574459155_18437262367099310_2651033721301117420_n.jpg?stp=dst-jpg_e35_tt6&_nc_cat=110&ig_cache_key=Mzc2MTI4MjIwMzc0MTg2MDU4NA%3D%3D.3-ccb7-5&ccb=7-5&_nc_sid=58cdad&efg=eyJ2ZW5jb2RlX3RhZyI6InhwaWRzLjEzNTB4MTY4OC5zZHIuQzMifQ%3D%3D&_nc_ohc=8wUG7i7tx-4Q7kNvwHOSPUW&_nc_oc=AdkJZHmC6lDcJdR-xmlDizu-gY6akR6EYDSGrnzSbPZ2EmnNh1qu00GFBicb-VF1uRR7ceUWsms7cZENlBJtJXzh&_nc_ad=z-m&_nc_cid=0&_nc_zt=23&_nc_ht=scontent-ham3-1.cdninstagram.com&_nc_gid=elt3WmQy_Oio4jr1YZpYUA&oh=00_AfhhoQLLrWhqHx145GrippRW6p_9GBIqLXVUjoAyixRaSw&oe=69312DEF;"Şehitlerimizin kanıyla yazılan destanın yıl dönümünde, kahraman Azerbaycan ordusunu ve bu zaferin mimarlarını saygı ve minnetle anıyorum. Bir millet, iki devlet; aynı yürek, aynı bayrak! 🇹🇷🤝🇦🇿 #KarabağAzerbaycandır #ZaferGünü";
https://www.instagram.com/p/DQya2ZNCCwj/;Carousel;238;0;0;2025-11-08 10:53:39;https://scontent-ham3-1.cdninstagram.com/v/t51.82787-15/574615930_18437218774099310_2161353127538651460_n.jpg?stp=dst-jpg_e35_tt6&_nc_cat=107&ig_cache_key=Mzc2MTE4NjcxMjc0NDE1OTgzNw%3D%3D.3-ccb7-5&ccb=7-5&_nc_sid=58cdad&efg=eyJ2ZW5jb2RlX3RhZyI6InhwaWRzLjEwNjZ4NzExLnNkci5DMyJ9&_nc_ohc=KApHhiUVEmwQ7kNvwGBIs9L&_nc_oc=AdkljG4EwM0SwSkLFdJe7DjqQdAx5_8zTRO7zN-iK_LfNQb1FnOW9b79Ipl5BO4nnNEqNhVidAo4l8Xobi4yb_AI&_nc_ad=z-m&_nc_cid=0&_nc_zt=23&_nc_ht=scontent-ham3-1.cdninstagram.com&_nc_gid=elt3WmQy_Oio4jr1YZpYUA&oh=00_AfjHiAMi0AADcXgjl46ZcAq9rliQQ1M-c3FpV7aa-l5CtQ&oe=6931109B;📍Milliyetçi Hareket Partisi Belediye Başkanları İstişare ve Değerlendirme Toplantısı.  Genel Başkanımız Sayın Devlet Bahçeli’nin himayelerinde gerçekleştirilen “Belediye Başkanları İstişare ve Değerlendirme Toplantısı”na katıldık.  Düzenlenen toplantıda, yerel yönetim faaliyetlerimiz ve üretken belediyecilik anlayışı çerçevesinde yaptığımız hizmetler üzerine kapsamlı değerlendirmelerde bulunduk.  Liderimiz Sayın Devlet Bahçeli’nin rehberliğinde, Türkiye Yüzyılı ve Terörsüz Türkiye hedeflerimize ulaşmak ve Aziz Milletimizin güvenine layık olmak adına Üretken Belediyecilik anlayışımızı kararlılıkla sürdürmeye devam edeceğiz.;
https://www.instagram.com/p/DQxJZ5eCC1U/;Carousel;653;1;0;2025-11-07 23:01:58;https://scontent-ham3-1.cdninstagram.com/v/t51.82787-15/573796883_18437087821099310_4746456697942252936_n.jpg?stp=dst-jpg_e35_tt6&_nc_cat=107&ig_cache_key=Mzc2MDgyODUxMDYzNDUwOTkyNQ%3D%3D.3-ccb7-5&ccb=7-5&_nc_sid=58cdad&efg=eyJ2ZW5jb2RlX3RhZyI6InhwaWRzLjE0NDB4OTYwLnNkci5DMyJ9&_nc_ohc=PS9iMSjAnb8Q7kNvwGm-86h&_nc_oc=Adnn7uX8yzdZi5u_W87hC-Ao224orokj2OgWQtN_36OdgUtiip8q0o1H1zmaX2He0PZyqeSDXnnBh0NQTfzvp2E-&_nc_ad=z-m&_nc_cid=0&_nc_zt=23&_nc_ht=scontent-ham3-1.cdninstagram.com&_nc_gid=elt3WmQy_Oio4jr1YZpYUA&oh=00_AfjexIukfmYZLeR1kIWjS3LXbV44m4WkngVRlhAAwmO9cg&oe=6931168D;🇹🇷🇦🇿 Bugün şehir dışı programlarım nedeniyle Kars’ta düzenlenen Karabağ Zaferi etkinliğinde sizlerle olamasam da, kalbim orada Türk ve Azerbaycan bayraklarının yan yana dalgalandığı o gurur dolu salonda.  Karabağ Zaferi, Türk’ün birliği ve kardeşliğinin en güçlü simgesidir. Can Azerbaycan halkına selam olsun! Yaşasın Türkiye-Azerbaycan kardeşliği! 👏;
https://www.instagram.com/p/DQtuQegiGX0/;Reels;132;0;5702;2025-11-06 15:12:01;https://scontent-ham3-1.cdninstagram.com/v/t51.71878-15/575746019_25081262928221956_6927990997607472164_n.jpg?stp=dst-jpg_e15_tt6&_nc_cat=110&ig_cache_key=Mzc1OTg2NDcwNjMzMzQzNTM4MA%3D%3D.3-ccb7-5&ccb=7-5&_nc_sid=58cdad&efg=eyJ2ZW5jb2RlX3RhZyI6InhwaWRzLjY0MHgxMTM2LnNkci5DMyJ9&_nc_ohc=xGTgaLNUZE0Q7kNvwE5eWU0&_nc_oc=Adk6cLuyWEDBGbfZ92u3Poic9LZ0Qhgxstxfb73aE5HLrLLKhEGnCZUFsekylpbMPsYU2CDyd-CVLybyqPqOP4Pu&_nc_ad=z-m&_nc_cid=0&_nc_zt=23&_nc_ht=scontent-ham3-1.cdninstagram.com&_nc_gid=elt3WmQy_Oio4jr1YZpYUA&oh=00_Afi6H74RDRhjrtsQrvY6r8D8h8crAnL3L__ufm51mVSjXA&oe=6930FDAE;Bu anlamlı gecede, Gazi Kars ve Kardeş Azerbaycan tek yürek olacak! 🇹🇷🇦🇿 Tüm halkımız davetlidir. 📍 KAÜ Ahmet Arslan Kongre Merkezi 📅 7 Kasım 2025, Cuma – 18:30;
https://www.instagram.com/p/DQmZxepCFzO/;Photo;550;0;0;2025-11-03 18:53:21;https://scontent-ham3-1.cdninstagram.com/v/t51.82787-15/572164154_18436217806099310_1447387210108829276_n.jpg?stp=dst-jpg_e35_tt6&_nc_cat=106&ig_cache_key=Mzc1NzgwNDI5MDQwNTA2Mzg4Ng%3D%3D.3-ccb7-5&ccb=7-5&_nc_sid=58cdad&efg=eyJ2ZW5jb2RlX3RhZyI6InhwaWRzLjExNzB4MTE3My5zZHIuQzMifQ%3D%3D&_nc_ohc=gdUAmnzFyScQ7kNvwHBYDxm&_nc_oc=AdlxkJKhgO6L-mIa0xRWEc2IbtCPl1sdJig0pr1IV-mlo_hNeLORMZa8wBxSuwwKz9vcH-WejmNPE-W5RnbDJlWs&_nc_ad=z-m&_nc_cid=0&_nc_zt=23&_nc_ht=scontent-ham3-1.cdninstagram.com&_nc_gid=elt3WmQy_Oio4jr1YZpYUA&oh=00_AfgJmCA4_5ZvHks-NZ_EIY_bz-twfXI0Xn4oSZByxtsx6w&oe=69310D27;Türk Hukuk Enstitüsü Genel Merkez Yönetim Kurulu Üyesi Av. Şehrazat ERDAĞI Beyefendiyi Belediyemizde misafir ettik.   Hukuk’a ve Memleketimize dair samimi sohbetleri ve anlamlı ziyaretleri için kendilerine teşekkür ediyorum.;
https://www.instagram.com/p/DQlZHE6COgF/;Photo;197;2;0;2025-11-03 09:28:19;https://scontent-ham3-1.cdninstagram.com/v/t51.82787-15/574029153_18436168903099310_4276591530573889732_n.jpg?stp=dst-jpg_e35_tt6&_nc_cat=103&ig_cache_key=Mzc1NzUxOTkwMTU3ODI5MTIwNQ%3D%3D.3-ccb7-5&ccb=7-5&_nc_sid=58cdad&efg=eyJ2ZW5jb2RlX3RhZyI6InhwaWRzLjE0NDB4MTc3Ny5zZHIuQzMifQ%3D%3D&_nc_ohc=wjJ7LZg76HwQ7kNvwGoGpqu&_nc_oc=Adnyt2SKsF51_0Aae29BVoLA35OWINWUr2_E5mWUApcNT758xqp_FJir2lHcQD85lQG63NmZEbKE2Od1l06a2Ezj&_nc_ad=z-m&_nc_cid=0&_nc_zt=23&_nc_ht=scontent-ham3-1.cdninstagram.com&_nc_gid=elt3WmQy_Oio4jr1YZpYUA&oh=00_AfjfS9dpeWUhmA9WraJOu0KCJ9o15FGBMYTQYo-ZKO_v2g&oe=69310CD9;"🇹🇷 Akyaka’nın Kurtuluşu Kutlu Olsun!  Bağımsızlık uğruna verilen eşsiz mücadelenin simgelerinden biri olan Akyaka, bugün de o kahramanlık ruhunu gururla taşımaktadır. Aziz şehitlerimizi rahmetle, gazilerimizi minnetle anıyor; vatan sevgisiyle dolu tüm hemşehrilerimizin kurtuluş gününü yürekten kutluyorum.  Birlik, beraberlik ve kardeşlik içinde; Akyaka’mızın geleceği, geçmişindeki kahramanlık kadar parlak olsun.";
https://www.instagram.com/p/DQlY4mfCIv-/;Photo;230;0;0;2025-11-03 09:26:21;https://scontent-ham3-1.cdninstagram.com/v/t51.82787-15/573202555_18436168720099310_3997307859538250874_n.jpg?stp=dst-jpg_e35_tt6&_nc_cat=110&ig_cache_key=Mzc1NzUxODkwNjg0MDM1Mzc5MA%3D%3D.3-ccb7-5&ccb=7-5&_nc_sid=58cdad&efg=eyJ2ZW5jb2RlX3RhZyI6InhwaWRzLjE0NDB4MTc3Ny5zZHIuQzMifQ%3D%3D&_nc_ohc=mRI9dgGuTk0Q7kNvwEfIyUT&_nc_oc=AdnumppK_pa2O89aUVuQx0oE3--aMfPzHBHUnJQm6_5ZBGTtiDPiiPTx5i4xk1kefob84X_vtbk24dBCSj4-_mEF&_nc_ad=z-m&_nc_cid=0&_nc_zt=23&_nc_ht=scontent-ham3-1.cdninstagram.com&_nc_gid=elt3WmQy_Oio4jr1YZpYUA&oh=00_AfhMRh7ZGWF6884FkYHVJTCZ_nEKRUFY2AA8pYK1ErjiNg&oe=693119A9;"🇹🇷 Arpaçay’ın Kurtuluşu Kutlu Olsun!  Kahraman ecdadımızın azmi, inancı ve vatan sevgisiyle yeniden doğan Arpaçay, bugün de aynı ruhla ayakta durmaktadır. Bu toprakları bizlere emanet eden aziz şehitlerimizi rahmetle, gazilerimizi minnetle anıyor; Arpaçay’ın yiğit insanlarının kurtuluş coşkusunu en içten dileklerimle paylaşıyorum.  Birlik ve beraberliğimiz daim, Arpaçay’ımızın geleceği her daim aydınlık olsun.";
https://www.instagram.com/p/DQlYaXHCGdk/;Photo;122;2;0;2025-11-03 09:22:13;https://scontent-ham3-1.cdninstagram.com/v/t51.82787-15/571881861_18436168663099310_4948422397200436632_n.jpg?stp=dst-jpg_e35_tt6&_nc_cat=109&ig_cache_key=Mzc1NzUxNjgyODc0NzI2MTc5Ng%3D%3D.3-ccb7-5&ccb=7-5&_nc_sid=58cdad&efg=eyJ2ZW5jb2RlX3RhZyI6InhwaWRzLjE0NDB4MTc3Ny5zZHIuQzMifQ%3D%3D&_nc_ohc=gckuVHK08pkQ7kNvwGJ7ge1&_nc_oc=Adk-4WJfUnwgBrBTNnKBntPFxopZBZrnua2-jfpUDXwC-Z9BZw_IbUTVbLZgXRIzww4CtBxYn-51bZINVm73EODN&_nc_ad=z-m&_nc_cid=0&_nc_zt=23&_nc_ht=scontent-ham3-1.cdninstagram.com&_nc_gid=elt3WmQy_Oio4jr1YZpYUA&oh=00_Afi-SjFdmORQplGhjcQFC6HrawMRcDu_wsaoyv1ya_wINQ&oe=69310C69;"🇹🇷 Susuz’un Kurtuluşu Kutlu Olsun!  Kahraman ecdadımızın destansı mücadelesiyle, vatan toprağının her karışında olduğu gibi Susuz’da da özgürlük ve bağımsızlık ateşi yakıldı. Bugün, o kutlu mücadelenin gururunu ve mirasını yüreklerimizde taşıyoruz.  Bu toprakları bizlere vatan kılan aziz şehitlerimizi ve gazilerimizi rahmet, minnet ve saygıyla anıyor; birlik, beraberlik ve kardeşlik ruhuyla Susuz’un kurtuluşunu en içten dileklerimle kutluyorum.";
https://www.instagram.com/p/DQg035JCJDw/;Carousel;302;0;0;2025-11-01 14:54:43;https://scontent-ham3-1.cdninstagram.com/v/t51.82787-15/572786782_18435940945099310_2601249193460901898_n.jpg?stp=dst-jpg_e35_tt6&_nc_cat=105&ig_cache_key=Mzc1NjIzNDYxNTQwMTUxMDE5MA%3D%3D.3-ccb7-5&ccb=7-5&_nc_sid=58cdad&efg=eyJ2ZW5jb2RlX3RhZyI6InhwaWRzLjE0NDB4OTYwLnNkci5DMyJ9&_nc_ohc=thYDAxM3D14Q7kNvwEMr0Tt&_nc_oc=Adl5CQaOW-8yAtkvH3bhH2MDsKa9wliWULkj69Bo0BrlpcTb-k2HUL0lkViQm4Gmk2l67WL_156W_XAEMkxLj0C_&_nc_ad=z-m&_nc_cid=0&_nc_zt=23&_nc_ht=scontent-ham3-1.cdninstagram.com&_nc_gid=elt3WmQy_Oio4jr1YZpYUA&oh=00_Afi1sbfll10mEDI7U82wdR4XMyX4qQ0UXAk_GTGTd2fqrQ&oe=69310E63;MÜSİAD tarafından düzenlenen “Üretimin Yeni Transfer Merkezi Kars – İhracat Odaklı Katma Değerli Endüstriyel Üretim Zirvesi” programına katıldım.  Kars’ın üretim potansiyelini, sanayi vizyonunu ve ihracat gücünü artırmaya yönelik önemli fikirlerin paylaşıldığı bu zirvede, şehrimizin geleceğine dair umut verici adımları hep birlikte değerlendirdik.   Üreten, gelişen ve dünyaya açılan bir Gazi Kars için çalışmaya devam ediyoruz. 🇹🇷;
https://www.instagram.com/p/DQg0AsyCD_M/;Carousel;390;0;0;2025-11-01 14:47:11;https://scontent-ham3-1.cdninstagram.com/v/t51.82787-15/571102364_18435940495099310_8433597777731944302_n.jpg?stp=dst-jpg_e35_tt6&_nc_cat=102&ig_cache_key=Mzc1NjIzMDgyMDc2NDM2NTYxNQ%3D%3D.3-ccb7-5&ccb=7-5&_nc_sid=58cdad&efg=eyJ2ZW5jb2RlX3RhZyI6InhwaWRzLjE0NDB4MTMzNy5zZHIuQzMifQ%3D%3D&_nc_ohc=FMWF8DfueAMQ7kNvwGr4rIa&_nc_oc=AdlpJ7H8pH1nQId_5GtUPSVMqQc1dt4ZRj8nt21g_HSPyjoFwDjS86P4Xld6F_SsCvHESQuxOSMQyVS_rHCZp7Pa&_nc_ad=z-m&_nc_cid=0&_nc_zt=23&_nc_ht=scontent-ham3-1.cdninstagram.com&_nc_gid=elt3WmQy_Oio4jr1YZpYUA&oh=00_AfgDOJxoMitGSeyhntQWXeJYTDgIJ0XSiVdhXzIYEPbW3w&oe=693123E3;MÜSİAD Makine Sektör Kurulu Başkanı İsmail Somalı, İstanbul Kars-Ardahan-Iğdır Dernek Başkanı Ahmed Avşar, MÜSİAD Kars İl Başkanı İsmail Gürsoy ve beraberlerindeki değerli heyeti ağırladık.  Kars’ın üretim, yatırım ve sanayi potansiyelini değerlendirdiğimiz bu verimli ziyarette, iş birliği ve ortak hedefler üzerine önemli istişarelerde bulunduk. 💼  Gazi Kars’ın kalkınması için güç birliğiyle çalışmaya, üretmeye ve paylaşmaya devam edeceğiz. 🇹🇷;
https://www.instagram.com/p/DQe-s-WCNyo/;Reels;1383;14;38178;2025-10-31 21:43:28;https://scontent-ham3-1.cdninstagram.com/v/t51.71878-15/573118832_1368218978246266_7175588809439183033_n.jpg?stp=dst-jpg_e15_tt6&_nc_cat=107&ig_cache_key=Mzc1NTcxNDkwODc1NTkwOTgwMA%3D%3D.3-ccb7-5&ccb=7-5&_nc_sid=58cdad&efg=eyJ2ZW5jb2RlX3RhZyI6InhwaWRzLjY0MHgxMTM2LnNkci5DMyJ9&_nc_ohc=b0R-P3sV9N8Q7kNvwEC6DNH&_nc_oc=AdmL92Sz5NoUPB_j2B4wSdjtxW-XZObmygahglPPjLlwCEMUZ19D0dejaR6m9FwBETV1JvmvdBlj7HKMWYHXx0w-&_nc_ad=z-m&_nc_cid=0&_nc_zt=23&_nc_ht=scontent-ham3-1.cdninstagram.com&_nc_gid=elt3WmQy_Oio4jr1YZpYUA&oh=00_Afi5uLKNda4upJDlIlEPx3PU1Xx6jIIWrFyIXnebecRnzw&oe=69310AF2;Kahraman ecdadımızın izinde, birlik ve coşku içinde Kars’ın kurtuluşunu kutladık! 🎉 Etkinliklerimizde müzik, dans, kültür ve kardeşlik bir kez daha Kars’ın sokaklarını doldurdu.  Bu özel günde emeği geçen herkese teşekkür ediyor, Gazi Kars’ın kurtuluşunun 105. yıl dönümünü bir kez daha gururla kutluyorum..🇹🇷;
https://www.instagram.com/p/DQe9l2ECCuW/;Reels;3697;69;195863;2025-10-31 21:34:05;https://scontent-ham3-1.cdninstagram.com/v/t51.71878-15/574242472_1965291274044792_8645628148445288221_n.jpg?stp=dst-jpg_e15_tt6&_nc_cat=105&ig_cache_key=Mzc1NTcxMDAyMDc4MTA5MTczNA%3D%3D.3-ccb7-5&ccb=7-5&_nc_sid=58cdad&efg=eyJ2ZW5jb2RlX3RhZyI6InhwaWRzLjY0MHgxMTM2LnNkci5DMyJ9&_nc_ohc=6kJG2o0U57kQ7kNvwEok8t4&_nc_oc=Adlcn20zZMDTkzfB4Qbbp8JnsZg1hwC2wGO8TXsysfrxRfqLOMw0v_NL_FwcmZ5-v4DAwnW3ecaihddmOh4zcgJ_&_nc_ad=z-m&_nc_cid=0&_nc_zt=23&_nc_ht=scontent-ham3-1.cdninstagram.com&_nc_gid=elt3WmQy_Oio4jr1YZpYUA&oh=00_AfjQyyu7Zq3QOOysP_zUjgcbJOQu6fXZazcjgL33JIud9A&oe=69310A05;"Bu eser; gelişen, güzelleşen ve geleceğe güvenle ilerleyen Gazi Kars’ımızın yeni simgelerinden biri olacak! 🇹🇷 Modern mimarisi, konforlu alanları ve ulaşımda sunduğu kolaylıklarla şehrimize büyük bir değer kazandıran Kars Şehirler Arası Otobüs Terminali, artık hizmetinizde. 👏";
https://www.instagram.com/p/DQed7NwiCmy/;Carousel;324;2;0;2025-10-31 16:55:42;https://scontent.cdninstagram.com/v/t51.82787-15/571664615_18435817057099310_3612122963890234065_n.jpg?stp=dst-jpg_e35_tt6&_nc_cat=101&ig_cache_key=Mzc1NTU3MDczODc1ODE5MjkxNQ%3D%3D.3-ccb7-5&ccb=7-5&_nc_sid=58cdad&efg=eyJ2ZW5jb2RlX3RhZyI6InhwaWRzLjE0NDB4ODEwLnNkci5DMyJ9&_nc_ohc=bXhb21D3tJgQ7kNvwFp-trF&_nc_oc=Adl2fY6SL3d8Zt1x1tPSUOcwUo5wqTVZdAfMPZIfu4_4NoqHCytGkdDJfS7ttJloCx1eYxJG2-cbINVfZnrALTwm&_nc_ad=z-m&_nc_cid=0&_nc_zt=23&_nc_ht=scontent.cdninstagram.com&_nc_gid=cZpFd8X5PT-56K4X2iWPXg&oh=00_AfgEIqz1ZSVhH5TyCtRh_a0go_91Tma3Tr2cmvwcCSGRDw&oe=69313062;Hayırlı olsun Gazi Kars! 🇹🇷  Kars Şehirler Arası Otobüs Terminali hizmete açıldı. Modern mimarisi, konforlu bekleme alanları ve ulaşım kolaylığıyla şehrimize değer katacak yeni terminalimiz, Kars’ın geleceğine atılmış önemli bir adımdır. 🤝  #KarsBelediyesi #GaziKars #HayırlıOlsun;
https://www.instagram.com/p/DQeOjrgCCxI/;Carousel;1067;6;0;2025-10-31 14:41:25;https://scontent.cdninstagram.com/v/t51.82787-15/572128871_18435802360099310_2193894879337871433_n.jpg?stp=dst-jpg_e35_tt6&_nc_cat=106&ig_cache_key=Mzc1NTUwMzE0OTUzNzMyNTk4OQ%3D%3D.3-ccb7-5&ccb=7-5&_nc_sid=58cdad&efg=eyJ2ZW5jb2RlX3RhZyI6InhwaWRzLjE0NDB4MTQ0My5zZHIuQzMifQ%3D%3D&_nc_ohc=nPjNb3QHuPYQ7kNvwHT49Zv&_nc_oc=Adna8mr-G5LiUtQXlYyJQckEkwd8R5F3-fG-rykJ8ZHiWRt5JNJEFkFwzH3gPZTaKGUZK6D9j4HJeSlnAyFCS1iq&_nc_ad=z-m&_nc_cid=0&_nc_zt=23&_nc_ht=scontent.cdninstagram.com&_nc_gid=cZpFd8X5PT-56K4X2iWPXg&oh=00_AfiSflWmLYM2yGPGpon5Pbb_jDuuzFI3Qt-TB--h4_E7Xw&oe=693124AF;Nice kurtuluşlara, aynı inanç ve coşkuyla…🇹🇷 #30ekim;
https://www.instagram.com/p/DQeKZIkiHma/;Carousel;552;3;0;2025-10-31 14:05:02;https://scontent.cdninstagram.com/v/t51.82787-15/572130446_18435798190099310_1967631704431502470_n.jpg?stp=dst-jpg_e35_tt6&_nc_cat=108&ig_cache_key=Mzc1NTQ4NDgyOTQ4MDE2OTQzMA%3D%3D.3-ccb7-5&ccb=7-5&_nc_sid=58cdad&efg=eyJ2ZW5jb2RlX3RhZyI6InhwaWRzLjE0NDB4OTYwLnNkci5DMyJ9&_nc_ohc=eSsF6ha30RkQ7kNvwFY-X1f&_nc_oc=Admff8WEZBBTmZeVrovjcjoE6E0u5HznRpFcKi37a081TZhIZ8BPK19sGA9f8UcxM2AlUTneDKgRSJi5c4jXk2nS&_nc_ad=z-m&_nc_cid=0&_nc_zt=23&_nc_ht=scontent.cdninstagram.com&_nc_gid=cZpFd8X5PT-56K4X2iWPXg&oh=00_Afj5i830A89n54euW-3MtpVCGzNIL7VwLW4nzteLgsXV0A&oe=693104EA;30 Ekim Kars’ın Kurtuluşu etkinliklerimizde sahne alan Nezaket Teymurova, güçlü sesi ve duygulu yorumuyla herkesi büyüledi. Bu özel gecede Kars, müzikle, sevgiyle ve gururla tek yürek oldu. 🇹🇷🇦🇿 Sanatıyla geceye anlam katan Nezaket Teymurova’ya teşekkür ediyorum. 👏;
https://www.instagram.com/p/DQeH21xiGVh/;Carousel;616;6;0;2025-10-31 13:42:52;https://scontent.cdninstagram.com/v/t51.82787-15/573051792_18435796111099310_6842769785392989828_n.jpg?stp=dst-jpg_e35_tt6&_nc_cat=102&ig_cache_key=Mzc1NTQ3MzY3NTQyNDk1NTU0Nw%3D%3D.3-ccb7-5&ccb=7-5&_nc_sid=58cdad&efg=eyJ2ZW5jb2RlX3RhZyI6InhwaWRzLjE0NDB4OTU5LnNkci5DMyJ9&_nc_ohc=bHiThHCohLkQ7kNvwF1KqU1&_nc_oc=AdmEtfOOsOu5lsAMBhX7JI9ZZYHBtTYHDlIN1JC0nSr4IgfjB19DeUKpx6cYdsONxN1Mm3Ipu84gw5UW9COkTZNi&_nc_ad=z-m&_nc_cid=0&_nc_zt=23&_nc_ht=scontent.cdninstagram.com&_nc_gid=cZpFd8X5PT-56K4X2iWPXg&oh=00_AfhNA0PwvPH3WKyoPDM0mBmYN9ucWberNJGqIFJD7T48bQ&oe=69310D72;Kars’ta sanat var, coşku var, birlik var! ❤️🤍 30 Ekim Kars’ın Kurtuluşu etkinliklerimizde, Uca Dağlar Dans Topluluğu sahne aldı ve muhteşem performanslarıyla izleyenleri büyüledi. 👏 Kültürümüzün, birlik ve dayanışmanın en güzel ifadesi olan bu gösteri, Gazi Kars’ın ruhunu bir kez daha yaşattı.  Kültürümüze emek veren, sahneye yüreklerini koyan tüm dansçılarımıza teşekkür ediyorum. 🙏;
https://www.instagram.com/p/DQcgSglCDlI/;Reels;456;4;10591;2025-10-30 22:38:11;https://instagram.flhr3-4.fna.fbcdn.net/v/t51.2885-15/570858192_18435726514099310_5180698147005204287_n.jpg?stp=dst-jpg_e15_tt6&efg=eyJ2ZW5jb2RlX3RhZyI6IkNMSVBTLmltYWdlX3VybGdlbi41MDR4ODk2LnNkci5mODI3ODcuZGVmYXVsdF9jb3Zlcl9mcmFtZS5jMiJ9&_nc_ht=instagram.flhr3-4.fna.fbcdn.net&_nc_cat=102&_nc_oc=Q6cZ2QGOTa0ABzrwb9H0Vl7fQO42Xi9gLCxXAo1hYJn4YJstYFM4GD6xMyGaJ1E6FdNJXFPXrqnZ27XajkFWv_PSCiuW&_nc_ohc=6yIXUGSWVj0Q7kNvwGD9Lzn&_nc_gid=cZpFd8X5PT-56K4X2iWPXg&edm=ACWDqb8BAAAA&ccb=7-5&ig_cache_key=Mzc1NTAxODE5ODc0MDEyMTkyOA%3D%3D.3-ccb7-5&oh=00_AfinhagoA3nG6qYWr9LaI9x_gs7QRKdbtQ62J0_m1b1S9w&oe=69311937&_nc_sid=ee9879;;
