﻿PostLink;PostTürü;BeğeniSayısı;YorumSayısı;Görüntülenme Sayısı;Tarih;DisplayPhoto;Caption;Takipçi
https://www.instagram.com/p/DRpCMchCC7j/;Photo;618;7;0;2025-11-29 15:56:26;https://scontent-lga3-1.cdninstagram.com/v/t51.82787-15/587291712_18438660034097423_9126983017020300175_n.jpg?stp=dst-jpg_e35_tt6&_nc_cat=111&ig_cache_key=Mzc3NjU1OTQxMzg3MjU3MDA4Mw%3D%3D.3-ccb7-5&ccb=7-5&_nc_sid=58cdad&efg=eyJ2ZW5jb2RlX3RhZyI6InhwaWRzLjE0NDB4MTkyMC5zZHIuQzMifQ%3D%3D&_nc_ohc=ke1-KYTWwwMQ7kNvwE-L816&_nc_oc=AdkVAFqtByo2JymXCI3NDpb4ZabfLMRZgCTNhOTdTSOECqi4rP9FTC8w3fdr-E2SyBRluHkvfnQb9cIuJD_ma535&_nc_ad=z-m&_nc_cid=0&_nc_zt=23&_nc_ht=scontent-lga3-1.cdninstagram.com&_nc_gid=sfesg9hW-BDpUyKZ_xzuBw&oh=00_Afi2L0kFeOzcI2aLUCgO-hjGYG-rMK3lJ_wipOeCceqLoA&oe=693109E0;"Genel Başkanımız Sayın Özgür Özel’in liderliğinde; birlikteyiz, kararlıyız ve güçlüyüz..  Türkiye’nin umudunu hep birlikte büyütüyoruz!  #SimdiİktidarZamanı";59849
https://www.instagram.com/p/DRow0i2iFal/;Carousel;340;2;0;2025-11-29 13:24:37;https://scontent-lga3-1.cdninstagram.com/v/t51.82787-15/586681275_18438644701097423_4241104465882569614_n.jpg?stp=dst-jpg_e35_tt6&_nc_cat=111&ig_cache_key=Mzc3NjQ4Mjk4NzU5NzEzNzcxMg%3D%3D.3-ccb7-5&ccb=7-5&_nc_sid=58cdad&efg=eyJ2ZW5jb2RlX3RhZyI6InhwaWRzLjEyMDB4OTAwLnNkci5DMyJ9&_nc_ohc=rb-d3eSaklwQ7kNvwHJPE6S&_nc_oc=Adm8pWaCYUuWwVxOBjoAQSCEohmuoi1fGIa47m2s4tsZfeEc74JMj6Zb70XSmx3YbplGLglRBQat1OzZK4kkhdEL&_nc_ad=z-m&_nc_cid=0&_nc_zt=23&_nc_ht=scontent-lga3-1.cdninstagram.com&_nc_gid=sfesg9hW-BDpUyKZ_xzuBw&oh=00_AfhyjmaSdAzEe1gTqMepEAwuNrr_65iu4Mse0POZbWf_ig&oe=693123E7;Genel Başkanımız Sayın Özgür Özel başkanlığında 39. Olağan Kurultayımızı gerçekleştiriyoruz.  #SimdiİktidarZamanı;
https://www.instagram.com/p/DRmvohJDO3b/;Reels;742;17;67554;2025-11-28 18:38:46;https://scontent-lga3-3.cdninstagram.com/v/t51.71878-15/588467537_1177610817661761_6553760924247597589_n.jpg?stp=dst-jpg_e15_tt6&_nc_cat=104&ig_cache_key=Mzc3NTkxNDgzMDE0NzE1MzM3MQ%3D%3D.3-ccb7-5&ccb=7-5&_nc_sid=58cdad&efg=eyJ2ZW5jb2RlX3RhZyI6InhwaWRzLjY0MHgxMTM2LnNkci5DMiJ9&_nc_ohc=LjFdTEkTjNAQ7kNvwEkbY_Q&_nc_oc=Adlz7rd6Iv5qKZYculEIXyOAteyALmRMk0ZCAX93bQbYCD5UP2BqKnzZvBGvQqW3MZ2yqWBK6wNDpBA-N5NxdxKg&_nc_ad=z-m&_nc_cid=0&_nc_zt=23&_nc_ht=scontent-lga3-3.cdninstagram.com&_nc_gid=sfesg9hW-BDpUyKZ_xzuBw&oh=00_AfhZL3kWNmOIE0J2CStKF7UN48vS35ul7epyx3NG0HgNhg&oe=69312C00;🌸 Burası Atlı Rehabilitasyon Merkezi…  Dinlenmek, nefes almak ve keyifli vakit geçirmek için sizleri merkezimize bekliyoruz.  (Merkezimiz haftasonu da hizmet vermektedir.);
https://www.instagram.com/p/DRl_RAuiKuI/;Carousel;200;0;0;2025-11-28 11:33:07;https://scontent-lga3-1.cdninstagram.com/v/t51.82787-15/586687925_18438511324097423_7939355385170934674_n.jpg?stp=dst-jpg_e35_tt6&_nc_cat=111&ig_cache_key=Mzc3NTcwMjA5NzQ0NzE0OTkxNA%3D%3D.3-ccb7-5&ccb=7-5&_nc_sid=58cdad&efg=eyJ2ZW5jb2RlX3RhZyI6InhwaWRzLjExNTJ4NjQ4LnNkci5DMyJ9&_nc_ohc=uHl12BKH2_oQ7kNvwGGqYnq&_nc_oc=Adn-UAM7xiqRwoEoNh4z-BJ33XMwrI8MfRB9kD-srRQXYEjKdkpn0kLnTviojynvY_wsrSeR1Qsh6TX_GKwD81Ax&_nc_ad=z-m&_nc_cid=0&_nc_zt=23&_nc_ht=scontent-lga3-1.cdninstagram.com&_nc_gid=sfesg9hW-BDpUyKZ_xzuBw&oh=00_Afh2Ynwy_MVPHAIJH6yqNie7Q41WpAvj1WTtYkHLK1yYAg&oe=69310545;"Şimdi İktidar Zamanı!  Cumhuriyet Halk Partisi Genel Başkanımız Sayın Özgür Özel’in başkanlığında gerçekleştirilen 39. Olağan Kurultayımıza katılım sağladık.  Partimizin geleceğine yön veren bu tarihi buluşmada; birlik, kararlılık ve umutla bir aradayız.";
https://www.instagram.com/p/DRknOJQiKSr/;Photo;245;1;0;2025-11-27 22:43:46;https://scontent-lga3-3.cdninstagram.com/v/t51.82787-15/587465699_18438451543097423_1452761955995707271_n.jpg?stp=dst-jpg_e35_tt6&_nc_cat=106&ig_cache_key=Mzc3NTMxNDg4MzQ3MDk5MjU1NQ%3D%3D.3-ccb7-5&ccb=7-5&_nc_sid=58cdad&efg=eyJ2ZW5jb2RlX3RhZyI6InhwaWRzLjg3NHg1NjUuc2RyLkMzIn0%3D&_nc_ohc=Hsqoz3NCADMQ7kNvwFDjBeR&_nc_oc=AdkLeShtIa05dS73i819Bkl1_9Ys2g4X7P_dMZ_wg8ZJrOGi69Xmuetk_D0_AUm_OThZTBzhJHiaf-Gm_2oSjc-T&_nc_ad=z-m&_nc_cid=0&_nc_zt=23&_nc_ht=scontent-lga3-3.cdninstagram.com&_nc_gid=sfesg9hW-BDpUyKZ_xzuBw&oh=00_AfhARYXM8O_mBSZmsCZ8p_3Zl4YcrbPit2VCoHDhydh14Q&oe=69310CA6;İtalya’nın Roma şehrinde düzenlenen Uluslararası Fibonacci Robot Yarışmaları Dünya Şampiyonası’nda, Junior Start-Up kategorisinde yarışan Şafak Öncü Koleji Robot Takımı dünya birincisi olarak büyük bir gurur yaşattı.   Bu olağanüstü başarıda emeği geçen tüm öğrenci ve öğretmenlerimizi yürekten tebrik ediyor, başarılarının devamını diliyorum.;
https://www.instagram.com/p/DRjaByTCHTQ/;Carousel;245;0;0;2025-11-27 11:29:15;https://scontent-lga3-1.cdninstagram.com/v/t51.82787-15/589366941_18438384454097423_1378989122811225950_n.jpg?stp=dst-jpg_e35_tt6&_nc_cat=102&ig_cache_key=Mzc3NDk3NTM2OTc0NTU1NTk1NA%3D%3D.3-ccb7-5&ccb=7-5&_nc_sid=58cdad&efg=eyJ2ZW5jb2RlX3RhZyI6InhwaWRzLjEwMzB4Njg2LnNkci5DMiJ9&_nc_ohc=FAuswEDf7tYQ7kNvwG-o2-x&_nc_oc=AdnBhRctDrDi_ddGkVBgkQmzUzPSslby3_DIWmWbzlVdn8HoW47OIGMXvFZnJJLiwozTFWLpyYRmVxfV52S5QRrx&_nc_ad=z-m&_nc_cid=0&_nc_zt=23&_nc_ht=scontent-lga3-1.cdninstagram.com&_nc_gid=sfesg9hW-BDpUyKZ_xzuBw&oh=00_AfjZUEMDFO_htpngCzKWbxZwj5KsK7aDVHZIlHXvNHvAig&oe=6931048B;İl Jandarma Komutanımız Kıdemli Albay Sayın Özgür Kılıç’ı belediyemizde ağırladık.  Nazik ziyareti için Sayın Kılıç’a teşekkür ediyorum.;
https://www.instagram.com/p/DRjX7VziHK8/;Reels;468;43;27191;2025-11-27 11:15:33;https://scontent-lga3-1.cdninstagram.com/v/t51.71878-15/589351762_1211933750816682_6822207593799054414_n.jpg?stp=dst-jpg_e15_tt6&_nc_cat=102&ig_cache_key=Mzc3NDk2NjE0NTU5ODY0OTAyMA%3D%3D.3-ccb7-5&ccb=7-5&_nc_sid=58cdad&efg=eyJ2ZW5jb2RlX3RhZyI6InhwaWRzLjY0MHgxMTM2LnNkci5DMyJ9&_nc_ohc=q2ae5ee_QK8Q7kNvwEh9KR-&_nc_oc=AdnnWBbDkXPY30HjxY2KOGHYR5IO9iRoIG1NWfFRvawEyWotUJ7kaQSOP5xXQ2ryEAG080RyarlG5-BZiGTPkxCK&_nc_ad=z-m&_nc_cid=0&_nc_zt=23&_nc_ht=scontent-lga3-1.cdninstagram.com&_nc_gid=sfesg9hW-BDpUyKZ_xzuBw&oh=00_Afg3zhjm315KdG4af95YJ3YurVkZ94l_opoCyiTWzb6CJA&oe=693134B4;💧 Her Damla İçin Durmaksızın Çalışıyoruz!  Şehrimizde yaşanan su kesintileri nedeniyle yaşanan zorlukları içtenlikle anlıyor, bu süreci en az etkilenmenizi sağlayacak şekilde yönetmek için var gücümüzle çalışıyoruz.;
https://www.instagram.com/p/DRhoKftCLNd/;Carousel;180;7;0;2025-11-26 18:54:17;https://scontent-lga3-3.cdninstagram.com/v/t51.82787-15/587428059_18438306037097423_9183847436701155810_n.jpg?stp=dst-jpg_e35_tt6&_nc_cat=106&ig_cache_key=Mzc3NDQ3NDU5MDYwMTM2ODc3Ng%3D%3D.3-ccb7-5&ccb=7-5&_nc_sid=58cdad&efg=eyJ2ZW5jb2RlX3RhZyI6InhwaWRzLjE0NDB4OTU5LnNkci5DMyJ9&_nc_ohc=_DSmIvH4120Q7kNvwE7O2_y&_nc_oc=Adm7vEQxn5unT5yVFWvuxsPkQ4ECW6SJbocmuZ_LKjBEr7M2pyxUJAJBvDzYrAOT3AiM44SXHVREUngnyFiAqyQq&_nc_ad=z-m&_nc_cid=0&_nc_zt=23&_nc_ht=scontent-lga3-3.cdninstagram.com&_nc_gid=sfesg9hW-BDpUyKZ_xzuBw&oh=00_AfhAZC1YPfqUufXOxoiSG4Eg1iUfDsBTzbvndKKnktdkrw&oe=6930FF72;"“Çevresel Korumanın Teşvik Edilmesi ve İklim Değişikliği Konusunda Bilgi Edinme Projesi”nin kapanış toplantısına katılım sağladık.  Üç yıldır devam eden bu önemli çalışmanın sonuçlarını, elde edilen kazanımları ve ortaya koyduğu etkiyi değerlendirmek üzere paydaşlarımızla bir araya geldik.  Toplantıda; İklim değişikliği, çevre koruma, sürdürülebilir turizm ve sürdürülebilir şehircilik alanlarında farkındalığı artırmayı hedefleyen proje kapsamında; gençlerimizin ve belediye çalışanlarımızın çevresel duyarlılıklarını güçlendirmek, yeşil beceriler kazandırmak ve sürdürülebilir belediyecilik anlayışını yaygınlaştırmak amaçlandı.";
https://www.instagram.com/p/DRhX8nJCCUb/;Carousel;174;9;0;2025-11-26 16:32:35;https://scontent-lga3-3.cdninstagram.com/v/t51.82787-15/586695606_18438290110097423_8206272160578881250_n.jpg?stp=dst-jpg_e35_tt6&_nc_cat=108&ig_cache_key=Mzc3NDQwMzI3NDc5MTcxNjQ4MA%3D%3D.3-ccb7-5&ccb=7-5&_nc_sid=58cdad&efg=eyJ2ZW5jb2RlX3RhZyI6InhwaWRzLjE0NDB4OTU5LnNkci5DMyJ9&_nc_ohc=DK1bFtS3-VwQ7kNvwFVt91J&_nc_oc=Adl_4cu5EEXFLpU4HgGPw9vLtRuyY2fND6vS6FBXG9Ee422hlZWYnuwr8E2oy3GI1BIJuVaSbl8X7qweTK287Lhq&_nc_ad=z-m&_nc_cid=0&_nc_zt=23&_nc_ht=scontent-lga3-3.cdninstagram.com&_nc_gid=sfesg9hW-BDpUyKZ_xzuBw&oh=00_AfgltDTcs_mqrwz0F7JrlZ0coZMVGvcxUqcpejWW7yNUfw&oe=693122A2;Personelimiz İlker Bozkurt’un Babası Uğuz Bozkurt’un cenaze törenine katıldık.  Merhuma Allah’tan rahmet, acılı ailesine ve sevenlerine başsağlığı ve sabır diliyorum.;
https://www.instagram.com/p/DRe5MCFgRLN/;Reels;1095;70;64690;2025-11-25 17:29:15;https://scontent-lga3-2.cdninstagram.com/v/t51.82787-15/584923315_18540930193059720_5572160793563458192_n.jpg?stp=dst-jpg_e15_tt6&_nc_cat=105&ig_cache_key=Mzc3MzcwNTA1MzMwNzczNjc4MQ%3D%3D.3-ccb7-5&ccb=7-5&_nc_sid=58cdad&efg=eyJ2ZW5jb2RlX3RhZyI6InhwaWRzLjEyMTV4MjE2MC5zZHIuQzMifQ%3D%3D&_nc_ohc=OyPqh4OS8EkQ7kNvwH43l8a&_nc_oc=AdleOD5GBBbrA3h08hjl3FQmWB7BB6dt5vCsgvnrsCKPqJ_32E7DKhUn52h66ocsph8HWLhUhsz5UbWva5SYbnLk&_nc_ad=z-m&_nc_cid=0&_nc_zt=23&_nc_ht=scontent-lga3-2.cdninstagram.com&_nc_gid=sfesg9hW-BDpUyKZ_xzuBw&oh=00_Afi5UWMLAHEK29rlsEUqmUl2CVdYfcPcyqnyGPxi_6wdmg&oe=693129E6;🛡️Zabıta’dan Gıda Güvenliği İçin Tam Denetim! 🍽️✨  Zabıta ekiplerimiz, şehir genelinde restoranlara yönelik kapsamlı hijyen, temizlik ve tüketim tarihi denetimlerini titizlikle gerçekleştirdi.   Vatandaşlarımızın gönül rahatlığıyla yemek yiyebilmeleri için mutfaklardan depolara kadar tüm alanlar detaylıca kontrol edildi.;
https://www.instagram.com/p/DRegaPQjOFi/;Reels;747;19;46824;2025-11-25 13:50:05;https://scontent-lga3-3.cdninstagram.com/v/t51.71878-15/587146325_1185163079646521_3344798340868400717_n.jpg?stp=dst-jpg_e15_tt6&_nc_cat=110&ig_cache_key=Mzc3MzU5NjA3ODM2MTYwMDM1NA%3D%3D.3-ccb7-5&ccb=7-5&_nc_sid=58cdad&efg=eyJ2ZW5jb2RlX3RhZyI6InhwaWRzLjY0MHgxMTM2LnNkci5DMyJ9&_nc_ohc=c9a8h-9CqMUQ7kNvwHa019r&_nc_oc=AdkMmhnXEfK5pZ_icSaZFFmHGtGkq6Z5ggDeF4N6kSAiPzicq-6bEoz74WFzJP3uvVPV67P0KZvo1aqbkCspBksc&_nc_ad=z-m&_nc_cid=0&_nc_zt=23&_nc_ht=scontent-lga3-3.cdninstagram.com&_nc_gid=sfesg9hW-BDpUyKZ_xzuBw&oh=00_AfhVaO8bJgV5ae2I3RTF9QDCwPXglYWXxHyjGovx7xyHAg&oe=6931096E;DMD Kardeşler Can ve Berat’a Umut Olalım!  Onların yardım çağrısına kulak verelim, hep beraber #Birleşelimİyileşelim.  Unutmayın, küçük destekler büyük farklar yaratır!;
https://www.instagram.com/p/DRee9rQCI1l/;Photo;90;0;0;2025-11-25 13:36:11;https://scontent-lga3-1.cdninstagram.com/v/t51.82787-15/587391976_18438152245097423_5839623971284488654_n.jpg?stp=dst-jpg_e35_tt6&_nc_cat=111&ig_cache_key=Mzc3MzU4OTcxNzUwNjM2MjcyNQ%3D%3D.3-ccb7-5&ccb=7-5&_nc_sid=58cdad&efg=eyJ2ZW5jb2RlX3RhZyI6InhwaWRzLjEyMjB4MTIxNS5zZHIuQzMifQ%3D%3D&_nc_ohc=ZzBWhGUeG4cQ7kNvwHSwNWO&_nc_oc=AdlG7jR2Uo8FGHHi1gFgM0MhZt3xFWgArthSSlOCsZ6TObDuj2dwiDROZzRON5MkoqA1OA_e_SpSb6GSKVlq99Mv&_nc_ad=z-m&_nc_cid=0&_nc_zt=23&_nc_ht=scontent-lga3-1.cdninstagram.com&_nc_gid=sfesg9hW-BDpUyKZ_xzuBw&oh=00_AfhQ7VbfBhm1-B9zJthZ6KtWcEJStneCSrho-niDT8C0lA&oe=693133B7;"🌷25 Kasım Kadına Yönelik Şiddete Karşı Uluslararası Mücadele Günü’nde, tüm kadınlarımızın yanında olduğumuzu bir kez daha vurguluyor, mücadelemizi sürdürüyoruz!  Hiçbir gerekçe, hiçbir bahane; kadına yönelik şiddeti meşrulaştıramaz. Şiddetin hiçbir türüne geçit vermeyen, umudun ve dayanışmanın büyüdüğü bir yarın dileğiyle…";
https://www.instagram.com/p/DReEvPyCMCu/;Photo;132;8;0;2025-11-25 09:47:01;https://scontent-ord5-1.cdninstagram.com/v/t51.82787-15/584402295_18438133093097423_3197113564939305789_n.jpg?stp=dst-jpg_e35_tt6&_nc_cat=101&ig_cache_key=Mzc3MzQ3NDM3NjczMDA2NzExOA%3D%3D.3-ccb7-5&ccb=7-5&_nc_sid=58cdad&efg=eyJ2ZW5jb2RlX3RhZyI6InhwaWRzLjEwODB4MTA4MC5zZHIuQzMifQ%3D%3D&_nc_ohc=4QSdjFmgSjQQ7kNvwGzN0A3&_nc_oc=AdkwCvx1RrYkzGgjrVtkMX0X0snuk9cY58DnnAliM8KiqQzMfs0dNI1shUTcgqDY_28&_nc_ad=z-m&_nc_cid=0&_nc_zt=23&_nc_ht=scontent-ord5-1.cdninstagram.com&_nc_gid=-qlcXq9tMtOKP9oCQY0BNg&oh=00_Afh6is2Gu0VScri_0YG03DGke75Ajg8qWFklcBQJ63_lLw&oe=69311197;;
https://www.instagram.com/p/DRcP7ulCNrk/;Carousel;241;0;0;2025-11-24 16:46:21;https://scontent-ord5-1.cdninstagram.com/v/t51.82787-15/584367213_18438044215097423_4980021477339233013_n.jpg?stp=dst-jpg_e35_tt6&_nc_cat=101&ig_cache_key=Mzc3Mjk2MDY0MzcwNDQzOTQ5OA%3D%3D.3-ccb7-5&ccb=7-5&_nc_sid=58cdad&efg=eyJ2ZW5jb2RlX3RhZyI6InhwaWRzLjE0NDB4OTU5LnNkci5DMyJ9&_nc_ohc=9z3YF803rVAQ7kNvwF2A_Hv&_nc_oc=AdnAoZrHqE4jc3KQ7vxqdYjzB7_uufoYNnhlfXo7A5cK1UqaJowy8IVs9pStvf5blIY&_nc_ad=z-m&_nc_cid=0&_nc_zt=23&_nc_ht=scontent-ord5-1.cdninstagram.com&_nc_gid=-qlcXq9tMtOKP9oCQY0BNg&oh=00_AfiQykDvXfHezfGo7GyyUaNriCD2e4cQoqmaYr6Ulp0Bmg&oe=69311ACE;Kıymetli öğretmenlerimizin 24 Kasım Öğretmenler Günü’nü kutladık.  Gelecek nesilleri sevgiyle, emekle ve fedakarlıkla yetiştiren tüm öğretmenlerimize eğitim yolculuğunda verdikleri emek için şükranlarımızı sunuyoruz.;
https://www.instagram.com/p/DRcCCSoiM_Z/;Photo;149;0;0;2025-11-24 14:44:55;https://scontent-ord5-3.cdninstagram.com/v/t51.82787-15/584858963_18438031555097423_5350344974533989468_n.jpg?stp=dst-jpg_e35_tt6&_nc_cat=109&ig_cache_key=Mzc3Mjg5OTU0MTM2OTAxNjI4MQ%3D%3D.3-ccb7-5&ccb=7-5&_nc_sid=58cdad&efg=eyJ2ZW5jb2RlX3RhZyI6InhwaWRzLjE0NDB4OTU5LnNkci5DMyJ9&_nc_ohc=gtARYapmYh8Q7kNvwFTknMM&_nc_oc=AdkqR1caIdP_qPx_OKWD5LJvpKN7snjoQjlVS5tz9fUTsU_rREKzlkHm-RecRnggkpY&_nc_ad=z-m&_nc_cid=0&_nc_zt=23&_nc_ht=scontent-ord5-3.cdninstagram.com&_nc_gid=-qlcXq9tMtOKP9oCQY0BNg&oh=00_Afh6KSRckIoYXzydmXHCFHlMHDf1Sk9OUl9i0Gl31nlgdQ&oe=69310161;Cumhuriyet Halk Partisi Elazığ Milletvekilimiz Sayın Gürsel Erol’u belediyemizde ağırladık.  Nazik ziyaretleri için Sayın Erol’a teşekkür ediyorum.;
https://www.instagram.com/p/DRb_3SIiN-C/;Carousel;177;0;0;2025-11-24 14:25:56;https://scontent-ord5-3.cdninstagram.com/v/t51.82787-15/586648418_18438029452097423_6699902442982794650_n.jpg?stp=dst-jpg_e35_tt6&_nc_cat=100&ig_cache_key=Mzc3Mjg4OTk1NjU4NzQwOTIxOA%3D%3D.3-ccb7-5&ccb=7-5&_nc_sid=58cdad&efg=eyJ2ZW5jb2RlX3RhZyI6InhwaWRzLjE0NDB4OTU5LnNkci5DMyJ9&_nc_ohc=WFiiJ8_bsnUQ7kNvwGlWqj1&_nc_oc=AdkCnVrESGGRFZ4NxZoQV1mJIzFoYx-FDfeGpCHRdwA5j0epFgXj3o83wCoxrtxCUmM&_nc_ad=z-m&_nc_cid=0&_nc_zt=23&_nc_ht=scontent-ord5-3.cdninstagram.com&_nc_gid=-qlcXq9tMtOKP9oCQY0BNg&oh=00_Afh396J3DCq6AeEa53g-YsYT_9Kt84Nh_81DwriOuxavNw&oe=6931223B;"📚🇹🇷 24 Kasım Öğretmenler Günü dolayısıyla Atatürk Kültür Merkezimizde gerçekleştirilen programa katılım sağladık.  Başöğretmen Gazi Mustafa Kemal Atatürk’ün aydınlattığı yolda, fedakâr ve özverili öğretmenlerimizin gününü çoşkuyla kutladık.  Programda bizlere; Valimiz Sayın Dr. Naci Aktaş, Cumhuriyet Halk Partisi İl Başkanı Sayın Celalettin Çoban, Belediye Başkan Yardımcılarımız ve değerli Protokol Üyelerimiz eşlik etti. 🌟";
https://www.instagram.com/p/DRbgITgCATt/;Photo;177;0;0;2025-11-24 09:48:39;https://scontent-ord5-2.cdninstagram.com/v/t51.82787-15/586719083_18438006559097423_5791935161263286689_n.jpg?stp=dst-jpg_e35_tt6&_nc_cat=103&ig_cache_key=Mzc3Mjc1MDQyMTAzNTU4MjcwMQ%3D%3D.3-ccb7-5&ccb=7-5&_nc_sid=58cdad&efg=eyJ2ZW5jb2RlX3RhZyI6InhwaWRzLjEwOTZ4MTEwMy5zZHIuQzMifQ%3D%3D&_nc_ohc=mEJNbpaa0m8Q7kNvwHA3CBT&_nc_oc=AdktncTNEFtj4--agFUPPIoMD2_KQ1r1xLvFBl3QbLAvJr4Jwcf3fM_8lKQobCh7Wuo&_nc_ad=z-m&_nc_cid=0&_nc_zt=23&_nc_ht=scontent-ord5-2.cdninstagram.com&_nc_gid=-qlcXq9tMtOKP9oCQY0BNg&oh=00_AfjR3EzuHG5XN4mzMV6wgywbbBr6VWzd2BXvCkZ4Xfej6A&oe=6931232B;“Öğretmenler, yeni nesil sizin eseriniz olacaktır.”  Başta Başöğretmenimiz Gazi Mustafa Kemal Atatürk olmak üzere, geleceğimizi şekillendiren tüm öğretmenlerimizin 24 Kasım Öğretmenler Günü’nü kutluyor, emekleri için teşekkür ediyoruz.;
https://www.instagram.com/p/DRaMutvCHmQ/;Carousel;425;3;0;2025-11-23 21:39:53;https://scontent-ord5-3.cdninstagram.com/v/t51.82787-15/586647096_18437947162097423_2489006580077025570_n.jpg?stp=dst-jpg_e35_tt6&_nc_cat=109&ig_cache_key=Mzc3MjM4MzYwNjkyMDk4MzMzNQ%3D%3D.3-ccb7-5&ccb=7-5&_nc_sid=58cdad&efg=eyJ2ZW5jb2RlX3RhZyI6InhwaWRzLjE0NDB4MTA4MC5zZHIuQzMifQ%3D%3D&_nc_ohc=P0w-jcNcVmgQ7kNvwEq4FfU&_nc_oc=AdlzKIp2lesXDuZu1vdG5qhASsB6mNfi9cY0681_m8Be9ngTD-H5cFZwx4V6h8GvjWc&_nc_ad=z-m&_nc_cid=0&_nc_zt=23&_nc_ht=scontent-ord5-3.cdninstagram.com&_nc_gid=-qlcXq9tMtOKP9oCQY0BNg&oh=00_Afg37BtiOKio7pOlDE3f3Sj-uj65Lf1qnCYKoQDQ0sjRbg&oe=69311E71;Karahallılar Vakfı tarafından düzenlenen Geleneksel Tarhana Gecesi’ne katılım sağladık.  Hemşehrilerimizle bir araya gelmenin mutluluğunu yaşadığımız bu anlamlı gecede emeği geçen herkese teşekkür ediyorum.;
https://www.instagram.com/p/DRXDnnMCGUL/;Carousel;2732;50;0;2025-11-22 16:22:33;https://scontent-ord5-1.cdninstagram.com/v/t51.82787-15/584363031_18437783167097423_3444965053023908758_n.jpg?stp=dst-jpg_e35_tt6&_nc_cat=101&ig_cache_key=Mzc3MTQ5OTExMzEzMzY5NTczMA%3D%3D.3-ccb7-5&ccb=7-5&_nc_sid=58cdad&efg=eyJ2ZW5jb2RlX3RhZyI6InhwaWRzLjE0NDB4MTA4MC5zZHIuQzMifQ%3D%3D&_nc_ohc=-6_1ZnLyW4YQ7kNvwGo4K-k&_nc_oc=Adlfq3J7kUlL168z_HntTlFPkgD4ETk65SeOTYdYKKkqkyF3rJx0RhIqCi-Z2u0ekqc&_nc_ad=z-m&_nc_cid=0&_nc_zt=23&_nc_ht=scontent-ord5-1.cdninstagram.com&_nc_gid=-qlcXq9tMtOKP9oCQY0BNg&oh=00_Afgd411mqCpBYqCOaBYd4eNFOA5fegjuZ02rc86YQFz67A&oe=69310133;Galatasarayımızın Başkanı Sayın Dursun Özbek’i bugün ki Gençlerbirliği maçı öncesi ziyaret etme fırsatı buldum. Bir Galatasaray Kongre Üyesi olarak kulübümüzle ilgili keyifli ve verimli bir sohbet gerçekleştirdik. Misafirperverlikleri için teşekkür ediyor, Galatasarayımıza  gönülden başarılar diliyorum. 🟡🔴;
https://www.instagram.com/p/DRUbzVnDOJO/;Reels;1120;86;112458;2025-11-21 15:57:51;https://scontent-ord5-1.cdninstagram.com/v/t51.82787-15/587517218_18540295354059720_1380442890013447335_n.jpg?stp=dst-jpg_e15_tt6&_nc_cat=108&ig_cache_key=Mzc3MDc2MTA2MzE2ODc5NTIxNDE4NTQwMjk1MzUxMDU5NzIw.3-ccb7-5&ccb=7-5&_nc_sid=58cdad&efg=eyJ2ZW5jb2RlX3RhZyI6InhwaWRzLjcyMHgxMjgwLnNkci5DMyJ9&_nc_ohc=kXElA-fAfNcQ7kNvwG5roj_&_nc_oc=Admu53dTlRwK1OKnb6a2vBDNKhRSLITkMw6GExGMqE9SM_ZNCF-rqe9ZDW-XO6XoZi0&_nc_ad=z-m&_nc_cid=0&_nc_zt=23&_nc_ht=scontent-ord5-1.cdninstagram.com&_nc_gid=-qlcXq9tMtOKP9oCQY0BNg&oh=00_Afi47qPTKNZ7OBhKH8Vkovs5xkCcM-x_GFF1cwvzLsJCMA&oe=69312256;🎉 Atapark’ta yer alan sosyal tesisimiz Ata Kafe, yenilenen konseptiyle bugün saat 16.00 itibarıyla kapılarını yeniden açıyor!   💫 Sizleri modernleşen alanımızda, sıcak atmosferimiz ve özenle hazırlanan lezzetlerimizle buluşturmak için sabırsızlanıyoruz.  ☕ Bu arada favoriniz olmaya aday Le Mois kahvemizi denemeyi unutmayın…❤️;
https://www.instagram.com/p/DRT1b-5CN-i/;Photo;331;1;0;2025-11-21 10:20:54;https://scontent-ord5-3.cdninstagram.com/v/t51.82787-15/587028018_18437626684097423_626584124869183521_n.jpg?stp=dst-jpg_e35_tt6&_nc_cat=106&ig_cache_key=Mzc3MDU5MjMzMjQ1OTA3MzQ0Mg%3D%3D.3-ccb7-5&ccb=7-5&_nc_sid=58cdad&efg=eyJ2ZW5jb2RlX3RhZyI6InhwaWRzLjE0NDB4MTA4MC5zZHIuQzMifQ%3D%3D&_nc_ohc=-W4Z_Xt6mvwQ7kNvwHh84ON&_nc_oc=Adl_qMzE1INdtZajiO5ICXkFz0lKnbYWuIC-f1UK4RSzliYut95kDhMk2fFww240wJ8&_nc_ad=z-m&_nc_cid=0&_nc_zt=23&_nc_ht=scontent-ord5-3.cdninstagram.com&_nc_gid=-qlcXq9tMtOKP9oCQY0BNg&oh=00_AfhF8p8ZI0-lLpEf5nhzyEWCJKR6DcoYr5AuNihUZERJqw&oe=69310C11;Bu sabaha karşı dörtyol taksi durağını ziyaret ettim. Taksici esnafımıza ve şoförlerimize hayırlı işler dilerim.;
https://www.instagram.com/p/DRSDxGCgeci/;Reels;464;11;42761;2025-11-20 17:52:19;https://scontent-ord5-3.cdninstagram.com/v/t51.82787-15/582777738_18540159040059720_98123658671200478_n.jpg?stp=dst-jpg_e15_tt6&_nc_cat=107&ig_cache_key=Mzc3MDA5MjQwNTk0MDkzODUzMA%3D%3D.3-ccb7-5&ccb=7-5&_nc_sid=58cdad&efg=eyJ2ZW5jb2RlX3RhZyI6InhwaWRzLjEyMTV4MjE2MC5zZHIuQzMifQ%3D%3D&_nc_ohc=NomCy4D1ZJIQ7kNvwEifbCg&_nc_oc=AdnUucc1Rh9yb17o9jfCBsQrqWoh_u6wlO1lximKYhGXnjKUcY2rznLPVu9DwO3RgsA&_nc_ad=z-m&_nc_cid=0&_nc_zt=23&_nc_ht=scontent-ord5-3.cdninstagram.com&_nc_gid=-qlcXq9tMtOKP9oCQY0BNg&oh=00_AfhMm_Jwf2g4sYLsCCpvlkj9isAD5S2Qarjjid7cu1b7oA&oe=69313469;Sevgi, şefkat ve merhametle…❤️  Her adımda yanınızdayız.;
https://www.instagram.com/p/DRSA0uPiEnt/;Photo;341;2;0;2025-11-20 17:21:55;https://scontent-ord5-1.cdninstagram.com/v/t51.82787-15/586904153_18437539768097423_859834760038581064_n.jpg?stp=dst-jpg_e35_tt6&_nc_cat=111&ig_cache_key=Mzc3MDA3OTQ2MTEyODAzMDcwMQ%3D%3D.3-ccb7-5&ccb=7-5&_nc_sid=58cdad&efg=eyJ2ZW5jb2RlX3RhZyI6InhwaWRzLjE0NDB4OTU0LnNkci5DMyJ9&_nc_ohc=ea3g78VeFbAQ7kNvwFpV8p0&_nc_oc=Adm2cAHirw-NF33Fqa51KSl3WrndVEJYWd97GFkZ0d0SQKt7mx7d6VamIIoaunIhb7U&_nc_ad=z-m&_nc_cid=0&_nc_zt=23&_nc_ht=scontent-ord5-1.cdninstagram.com&_nc_gid=-qlcXq9tMtOKP9oCQY0BNg&oh=00_Afid6kYJgC-mkK6cxBiKvRIQK1kJSOHQJc_7TmDmwKieEQ&oe=69311456;Elasu ile Osman çiftinin nikah akdini gerçekleştirdik.  Gelmez ve Gürgöz ailelerine hayırlı olsun dileklerimi iletiyor, çiftimize ömür boyu mutluluklar diliyorum.;
https://www.instagram.com/p/DRM1cJpiD0z/;Carousel;218;1;0;2025-11-18 17:06:15;https://scontent-ord5-1.cdninstagram.com/v/t51.82787-15/586388630_18437290615097423_4923125293458536148_n.jpg?stp=dst-jpg_e35_tt6&_nc_cat=108&ig_cache_key=Mzc2ODYyMjAwMzYyOTEwMTMzNA%3D%3D.3-ccb7-5&ccb=7-5&_nc_sid=58cdad&efg=eyJ2ZW5jb2RlX3RhZyI6InhwaWRzLjEwNjV4NzEwLnNkci5DMyJ9&_nc_ohc=fig2MFL3qgcQ7kNvwEGBwlj&_nc_oc=Adlc2T-EJy85UrgTrM2cTk5YFY9Ze3xWmemPWiN8YwufN8jyjkGJKvb6oLHJShZWrLI&_nc_ad=z-m&_nc_cid=0&_nc_zt=23&_nc_ht=scontent-ord5-1.cdninstagram.com&_nc_gid=-qlcXq9tMtOKP9oCQY0BNg&oh=00_AfgaME7znq8ZszjRPAftHt8f5kG2DmpgwTK2Wq2FxGqzyw&oe=6931146D;İl Belediye Başkanlarımız ile birlikte Bilecik Milletvekilimiz ve Türkiye Büyük Millet Meclisi Başkanvekilimiz Sayın Yaşar Tüzün ile bir araya geldik.  Misafirperverliği ve nazik ev sahipliği için Sayın Tüzün’e teşekkür ediyorum.;
https://www.instagram.com/p/DRMzhS2CBqQ/;Carousel;265;0;0;2025-11-18 16:49:28;https://scontent.cdninstagram.com/v/t51.82787-15/582639078_18437288638097423_3675199660621059794_n.jpg?stp=dst-jpg_e35_tt6&_nc_cat=109&ig_cache_key=Mzc2ODYxMzU1ODk3Njc3NjUzNw%3D%3D.3-ccb7-5&ccb=7-5&_nc_sid=58cdad&efg=eyJ2ZW5jb2RlX3RhZyI6InhwaWRzLjcxN3g0Nzcuc2RyLkMzIn0%3D&_nc_ohc=xcaP8cNT4y4Q7kNvwF9WUXE&_nc_oc=AdkJOb7oHpZ3nP_hWnv1OKPxDdpRNHydH5RT0uBR27F3OKdNPCx0L8j8rwkFqfg8ZdbGTieFTGS7PNgNEZMdwm8H&_nc_ad=z-m&_nc_cid=0&_nc_zt=23&_nc_ht=scontent.cdninstagram.com&_nc_gid=VMe8XxFsfRrMaN-WrJW5Iw&oh=00_AfjpET-pSDjWph0XSfmCNAZvtEi6zCUNgstmjjflbRPf_g&oe=69312A7D;Genel Başkanımız Sayın Özgür Özel’in liderliğinde partimizin Türkiye Büyük Millet Meclisi’nde gerçekleşen Grup Toplantısı’na katıldık.  “YA HEP BERABER, YA HİÇBİRİMİZ” diyerek çıktığımız bu yolda halkın refahını, demokrasiyi ve sosyal adaleti savunmaya devam ediyoruz.;
https://www.instagram.com/p/DRKhzexDESY/;Reels;267;3;37250;2025-11-17 19:43:35;https://scontent.cdninstagram.com/v/t51.71878-15/582088439_25169767015996949_7044342393813085405_n.jpg?stp=dst-jpg_e15_tt6&_nc_cat=101&ig_cache_key=Mzc2Nzk3MjcxMTUxMjE2MzQ4MA%3D%3D.3-ccb7-5&ccb=7-5&_nc_sid=58cdad&efg=eyJ2ZW5jb2RlX3RhZyI6InhwaWRzLjY0MHgzNjAuc2RyLkMzIn0%3D&_nc_ohc=hIzCcrEJjAoQ7kNvwGXUpW2&_nc_oc=Adkn45deC_uMCcay1GbBZbOpT2zD8Ew0HqPA6hp5PoMBNC0Q_du9qbMLg0dZBr9n6MZmLUygtGtW5TH0ejUFbweU&_nc_ad=z-m&_nc_cid=0&_nc_zt=23&_nc_ht=scontent.cdninstagram.com&_nc_gid=VMe8XxFsfRrMaN-WrJW5Iw&oh=00_AfhxET4iuwphDZYzRc77AcXHniNe7cZoGyAKuMHlCtc7Og&oe=6931327D;🏇 🇹🇷 Atasporumuz Atlı Cirit’te bizleri İstanbul’daki büyük turnuvada temsil edecek olan Efebey Turizm Atlı Cirit Spor Kulübü ve Ürünköy Atlı Cirit Spor Kulüplerimize yürekten başarılar diliyoruz!  Geleneksel sporumuzun ruhunu yaşatan tüm sporcularımızın yanında olduğumuzu gururla ifade ediyor, onları sonsuz destekliyoruz. ❤️;
https://www.instagram.com/p/DRKIpkkCA2d/;Carousel;206;1;0;2025-11-17 15:56:23;https://scontent.cdninstagram.com/v/t51.82787-15/583690795_18437154826097423_4581422376901737250_n.jpg?stp=dst-jpg_e35_tt6&_nc_cat=110&ig_cache_key=Mzc2Nzg2MjA2MTM3Njc3NTc1OA%3D%3D.3-ccb7-5&ccb=7-5&_nc_sid=58cdad&efg=eyJ2ZW5jb2RlX3RhZyI6InhwaWRzLjE0NDB4MTA4MC5zZHIuQzMifQ%3D%3D&_nc_ohc=bEosMq94lGEQ7kNvwGNnm0p&_nc_oc=AdlHRm-lzYCPNWmJH7eZJYOGtGMvEbRLzyNxV0LjuDHwPIFuQRG2fe2a0jVJF1P8Zrb8RQoHAknrvlbg__moj2yy&_nc_ad=z-m&_nc_cid=0&_nc_zt=23&_nc_ht=scontent.cdninstagram.com&_nc_gid=VMe8XxFsfRrMaN-WrJW5Iw&oh=00_Afj9IOHMly8bf4ipXFWTZNNROJj0WDTwVMu5KzKoa3BeVQ&oe=6931052F;Değerli ağabeyim Mustafa Kuvvet’in annesi Hanım Kuvvet’in Ulubey Kışla Köyü Camii’nde gerçekleşen cenaze törenine katıldık.  Merhumeye Allah’tan rahmet, acılı ailesine ve sevenlerine başsağlığı ve sabır diliyorum.;
https://www.instagram.com/p/DRKHu8miFNQ/;Carousel;259;5;0;2025-11-17 15:48:23;https://scontent.cdninstagram.com/v/t51.82787-15/582486016_18437153749097423_4105334536983193235_n.jpg?stp=dst-jpg_e35_tt6&_nc_cat=110&ig_cache_key=Mzc2Nzg1ODAzNjgzMzAxMTQwMg%3D%3D.3-ccb7-5&ccb=7-5&_nc_sid=58cdad&efg=eyJ2ZW5jb2RlX3RhZyI6InhwaWRzLjE0NDB4OTU5LnNkci5DMyJ9&_nc_ohc=u0Dx2-tBG3oQ7kNvwFDo425&_nc_oc=Adn3Sv0r6p7JsCICw8XJaUCT8zd5D5zDVDeE1OUH2lvT5w8yvI5-8gGkqBCmkVSICCwNNMWqjO5M5v_VseyTqKhJ&_nc_ad=z-m&_nc_cid=0&_nc_zt=23&_nc_ht=scontent.cdninstagram.com&_nc_gid=VMe8XxFsfRrMaN-WrJW5Iw&oh=00_Afj74oU45onecTsbgWQqAVO4sJdEZbrYOSR2Y0IWLRLQhg&oe=693112EF;Cumhuriyet Halk Partisi Merkez İlçe Başkanımız Sayın Ümit Akbel’in kıymetli abisi Hulusi Akbel’in Ulubey’de gerçekleşen cenaze törenine katıldık.  Merhuma Allah’tan rahmet, acılı ailesine ve sevenlerine başsağlığı ve sabır diliyorum.;
https://www.instagram.com/p/DRKA9R5iMJS/;Carousel;284;0;0;2025-11-17 14:49:10;https://scontent.cdninstagram.com/v/t51.82787-15/584292866_18437148268097423_4469880861818495119_n.jpg?stp=dst-jpg_e35_tt6&_nc_cat=102&ig_cache_key=Mzc2NzgyODIyNDg0NDI4ODg0Nw%3D%3D.3-ccb7-5&ccb=7-5&_nc_sid=58cdad&efg=eyJ2ZW5jb2RlX3RhZyI6InhwaWRzLjE0NDB4OTU4LnNkci5DMyJ9&_nc_ohc=WEAr9kl816gQ7kNvwFY1GMs&_nc_oc=AdnECB9FBuEjtltJohzA3BsHYoVmlWc1OIibMK4i0QmhoXJJjaM9xr7vr8seXAaWtnd3zLxcVExVphmFZIgD_pu4&_nc_ad=z-m&_nc_cid=0&_nc_zt=23&_nc_ht=scontent.cdninstagram.com&_nc_gid=VMe8XxFsfRrMaN-WrJW5Iw&oh=00_Afh9fgro78SfL5oJLrgmkdBHsdl2fONg50bHk1qiyM1uqg&oe=69311AE8;"Uşak Üniversitesi 2025- 2026 Akademik Yılı Açılış Töreni’ne katılım sağladık.  Tören kapsamında hizmete açılan Deri, Tekstil ve Seramik Tasarım Uygulama ve Araştırma Merkezi’nin Uşakımıza önemli bir değer katacağına inanıyor, merkezin hem akademik çalışmalara hem de şehrimizin ekonomik ve kültürel gelişimine katkı sunmasını temenni ediyorum.  Programda bizlere; Valimiz Sayın  Dr. Naci Aktaş, Önceki Dönem Gençlik ve Spor Bakanı ve Ak Parti İzmir Milletvekili Sayın Dr. Mehmet Kasapoğlu, Cumhuriyet Halk Partisi Uşak Milletvekilimiz Sayın Ali Karaoba, Uşak Üniversitesi Rektörü Sayın Dr. Ekrem Savaş, Cumhuriyet Halk Partisi İl Başkanımız Sayın Celalettin Çoban, Protokol Üyeleri ve öğrencilerimiz eşlik etti.";
https://www.instagram.com/p/DRE0OR0iPUL/;Photo;116;0;0;2025-11-15 14:21:41;https://scontent.cdninstagram.com/v/t51.82787-15/582615191_18436899877097423_996747811467516444_n.jpg?stp=dst-jpg_e35_tt6&_nc_cat=110&ig_cache_key=Mzc2NjM2NDg2ODAxNDgzMDg1OQ%3D%3D.3-ccb7-5&ccb=7-5&_nc_sid=58cdad&efg=eyJ2ZW5jb2RlX3RhZyI6InhwaWRzLjEwODB4MTA4MC5zZHIuQzMifQ%3D%3D&_nc_ohc=eWUvAKKP8BkQ7kNvwHbUeaW&_nc_oc=AdmHRoEyqD6wFeVoquKN-HA8dFYfbuVCHZs4_V88NCgcM0TEXazhExFo3UfTzwsbnNe15PpIQS5YFfylkTFj6UP_&_nc_ad=z-m&_nc_cid=0&_nc_zt=23&_nc_ht=scontent.cdninstagram.com&_nc_gid=VMe8XxFsfRrMaN-WrJW5Iw&oh=00_Afj2VO4x_z7lxq-Z4GHO1uBfGDmA-2P1tQHW7pKfrJZj_A&oe=69310AA5;"🇹🇷 Kuzey Kıbrıs Türk Cumhuriyeti’nin 42. Kurtuluş Yıldönümünü ve Cumhuriyet Bayramı’nı büyük bir gurur, coşku ve heyecanla kutluyoruz!  Bu anlamlı günde; özgürlüğü için yılmadan mücadele eden kahramanlarımızı minnetle anıyor, KKTC’nin ilelebet var olmasını yürekten diliyoruz.  Birlik, beraberlik ve bağımsızlık ruhunun her daim yolumuzu aydınlatması temennisiyle…❤️";
https://www.instagram.com/p/DRAsuyXiCI5/;Photo;386;1;0;2025-11-13 23:59:16;https://scontent.cdninstagram.com/v/t51.82787-15/581685871_18436717171097423_1303623807574675490_n.jpg?stp=dst-jpg_e35_tt6&_nc_cat=103&ig_cache_key=Mzc2NTIwNjAxNzcwNjA0MTkxMw%3D%3D.3-ccb7-5&ccb=7-5&_nc_sid=58cdad&efg=eyJ2ZW5jb2RlX3RhZyI6InhwaWRzLjExMDB4ODI1LnNkci5DMyJ9&_nc_ohc=0aZgyr0Qs-kQ7kNvwGWI8mI&_nc_oc=AdkmU2YJa1xjNBfFJnR9iqg33kwQoBpF1HiIVtT0FlXb3zi7v3H2ZFk_YE7T_R3nGu8AmBX2OIk1cwAvaML8iW2e&_nc_ad=z-m&_nc_cid=0&_nc_zt=23&_nc_ht=scontent.cdninstagram.com&_nc_gid=VMe8XxFsfRrMaN-WrJW5Iw&oh=00_Afgntvg_uG771S3BscPD6bi3jf8JaVEIOUBGwGakDKxzJg&oe=69313589;Orman Genel Müdürlüğü’ne ait yangın söndürme uçağının Hırvatistan’da düşmesi neticesinde şehit olan kahraman pilotumuza, Allah’tan rahmet, kederli ailesine ve milletimize başsağlığı diliyoruz.🇹🇷;
https://www.instagram.com/p/DRAi_seCDVN/;Photo;211;1;0;2025-11-13 22:34:11;https://scontent.cdninstagram.com/v/t51.82787-15/580888107_18436711063097423_3757222486750036048_n.jpg?stp=dst-jpg_e35_tt6&_nc_cat=106&ig_cache_key=Mzc2NTE2MzE5OTEzODY0MTIyOQ%3D%3D.3-ccb7-5&ccb=7-5&_nc_sid=58cdad&efg=eyJ2ZW5jb2RlX3RhZyI6InhwaWRzLjEyOTB4MTIxNy5zZHIuQzMifQ%3D%3D&_nc_ohc=_os6S179UE0Q7kNvwEFy6Ae&_nc_oc=AdkYfGd7G5iEwkCS0SFCoI3tkNn_RKdEEn88NB-Tuh2WgfagIANvjRqYexokqDQyzJk7nHrGkSenNKLNaeD2vsCB&_nc_ad=z-m&_nc_cid=0&_nc_zt=23&_nc_ht=scontent.cdninstagram.com&_nc_gid=VMe8XxFsfRrMaN-WrJW5Iw&oh=00_AfhkrI9CNkWnPQ80kRA6ECMl7n70dT_PQeHQqLXLYiv4zw&oe=69310F98;Akşehir Belediyesi’nin düzenlemiş olduğu 9. Ulusal İlkokullar Arası Nasreddin Hoca Canlandırma Yarışması’nda Ege Bölge Birincisi olan ve Türkiye finallerinde ikinci olarak büyük bir başarı elde eden Eşe ve Halil Erdoğdu İlkokulumuzu tebrik ediyoruz. 👏  Başarıda emeği geçen okul idaresine, öğretmenlerimize, öğrencilerimize ve ailelerine teşekkür ederiz. Uşak’ımıza bu gururu yaşattığınız için kutluyoruz!🎭;
https://www.instagram.com/p/DQ-AmxxiHd8/;Photo;250;3;0;2025-11-12 22:55:12;https://scontent.cdninstagram.com/v/t51.82787-15/576104594_18436321093097423_2551647787120261112_n.jpg?stp=dst-jpg_e35_tt6&_nc_cat=108&ig_cache_key=Mzc2NDQ0OTAwMzMxMjgwNTc1Ng%3D%3D.3-ccb7-5&ccb=7-5&_nc_sid=58cdad&efg=eyJ2ZW5jb2RlX3RhZyI6InhwaWRzLjEwODB4MTA4MC5zZHIuQzMifQ%3D%3D&_nc_ohc=AohJCbF34EoQ7kNvwGZWRpF&_nc_oc=AdnQazorSqjHLFSJTwuL8qa_rR2AiQGiV97l6Y0KH-5G5YKa84T3pBWaW7tWlcJGsYaRUdoshrNfhP_wiG0Rw54m&_nc_ad=z-m&_nc_cid=0&_nc_zt=23&_nc_ht=scontent.cdninstagram.com&_nc_gid=VMe8XxFsfRrMaN-WrJW5Iw&oh=00_AfhWTJo2G0-Ie2nvp-ujsbw9E1S9ME0L2YcXEQk3O8KIMw&oe=6931128F;"Türk sanat müziğinin güçlü sesi, değerli sanatçımız Muazzez Abacı’nın vefatını derin bir üzüntüyle öğrendik.  Sanatıyla ilham veren, gönüllerde iz bırakan kıymetli sanatçımıza Allah’tan rahmet; ailesine, sevenlerine ve tüm sanat camiamıza başsağlığı diliyoruz.";
https://www.instagram.com/p/DQ9RxTtiBjx/;Carousel;290;5;0;2025-11-12 16:05:57;https://scontent.cdninstagram.com/v/t51.82787-15/580789124_18436187380097423_7898804660789778980_n.jpg?stp=dst-jpg_e35_tt6&_nc_cat=107&ig_cache_key=Mzc2NDI0Mjk5NzA2MDM1NjU0Mw%3D%3D.3-ccb7-5&ccb=7-5&_nc_sid=58cdad&efg=eyJ2ZW5jb2RlX3RhZyI6InhwaWRzLjE0NDB4OTY1LnNkci5DMyJ9&_nc_ohc=WmB68cMgYkQQ7kNvwGqxfdA&_nc_oc=AdlMBohjalcS0P1ugmW_LpxvxaQW7rBH1q-iTRlARi2RD3JBMKkoQ-WCdLtq1yT4dkekboC0qVmjTpy4yNUsx13B&_nc_ad=z-m&_nc_cid=0&_nc_zt=23&_nc_ht=scontent.cdninstagram.com&_nc_gid=VMe8XxFsfRrMaN-WrJW5Iw&oh=00_Afjlddwh033V2VXOOti069rDuJnkPkAKcZTC3XG-_7Ti-A&oe=69310FA6;Kıymetli muhtarlarımızın bir araya gelebileceği Köy Muhtarları Derneği’nin açılışını gerçekleştirdik.  Yerel yönetimlerin en önemli paydaşları olan muhtarlarımızın bir araya gelerek ortak akılla hareket etmesi ve köylerimizin gelişimi açısından büyük önem taşıyan bu dernek muhtarlarımıza hayırlı olsun.;
https://www.instagram.com/p/DQ7DJaKCEa5/;Photo;430;7;0;2025-11-11 19:19:41;https://scontent.cdninstagram.com/v/t51.82787-15/580048359_18435808876097423_7625371522840521244_n.jpg?stp=dst-jpg_e35_tt6&_nc_cat=110&ig_cache_key=Mzc2MzYxNTc1NDI5ODYwNzI4OQ%3D%3D.3-ccb7-5&ccb=7-5&_nc_sid=58cdad&efg=eyJ2ZW5jb2RlX3RhZyI6InhwaWRzLjE0NDB4MTkyMC5zZHIuQzMifQ%3D%3D&_nc_ohc=6ugkHbtNmnAQ7kNvwERX9s9&_nc_oc=Adln_Rz3xfgDfzq8QnxyTNTKkpIBKprluHqXk-khNge2Ay9gfpMwd7I7zfbPj0Zu0xYn-xbG8nlDpR8zwxrGhAho&_nc_ad=z-m&_nc_cid=0&_nc_zt=23&_nc_ht=scontent.cdninstagram.com&_nc_gid=VMe8XxFsfRrMaN-WrJW5Iw&oh=00_Afio_5KEpXvi4FwmEK4uyBn3gc93d8WHf968PVFmxdlZ1w&oe=693103AE;Milletimizin Başı Sağ Olsun.   Azerbaycan’dan ülkemize gelmekte olan MSB Bakanlığımıza ait C130 askeri kargo uçağımızın Gürcistan-Azerbaycan sınırında düştüğünü derin bir üzüntüyle öğrenmiş bulunmaktayız.  Hayatını kaybeden kahraman personelimize Allah’tan rahmet, yaralılarımıza acil şifalar, yakınlarına ve tüm silah arkadaşlarına sabır ve metanet diliyoruz.;
https://www.instagram.com/p/DQ65uMfiOry/;Reels;1383;56;70527;2025-11-11 17:58:09;https://scontent.cdninstagram.com/v/t51.71878-15/581103145_1999460303955193_1589025931785156887_n.jpg?stp=dst-jpg_e15_tt6&_nc_cat=107&ig_cache_key=Mzc2MzU3NDMwMTc4MjUwMjEzMA%3D%3D.3-ccb7-5&ccb=7-5&_nc_sid=58cdad&efg=eyJ2ZW5jb2RlX3RhZyI6InhwaWRzLjY0MHgxMTM2LnNkci5DMiJ9&_nc_ohc=k80ZgEjLpFgQ7kNvwE7K0GL&_nc_oc=AdmOegiQOVf3aLR6slFdc76jKSLuLI7kN5V0ROMWDiX4aLJAxgOBwlZzRDlxpyO07oe3PpppSKIBvwvRjIl_OH_l&_nc_ad=z-m&_nc_cid=0&_nc_zt=23&_nc_ht=scontent.cdninstagram.com&_nc_gid=VMe8XxFsfRrMaN-WrJW5Iw&oh=00_Afjv1tGpEDVqWkL9UEAhzSr8PKeV7aNX82u-C19L9LN3ug&oe=693117BA;Bankamızla yaptığımız anlaşma sonucunda, her bir çalışma arkadaşımıza 50.000 TL promosyon ödemesi sağlanacaktır.   Emeklerinizin karşılığı olan bu güzel gelişme hepimize hayırlı, uğurlu olsun!;
https://www.instagram.com/p/DQ4ybZ0iBG9/;Carousel;224;0;0;2025-11-10 22:15:07;https://scontent-msp1-1.cdninstagram.com/v/t51.82787-15/581047337_18435556786097423_41239992627322147_n.jpg?stp=dst-jpg_e35_tt6&_nc_cat=107&ig_cache_key=Mzc2Mjk3OTI0NTE2MTcyMjY0Mw%3D%3D.3-ccb7-5&ccb=7-5&_nc_sid=58cdad&efg=eyJ2ZW5jb2RlX3RhZyI6InhwaWRzLjE0NDB4OTU5LnNkci5DMyJ9&_nc_ohc=YS6rXwoJmosQ7kNvwElmCeB&_nc_oc=AdnJNfG67ET3Z9SzIK2pKo2w_63aD-Oao6c5YiAltyljF7_busN15zfoV-tzs5zZ_pU&_nc_ad=z-m&_nc_cid=0&_nc_zt=23&_nc_ht=scontent-msp1-1.cdninstagram.com&_nc_gid=lKU6eShmS_qFkbo8edmTgg&oh=00_AfihafSW1GPPKW59BT04SDGK2TmWvAqHJtYMV0r2251ODg&oe=6931336A;📌 Senin izinde, senin ilkelerinle daima ileri, daima aydınlığa…❤️♾️  10 Kasım Atatürk’ü Anma Günü dolayısıyla düzenlenen “Atatürk’ün Sevdiği Şarkılar” konserinde, Ulu Önderimizi saygı, sevgi ve özlemle andık.🇹🇷  Her notada onun ışığını, her sözde Cumhuriyet’in sarsılmaz ruhunu hissettik.  Gazi Mustafa Kemal Atatürk’ün izinde, bu güzel vatanın umut dolu yarınlarına inancımız sonsuza dek sürecek.;
https://www.instagram.com/p/DQ3p319CEoS/;Carousel;529;6;0;2025-11-10 11:41:07;https://scontent-msp1-1.cdninstagram.com/v/t51.82787-15/581718757_18435449473097423_7752152314715360528_n.jpg?stp=dst-jpg_e35_tt6&_nc_cat=101&ig_cache_key=Mzc2MjY2MDE0NjQzOTI5ODkxNg%3D%3D.3-ccb7-5&ccb=7-5&_nc_sid=58cdad&efg=eyJ2ZW5jb2RlX3RhZyI6InhwaWRzLjEwNjV4NzEwLnNkci5DMyJ9&_nc_ohc=usv5eLDuX1sQ7kNvwFBgzw9&_nc_oc=AdknQ4fii7zKFifpsGeUbt85GkubDGzGNUMJtNyhTAAF_yfld3g5_vzYvFr4nITCHDA&_nc_ad=z-m&_nc_cid=0&_nc_zt=23&_nc_ht=scontent-msp1-1.cdninstagram.com&_nc_gid=lKU6eShmS_qFkbo8edmTgg&oh=00_AfgusJsnKN9oGQBuXFo-wzL20p3GCep10SIg7xNgbrkq5Q&oe=69313072;Cumhuriyet Halk Partisi Uşak İl Başkanlığımız tarafından 10 Kasım dolayısıyla düzenlenen çelenk sunma törenine katıldık.  Atamızın gösterdiği çağdaşlık ve Cumhuriyet yolunda, onun izinden yürümeye kararlılıkla devam edeceğiz.❤️🇹🇷;
https://www.instagram.com/p/DQ3gF6CiH8A/;Carousel;894;2;0;2025-11-10 10:15:39;https://scontent-msp1-1.cdninstagram.com/v/t51.82787-15/576142957_18435443287097423_4134812027471016058_n.jpg?stp=dst-jpg_e35_tt6&_nc_cat=102&ig_cache_key=Mzc2MjYxNzEzNDg4MzU3OTkyNA%3D%3D.3-ccb7-5&ccb=7-5&_nc_sid=58cdad&efg=eyJ2ZW5jb2RlX3RhZyI6InhwaWRzLjE0NDB4OTU5LnNkci5DMiJ9&_nc_ohc=JUPGBUeyUPsQ7kNvwHP38Ka&_nc_oc=Adl7AGO2_qSXeLDB0ZdMakrlOuaXCGVtguvaJuo7PkS0zRL1Va653_7hzCsbQN-Q818&_nc_ad=z-m&_nc_cid=0&_nc_zt=23&_nc_ht=scontent-msp1-1.cdninstagram.com&_nc_gid=lKU6eShmS_qFkbo8edmTgg&oh=00_Afg1TFcWklczbW7pp0y-qTKxFREQQQiFoofu7XFNeVXciQ&oe=69312E3A;Ulu Önderimiz Gazi Mustafa Kemal Atatürk’ün aramızdan ayrılışının 87. yıl dönümü dolayısıyla düzenlenen çelenk sunma törenine katılım sağladık.  Büyük Önder Mustafa Kemal Atatürk’ü saygı ve minnetle anıyoruz.;
https://www.instagram.com/p/DQ3R6PICHA6/;Photo;264;4;0;2025-11-10 08:11:44;https://scontent-msp1-1.cdninstagram.com/v/t51.82787-15/574444993_18435436162097423_3395521582455558012_n.jpg?stp=dst-jpg_e35_tt6&_nc_cat=101&ig_cache_key=Mzc2MjU1NDc4MjQ1MjU3NjMxNA%3D%3D.3-ccb7-5&ccb=7-5&_nc_sid=58cdad&efg=eyJ2ZW5jb2RlX3RhZyI6InhwaWRzLjE0NDB4MTQzOC5zZHIuQzMifQ%3D%3D&_nc_ohc=H5pBpb7Ol4sQ7kNvwHQOq4v&_nc_oc=AdlDHwYtMafJXK2B59nJ8EhcqQjDcZ1kfnHUeRsyrybmsp4C5f7F-MpSWiRIdAGu78E&_nc_ad=z-m&_nc_cid=0&_nc_zt=23&_nc_ht=scontent-msp1-1.cdninstagram.com&_nc_gid=lKU6eShmS_qFkbo8edmTgg&oh=00_Afhw3ZwknwocLAanRDUsBxSw2ZobBk3ViUSkXJD1_HleRw&oe=69311B25;Yolun Yolumuz Özlemle Anıyoruz. 🇹🇷♾  Cumhuriyetimizin ve Cumhuriyet Halk Partimizin kurucusu  Ulu Önder Mustafa Kemal Atatürk’ü aramızdan ayrılışının 87. yıl dönümünde büyük özlem ve saygıyla anıyorum.;
https://www.instagram.com/p/DQ1-ySFCA7H/;Reels;2091;28;50325;2025-11-09 20:07:12;https://scontent-msp1-1.cdninstagram.com/v/t51.71878-15/574393609_1161114645993537_2019936279448796034_n.jpg?stp=dst-jpg_e15_tt6&_nc_cat=104&ig_cache_key=Mzc2MjE4OTE5ODAwNzIwOTY3MQ%3D%3D.3-ccb7-5&ccb=7-5&_nc_sid=58cdad&efg=eyJ2ZW5jb2RlX3RhZyI6InhwaWRzLjY0MHgzNjAuc2RyLkMzIn0%3D&_nc_ohc=4BNMIyTQBIsQ7kNvwEPrt2S&_nc_oc=AdlAaielpcUsGxpeKL070tvFB66CVEaWar8RJE678LLInSyDSoggHUnTtG0vkesKmuA&_nc_ad=z-m&_nc_cid=0&_nc_zt=23&_nc_ht=scontent-msp1-1.cdninstagram.com&_nc_gid=lKU6eShmS_qFkbo8edmTgg&oh=00_Afikp-HWnA2SWJ-STK126gQQA62BmGinTB2g6yyue5HJyw&oe=693131E3;"🇹🇷 Geçmiş Değil, Bugün Gibi Yaşıyoruz Hala Seni…  Her nefeste, her adımda, daima, sonsuza dek; saygı, sevgi ve özlemle anıyoruz seni “ATAM” ♾️";
https://www.instagram.com/p/DQytZniiAlx/;Carousel;250;8;0;2025-11-08 13:35:44;https://scontent-msp1-1.cdninstagram.com/v/t51.82787-15/576074864_18435049453097423_3621520971280103335_n.jpg?stp=dst-jpg_e35_tt6&_nc_cat=102&ig_cache_key=Mzc2MTI2ODI5NjYyOTM3Nzc4OA%3D%3D.3-ccb7-5&ccb=7-5&_nc_sid=58cdad&efg=eyJ2ZW5jb2RlX3RhZyI6InhwaWRzLjE0NDB4OTYwLnNkci5DMyJ9&_nc_ohc=hnHq1L_TlUAQ7kNvwGBJTsd&_nc_oc=Admb5KeawhSujlX7WQMHXgANdw4qST2Qgf8uDCIK001Jy4m4gYpPGgQ1Q3Z3sqBuZpE&_nc_ad=z-m&_nc_cid=0&_nc_zt=23&_nc_ht=scontent-msp1-1.cdninstagram.com&_nc_gid=lKU6eShmS_qFkbo8edmTgg&oh=00_AfhgTYVmI1ItmBYAk5iT80PmhvG7vz_KkAmc87HCwQ7RAA&oe=69311692;Değerli kardeşim Volkan Güllübaş’ın annesi Necla Güllübaş’ın cenaze törenine katıldık.  Merhumeye Allah’tan rahmet, kederli ailesine başsağlığı ve sabır diliyorum.;
https://www.instagram.com/p/DQt3SDDiJEA/;Carousel;419;5;0;2025-11-06 16:25:53;https://scontent-msp1-1.cdninstagram.com/v/t51.82787-15/575691579_18434550793097423_8300071333416738080_n.jpg?stp=dst-jpg_e35_tt6&_nc_cat=101&ig_cache_key=Mzc1OTkwNDM3MTk3NTM5NzY1Ng%3D%3D.3-ccb7-5&ccb=7-5&_nc_sid=58cdad&efg=eyJ2ZW5jb2RlX3RhZyI6InhwaWRzLjkwMHg2NzUuc2RyLkMzIn0%3D&_nc_ohc=ETj_ekpWJioQ7kNvwFMikLV&_nc_oc=Adk6_RSpDar5Wt4SbOmQOEo8ErvVOwwcK6rD1rPEaqNVvD5Ac61ihwGRXWz073WXOIY&_nc_ad=z-m&_nc_cid=0&_nc_zt=23&_nc_ht=scontent-msp1-1.cdninstagram.com&_nc_gid=lKU6eShmS_qFkbo8edmTgg&oh=00_AfhCldWsxcfRZ9RGRTyL2g7qR0YBj75W66XWnOceRof4kg&oe=693134E8;Genel Başkanımız Sayın Özgür Özel’in katılımıyla gerçekleştirilen “Her Gencin Hakkı: Nitelikli, Özerk, Demokratik ve Yaşanabilir Üniversite” paneline ve Tepebaşı Belediyemizin Ferdi Zeyrek Yaşam Merkezi açılış törenine, Cumhuriyet Halk Partisi Uşak İl Başkanımız Sayın Celalettin Çoban ve ilçe başkanlarımızla birlikte katılım sağladık.;
https://www.instagram.com/p/DQrILnNCBZ-/;Carousel;275;1;0;2025-11-05 14:55:50;https://scontent-msp1-1.cdninstagram.com/v/t51.82787-15/572544960_18434231959097423_7586601513438583260_n.jpg?stp=dst-jpg_e35_tt6&_nc_cat=108&ig_cache_key=Mzc1OTEzNDI4MjE0MTQxMjU5Mw%3D%3D.3-ccb7-5&ccb=7-5&_nc_sid=58cdad&efg=eyJ2ZW5jb2RlX3RhZyI6InhwaWRzLjE0NDB4OTU4LnNkci5DMyJ9&_nc_ohc=3tLjrkVFhX4Q7kNvwHn438o&_nc_oc=AdkyHMiT7xcJb6wwFDiZWL0HtDoi1Dk-zA2aJQrR_1WlsBOH7yWy9maka4SHdmDIjNw&_nc_ad=z-m&_nc_cid=0&_nc_zt=23&_nc_ht=scontent-msp1-1.cdninstagram.com&_nc_gid=lKU6eShmS_qFkbo8edmTgg&oh=00_AfjcuCpPjuzJL6Yo-UnGOlx7ey6iDhzlQBliUCcys1XIOg&oe=693121C5;Önceki Dönem Cumhuriyet Halk Partisi Parti Meclisi Üyemiz Sayın Erbil Aydınlık’ı belediyemizde ağırladık.  ‎ Nazik ziyareti için Sayın Aydınlık’a teşekkür ediyorum.;
https://www.instagram.com/p/DQqmCFXiNjG/;Photo;326;6;0;2025-11-05 09:57:26;https://scontent-msp1-1.cdninstagram.com/v/t51.82787-15/573001931_18434165089097423_1727725546833261288_n.jpg?stp=dst-jpg_e35_tt6&_nc_cat=109&ig_cache_key=Mzc1ODk4NDEwNzk2NDAyOTEyNg%3D%3D.3-ccb7-5&ccb=7-5&_nc_sid=58cdad&efg=eyJ2ZW5jb2RlX3RhZyI6InhwaWRzLjEwODB4MTA4MC5zZHIuQzMifQ%3D%3D&_nc_ohc=1-n2RdCHawAQ7kNvwFfavB4&_nc_oc=AdnIq3bpC76LoXd8uYIJxwkdoVwyuztS11eW-yHm_j9L86Z7IPtrmM85Wxjp2wCKZ5E&_nc_ad=z-m&_nc_cid=0&_nc_zt=23&_nc_ht=scontent-msp1-1.cdninstagram.com&_nc_gid=lKU6eShmS_qFkbo8edmTgg&oh=00_Afjt45PumWbJT0dji71JWEtfeVpjM130iar9qjklj5m58A&oe=693115F9;Türk siyaset ve demokrasi tarihinin önemli isimlerinden, Cumhuriyet Halk Partisi 3. Genel Başkanımız, halkın Karaoğlan’ı merhum Bülent Ecevit’i ölüm yıl dönümünde saygı ve rahmetle anıyorum.;
https://www.instagram.com/p/DQpGEVRjRoQ/;Reels;171;2;23514;2025-11-04 20:00:55;https://scontent-msp1-1.cdninstagram.com/v/t51.71878-15/573163521_1340202054146159_2044416055964425239_n.jpg?stp=dst-jpg_e15_tt6&_nc_cat=101&ig_cache_key=Mzc1ODU2MjA1MDAxNzQwMTM2MA%3D%3D.3-ccb7-5&ccb=7-5&_nc_sid=58cdad&efg=eyJ2ZW5jb2RlX3RhZyI6InhwaWRzLjY0MHgzNjAuc2RyLkMzIn0%3D&_nc_ohc=8dRH-lZDKyAQ7kNvwHBWimV&_nc_oc=AdnpNcQwyqUBDWy7MEC3QTIlL3yNPRvxDg_d8vQ9OJCEkFovWqiU8ze1ZmA4S8hymiE&_nc_ad=z-m&_nc_cid=0&_nc_zt=23&_nc_ht=scontent-msp1-1.cdninstagram.com&_nc_gid=lKU6eShmS_qFkbo8edmTgg&oh=00_AfgNj54sI8_4vsY2IJQpm-7_Qx73EDYvKYGDYu3RqBsW6A&oe=69310004;Evlatlarımıza ilham verecek bir başucu eseri daha kazandırdık.  Şanlı tarihimizin destansı yolculuğunu anlatan kitabımız artık raflarda.📖✨;
https://www.instagram.com/p/DQo_71wCPrK/;Reels;587;43;21358;2025-11-04 19:09:27;https://scontent-msp1-1.cdninstagram.com/v/t51.71878-15/573309740_1666283834330756_4462892794935720768_n.jpg?stp=dst-jpg_e15_tt6&_nc_cat=110&ig_cache_key=Mzc1ODUzNTA3ODEzNDIxNzQxOA%3D%3D.3-ccb7-5&ccb=7-5&_nc_sid=58cdad&efg=eyJ2ZW5jb2RlX3RhZyI6InhwaWRzLjY0MHgxMTM2LnNkci5DMyJ9&_nc_ohc=6GFtsX9kQUEQ7kNvwFLRbAE&_nc_oc=AdnXZvJS1ZCQCNsymUL4zZuHX1-7HzPdysUfBxF-JlnI1byBtP1Pu5Td-g2FKiMY3as&_nc_ad=z-m&_nc_cid=0&_nc_zt=23&_nc_ht=scontent-msp1-1.cdninstagram.com&_nc_gid=lKU6eShmS_qFkbo8edmTgg&oh=00_Afj4tMpgi3yOgFbZ4ixGic1LFLNl5N7CmpyvTEUg7VvqeQ&oe=6931030B;UŞAKSPOR, UŞAKLI’NINDIR! ! !;
https://www.instagram.com/p/DQo2JFtiH4I/;Reels;547;13;25506;2025-11-04 17:44:28;https://scontent-msp1-1.cdninstagram.com/v/t51.71878-15/572129013_2026458398188342_534972166460778815_n.jpg?stp=dst-jpg_e15_tt6&_nc_cat=111&ig_cache_key=Mzc1ODQ5MjAwODE2MDE5ODE1Mg%3D%3D.3-ccb7-5&ccb=7-5&_nc_sid=58cdad&efg=eyJ2ZW5jb2RlX3RhZyI6InhwaWRzLjY0MHgxMTM2LnNkci5DMyJ9&_nc_ohc=xC2QojL70iMQ7kNvwGKnVjL&_nc_oc=AdllrUWLwfK7mWV0qpZbmuWXn-MfWgCAa2OSYGs_hJ-MoYznSqmH4s7uiv0SLN1RQM8&_nc_ad=z-m&_nc_cid=0&_nc_zt=23&_nc_ht=scontent-msp1-1.cdninstagram.com&_nc_gid=lKU6eShmS_qFkbo8edmTgg&oh=00_AfhD_dLV_UjtVRKHS0EwUZ58stKH-r46FqKbqpmYjEP54Q&oe=69310956;📌 Bu takım bizim, bu takım hepimizin!  Uşaksporumuzun tüm ürünlerini AŞİGO STORE’dan temin edebilirsiniz.  Tüm hemşehrilerimizin desteklerini bekliyoruz.❤️;
https://www.instagram.com/p/DQowfuJCCUt/;Carousel;314;0;0;2025-11-04 16:50:23;https://scontent-icn2-1.cdninstagram.com/v/t51.82787-15/572635061_18434030092097423_5468110384170925464_n.jpg?stp=dst-jpg_e35_tt6&_nc_cat=101&ig_cache_key=Mzc1ODQ2NzE1MDQ3NDkwNzE3Nw%3D%3D.3-ccb7-5&ccb=7-5&_nc_sid=58cdad&efg=eyJ2ZW5jb2RlX3RhZyI6InhwaWRzLjE0NDB4OTYwLnNkci5DMyJ9&_nc_ohc=4j3wmwH-HeAQ7kNvwGl-UFZ&_nc_oc=AdkEaWiUsgScfoTPEdldkMAoLbFjezP3YwMxvLL00zRqNGJM1NZ2l7zzZTOl7XOQcOg&_nc_ad=z-m&_nc_cid=0&_nc_zt=23&_nc_ht=scontent-icn2-1.cdninstagram.com&_nc_gid=KWTRBQH1ct976dyAKGI_7A&oh=00_Afjg2zv-9_vXDJ2WmJF9ttRjC0WNYr7pYCFUfe30TFeB9w&oe=69312362;🇹🇷 Bir Fotoğrafın Hikayesi: Cumhuriyeti Biz Böyle Kazandık! ‎ Uşak Belediyesi Kültür Yayınları tarafından ‎hazırlanan ve Uşak’ın Cumhuriyet destanını anlatan bu anlamlı eserin tanıtımını yapmaktan gurur duyduk. ‎ Bu yayında emeği geçen herkese yürekten teşekkür ediyorum.;
https://www.instagram.com/p/DQooTAiCGUg/;Carousel;797;9;0;2025-11-04 15:38:45;https://scontent-icn2-1.cdninstagram.com/v/t51.82787-15/573256501_18434023489097423_8723558366244191809_n.jpg?stp=dst-jpg_e35_tt6&_nc_cat=103&ig_cache_key=Mzc1ODQzMTEwNjExMTEzNzM1Mg%3D%3D.3-ccb7-5&ccb=7-5&_nc_sid=58cdad&efg=eyJ2ZW5jb2RlX3RhZyI6InhwaWRzLjE0NDB4MTkyMC5zZHIuQzMifQ%3D%3D&_nc_ohc=56kW-QaW9cMQ7kNvwGZuG_0&_nc_oc=AdkySb0k4Vt7d8UTN6-VPcIhfBT9B768M6QsAOmcuxZoGlAqtbCBbRdax9kXuWCnCEY&_nc_ad=z-m&_nc_cid=0&_nc_zt=23&_nc_ht=scontent-icn2-1.cdninstagram.com&_nc_gid=KWTRBQH1ct976dyAKGI_7A&oh=00_AfjSIRSWb4H5p8xthjkquDSvBLNkGRXkyXkmYBc9Q7NZlA&oe=69310CD8;📌 Yeni gün, güzel bir tebessüm ve sıcak bir çayla daha keyifli…😊  Üniversite öğrencilerimiz personelimiz tarafından ikram edilen çayla güne enerjik bir başlangıç yaptı.;
https://www.instagram.com/p/DQoSKKwiCSY/;Carousel;184;0;0;2025-11-04 12:25:18;https://scontent-icn2-1.cdninstagram.com/v/t51.82787-15/572617064_18434008411097423_1403774167630432099_n.jpg?stp=dst-jpg_e35_tt6&_nc_cat=100&ig_cache_key=Mzc1ODMzMzc0MDEwODUzNTY1OQ%3D%3D.3-ccb7-5&ccb=7-5&_nc_sid=58cdad&efg=eyJ2ZW5jb2RlX3RhZyI6InhwaWRzLjE0NDB4OTU5LnNkci5DMyJ9&_nc_ohc=0lDHqggHHR0Q7kNvwEskV0u&_nc_oc=AdmBB8PVL1yYO75ChrOdzwinQ897M1qJ1FrhUN5zfwykFJr1jMoiuI0CEtwmqdSskPM&_nc_ad=z-m&_nc_cid=0&_nc_zt=23&_nc_ht=scontent-icn2-1.cdninstagram.com&_nc_gid=KWTRBQH1ct976dyAKGI_7A&oh=00_AfieUR0CimTYiOR69F-qIv4LeGMvQwdtN7-CqvQP9bxsxw&oe=69312F69;📌 Ortak akılla, daha güzel bir Uşak için…  Sosyal Demokrat Halkçı Partisi önceki dönem Genel Başkanımız ve Ankara Büyükşehir Belediyesi önceki dönem Belediye Başkanımız Sayın Murat Karayalçın ile birlikte şehrimize kazandıracağımız projeler hakkında bir toplantı gerçekleştirdik.  Belediye Başkan Yardımcılarımız ve Meclis Üyelerimizin yanı sıra Cumhuriyet Halk Partisi Uşak İl Başkanımız Sayın Celalettin Çoban ve Cumhuriyet Halk Partisi Merkez İlçe Başkanımız Sayın Ümit Akbel’in katılım sağladığı toplantıda, kentimizin geleceğine yön verecek çalışmaları değerlendirdik.;
https://www.instagram.com/p/DQm-wTiCMC-/;Carousel;407;2;0;2025-11-04 00:16:30;https://scontent-icn2-1.cdninstagram.com/v/t51.82787-15/572579080_18433908058097423_1675412096913517190_n.jpg?stp=dst-jpg_e35_tt6&_nc_cat=106&ig_cache_key=Mzc1Nzk2NjkxNjYwNzAyNjA3OQ%3D%3D.3-ccb7-5&ccb=7-5&_nc_sid=58cdad&efg=eyJ2ZW5jb2RlX3RhZyI6InhwaWRzLjE0NDB4OTU5LnNkci5DMyJ9&_nc_ohc=qS3_mZqZWKUQ7kNvwFHnm8U&_nc_oc=AdlI-wqxsTXQPnktps7WsuAuKHzO1duYAL18qsWktaEomrUGz4e3dWS-yV2ihCxnxPs&_nc_ad=z-m&_nc_cid=0&_nc_zt=23&_nc_ht=scontent-icn2-1.cdninstagram.com&_nc_gid=KWTRBQH1ct976dyAKGI_7A&oh=00_AfiGhk2mLAmWfBhIqOxFSSJlg2rK99pz93E1in1Fl8Rx6w&oe=69310BE7;🇹🇷 Cumhuriyetimizin 102. yılı dolayısıyla Uşak İl Başkanlığımız tarafından düzenlenen Cumhuriyet Balosu’na, önceki dönem Genel Başkanımız Sayın Murat Karayalçın ve Cumhuriyet Halk Partisi Grup Başkanvekilimiz Sayın Ali Mahir Başarır ile birlikte katıldık.  ‎Cumhuriyetimizin ışığında, birlik ve dayanışma içinde nice 100 yıllara…🤍❤️;
https://www.instagram.com/p/DQmfjlPCNL_/;Carousel;279;0;0;2025-11-03 19:43:53;https://scontent-icn2-1.cdninstagram.com/v/t51.82787-15/572720144_18433886950097423_4672446066344784034_n.jpg?stp=dst-jpg_e35_tt6&_nc_cat=105&ig_cache_key=Mzc1NzgyOTcwOTk0MjQ5MTcyNA%3D%3D.3-ccb7-5&ccb=7-5&_nc_sid=58cdad&efg=eyJ2ZW5jb2RlX3RhZyI6InhwaWRzLjE0NDB4OTU5LnNkci5DMyJ9&_nc_ohc=3N07gmcwvzcQ7kNvwGMW46i&_nc_oc=AdnVFyhsNqdoGUTWSms-M9Na3g2YdU4fu4RbLKg6j1mp3nBZYQEOhOnXBApaCLHnpsQ&_nc_ad=z-m&_nc_cid=0&_nc_zt=23&_nc_ht=scontent-icn2-1.cdninstagram.com&_nc_gid=KWTRBQH1ct976dyAKGI_7A&oh=00_AfiL0eJ-M7yqtOEEGvBzE9Q1r9u8mxGX0YojNxEW9JZ_dA&oe=69312B41;Sosyal Demokrat Halkçı Partisi eski Genel Başkanımız Sayın Murat Karayalçın ile birlikte Uşak Kent Tarihi Müzesi’ni gezdik. ‎İlklerin Şehri Uşak’ın köklü tarihine, kültürel mirasına ve geçmişten bugüne taşıdığı değerlere bir kez daha beraber tanıklık ettik.;
https://www.instagram.com/p/DQmfKNUiGN7/;Carousel;410;1;0;2025-11-03 19:40:25;https://scontent-icn2-1.cdninstagram.com/v/t51.82787-15/573947621_18433886002097423_8534472294372431029_n.jpg?stp=dst-jpg_e35_tt6&_nc_cat=111&ig_cache_key=Mzc1NzgyNzk2MTc0ODI0MTcyMA%3D%3D.3-ccb7-5&ccb=7-5&_nc_sid=58cdad&efg=eyJ2ZW5jb2RlX3RhZyI6InhwaWRzLjE0NDB4OTU5LnNkci5DMyJ9&_nc_ohc=mlrzpublYpEQ7kNvwFtq42G&_nc_oc=AdmsmVaoqA6tw_KncZ7dXJCLDDl5RX76LIDFXjfE5n1J-n3O74PfNGHmTljJVjeG5nc&_nc_ad=z-m&_nc_cid=0&_nc_zt=23&_nc_ht=scontent-icn2-1.cdninstagram.com&_nc_gid=KWTRBQH1ct976dyAKGI_7A&oh=00_Afgv3D2i6VitGnJljNOsnSfmootzNabLvuJoJRXRl-_JNw&oe=6931032D;‎Sosyal Demokrat Halkçı Partisi eski Genel Başkanımız Sayın Murat Karayalçın ile birlikte Cumhuriyet Halk Partisi Uşak İl Başkanlığımızı ziyaret ettik. ‎ ‎Ziyarette, CHP Uşak Milletvekilimiz  Sayın Ali Karaoba ve İl Başkanımız Sayın Celalettin Çoban ile birlikte basın açıklamasında bulunarak birlik, dayanışma ve Cumhuriyet değerleri vurgusu yaptık.  ‎ ‎;
https://www.instagram.com/p/DQmQ683iKsl/;Carousel;495;4;0;2025-11-03 17:36:00;https://scontent-icn2-1.cdninstagram.com/v/t51.82787-15/572268776_18433871371097423_2648747793043594081_n.jpg?stp=dst-jpg_e35_tt6&_nc_cat=103&ig_cache_key=Mzc1Nzc2NTM0MzE1NTA2NzMyNg%3D%3D.3-ccb7-5&ccb=7-5&_nc_sid=58cdad&efg=eyJ2ZW5jb2RlX3RhZyI6InhwaWRzLjE0NDB4OTU5LnNkci5DMyJ9&_nc_ohc=_uiiemCie38Q7kNvwF508UA&_nc_oc=Adm__xcciy5TcRJ8rTWx7wEjpHOWp1wYqz1RjT4h7QuWB3oLxXI1MsadnRGW4aCEocw&_nc_ad=z-m&_nc_cid=0&_nc_zt=23&_nc_ht=scontent-icn2-1.cdninstagram.com&_nc_gid=KWTRBQH1ct976dyAKGI_7A&oh=00_Afi5NqodQJrsuUx_9N0U264nKoDqSYBxemmT2G4BiplSYQ&oe=69312FE1;Şehrimize ziyarette bulunan Sosyal Demokrat Halkçı Partisi eski Genel Başkanı Sayın Murat Karayalçın’ı belediyemizde ağırladık.  Nazik ziyareti için Sayın Karayalçın’a teşekkür ediyorum.;
https://www.instagram.com/p/DQmMhAuiCfR/;Carousel;245;0;0;2025-11-03 16:57:30;https://scontent-icn2-1.cdninstagram.com/v/t51.82787-15/572483167_18433865923097423_4267382397051143736_n.jpg?stp=dst-jpg_e35_tt6&_nc_cat=102&ig_cache_key=Mzc1Nzc0NTk2OTc0MDM5Njc2Mg%3D%3D.3-ccb7-5&ccb=7-5&_nc_sid=58cdad&efg=eyJ2ZW5jb2RlX3RhZyI6InhwaWRzLjEyODB4MTI4MC5zZHIuQzMifQ%3D%3D&_nc_ohc=WmLSHTOSX2UQ7kNvwH7_m8f&_nc_oc=AdncoYTDtKY_JbsqS-255KetLwu5kTjLFs2AdqahcDDHabayKt_8no2WMab2v1dUt6U&_nc_ad=z-m&_nc_cid=0&_nc_zt=23&_nc_ht=scontent-icn2-1.cdninstagram.com&_nc_gid=KWTRBQH1ct976dyAKGI_7A&oh=00_Afi8o0fifI0S4wwXifr9T1tYZmE0qEXMHeSeuzXXho2yeQ&oe=69311F36;🇹🇷 Bir Fotoğrafın Hikayesi: Cumhuriyeti Biz Böyle Kazandık! ‎ ‎Uşak’ın Cumhuriyet destanını anlatan bu anlamlı eser, Uşak Belediyesi Kültür Yayınları tarafından  ‎Atatürk Kültür Merkezi’nde Belediye Başkanımız Sayın Özkan Yalım’ın katılımıyla tanıtılacak. ‎ ‎Cumhuriyet’in ruhunu yaşatan bu özel programa tüm vatandaşlarımız davetlidir.  📍 Atatürk Kültür Merkezi 🗓️4 Kasım Salı  ⏰ 14.00;
https://www.instagram.com/p/DQhhYvhiOX3/;Carousel;454;0;0;2025-11-01 21:23:40;https://scontent-icn2-1.cdninstagram.com/v/t51.82787-15/572544074_18433636459097423_320482882405297574_n.jpg?stp=dst-jpg_e35_tt6&_nc_cat=111&ig_cache_key=Mzc1NjQzMDM3NzY4NzIwNjQxNg%3D%3D.3-ccb7-5&ccb=7-5&_nc_sid=58cdad&efg=eyJ2ZW5jb2RlX3RhZyI6InhwaWRzLjE0NDB4MTA4MC5zZHIuQzMifQ%3D%3D&_nc_ohc=Ysk7QnE7AwoQ7kNvwE-d7sE&_nc_oc=Adn2jA9CSMX5Wkq7Oxv9JyiMt86m0OFyNSHnYR652sqOVAObOgJZ4axmmfl2waB4Dmg&_nc_ad=z-m&_nc_cid=0&_nc_zt=23&_nc_ht=scontent-icn2-1.cdninstagram.com&_nc_gid=KWTRBQH1ct976dyAKGI_7A&oh=00_AfgCfQ_H1LDEhg2ESyYmBgW89jqJyTpjg98FjGyW-mwcpw&oe=6931079D;Federasyon Başkanımız Sayın Enver Şahingöz ve Cumhuriyet Halk Partisi Aydın Milletvekilimiz Sayın Süleyman Bülbül ile birlikte, Cumhuriyetimizin 102. yılı vesilesiyle Avusturya Tirol Birliği tarafından düzenlenen Cumhuriyet Bayramı kutlama gecesine katıldık.  Cumhuriyetimizin kurucusu Gazi Mustafa Kemal Atatürk ve silah arkadaşlarını rahmet, minnet ve saygıyla andığımız bu özel etkinlikte yurttaşlarımızın Cumhuriyet coşkusuna ortak olduk.;
https://www.instagram.com/p/DQg1-BTiNOq/;Reels;510;13;25663;2025-11-01 15:04:47;https://scontent-icn2-1.cdninstagram.com/v/t51.71878-15/572871771_805152218811451_3777046744093879595_n.jpg?stp=dst-jpg_e15_tt6&_nc_cat=111&ig_cache_key=Mzc1NjIzOTQ0NzcwMTExNTgxOA%3D%3D.3-ccb7-5&ccb=7-5&_nc_sid=58cdad&efg=eyJ2ZW5jb2RlX3RhZyI6InhwaWRzLjY0MHgxMTM2LnNkci5DMyJ9&_nc_ohc=-ApMoWh2AecQ7kNvwGAuhP2&_nc_oc=AdntDXLoK__b5Xe_7RJl0JOXkRovPIyN4b5ELTiWKkN4L8K0pl7VnVT3_Fr4_d-32jQ&_nc_ad=z-m&_nc_cid=0&_nc_zt=23&_nc_ht=scontent-icn2-1.cdninstagram.com&_nc_gid=KWTRBQH1ct976dyAKGI_7A&oh=00_Afh8Whm4RxJoUsVxGwA-iLpuYjTnI4IezAe5kzsXllgcCQ&oe=6931142C;Gelın UŞAKımıza destek verin UŞAK hepimizin ! ! !;
https://www.instagram.com/p/DQeJms5iMcq/;Carousel;152;1;0;2025-10-31 13:58:09;https://scontent-icn2-1.cdninstagram.com/v/t51.82787-15/572412747_18433446403097423_6686226603727258976_n.jpg?stp=dst-jpg_e35_tt6&_nc_cat=103&ig_cache_key=Mzc1NTQ4MTM2MDc0MDQyOTA4OQ%3D%3D.3-ccb7-5&ccb=7-5&_nc_sid=58cdad&efg=eyJ2ZW5jb2RlX3RhZyI6InhwaWRzLjEyMDB4OTAwLnNkci5DMyJ9&_nc_ohc=WtqnTGXEN-sQ7kNvwGiJGxH&_nc_oc=AdlbsKkqlYt-PESEiQYBQILZ7WEJjxObyo5TWF0atd3NHJ2NXRO2esjSGEYwFMNxJ9g&_nc_ad=z-m&_nc_cid=0&_nc_zt=23&_nc_ht=scontent-icn2-1.cdninstagram.com&_nc_gid=KWTRBQH1ct976dyAKGI_7A&oh=00_AfhrOgk9ie9UBnvPneNpRvXNK5rag4IO_AhUiHyj74-ejg&oe=6931200C;Strazburg’ta düzenlenen Avrupa Konseyi Yerel ve Bölgesel Yönetimler Kongresi’nin (YBYK)  49. Genel Kurulu’nu tamamladık.  Yerel demokrasinin güçlenmesi, insan hakları ve sürdürülebilir kentler için değerli paylaşımlarda bulunduk.  Alınan kararların kentlerimiz ve ülkemiz için hayırlı olmasını diliyorum. 🌍;
https://www.instagram.com/p/DQd1QkYCIHM/;Photo;451;6;0;2025-10-31 11:00:22;https://scontent-icn2-1.cdninstagram.com/v/t51.82787-15/573849911_18433433104097423_4752197222924366992_n.jpg?stp=dst-jpg_e35_tt6&_nc_cat=111&ig_cache_key=Mzc1NTM5MTg5OTMzMTQ5NDM0OA%3D%3D.3-ccb7-5&ccb=7-5&_nc_sid=58cdad&efg=eyJ2ZW5jb2RlX3RhZyI6InhwaWRzLjEwMDB4NzM2LnNkci5DMyJ9&_nc_ohc=180V0pmW6_sQ7kNvwHWW0KC&_nc_oc=AdnOTxrUq2t8QyVon8w5xueJwIN7-C36T5fjNhRKoKqQVagUTwhmqxsPBsEur6e7asA&_nc_ad=z-m&_nc_cid=0&_nc_zt=23&_nc_ht=scontent-icn2-1.cdninstagram.com&_nc_gid=KWTRBQH1ct976dyAKGI_7A&oh=00_AfixdZimRmGqKh9QTqnt2KSSE4i2QPKO2Xp3EoEPUmCzKg&oe=693102A9;Siyasete espriyi, hoşgörüyü ve bugün ihtiyaç duyduğumuz uzlaşma kültürünü getiren çok değerli Genel Başkanımız ve bilim insanı Erdal İnönü’yü vefatının 18’nci Yıldönümünde sevgi saygı ve rahmetle anıyoruz.;
https://www.instagram.com/p/DQdw8slCAZL/;Photo;139;3;0;2025-10-31 10:22:42;https://scontent-man2-1.cdninstagram.com/v/t51.82787-15/572253391_18433430725097423_6236846622757444501_n.jpg?stp=dst-jpg_e35_tt6&_nc_cat=107&ig_cache_key=Mzc1NTM3Mjk0MTU2MzkyMTk5NQ%3D%3D.3-ccb7-5&ccb=7-5&_nc_sid=58cdad&efg=eyJ2ZW5jb2RlX3RhZyI6InhwaWRzLjEzNjl4MTcxOC5zZHIuQzMifQ%3D%3D&_nc_ohc=WrE_2uqrq8wQ7kNvwHSuP3u&_nc_oc=Adl5Gg92fyY-jv7jji3fRR2YKCg3eWLDAGZdTjRtgjLDXPXbdjQKzW_VtfgOaEyt0iqHqlF4IzipqifJocKpQImw&_nc_ad=z-m&_nc_cid=0&_nc_zt=23&_nc_ht=scontent-man2-1.cdninstagram.com&_nc_gid=d43pphYyUqGP9aUkXA37qw&oh=00_AfhHhpUpjS91A0fliv0d6Wir_7xCYJryqknY89FRYFFklg&oe=69312F1B;Cumhuriyet’in ikinci yüzyılında,aynı heyecanla bir aradayız!;
