﻿PostLink;PostTürü;BeğeniSayısı;YorumSayısı;Görüntülenme Sayısı;Tarih;DisplayPhoto;Caption;Takipçi
https://www.instagram.com/p/DRm2r_ZDHu9/;Photo;771;26;0;2025-11-28 19:37:24;https://scontent.cdninstagram.com/v/t51.82787-15/587724309_18541995754053189_2314682439391331394_n.jpg?stp=dst-jpg_e35_tt6&_nc_cat=107&ig_cache_key=Mzc3NTk0NTg1NTExMTgyMjI2OQ%3D%3D.3-ccb7-5&ccb=7-5&_nc_sid=58cdad&efg=eyJ2ZW5jb2RlX3RhZyI6InhwaWRzLjE0NDB4OTU5LnNkci5DMyJ9&_nc_ohc=fyYMnm2y7JQQ7kNvwH3-MxW&_nc_oc=Adn29O5Pcc25hRZ7NRVMsFiv5MkZw6H3hzhSWvhNyWcdh1s1fj_REmVhBePa0f2_Q14&_nc_ad=z-m&_nc_cid=0&_nc_zt=23&_nc_ht=scontent.cdninstagram.com&_nc_gid=epnXH_rgYdk15TQhVDmjdg&oh=00_AfjvGtD2ZiaMoF2tTLvDXO88aLXJR7gpxA3Vum18HhUFww&oe=6930F8BF;İl Başkanımız Sn. Mehmet Erdem, İl Kadın Kolları Başkanımız ve parti yöneticilerimizle birlikte Batı Çevre Bulvarı, Efeler Bulvarı ve Zeybekler Merkez Bulvarı’ndaki çalışmalarımızı inceledik.   Aydınımız için daha çok çalışmaya ve hizmet üretmeye devam edeceğiz.;243800
https://www.instagram.com/p/DRmywXBDNGN/;Photo;705;14;0;2025-11-28 19:03:03;https://scontent.cdninstagram.com/v/t51.82787-15/588231796_18541991335053189_600889180732237544_n.jpg?stp=dst-jpg_e35_tt6&_nc_cat=101&ig_cache_key=Mzc3NTkyODU2MzE3MDg1NzM1Nw%3D%3D.3-ccb7-5&ccb=7-5&_nc_sid=58cdad&efg=eyJ2ZW5jb2RlX3RhZyI6InhwaWRzLjE0NDB4OTU5LnNkci5DMyJ9&_nc_ohc=k9CTr3eKQ7wQ7kNvwHCaziy&_nc_oc=Admp3i0wqVdOpa8PCZPhozdyUVGYSarpLxSQt-LpiPVjWrz9r2SigVkOGY18zkb4c3g&_nc_ad=z-m&_nc_cid=0&_nc_zt=23&_nc_ht=scontent.cdninstagram.com&_nc_gid=epnXH_rgYdk15TQhVDmjdg&oh=00_Afi0y3y7tiHcRR4PV9A0zC9Zvi6BDTNwijjHPE3KtcGDxQ&oe=6931130D;İl Başkanımız Sn. Mehmet Erdem, İl Kadın Kolları Başkanımız ve parti yöneticilerimizle birlikte İncirliova-Şehir Hastanesi bağlantı yolundaki çalışmalarımızı inceledik.   Vatandaşlarımıza her alanda daha fazla hizmet etmeye devam edeceğiz.;
https://www.instagram.com/p/DRmucaSjIoo/;Carousel;985;19;0;2025-11-28 18:25:22;https://scontent.cdninstagram.com/v/t51.82787-15/587693074_18541985992053189_5117081868418048562_n.jpg?stp=dst-jpg_e35_tt6&_nc_cat=101&ig_cache_key=Mzc3NTkwOTU5NDk2Nzg1ODI0Mw%3D%3D.3-ccb7-5&ccb=7-5&_nc_sid=58cdad&efg=eyJ2ZW5jb2RlX3RhZyI6InhwaWRzLjEwNjV4NzEwLnNkci5DMyJ9&_nc_ohc=VO1NApL2FiwQ7kNvwH3leId&_nc_oc=Adn1MQ4BFiPuE9QzWUZwJ2Npb-dvjx6Dq8mycslkRHZ98qBMyaXQ5ECxpVOCiyhG8Tg&_nc_ad=z-m&_nc_cid=0&_nc_zt=23&_nc_ht=scontent.cdninstagram.com&_nc_gid=epnXH_rgYdk15TQhVDmjdg&oh=00_AfhFS0rlDr2LEwS5PaBjIwjWcSdYIBQDdHeaaBgUpgF9Mw&oe=69310A2B;İl Başkanımız Sn. Mehmet Erdem, İl Sağlık Müdürümüz Sn.Eser Şenkul, İl Kadın Kolları Başkanımız ve parti yöneticilerimizle birlikte Aydın Şehir Hastanemizdeki çalışmaları inceledik.   Kentimize değer katmaya devam edeceğiz.;
https://www.instagram.com/p/DRhJLjvjOz9/;Carousel;807;39;0;2025-11-26 14:23:33;https://scontent.cdninstagram.com/v/t51.82787-15/587943033_18541654735053189_5415947435110248839_n.jpg?stp=dst-jpg_e35_tt6&_nc_cat=110&ig_cache_key=Mzc3NDMzODMzMjAzNDM3Nzg1Mw%3D%3D.3-ccb7-5&ccb=7-5&_nc_sid=58cdad&efg=eyJ2ZW5jb2RlX3RhZyI6InhwaWRzLjE0NDB4OTYwLnNkci5DMyJ9&_nc_ohc=Z_HaMlEUySYQ7kNvwGg-4VX&_nc_oc=AdlgawP53KzwnZXA6e_T8qKKnyIQXkz4xdVa3564A7qv6BPDYMleIkBQYb56pIrB56Q&_nc_ad=z-m&_nc_cid=0&_nc_zt=23&_nc_ht=scontent.cdninstagram.com&_nc_gid=epnXH_rgYdk15TQhVDmjdg&oh=00_AfjAiC53ewv60b0mi3l1LoMmtOpZkC95Y449UblD1wy4PQ&oe=6931275D;Tarım ve Orman Bakanlığı iş birliğiyle Doğa Koruma ve Milli Parklar 4. Bölge Müdürü Sn. Kerim Gençoğlu ve Doğa Koruma ve Milli Parklar İl Müdürü Sn. Ali Egemen İşcan ile 217 milyon TL’lik iş birliği protokolüne imza attık.  Sokak hayvanlarımızın yaşam koşullarını iyileştirecek, kentimizdeki tüm canlılar için daha güvenli bir gelecek inşa etmeye devam edeceğiz.;
https://www.instagram.com/p/DRhBySIDNxT/;Photo;388;12;0;2025-11-26 13:18:56;https://scontent.cdninstagram.com/v/t51.82787-15/589096402_18541648375053189_4106616194767273871_n.jpg?stp=dst-jpg_e35_tt6&_nc_cat=105&ig_cache_key=Mzc3NDMwNTgxNjE5NTk0NzYwMw%3D%3D.3-ccb7-5&ccb=7-5&_nc_sid=58cdad&efg=eyJ2ZW5jb2RlX3RhZyI6InhwaWRzLjE0NDB4MTkyMC5zZHIuQzMifQ%3D%3D&_nc_ohc=vSx_3DubWd0Q7kNvwExMrPy&_nc_oc=AdkrmHnMTmquFTxgpdvBL6X-3KucGNmBr5UpC8a7wYLvupg2G6L7i22xVHp88G0P-mo&_nc_ad=z-m&_nc_cid=0&_nc_zt=23&_nc_ht=scontent.cdninstagram.com&_nc_gid=epnXH_rgYdk15TQhVDmjdg&oh=00_AfgbBpsBfs_cdirbDscjl_hp2AV6qnsNRsW3-30YllxXkA&oe=6930FA2D;"Bugün, kökleriyle toprağa tutunan; sabrı, bereketi ve huzuru simgeleyen zeytin ağacını selamlıyoruz. 🌿 26 Kasım Dünya Zeytin Ağacı Günü’nde; Aydın’ın her ilçesinde üretilen zeytinin, zeytinyağının ve yıllardır bu toprağı emekle işleyen üreticilerimizin değerini bir kez daha hatırlıyoruz.  Aydın Büyükşehir Belediyesi olarak; •⁠ ⁠Üreticilere verdiğimiz desteklerden, •⁠ ⁠Kırsal kalkınma yatırımlarımıza, •⁠ ⁠Köy pazarı projelerimizden, •⁠ ⁠Doğal yaşam alanlarımızın korunmasına kadar zeytinin ve bu toprağın bize emaneti olan her değeri geleceğe taşımaya devam ediyoruz.  Çünkü bu şehir, bereketini zeytinin gölgesinde büyüterek bugünlere geldi.  Aydın’ın kökleri güçlü, geleceği sağlam. 🌿🫒";
https://www.instagram.com/p/DRe8uqtjDzh/;Reels;2009;51;140102;2025-11-25 17:57:13;https://scontent.cdninstagram.com/v/t51.71878-15/587793409_1199036102165416_3967734748876898773_n.jpg?stp=dst-jpg_e15_tt6&_nc_cat=101&ig_cache_key=Mzc3MzcyMDYyNzUzMDk3MjM4NQ%3D%3D.3-ccb7-5&ccb=7-5&_nc_sid=58cdad&efg=eyJ2ZW5jb2RlX3RhZyI6InhwaWRzLjY0MHgxMTM2LnNkci5DMyJ9&_nc_ohc=ZN9Cl0Ag0kwQ7kNvwEQag92&_nc_oc=AdlOswdIRnXeWeqqsDQijDG03NeKZ4EnuA2N704KXL-RTpW8COD6h3-ELWltrPMdRVA&_nc_ad=z-m&_nc_cid=0&_nc_zt=23&_nc_ht=scontent.cdninstagram.com&_nc_gid=epnXH_rgYdk15TQhVDmjdg&oh=00_AfiymSq5yckxz2rEE4ceyuvuSk4ww5irqApTisiqHdtSJA&oe=69312930;Atatürk Özel Eğitim Meslek Okulu’nda öğrencilerimiz, öğretmenlerimiz ve velilerimizle bir araya geldik. 💙  Ziyarette hem keyifli anlar paylaşıldı hem de özel gereksinimli evlatlarımız için yürütülen çalışmalar yerinde değerlendirildi.  Aydın’daki her çocuğumuzun eşit, güvenli ve destekleyici bir eğitim ortamına kavuşması için tüm birimlerimizle çalışmaya devam ediyoruz.  Bu şehirde hiçbir evladımız yalnız değil.  Aydın Büyükşehir Belediyesi her zaman yanlarında. 🧿;
https://www.instagram.com/p/DRep363jO8J/;Carousel;906;16;0;2025-11-25 15:11:31;https://scontent.cdninstagram.com/v/t51.82787-15/588757061_18541504225053189_8360394946852597579_n.jpg?stp=dst-jpg_e35_tt6&_nc_cat=110&ig_cache_key=Mzc3MzYzNzY5MTgyOTkxOTk5Ng%3D%3D.3-ccb7-5&ccb=7-5&_nc_sid=58cdad&efg=eyJ2ZW5jb2RlX3RhZyI6InhwaWRzLjEwNjV4NzEwLnNkci5DMyJ9&_nc_ohc=jvX9ItEpW8YQ7kNvwFvL0Ir&_nc_oc=Adl8BTKpzshrNfJXBPGo1kYN-xyfow7PPQqyrHet2SCvRShMXXbK1v-zf5HqjkcPXVw&_nc_ad=z-m&_nc_cid=0&_nc_zt=23&_nc_ht=scontent.cdninstagram.com&_nc_gid=epnXH_rgYdk15TQhVDmjdg&oh=00_AfiQIywyjU-6ewf9ZiWP1JGfvIm03-puuhQk5TXrOjb8qQ&oe=69311B00;İl Başkanımız Sn. Mehmet Erdem, İl Milli Eğitim Müdürümüz Sn. Mehmet Yiğit, kadın kolları il başkanımız, gençlik kolları il başkanımız ve muhtarımızla Efeler Atatürk Özel Eğitim Meslek Okulu’nda öğle yemeğinde buluştuk.  Özel eğitimin öneminin farkındayız. Tüm özel bireylerimizin yanında olduk, olmaya da devam edeceğiz.;
https://www.instagram.com/p/DReR72_DHV7/;Carousel;683;12;0;2025-11-25 11:42:20;https://scontent.cdninstagram.com/v/t51.82787-15/587616965_18541483114053189_4616971943431687266_n.jpg?stp=dst-jpg_e35_tt6&_nc_cat=102&ig_cache_key=Mzc3MzUzMjQxMzYzMzUwOTk2OQ%3D%3D.3-ccb7-5&ccb=7-5&_nc_sid=58cdad&efg=eyJ2ZW5jb2RlX3RhZyI6InhwaWRzLjEwNjV4NzEwLnNkci5DMyJ9&_nc_ohc=c2b_aZ0rhLsQ7kNvwG9ZZ9J&_nc_oc=AdlaJzsEV4R-gFwMt6KABZ2Sp3Dp3ymHdrua0Z51ZcAJaxylhE5NAjDboxxrvAn72Bw&_nc_ad=z-m&_nc_cid=0&_nc_zt=23&_nc_ht=scontent.cdninstagram.com&_nc_gid=epnXH_rgYdk15TQhVDmjdg&oh=00_Afh94lY6s17Quyr0fNC29beDlGEnYg_g1ZogDUABYP9Pdg&oe=6930F88C;Kadına yönelik şiddete sıfır tolerans!  Kadın Kolları Başkanımız Sn. Şahika Edremit ve kadın kollarımızla birlikte Atatürk Kent Meydanı’nda 25 Kasım Kadına Yönelik Şiddetle Mücadele Çadırımızı ziyaret ettik.;
https://www.instagram.com/p/DReOpduDGJH/;Carousel;999;42;0;2025-11-25 11:13:36;https://scontent.cdninstagram.com/v/t51.82787-15/589156608_18541480651053189_510730493257550003_n.jpg?stp=dst-jpg_e35_tt6&_nc_cat=109&ig_cache_key=Mzc3MzUxNzk1NDE4OTkwODE4Nw%3D%3D.3-ccb7-5&ccb=7-5&_nc_sid=58cdad&efg=eyJ2ZW5jb2RlX3RhZyI6InhwaWRzLjEwNjV4NzEwLnNkci5DMyJ9&_nc_ohc=5zBEFh05aGEQ7kNvwEyW2C3&_nc_oc=AdmogRnfS5jDAClBxPGhGFeaD-wc03OzGW8sv-Rpm73u78GI5eNK6oRjt1oZl19rTgk&_nc_ad=z-m&_nc_cid=0&_nc_zt=23&_nc_ht=scontent.cdninstagram.com&_nc_gid=epnXH_rgYdk15TQhVDmjdg&oh=00_Afiy0FZY_mN0V_mCJHWbjn1-Cq7AJ8CqVZbNfsw5C2HjXw&oe=693105F3;Aydın Valimiz Sn. Yakup Canbolat ile birlikte Atatürk Kent Meydanı’nda 25 Kasım Kadına Yönelik Şiddetle Mücadele Çadırımızı ziyaret ettik.  Kadına yönelik şiddetle mücadele için çalışmaya, kadınlarımızın daima yanında olmaya devam edeceğiz.;
https://www.instagram.com/p/DReBtlcDERx/;Photo;322;11;0;2025-11-25 09:20:34;https://scontent.cdninstagram.com/v/t51.82787-15/587535656_18541471669053189_359405358177523870_n.jpg?stp=dst-jpg_e35_tt6&_nc_cat=102&ig_cache_key=Mzc3MzQ2MTA2ODQwNTAzMjA0OQ%3D%3D.3-ccb7-5&ccb=7-5&_nc_sid=58cdad&efg=eyJ2ZW5jb2RlX3RhZyI6InhwaWRzLjEzNDd4MTY3OS5zZHIuQzMifQ%3D%3D&_nc_ohc=rnJSHypwG3YQ7kNvwHIX5l9&_nc_oc=Adk5huNqRrAASgtY_an2eFuOaWhyAHB_xEBLQ9pR2OSINftXrlKC22XgOY7T3Gt3iAc&_nc_ad=z-m&_nc_cid=0&_nc_zt=23&_nc_ht=scontent.cdninstagram.com&_nc_gid=epnXH_rgYdk15TQhVDmjdg&oh=00_AfhtUpjHmmVa7yd_0Q0Q9KGuUoObWQc3-KENFQGIDwda4w&oe=6930FD0D;#KadınaŞiddeteHayır  İnsanlık onurunu ayaklar altına alan kadına yönelik şiddet, kabul edilemez.   Kadınlarımızın her zaman yanında olmaya devam edeceğiz.;
https://www.instagram.com/p/DRbbJ4GDA5O/;Photo;444;4;0;2025-11-24 09:05:10;https://scontent.cdninstagram.com/v/t51.82787-15/589061351_18541311283053189_445816647461117698_n.jpg?stp=dst-jpg_e35_tt6&_nc_cat=105&ig_cache_key=Mzc3MjcyODUzODgxNTAwODMzNA%3D%3D.3-ccb7-5&ccb=7-5&_nc_sid=58cdad&efg=eyJ2ZW5jb2RlX3RhZyI6InhwaWRzLjEzNDd4MTY3OS5zZHIuQzIifQ%3D%3D&_nc_ohc=VW-cHdF8wqQQ7kNvwEEpSb8&_nc_oc=AdnOCwrtLzEtRWQ1_iYKWSZkhjvz9V68ovhVZk3WDbsj6XXuNDtTtDnJfN3JqdRbepk&_nc_ad=z-m&_nc_cid=0&_nc_zt=23&_nc_ht=scontent.cdninstagram.com&_nc_gid=epnXH_rgYdk15TQhVDmjdg&oh=00_Afjtu9DKwCUd_Z0giwph5Lvx5NeF_uflo-W3zqgd0Sb5AA&oe=69311047;‘’Öğretmenler! Yeni nesil sizin eseriniz olacaktır.’’  Başta Başöğretmen Gazi Mustafa Kemal Atatürk olmak üzere çocuklarımızı aydınlık bir geleceğe hazırlayan tüm öğretmenlerimizin 24 Kasım #ÖğretmenlerGünü’nü yürekten kutluyorum.;
https://www.instagram.com/p/DRULHuNDGhs/;Photo;1044;25;0;2025-11-21 13:30:23;https://scontent.cdninstagram.com/v/t51.82787-15/584401846_18540857434053189_6150078309099352171_n.jpg?stp=dst-jpg_e35_tt6&_nc_cat=108&ig_cache_key=Mzc3MDY4NzY5NzE3NDk0Nzk0OA%3D%3D.3-ccb7-5&ccb=7-5&_nc_sid=58cdad&efg=eyJ2ZW5jb2RlX3RhZyI6InhwaWRzLjE0NDB4OTU5LnNkci5DMyJ9&_nc_ohc=EcshvFmC498Q7kNvwEd_j5b&_nc_oc=AdmhRAWLMpF7N-PzYdr9Zlns4LPquS2mYNWYqBO06_XOuSjeO7kSIlkULKKAs5y_HYs&_nc_ad=z-m&_nc_cid=0&_nc_zt=23&_nc_ht=scontent.cdninstagram.com&_nc_gid=epnXH_rgYdk15TQhVDmjdg&oh=00_Afhxa61-0piut9Db5CaMlg7ZbuSX_7MSnPntYL4zl2CSfA&oe=69312B86;MKYK Üyemiz ve Aydın İl Koordinatörümüz Sn. Mahmut Eminmollaoğlu’nu belediyemizde ağırladık.  Nazik ziyaretlerinden dolayı kendilerine teşekkür ederiz.;
https://www.instagram.com/p/DRRuFMqjDxY/;Photo;821;34;0;2025-11-20 14:38:09;https://scontent-ord5-3.cdninstagram.com/v/t51.82787-15/583334247_18540716752053189_6993840019737293435_n.jpg?stp=dst-jpg_e35_tt6&_nc_cat=100&ig_cache_key=Mzc2OTk5NzAzMDQyMTQ0NTcyMA%3D%3D.3-ccb7-5&ccb=7-5&_nc_sid=58cdad&efg=eyJ2ZW5jb2RlX3RhZyI6InhwaWRzLjE0NDB4MTkyMC5zZHIuQzMifQ%3D%3D&_nc_ohc=a8C4_FQGIb8Q7kNvwE_D_jj&_nc_oc=Adll_qClS3QJ5n9M6VI9_OBQ_4bXOEI51S6pyxAmAAG54HLFKBBmbEnCnRZeUUOw2zpaUlDvFYwWvU0ufaBMGKye&_nc_ad=z-m&_nc_cid=0&_nc_zt=23&_nc_ht=scontent-ord5-3.cdninstagram.com&_nc_gid=8QXW6yjVAOks9Mx-xKl9lA&oh=00_AfjZS4G72TKDviFm-Ooglu0nmB_D9C6HDHvnMwu1NfQPrQ&oe=6930FDDC;Yarınlarımızın en güzel filizleri çocuklarımızın #DünyaÇocukHaklarıGünü kutlu olsun.  Daima çocuklarımızın yanında olacağız.;
https://www.instagram.com/p/DRMdo6jDMP2/;Carousel;810;12;0;2025-11-18 13:38:16;https://scontent-ord5-2.cdninstagram.com/v/t51.82787-15/583691058_18540417979053189_5101375716544816157_n.jpg?stp=dst-jpg_e35_tt6&_nc_cat=105&ig_cache_key=Mzc2ODUxNzMzNjU0MzAwMzMzNA%3D%3D.3-ccb7-5&ccb=7-5&_nc_sid=58cdad&efg=eyJ2ZW5jb2RlX3RhZyI6InhwaWRzLjEwNjV4NzEwLnNkci5DMyJ9&_nc_ohc=QyG2Sy8T_BYQ7kNvwHAfySw&_nc_oc=Adn8tF49orL1vox1FvZTBm1c4X0j9UMlo38vsChq4NpiwkiIzNtPJCshs-ovRSFN1KwopsrcUfJIT_N3LKPLqVM_&_nc_ad=z-m&_nc_cid=0&_nc_zt=23&_nc_ht=scontent-ord5-2.cdninstagram.com&_nc_gid=8QXW6yjVAOks9Mx-xKl9lA&oh=00_AfjJhXToKA3DR-swEMjLS5trRo1fqHO2-qu9CweUpXQ8DA&oe=693116BF;İl Başkan Yardımcımız Sn. Kerim Toker, Köşk Belediye Başkanımız Sn. Nuri Güler, Sultanhisar Belediye Başkanımız Sn. Osman Yıldırımkaya, Köşk İlçe Başkanımız Sn. Bünyamin Kahraman, Sultanhisar İlçe Başkanımız Sn. Ensar Selçuk ve partililerimizi belediyemizde ağırladık.  Nazik ziyaretlerinden dolayı kendilerine teşekkür ederiz.;
https://www.instagram.com/p/DRFvknPDKjk/;Photo;962;17;0;2025-11-15 23:00:17;https://scontent-ord5-1.cdninstagram.com/v/t51.82787-15/583044075_18540038752053189_8283241377951779451_n.jpg?stp=dst-jpg_e35_tt6&_nc_cat=111&ig_cache_key=Mzc2NjYyNTg4NzU4MDg5MTM2NA%3D%3D.3-ccb7-5&ccb=7-5&_nc_sid=58cdad&efg=eyJ2ZW5jb2RlX3RhZyI6InhwaWRzLjE0NDB4OTYwLnNkci5DMyJ9&_nc_ohc=bogBCHE4XUgQ7kNvwFYU92z&_nc_oc=AdlOmmxTlyuiWrT-jF6FZL1GC66ggb8jTIuvPI4-BcZMeIX-mEGuCxylVuUYGI4WhKIsoetqVROSDOd0GMxk2Kvb&_nc_ad=z-m&_nc_cid=0&_nc_zt=23&_nc_ht=scontent-ord5-1.cdninstagram.com&_nc_gid=8QXW6yjVAOks9Mx-xKl9lA&oh=00_Afg2ot7jlQw9UcQagIWtg7LZDPErS9Kl5SVkpDaJv_Z6xw&oe=6930F882;Tebrikler #BizimÇocuklar 🇹🇷  2026 FIFA Dünya Kupası Avrupa elemelerinde Bulgaristan’ı 2-0 mağlup eden A Milli Futbol Takımımızı yürekten kutluyor, başarılarının devamını diliyorum.;
https://www.instagram.com/p/DRE2PK_jHzA/;Photo;357;7;0;2025-11-15 14:39:17;https://scontent-ord5-3.cdninstagram.com/v/t51.82787-15/584401855_18539978239053189_3038062860344979895_n.jpg?stp=dst-jpg_e35_tt6&_nc_cat=100&ig_cache_key=Mzc2NjM3MzcyNTQ5NTkxNzc2MA%3D%3D.3-ccb7-5&ccb=7-5&_nc_sid=58cdad&efg=eyJ2ZW5jb2RlX3RhZyI6InhwaWRzLjEzNDd4MTY3OS5zZHIuQzMifQ%3D%3D&_nc_ohc=s5P4KX6CpbcQ7kNvwGhqfX9&_nc_oc=AdlZO8sz7dsoESqU6kJnCARc464Vv7stQT4rdqg9cE4sLpVABvV2mbINnkEwpRtFCf9zaqt7EAXUlBFNMQaIZe3v&_nc_ad=z-m&_nc_cid=0&_nc_zt=23&_nc_ht=scontent-ord5-3.cdninstagram.com&_nc_gid=8QXW6yjVAOks9Mx-xKl9lA&oh=00_AfgPzRcHlykkTjVuRxIhR9lkPaHZ-cG1iBXnd4vWyuQb5g&oe=6930F8AB;"Kuzey Kıbrıs Türk Cumhuriyeti’nin 42. kuruluş yıl dönümünü kutluyor; bağımsızlık için mücadele eden tüm kahraman şehitlerimizi saygı ve rahmetle anıyorum.";
https://www.instagram.com/p/DRC42fpDFnm/;Carousel;1394;20;0;2025-11-14 20:23:39;https://scontent-ord5-3.cdninstagram.com/v/t51.82787-15/581840861_18539875420053189_188875378494585832_n.jpg?stp=dst-jpg_e35_tt6&_nc_cat=109&ig_cache_key=Mzc2NTgyMjI2MjgyNjc2MjI1Ng%3D%3D.3-ccb7-5&ccb=7-5&_nc_sid=58cdad&efg=eyJ2ZW5jb2RlX3RhZyI6InhwaWRzLjEwNjV4NzEwLnNkci5DMyJ9&_nc_ohc=BPDHWRUcT-8Q7kNvwHfCvqN&_nc_oc=Admsv77i6NSg07tENj5Fpq41OjqIOWW6CBLn67-VFry18wZjLXDAjm_1GBUeD9OBMAThKuYOYqVBEcDTjsajevD3&_nc_ad=z-m&_nc_cid=0&_nc_zt=23&_nc_ht=scontent-ord5-3.cdninstagram.com&_nc_gid=8QXW6yjVAOks9Mx-xKl9lA&oh=00_AfjgN_T8j8poPs0lGusHPHpEklFwCdsZZomQqenpv2KDfw&oe=69311E54;İl Başkanımız Sn. Mehmet Erdem, Köşk Belediye Başkanımız Sn. Nuri Güler, ilçe başkanımız ve muhtarlarımız ile birlikte Köşk Ilıdağ’da Kılınç ve Okun ailelerimizin değerli evlatları Merve ve Yusuf’un düğün cemiyetine katıldık.  Genç çiftimize bir ömür boyu mutluluklar dilerim.;
https://www.instagram.com/p/DQ9zKSkjIZP/;Photo;760;16;0;2025-11-12 20:57:43;https://scontent-ord5-1.cdninstagram.com/v/t51.82787-15/581046868_18539592727053189_6926077941019840496_n.jpg?stp=dst-jpg_e35_tt6&_nc_cat=111&ig_cache_key=Mzc2NDM4OTg3MTA1ODk3ODM4Mw%3D%3D.3-ccb7-5&ccb=7-5&_nc_sid=58cdad&efg=eyJ2ZW5jb2RlX3RhZyI6InhwaWRzLjE0NDB4OTc1LnNkci5DMyJ9&_nc_ohc=KL4yS0Zn3IkQ7kNvwF_JWA1&_nc_oc=AdknA817G7hXky0-49d3tfPszRhww-Ws-LQ8gjszlmoToSnTDOTpjZXjy1zTlz6hDyRvHuaAPObCr380Zm6P_Nam&_nc_ad=z-m&_nc_cid=0&_nc_zt=23&_nc_ht=scontent-ord5-1.cdninstagram.com&_nc_gid=8QXW6yjVAOks9Mx-xKl9lA&oh=00_AfgOVGGXAJx1L1TVmj2jf8QerxkXXDozjG7tAaAO36NxUA&oe=69312B7C;"Türk sanat müziğinin unutulmaz sesi Muazzez Abacı’ya Allah’tan rahmet; ailesine, sevenlerine ve tüm sanat camiasına başsağlığı diliyorum.";
https://www.instagram.com/p/DQ9mzG7DPc3/;Photo;5760;191;0;2025-11-12 19:09:42;https://scontent-ord5-2.cdninstagram.com/v/t51.82787-15/581733960_18539578204053189_5685034085678051652_n.jpg?stp=dst-jpg_e35_tt6&_nc_cat=103&ig_cache_key=Mzc2NDMzNTUwMTQ0NTQ5NDU4Mw%3D%3D.3-ccb7-5&ccb=7-5&_nc_sid=58cdad&efg=eyJ2ZW5jb2RlX3RhZyI6InhwaWRzLjE0NDB4OTYwLnNkci5DMyJ9&_nc_ohc=KiHyyyafU4gQ7kNvwG5_NcQ&_nc_oc=AdnZV0KQ10XYHm9irFxCd9TjB4icZ8Z5itBohmNQ7T2ouNIm9CaondESegr4yVIToB0E9CF7JXEo0rP_-QC5e1Ib&_nc_ad=z-m&_nc_cid=0&_nc_zt=23&_nc_ht=scontent-ord5-2.cdninstagram.com&_nc_gid=8QXW6yjVAOks9Mx-xKl9lA&oh=00_AfgIV-1bq6yyzKBfm82Q4KPfW42mIf1KwYuOKpInkWbTMQ&oe=69310D57;Sayın Cumhurbaşkanımız ve Genel Başkanımız Recep Tayyip Erdoğan’ın başkanlığında Genişletilmiş İl Başkanları Toplantısı’nı gerçekleştirdik.  Ülkemiz için el birliğiyle çalışmaya, hizmet üretmeye ve kentlerimizi daha ileriye taşımaya devam edeceğiz.;
https://www.instagram.com/p/DQ7XFZrDGKy/;Carousel;1136;25;0;2025-11-11 22:13:54;https://scontent-ord5-3.cdninstagram.com/v/t51.82787-15/581853389_18539424862053189_4903955600942668131_n.jpg?stp=dst-jpg_e35_tt6&_nc_cat=109&ig_cache_key=Mzc2MzcwMzQyOTA2MDEyNTAwMg%3D%3D.3-ccb7-5&ccb=7-5&_nc_sid=58cdad&efg=eyJ2ZW5jb2RlX3RhZyI6InhwaWRzLjE0NDB4OTU5LnNkci5DMyJ9&_nc_ohc=sGCAEyLjM2wQ7kNvwH8_70g&_nc_oc=Adnarl3gHoizHXZe54lbJ6MZKGPwfMoh-BzNEzVoeIGWj0KtyQS44oGT4xXyka5TRhVBZ64PkTmMBvHkrvhLWA8q&_nc_ad=z-m&_nc_cid=0&_nc_zt=23&_nc_ht=scontent-ord5-3.cdninstagram.com&_nc_gid=8QXW6yjVAOks9Mx-xKl9lA&oh=00_Afil_y2dIPhYplFWs-IVxujQAVKsnn0SC6KluJtyHx7gqA&oe=69312C00;AK Parti Genel Başkan Yardımcımız ve Yerel Yönetimler Başkanımız Sn. Mustafa Demir’in başkanlığında, AK Parti İl ve Büyükşehir Belediye Başkanları Toplantısı’nı gerçekleştirdik.  Kentlerimiz için ortak akıl ve iş birliğiyle çalışmaya devam edeceğiz.;
https://www.instagram.com/p/DQ69sLDjLqX/;Photo;745;33;0;2025-11-11 18:32:01;https://scontent-ord5-3.cdninstagram.com/v/t51.82787-15/581854347_18539379709053189_4774998452885285026_n.jpg?stp=dst-jpg_e35_tt6&_nc_cat=107&ig_cache_key=Mzc2MzU5MTc1NDk4NjMzODk2Nw%3D%3D.3-ccb7-5&ccb=7-5&_nc_sid=58cdad&efg=eyJ2ZW5jb2RlX3RhZyI6InhwaWRzLjEyOTB4ODMxLnNkci5DMyJ9&_nc_ohc=RLC9Bk9P0LgQ7kNvwHBrfvF&_nc_oc=AdkDn9QXVqiWarJIkKZInqiuIxfwICdvVg75P1emR724snlFKy1mXqIePg3wzl6pr-LQV6wg_2R7Xw-SRktIlOEO&_nc_ad=z-m&_nc_cid=0&_nc_zt=23&_nc_ht=scontent-ord5-3.cdninstagram.com&_nc_gid=8QXW6yjVAOks9Mx-xKl9lA&oh=00_AfhillJAPegTdt_KHWUaGAUkR4dj1tTQTr2QUI8xB45YHQ&oe=69311A29;Azerbaycan’dan ülkemize dönmek üzere havalanan C-130 tipi askeri kargo uçağının Gürcistan–Azerbaycan sınırında  düşmesi sonucu şehit olan kahraman askerlerimize Allah’tan rahmet, ailelerine ve yakınlarına sabır diliyorum.  Milletimizin başı sağ olsun. 🇹🇷;
https://www.instagram.com/p/DQ3ofMsjJwk/;Carousel;599;18;0;2025-11-10 11:29:01;https://scontent-ord5-3.cdninstagram.com/v/t51.82787-15/574494193_18539060557053189_3054913883098827694_n.jpg?stp=dst-jpg_e35_tt6&_nc_cat=109&ig_cache_key=Mzc2MjY1NDA3NDk5OTkzMjY1MA%3D%3D.3-ccb7-5&ccb=7-5&_nc_sid=58cdad&efg=eyJ2ZW5jb2RlX3RhZyI6InhwaWRzLjEwNjV4NzEwLnNkci5DMyJ9&_nc_ohc=HHv3MDri9SEQ7kNvwF6diOQ&_nc_oc=Admqu6QVew64WodLN92UFOM5PgmyGe84HB3TWn7ZIcSkQ7ruCgApwCUM5Qs8tpgQwnK23V4H3tsr-G0TADPMTo9o&_nc_ad=z-m&_nc_cid=0&_nc_zt=23&_nc_ht=scontent-ord5-3.cdninstagram.com&_nc_gid=8QXW6yjVAOks9Mx-xKl9lA&oh=00_Afh3tHsIftFdUZFqp5oOa9eque56p2xhzWOHTgKK_gDFWQ&oe=6930FC15;Ulu Önderimiz Gazi Mustafa Kemal Atatürk’ün ölümsüzlüğünün 87. yıl dönümü dolayısıyla düzenlenen anma programına katıldık.;
https://www.instagram.com/p/DQ3feJ-jNbB/;Carousel;1946;112;0;2025-11-10 10:10:14;https://scontent-ord5-3.cdninstagram.com/v/t51.82787-15/580513324_18539053939053189_2275572059581311169_n.jpg?stp=dst-jpg_e35_tt6&_nc_cat=107&ig_cache_key=Mzc2MjYxNDQxNjE5NDcyMjAwMA%3D%3D.3-ccb7-5&ccb=7-5&_nc_sid=58cdad&efg=eyJ2ZW5jb2RlX3RhZyI6InhwaWRzLjE0NDB4OTYwLnNkci5DMyJ9&_nc_ohc=Dnpf6s6QOCAQ7kNvwE8hacw&_nc_oc=AdklhvsSYkuxf0PLudUOFJmKrD0Gjvd7Z_isKdmoB5mnXdKecCyXmgYD_4gGETw6JXEcGKxYDU6USauicGNmQjsi&_nc_ad=z-m&_nc_cid=0&_nc_zt=23&_nc_ht=scontent-ord5-3.cdninstagram.com&_nc_gid=8QXW6yjVAOks9Mx-xKl9lA&oh=00_Afg1-FaNJ2F3NawYk50RiOr-Gdbo8UzvkPZZWKF4PT4b9g&oe=69312137;"10 Kasım Atatürk’ü Anma Günü dolayısıyla düzenlenen çelenk sunma törenine katıldık.  Ulu Önderimiz Gazi Mustafa Kemal Atatürk’ü ölümsüzlüğünün 87. yılında; saygı, minnet ve özlemle anıyoruz.";
https://www.instagram.com/p/DQ13977jGFI/;Reels;916;26;87381;2025-11-09 19:06:03;https://scontent-ord5-3.cdninstagram.com/v/t51.71878-15/581025265_1353092876560363_7117686269563428858_n.jpg?stp=dst-jpg_e15_tt6&_nc_cat=100&ig_cache_key=Mzc2MjE1OTIxMjUzMzkzMjM2MA%3D%3D.3-ccb7-5&ccb=7-5&_nc_sid=58cdad&efg=eyJ2ZW5jb2RlX3RhZyI6InhwaWRzLjY0MHgxMTM2LnNkci5DMyJ9&_nc_ohc=Mhsy4Ijyv8IQ7kNvwFJSBhi&_nc_oc=Adl3QzvNToIIGQwkI3wgN9vqx0i2QkvspRntsskQoFjl7qZjHkzNhoFC2bdg7YDlKjDfJRfWzI9IrtHBLAkNukMn&_nc_ad=z-m&_nc_cid=0&_nc_zt=23&_nc_ht=scontent-ord5-3.cdninstagram.com&_nc_gid=8QXW6yjVAOks9Mx-xKl9lA&oh=00_AfhGWMJLkU1Sl2hQGX9B6TJJEy1Nvj0uhBGjZDyw0hemgw&oe=69312343;Bir milletin kaderini değiştiren o büyük lidere duyulan sonsuz bir özlem var…  Yalnızca bir güne değil, bu toprağın her nefesine sinmiş bir minnet bu.;
https://www.instagram.com/p/DQtmfihDMm_/;Photo;640;20;0;2025-11-06 13:59:11;https://scontent.cdninstagram.com/v/t51.82787-15/574555110_18537837163053189_4416449500745361204_n.jpg?stp=dst-jpg_e35_tt6&_nc_cat=110&ig_cache_key=Mzc1OTgzMDU1NzA1NzE0MTE4Mw%3D%3D.3-ccb7-5&ccb=7-5&_nc_sid=58cdad&efg=eyJ2ZW5jb2RlX3RhZyI6InhwaWRzLjE0NDB4OTMxLnNkci5DMyJ9&_nc_ohc=7UU0HtebrvAQ7kNvwEFOM8A&_nc_oc=Adk2BSu4Ih4FsxHRzFkhcU1B2OJRezROu8wRxyxdySxhKmMeuzM9MTIxosK877rXRk4&_nc_ad=z-m&_nc_cid=0&_nc_zt=23&_nc_ht=scontent.cdninstagram.com&_nc_gid=t98U3bfwq1IlcX-h6ezABA&oh=00_AfiOkGtkUwMaTUwpguuO7dzoi_5JS74uEIKoqg0F37NclA&oe=69310B39;İl Başkanımız Sn. Mehmet Erdem ve İl Başkan Yardımcımız Sn. Kerim Toker ile birlikte Aydınımızda faaliyet gösteren sivil toplum kuruluşlarını belediyemizde ağırladık.  Aydınımız için daha fazla hizmet etmeye devam edeceğiz.;
https://www.instagram.com/p/DQocWPRjB1L/;Photo;1330;28;0;2025-11-04 13:54:20;https://scontent.cdninstagram.com/v/t51.82787-15/572953500_18537350503053189_7207341181594310015_n.jpg?stp=dst-jpg_e35_tt6&_nc_cat=101&ig_cache_key=Mzc1ODM3ODU2MjU3MjAwMDU4Nw%3D%3D.3-ccb7-5&ccb=7-5&_nc_sid=58cdad&efg=eyJ2ZW5jb2RlX3RhZyI6InhwaWRzLjE0NDB4OTYwLnNkci5DMyJ9&_nc_ohc=Sc2-lns2IrgQ7kNvwHwkNlB&_nc_oc=AdkL4eGzbKNeQbK445ilgc2IKGpt70CnpnshJfgeiiCTwe-2B1vPbgliaxGQR6iExDA&_nc_ad=z-m&_nc_cid=0&_nc_zt=23&_nc_ht=scontent.cdninstagram.com&_nc_gid=t98U3bfwq1IlcX-h6ezABA&oh=00_AfgglqiSMugRL8y2iRtT2ijSZfjgyFIkEtySAL9nZYD53Q&oe=69310EC6;"İl Sağlık Müdürümüz Sn. Eser Şenkul ile bir araya gelerek; ilk aşamada Nazilli ve kırsal mahallelerimizde açılmasını planladığımız Diş Kliniği ve Mobil Diş Sağlığı hizmetlerimizle ilgili imzalarımızı attık.  Aydınımıza ve tüm vatandaşlarımıza hayırlı uğurlu olsun.";
https://www.instagram.com/p/DQhBL3KjFYz/;Carousel;2030;96;0;2025-11-01 16:42:18;https://scontent.cdninstagram.com/v/t51.82787-15/572095456_18536873662053189_5453917186764910701_n.jpg?stp=dst-jpg_e35_tt6&_nc_cat=100&ig_cache_key=Mzc1NjI4ODc2NTE5MTgzOTc4NQ%3D%3D.3-ccb7-5&ccb=7-5&_nc_sid=58cdad&efg=eyJ2ZW5jb2RlX3RhZyI6InhwaWRzLjkwMHg1MDYuc2RyLkMzIn0%3D&_nc_ohc=gioXOQoairoQ7kNvwF3btor&_nc_oc=Adke6no7jz1ij7e2Ds6Ouoq91-6QBEYi8K10i1oltxd8oIi9-ylCCAv0VL8PVRkCo-o&_nc_ad=z-m&_nc_cid=0&_nc_zt=23&_nc_ht=scontent.cdninstagram.com&_nc_gid=t98U3bfwq1IlcX-h6ezABA&oh=00_AfiX7DRugRH1JIkMkfUDucNTQiG3Awl0iELH1tmFn5oARg&oe=6930FCD0;AK Parti Genel Merkez Kadın Kolları Başkanımız Sn. Tuğba Işık Ercan, İl Başkanımız Sn. Mehmet Erdem, milletvekillerimiz, kadın kolları MYK ve MKYK üyelerimiz, kadın belediye başkanlarımız, kadın kolları il başkanımız ve partililerimiz ile birlikte AK Parti Aydın İl Kadın Kolları Danışma Meclisi Toplantımızı gerçekleştirdik.;
https://www.instagram.com/p/DQg2WrOjB03/;Carousel;1994;46;0;2025-11-01 15:07:39;https://scontent.cdninstagram.com/v/t51.82787-15/572796636_18536862460053189_4715063951412451484_n.jpg?stp=dst-jpg_e35_tt6&_nc_cat=107&ig_cache_key=Mzc1NjI0MTEzNTU1NjQwMzM0NQ%3D%3D.3-ccb7-5&ccb=7-5&_nc_sid=58cdad&efg=eyJ2ZW5jb2RlX3RhZyI6InhwaWRzLjE0NDB4OTYwLnNkci5DMyJ9&_nc_ohc=tNlXYxEmSOoQ7kNvwEWkyjY&_nc_oc=AdlFygS0S91witN-kn1_KkyNUvk48mdGe3CHRsNrr3B6bHxjvlo8xOk9i2-Xdh4JDWY&_nc_ad=z-m&_nc_cid=0&_nc_zt=23&_nc_ht=scontent.cdninstagram.com&_nc_gid=t98U3bfwq1IlcX-h6ezABA&oh=00_AfiYOeEdm3O4T0cmOIY7spOi8kicLRqn6dQHJrD_za7yag&oe=69311AC5;AK Parti Genel Merkez Kadın Kolları Başkanımız Sn. Tuğba Işık Ercan, milletvekillerimiz, kadın kolları MYK ve MKYK üyelerimiz, kadın belediye başkanlarımız ve kadın kolları il başkanımız ile birlikte Zeytin Değirmeni Zeytin İşletmesi’ni ziyaret ettik.  Geleceğe bırakacağımız en büyük miras olan zeytinimizi korumak için çalışmaya devam edeceğiz.;
https://www.instagram.com/p/DQgvOgHDKw3/;Carousel;1751;33;0;2025-11-01 14:05:22;https://scontent.cdninstagram.com/v/t51.82787-15/573335906_18536854399053189_4829188106739185858_n.jpg?stp=dst-jpg_e35_tt6&_nc_cat=100&ig_cache_key=Mzc1NjIwOTc4NDY0Mzk2Mjk0MQ%3D%3D.3-ccb7-5&ccb=7-5&_nc_sid=58cdad&efg=eyJ2ZW5jb2RlX3RhZyI6InhwaWRzLjEwNjV4NzEwLnNkci5DMyJ9&_nc_ohc=6ys55N4we14Q7kNvwEBOXNi&_nc_oc=AdlJ4_w9p5tK06vbi-sZkunrhNJfNpsHJZ1DQJiN1E9IGGG0hszk6_k6Sxq9BA-gRgI&_nc_ad=z-m&_nc_cid=0&_nc_zt=23&_nc_ht=scontent.cdninstagram.com&_nc_gid=t98U3bfwq1IlcX-h6ezABA&oh=00_Afhi-cqovyUQPJmUTbqrZciQko572Atn3f60q0hen8m4fg&oe=6931106A;AK Parti Genel Merkez Kadın Kolları Başkanımız Sn. Tuğba Işık Ercan, milletvekillerimiz, kadın kolları MYK ve MKYK üyelerimiz, kadın belediye başkanlarımız ve kadın kolları il başkanımız ile birlikte Kırıcı İncir İşletmesi’ni ziyaret ettik.  Aydınımızın stratejik ürünü olan incirimizi korumak için çalışmaya devam edeceğiz.;
https://www.instagram.com/p/DQetkGkjGP1/;Carousel;1188;9;0;2025-10-31 19:12:22;https://scontent.cdninstagram.com/v/t51.82787-15/573666729_18536717416053189_8703627450705141749_n.jpg?stp=dst-jpg_e35_tt6&_nc_cat=107&ig_cache_key=Mzc1NTYzOTUyNjQxNzc5MDk1MQ%3D%3D.3-ccb7-5&ccb=7-5&_nc_sid=58cdad&efg=eyJ2ZW5jb2RlX3RhZyI6InhwaWRzLjEwNjV4NzEwLnNkci5DMyJ9&_nc_ohc=Jy-zXXopzQcQ7kNvwHTRbT7&_nc_oc=AdkHVXmr5JJwPxDCVUDGMTM0b7P0FoZb9d5xzigDzFCttnFMJ9pc_MVpilbJzidU0o8&_nc_ad=z-m&_nc_cid=0&_nc_zt=23&_nc_ht=scontent.cdninstagram.com&_nc_gid=t98U3bfwq1IlcX-h6ezABA&oh=00_AfiJ6PcrkrlUEtbQtxOA-gNYGgzCOLgcrB8iNQoK0o8iEQ&oe=693114EA;AK Parti Genel Merkez Kadın Kolları Başkanımız Sn. Tuğba Işık Ercan, milletvekillerimiz, kadın kolları MYK ve MKYK üyelerimiz, kadın belediye başkanlarımız ve kadın kolları il başkanımız ile birlikte Otizm Destek Merkezi ve Otizm Sanat ve Gelişim Merkezimizi ziyaret ettik.  Otizm ve disleksi başta olmak üzere özel bireylerimiz için yoğun eğitim gerektiren her alanda daha fazla çalışmaya devam edeceğiz.;
https://www.instagram.com/p/DQeoj2rjC6E/;Carousel;2589;75;0;2025-10-31 18:28:38;https://scontent.cdninstagram.com/v/t51.82787-15/573082835_18536710594053189_4361687569993349395_n.jpg?stp=dst-jpg_e35_tt6&_nc_cat=100&ig_cache_key=Mzc1NTYxNzUxNTg1MTI0MjczMQ%3D%3D.3-ccb7-5&ccb=7-5&_nc_sid=58cdad&efg=eyJ2ZW5jb2RlX3RhZyI6InhwaWRzLjE0NDB4OTYxLnNkci5DMyJ9&_nc_ohc=R4ZX2J-cVbcQ7kNvwFLYWK8&_nc_oc=AdmZJZof41C1MZzIk9uYXT2BRKnpOJATmpsUFu33n7FNr_JquCIuwDCg-Y09tiIUIyY&_nc_ad=z-m&_nc_cid=0&_nc_zt=23&_nc_ht=scontent.cdninstagram.com&_nc_gid=t98U3bfwq1IlcX-h6ezABA&oh=00_Afg5OKaxLFFvBB2w1tP8TUly7kaQo9BJzozUilR4TrR89w&oe=69311D6D;AK Parti Genel Merkez Kadın Kolları Başkanımız Sn. Tuğba Işık Ercan, İl Başkanımız Sn. Mehmet Erdem, milletvekillerimiz, kadın kolları MYK ve MKYK üyelerimiz, kadın belediye başkanlarımız, kadın kolları il başkanımız ile birlikte belediyemizde toplantımızı gerçekleştirdik.  Kadınların ortak gücüyle ülkemize daha fazla hizmet etmek için çok çalışacağız.;
https://www.instagram.com/p/DQelbQTDC8r/;Carousel;1283;32;0;2025-10-31 18:01:15;https://scontent.cdninstagram.com/v/t51.82787-15/572656762_18536706847053189_8727627936762760067_n.jpg?stp=dst-jpg_e35_tt6&_nc_cat=103&ig_cache_key=Mzc1NTYwMzczMzk4MDY3MjcyNw%3D%3D.3-ccb7-5&ccb=7-5&_nc_sid=58cdad&efg=eyJ2ZW5jb2RlX3RhZyI6InhwaWRzLjEwNjV4NzEwLnNkci5DMyJ9&_nc_ohc=EnEm4aY15VAQ7kNvwEPPxhd&_nc_oc=AdmAgJGc2DI3cWUGEBWcfMNqdMDwgyJylmXEuhR1jXOpDkXoiw2XbXWLNAU6ckH_FaM&_nc_ad=z-m&_nc_cid=0&_nc_zt=23&_nc_ht=scontent.cdninstagram.com&_nc_gid=t98U3bfwq1IlcX-h6ezABA&oh=00_AfiDoiWTxhBbRPS0AubdKpgF6QFBNnCnl8oeIl2caOwXzQ&oe=69312278;AK Parti Genel Merkez Kadın Kolları Başkanımız Sn. Tuğba Işık Ercan, İl Başkanımız Sn. Mehmet Erdem, Milletvekilimiz Sn. Seda Sarıbaş ve Kadın Kolları İl Başkanımız Sn. Şahika Edremit ile birlikte Aydın Valiliğimizi ziyaret ettik.  Aydın Valimiz Sn. Yakup Canbolat’a  misafirperverliklerinden dolayı teşekkür ederiz.;
https://www.instagram.com/p/DQei8YkDDs8/;Carousel;1100;26;0;2025-10-31 17:39:33;https://scontent.cdninstagram.com/v/t51.82787-15/572979921_18536703547053189_2005010891908069847_n.jpg?stp=dst-jpg_e35_tt6&_nc_cat=107&ig_cache_key=Mzc1NTU5MjgxMjIxNDQxMzYyOA%3D%3D.3-ccb7-5&ccb=7-5&_nc_sid=58cdad&efg=eyJ2ZW5jb2RlX3RhZyI6InhwaWRzLjE0NDB4OTYwLnNkci5DMyJ9&_nc_ohc=96CNGnBjsicQ7kNvwG-2U59&_nc_oc=AdkbWr6WYP-iUr-sWFS0fAXMEcyT6zyD5OQkFs-jvtV5sm0B0gkLMB43TI9As2tAEU8&_nc_ad=z-m&_nc_cid=0&_nc_zt=23&_nc_ht=scontent.cdninstagram.com&_nc_gid=t98U3bfwq1IlcX-h6ezABA&oh=00_Afj7wXbt3XgbPbAyXhrqPzk9jwpHcwnIRzr1ybUy66X8Qw&oe=69311046;AK Parti Genel Merkez Kadın Kolları Başkanımız Sn. Tuğba Işık Ercan, İl Başkanımız Sn. Mehmet Erdem, milletvekillerimiz, kadın kolları MYK ve MKYK üyelerimiz, kadın belediye başkanlarımız, kadın kolları il başkanımız ve partililerimiz ile birlikte İl Başkanlığımızda buluştuk.  Kadınların gücüyle Aydınımıza ve ülkemize daha fazla hizmet etmeye devam edeceğiz.;
