﻿PostLink;PostTürü;BeğeniSayısı;YorumSayısı;Görüntülenme Sayısı;Tarih;DisplayPhoto;Caption;Takipçi
https://www.instagram.com/p/DRpRjsejPsv/;Carousel;511;1;0;2025-11-29 18:10:41;https://scontent.cdninstagram.com/v/t51.82787-15/587720787_18543289516063509_6182533347186756211_n.jpg?stp=dst-jpg_e35_tt6&_nc_cat=110&ig_cache_key=Mzc3NjYyNjk3NDg3NDQ0ODkwNw%3D%3D.3-ccb7-5&ccb=7-5&_nc_sid=58cdad&efg=eyJ2ZW5jb2RlX3RhZyI6InhwaWRzLjE0NDB4OTYwLnNkci5DMyJ9&_nc_ohc=_ittAOkRQjMQ7kNvwEmMe7r&_nc_oc=Adk155lI1bgRtWvAMS-gw37ZQqv82sdacv_qS_UT-YIQb-X9FWxe0YFyCbfeozU79JI&_nc_ad=z-m&_nc_cid=0&_nc_zt=23&_nc_ht=scontent.cdninstagram.com&_nc_gid=_L2atyx6Xsy9PENpaJrfMg&oh=00_Afiuz3gu1L4HI6jEGUwQAmy2q4frjGk6ky3Ug5Tk-gDXRA&oe=69310407;📍 AK Parti Elazığ İl Başkanlığı  Belediye meclis üyelerimizle birlikte İl Başkanımız Sayın İbrahim Sencer Selmanoğlu’nu ziyaret ettik.  Ziyaretimizin ardından AK Parti Grup Toplantımızı gerçekleştirdik.  Elazığ’ın geleceği için aynı hedefe yürüyen kadrolarımızla çalışmalarımızı kararlılıkla sürdürüyoruz.;69230
https://www.instagram.com/p/DRmzYceDMzE/;Carousel;618;1;0;2025-11-28 19:08:31;https://scontent.cdninstagram.com/v/t51.82787-15/588478074_18543144568063509_1693150181989849037_n.jpg?stp=dst-jpg_e35_tt6&_nc_cat=111&ig_cache_key=Mzc3NTkzMTMwNTAyMDg5NDkwMA%3D%3D.3-ccb7-5&ccb=7-5&_nc_sid=58cdad&efg=eyJ2ZW5jb2RlX3RhZyI6InhwaWRzLjEwNjV4NzEwLnNkci5DMyJ9&_nc_ohc=S37oc8duOLQQ7kNvwEziN4Y&_nc_oc=AdnfakfHLQkTgUg-wt52ATaE5hKCRQQayZbWZJOYykcZ1j8xpFnhVm0MOSX_56chRsg&_nc_ad=z-m&_nc_cid=0&_nc_zt=23&_nc_ht=scontent.cdninstagram.com&_nc_gid=_L2atyx6Xsy9PENpaJrfMg&oh=00_AfhBQ3o7eQT8-F1TCH--ATjhhN-zAMk7CJWlFE2GWAr7Gg&oe=69311F0E;Elazığ 2. Kahve ve Çikolata Festivali ☕🍫  28–29–30 Kasım tarihlerinde Ahmet Tevfik Ozan Fuar ve Kongre Merkezi’nde düzenlenen festivali ziyaret ettik.  Emeğiyle, katkısıyla, heyecanıyla festivale değer katan tüm herkese teşekkür ediyorum.  Hemşehrilerimizi bu lezzet dolu festivale davet ediyoruz!;
https://www.instagram.com/p/DRmq7iJiAaA/;Reels;1023;6;23469;2025-11-28 17:55:34;https://scontent.cdninstagram.com/v/t51.71878-15/588972897_4162685280645963_1881151686417645401_n.jpg?stp=dst-jpg_e15_tt6&_nc_cat=109&ig_cache_key=Mzc3NTg5NDE0NjY2NjQ2NDg5Ng%3D%3D.3-ccb7-5&ccb=7-5&_nc_sid=58cdad&efg=eyJ2ZW5jb2RlX3RhZyI6InhwaWRzLjY0MHgxMTM2LnNkci5DMyJ9&_nc_ohc=otI80stNGZMQ7kNvwHelxoU&_nc_oc=AdlJQtW_FudDZtwwg9_ej4rJJ2kSVXheQphMKjrMcD9CS6p8QipojohRUfF-qiIsBro&_nc_ad=z-m&_nc_cid=0&_nc_zt=23&_nc_ht=scontent.cdninstagram.com&_nc_gid=_L2atyx6Xsy9PENpaJrfMg&oh=00_Afg6rw0ELMPT_0udE-iWX0QM5T8PS_9OHkjyLyJcl9MzUQ&oe=69310DEB;Elazığ♥️;
https://www.instagram.com/p/DRmOFobDEeh/;Carousel;867;2;0;2025-11-28 13:42:38;https://scontent.cdninstagram.com/v/t51.82787-15/587717312_18543102784063509_2469740118085171612_n.jpg?stp=dst-jpg_e35_tt6&_nc_cat=108&ig_cache_key=Mzc3NTc2NzI4ODQ0OTEwOTgzNQ%3D%3D.3-ccb7-5&ccb=7-5&_nc_sid=58cdad&efg=eyJ2ZW5jb2RlX3RhZyI6InhwaWRzLjE0NDB4MTQ0MC5zZHIuQzMifQ%3D%3D&_nc_ohc=BIytchV1hQ0Q7kNvwE-4VL1&_nc_oc=AdlzhOif_LEYC8it4SjdupfhvaNc8e6t8rk5y8gc6bK-RG1oRsA9w_FN2qLeVxgTC20&_nc_ad=z-m&_nc_cid=0&_nc_zt=23&_nc_ht=scontent.cdninstagram.com&_nc_gid=_L2atyx6Xsy9PENpaJrfMg&oh=00_AfiTjE9OPTJBw-3GJTCBCXYrQ9HH3_ATS06iYYG9utCJ9w&oe=693100BF;Cuma namazımızı, Kültür Mahallemizdeki hemşehrilerimizle birlikte Kültür Cami’sinde eda ettik.   Ardından mahalle sakinlerimiz ile hasbihal ettik.   Rabbim, yapmış olduğumuz ibadetlerimizi kabul eylesin.  #HayırlıCumalar;
https://www.instagram.com/p/DRkg-3VjL4-/;Reels;1064;35;119357;2025-11-27 21:49:30;https://scontent.cdninstagram.com/v/t51.71878-15/589904857_860796776343421_6093493789771578715_n.jpg?stp=dst-jpg_e15_tt6&_nc_cat=104&ig_cache_key=Mzc3NTI4NzQ0NTE1NjU3NjgzMA%3D%3D.3-ccb7-5&ccb=7-5&_nc_sid=58cdad&efg=eyJ2ZW5jb2RlX3RhZyI6InhwaWRzLjY0MHgxMTM2LnNkci5DMyJ9&_nc_ohc=7fIr2PTK9kMQ7kNvwFc3caH&_nc_oc=Adl2aP8B_O8w4S42kBdn_JGT6NWlY_KCZCHk56qiYTRm_DhFqTUFARrYoNc_wHIX7oE&_nc_ad=z-m&_nc_cid=0&_nc_zt=23&_nc_ht=scontent.cdninstagram.com&_nc_gid=_L2atyx6Xsy9PENpaJrfMg&oh=00_AfhqO7qNdqwCatcMqSPs1mEXVxYRbRAQGPZpAqLZ6HK1Xw&oe=6930FA21;Kitap Fuarımız, çocuklarımız ile cıvıl cıvıl😊;
https://www.instagram.com/p/DRj50YJjPDE/;Carousel;627;8;0;2025-11-27 16:07:02;https://scontent.cdninstagram.com/v/t51.82787-15/588483610_18542964556063509_8497108731506060999_n.jpg?stp=dst-jpg_e35_tt6&_nc_cat=105&ig_cache_key=Mzc3NTExNTE4MzcyMzk0NTc4Nw%3D%3D.3-ccb7-5&ccb=7-5&_nc_sid=58cdad&efg=eyJ2ZW5jb2RlX3RhZyI6InhwaWRzLjE0NDB4OTYwLnNkci5DMyJ9&_nc_ohc=zPoi2L1rKdQQ7kNvwFwcGJ3&_nc_oc=AdneQRuwX_inAD99GCnS8l4uwNNoE2duxR10Q_bl4MSgDY3cYNOLNGq48K-gF6CXsNk&_nc_ad=z-m&_nc_cid=0&_nc_zt=23&_nc_ht=scontent.cdninstagram.com&_nc_gid=_L2atyx6Xsy9PENpaJrfMg&oh=00_AfgrLjQZ2RiiRyBG3gPvqgDMlWHF_lgIZ6DDMQ0d_z-ZTA&oe=69310FED;6️⃣. Kitap Fuarı’mız yine dopdolu, yine coşkulu!   Kitap sevgisiyle alanı dolduran tüm hemşehrilerime gönülden teşekkür ediyorum.   Şehrimizin kültürel kalkınması ve tanıtımına katkı sağlamak adına var gücümüzle çalışmaya devam ediyoruz.;
https://www.instagram.com/p/DRhPvPkjMf2/;Photo;501;2;0;2025-11-26 15:20:51;https://scontent.cdninstagram.com/v/t51.82787-15/589034059_18542808238063509_7735183291589973127_n.jpg?stp=dst-jpg_e35_tt6&_nc_cat=101&ig_cache_key=Mzc3NDM2NzE3OTk0NTU5MjgyMg%3D%3D.3-ccb7-5&ccb=7-5&_nc_sid=58cdad&efg=eyJ2ZW5jb2RlX3RhZyI6InhwaWRzLjEyMTF4MTUxNS5zZHIuQzMifQ%3D%3D&_nc_ohc=QJCP2B21EbUQ7kNvwFSspZ6&_nc_oc=AdkrjH7Oser9IZgHtQijEzGxM7JNsGBQGJ7GeWxOFyolciQW3B5IwS0-Bl2Uwu6KiQM&_nc_ad=z-m&_nc_cid=0&_nc_zt=23&_nc_ht=scontent.cdninstagram.com&_nc_gid=_L2atyx6Xsy9PENpaJrfMg&oh=00_AfgAqBRk24bufYg4nVwYpOHnOtcpNZgAJLMYv12ORAWVTw&oe=69312B83;Deplasmanda Beykoz Anadolu Spor A.Ş.’yi 7-0 mağlup eden Seza Çimento Elazığspor’umuzu yürekten kutluyorum. 👏🇱🇻;
https://www.instagram.com/p/DReSjZgDG5d/;Photo;272;0;0;2025-11-25 11:47:44;https://scontent.cdninstagram.com/v/t51.82787-15/589616890_18542634961063509_4585638191790007632_n.jpg?stp=dst-jpg_e35_tt6&_nc_cat=107&ig_cache_key=Mzc3MzUzNTEzNTE4MzE3MTE2NQ%3D%3D.3-ccb7-5&ccb=7-5&_nc_sid=58cdad&efg=eyJ2ZW5jb2RlX3RhZyI6InhwaWRzLjE0NDB4MTkyMC5zZHIuQzMifQ%3D%3D&_nc_ohc=UWfavDPlZlEQ7kNvwHjXtWA&_nc_oc=AdlH663-pLEZAbpCjEGMeKFFcmSktsxSHpTVxkrXvZcdH9JkDRkQD4j-iRNaHmIoolc&_nc_ad=z-m&_nc_cid=0&_nc_zt=23&_nc_ht=scontent.cdninstagram.com&_nc_gid=_L2atyx6Xsy9PENpaJrfMg&oh=00_AfiwpILY67pjw_P2VYJrVxQsgtxOELGgpkHde7_tmeRx-A&oe=69312849;Kadına yönelik her türlü şiddetin karşısında durmak, hepimizin ortak görevidir.  25 Kasım Kadına Yönelik Şiddete Karşı Uluslararası Mücadele Günü’nde, şiddete uğrayan tüm kadınlara destek olduğumuzu bir kez daha ifade ediyoruz.  Birlikte ve kararlılıkla sesleniyoruz: #KadınaŞiddeteHayır!;
https://www.instagram.com/p/DRc54uBjOHQ/;Photo;732;0;0;2025-11-24 22:52:57;https://scontent.cdninstagram.com/v/t51.82787-15/588344832_18542560408063509_6759508452410864688_n.jpg?stp=dst-jpg_e35_tt6&_nc_cat=106&ig_cache_key=Mzc3MzE0NTE3NDE4OTU5NzEzNg%3D%3D.3-ccb7-5&ccb=7-5&_nc_sid=58cdad&efg=eyJ2ZW5jb2RlX3RhZyI6InhwaWRzLjEwNTB4MTA1Ny5zZHIuQzMifQ%3D%3D&_nc_ohc=F0DmDjOUlcwQ7kNvwGkz_f8&_nc_oc=AdnWrIKjwtuORA7QxKDAGeN2zYuoN2WoUUoyEI4tUSSWbIl3gKkcvG_MgdtEKKd_u18&_nc_ad=z-m&_nc_cid=0&_nc_zt=23&_nc_ht=scontent.cdninstagram.com&_nc_gid=_L2atyx6Xsy9PENpaJrfMg&oh=00_AfgjMzbE28b1zRxFPZISwNUBQyREdhGH_FDFrH092Rwwtw&oe=6931283B;TBMM Plan ve Bütçe Komisyonu’nda Milletvekilimiz Sayın Ejder Açıkkapı ile CHP Kars Milletvekili İnan Akgün Alp arasında yaşanan görüntülere tanık olurken gerçekten üzüldük.  Siyasi olgunluğu ve nezaketiyle her zaman şehrimizin ve milletimizin hukukunu savunan Sayın Ejder Açıkkapı’nın vakar dolu tutumunu gönülden kutluyor, kendisine desteğimi ifade ediyorum.  CHP Milletvekilinin de Kars’ın köklü kültürünün hoşgörüsünden pay almasını diliyorum.  Siyasetin seviyesini belirleyen en önemli ölçü, topluma duyulan saygıdır.;
https://www.instagram.com/p/DRc5NVWjNye/;Reels;854;5;135644;2025-11-24 22:47:34;https://scontent.cdninstagram.com/v/t51.71878-15/590420702_1921363231926456_8377859319190332242_n.jpg?stp=dst-jpg_e15_tt6&_nc_cat=101&ig_cache_key=Mzc3MzE0MjE5Mjc2MDg3MjA5NA%3D%3D.3-ccb7-5&ccb=7-5&_nc_sid=58cdad&efg=eyJ2ZW5jb2RlX3RhZyI6InhwaWRzLjY0MHgxMTM2LnNkci5DMyJ9&_nc_ohc=a4olDu-wlyYQ7kNvwGxfMk4&_nc_oc=AdkDjbIvoYc2kTLjW947HZ2NWWpeFJMu5Bml6L0jY9YMXbNMEDa-hQCN1bwI3-WABDo&_nc_ad=z-m&_nc_cid=0&_nc_zt=23&_nc_ht=scontent.cdninstagram.com&_nc_gid=_L2atyx6Xsy9PENpaJrfMg&oh=00_AfhVcjPRFEUBdWCjWJ_WoD1LNENfhmzrMad2He_4g3XNsw&oe=6931219E;Aile ise toplumumuzun temel direği, geleceğimizin en sağlam teminatıdır.  📍 Ailefest – Ahmet Tevfik Ozan Fuar ve Kongre Merkezi;
https://www.instagram.com/p/DRccaATjBZx/;Carousel;619;2;0;2025-11-24 18:35:21;https://scontent.cdninstagram.com/v/t51.82787-15/588630428_18542528230063509_815336685308006190_n.jpg?stp=dst-jpg_e35_tt6&_nc_cat=110&ig_cache_key=Mzc3MzAxNTUxNDE3Njg0OTU5MQ%3D%3D.3-ccb7-5&ccb=7-5&_nc_sid=58cdad&efg=eyJ2ZW5jb2RlX3RhZyI6InhwaWRzLjE0NDB4OTU5LnNkci5DMyJ9&_nc_ohc=xpu9XJwPmFIQ7kNvwF0-jo7&_nc_oc=AdmzZrPViMkUmF8oRrczXU9YHFY711F8uKb5hhDJvRq1lxel9rsSFvrxO4mCKHlCGFo&_nc_ad=z-m&_nc_cid=0&_nc_zt=23&_nc_ht=scontent.cdninstagram.com&_nc_gid=_L2atyx6Xsy9PENpaJrfMg&oh=00_AfguYqlP0ml7LIhZZYCagSj8QV48qcsnw_J-tCKishwEDQ&oe=6930FB8D;Kültür Park📍  Türkiye Diyanet Vakfımız tarafından Kültür Park’ta kurulan kermesi ziyaret ederek emek veren tüm kardeşlerimize kolaylıklar diledik.  Bu güzel organizasyonun hayırlara vesile olmasını temenni ediyorum.;
https://www.instagram.com/p/DRcVFgFjPzS/;Carousel;745;0;0;2025-11-24 17:31:23;https://scontent.cdninstagram.com/v/t51.82787-15/587516937_18542519113063509_2110683751158018818_n.jpg?stp=dst-jpg_e35_tt6&_nc_cat=105&ig_cache_key=Mzc3Mjk4MzMyMDU5NTE1NjY5Mg%3D%3D.3-ccb7-5&ccb=7-5&_nc_sid=58cdad&efg=eyJ2ZW5jb2RlX3RhZyI6InhwaWRzLjE0NDB4OTU5LnNkci5DMyJ9&_nc_ohc=xKqWXzmznx4Q7kNvwElIAba&_nc_oc=Adm3O4KHixek3UaVfzwJzka6ohqSXcSBvPC1c7uiPv48wTi3baAoGLJYMEj9PGL4ksY&_nc_ad=z-m&_nc_cid=0&_nc_zt=23&_nc_ht=scontent.cdninstagram.com&_nc_gid=_L2atyx6Xsy9PENpaJrfMg&oh=00_Afj2ttL99TOKk0h1Dm7QY-0Yey48UX2P8MPkGeRuKln0BQ&oe=69311F92;"Evlilik; sevginin, sadakatin ve birlikteliğin en güçlü kurumudur. Aile ise toplumumuzun temel direği, geleceğimizin en sağlam teminatıdır.  2025 Aile Yılı kapsamında düzenlediğimiz Aile Festivalimizde, Ayça Elif ve Yavuz çiftimizin nikâh akdini gerçekleştirdik.  Çiftimize bir ömür boyu mutluluklar diliyor, Atabay ve Beyazelma ailesine hayırlı olsun dileklerimi iletiyorum.";
https://www.instagram.com/p/DRcTCxJjKuj/;Carousel;559;1;0;2025-11-24 17:13:32;https://scontent.cdninstagram.com/v/t51.82787-15/587400487_18542516302063509_3774019453706118979_n.jpg?stp=dst-jpg_e35_tt6&_nc_cat=107&ig_cache_key=Mzc3Mjk3NDMzMTg0OTM5MTM3Mg%3D%3D.3-ccb7-5&ccb=7-5&_nc_sid=58cdad&efg=eyJ2ZW5jb2RlX3RhZyI6InhwaWRzLjE0NDB4OTU5LnNkci5DMyJ9&_nc_ohc=Ptw3GWgarYcQ7kNvwGPp1Y9&_nc_oc=AdlVhjmJ1kIAGuJy39sd7Sm-TKP_UdMII5rRr_Xn7Ukuwkw9tGUeqm8xB1YhaS-LwWI&_nc_ad=z-m&_nc_cid=0&_nc_zt=23&_nc_ht=scontent.cdninstagram.com&_nc_gid=u507yKKpgcZcsNZt_YbKTQ&oh=00_AfgsMZGHBZvTcAAEy2gZHNpOfsIXVIv2NJVw6xYoFtsC6g&oe=6931160F;"Ahmet Tevfik Ozan Fuar ve Kongre Merkezi’mizdeyiz.  Cumhurbaşkanımız Sayın Recep Tayyip Erdoğan önderliğinde ilan edilen 2025 Aile Yılı kapsamında;   belediyemiz öncülüğünde il müdürlüklerimizle birlikte düzenlediğimiz Aile Festivalimizde stantlarımızı ve ailelerimizi ziyaret ettik.  Aile; toplumumuzun mayası, kültürümüzün temeli, şehrimizin en büyük gücüdür. Birlik, sevgi ve dayanışmanın yaşatıldığı her aile, güçlü bir geleceğin de mimarıdır.";
https://www.instagram.com/p/DRbzriKDO7f/;Carousel;836;5;0;2025-11-24 12:39:29;https://scontent.cdninstagram.com/v/t51.82787-15/587747342_18542482054063509_9150906976949046103_n.jpg?stp=dst-jpg_e35_tt6&_nc_cat=104&ig_cache_key=Mzc3MjgzNjM5Njk3ODE5MjkyNA%3D%3D.3-ccb7-5&ccb=7-5&_nc_sid=58cdad&efg=eyJ2ZW5jb2RlX3RhZyI6InhwaWRzLjE0NDB4OTU5LnNkci5DMyJ9&_nc_ohc=Q_VYQkhW0xkQ7kNvwEag3jH&_nc_oc=Adn_whw3PiYq7_2532lpIKBB_c1iLkHoXAyWUDfP1vVBV4_uHjsn-cjsW3BnqTXQrqQ&_nc_ad=z-m&_nc_cid=0&_nc_zt=23&_nc_ht=scontent.cdninstagram.com&_nc_gid=u507yKKpgcZcsNZt_YbKTQ&oh=00_AfglducvPyM1jLAjKQgzyN-hZKqCnd4S3JRRvloWIB_Vsw&oe=69311E20;"Valimiz Sayın Numan Hatipoğlu ve il protokolümüzle birlikte; Mehmet Koloğlu Anadolu Lisesi öğrencileri tarafından düzenlenen;  24 Kasım Öğretmenler Günü programında kıymetli öğretmen ve öğrencilerimizle bir araya geldik.  Bu vesileyle bir kez daha bu kıymetli mesleği icra ederek nice hayatlara dokunup,  çocuklarımızı aydınlık yarınlara hazırlayan kıymetli öğretmenlerimizin 24 Kasım Öğretmenler Günü’nü kutluyorum.  📍 Bünyamin Eroğlu Kültür ve Kongre Merkezi";
https://www.instagram.com/p/DRbX3G_DL5w/;Photo;339;0;0;2025-11-24 08:36:23;https://scontent.cdninstagram.com/v/t51.82787-15/588258835_18542459920063509_7849884754368268366_n.jpg?stp=dst-jpg_e35_tt6&_nc_cat=108&ig_cache_key=Mzc3MjcxNDA1NDk5NDE0ODk3Ng%3D%3D.3-ccb7-5&ccb=7-5&_nc_sid=58cdad&efg=eyJ2ZW5jb2RlX3RhZyI6InhwaWRzLjE0NDB4ODIyLnNkci5DMyJ9&_nc_ohc=K07lXkqnMVQQ7kNvwEx7Um9&_nc_oc=Admvztq4-b02wdva7Sgm8ql3FmBOj5HQi0Ca4LyYQJhxMHy9pY0-KvjwJgBbUZbWZZM&_nc_ad=z-m&_nc_cid=0&_nc_zt=23&_nc_ht=scontent.cdninstagram.com&_nc_gid=u507yKKpgcZcsNZt_YbKTQ&oh=00_AfiAtXPpkkjLxRrGt3-7BWnJTMmBoYpmp8b-X2rNf3-6Fg&oe=69310B28;Geleceğimizin mimarı, fedakârlığın ve sevginin timsali öğretmenlerimize şükranlarımızla…  Öğretmenler Günü’nüz kutlu olsun.;
https://www.instagram.com/p/DRZ9zmrjNvK/;Photo;611;9;0;2025-11-23 19:29:29;https://scontent.cdninstagram.com/v/t51.82787-15/588464707_18542373898063509_2218633045556503117_n.jpg?stp=dst-jpg_e35_tt6&_nc_cat=100&ig_cache_key=Mzc3MjMxNzk4OTk2MjgzMjg0Mg%3D%3D.3-ccb7-5&ccb=7-5&_nc_sid=58cdad&efg=eyJ2ZW5jb2RlX3RhZyI6InhwaWRzLjcyMHg0ODAuc2RyLkMzIn0%3D&_nc_ohc=AgxgU4tvBDwQ7kNvwGl9cgn&_nc_oc=AdnSe1qMjSTI7smhRQQJfIulrF6dGGRyN-SA2qeS6cL52PxZPyixzmw30enWG2cQ3bc&_nc_ad=z-m&_nc_cid=0&_nc_zt=23&_nc_ht=scontent.cdninstagram.com&_nc_gid=u507yKKpgcZcsNZt_YbKTQ&oh=00_AfjfE7eFUlxcp6z9xpQw-VecD8XTJCDjRCrHduHHIMACAQ&oe=6930FE8A;İl Kadın Kolları Başkanımız Sayın Burcu Tüver ve yönetimine, görev süreleri boyunca partimiz, davamız ve Elazığ’ımız adına ortaya koydukları tüm gayretler için şükranlarımı sunuyor, bundan sonraki çalışmalarında başarı, sağlık ve huzur diliyorum.;
https://www.instagram.com/p/DRXohXFjBtH/;Reels;1113;19;37894;2025-11-22 21:46:00;https://scontent.cdninstagram.com/v/t51.71878-15/585395702_822099160697282_8867148275440052419_n.jpg?stp=dst-jpg_e15_tt6&_nc_cat=108&ig_cache_key=Mzc3MTY2MTQyNzMzODM4NjI0Nw%3D%3D.3-ccb7-5&ccb=7-5&_nc_sid=58cdad&efg=eyJ2ZW5jb2RlX3RhZyI6InhwaWRzLjY0MHgxMTM2LnNkci5DMyJ9&_nc_ohc=XtqYqeI-RH8Q7kNvwHGKl2P&_nc_oc=Adka9r655eoeQCtsmu5yBg49MOG7yQZ3rEu63TWvycMyTTFOUkecGMMUPM0YKsukfPc&_nc_ad=z-m&_nc_cid=0&_nc_zt=23&_nc_ht=scontent.cdninstagram.com&_nc_gid=u507yKKpgcZcsNZt_YbKTQ&oh=00_AfjPhISpP4EAub-e9XzFJGp5vZ1csIDAjyuQxWDDHwv4og&oe=69311AC3;Elazığ Belediyesi 6️⃣. Kitap Fuarımız 📚  30 Kasım’a kadar sürecek olan fuarımıza tüm kitapseverlerimizi bekliyoruz.  📍 Ahmet Tevfik Ozan Fuar ve Kongre Merkezi;
https://www.instagram.com/p/DRXFPjFjAvO/;Carousel;681;1;0;2025-11-22 16:36:44;https://scontent.cdninstagram.com/v/t51.82787-15/587178505_18542184865063509_1965974501027704464_n.jpg?stp=dst-jpg_e35_tt6&_nc_cat=109&ig_cache_key=Mzc3MTUwNjI1NTk5MTcwMDg5OA%3D%3D.3-ccb7-5&ccb=7-5&_nc_sid=58cdad&efg=eyJ2ZW5jb2RlX3RhZyI6InhwaWRzLjg5Nng1OTYuc2RyLkMzIn0%3D&_nc_ohc=xKiFYsyWxsoQ7kNvwECdGdb&_nc_oc=AdlwvqycGvMT5U9nI8vB3uNr7OMWXKqrJy4r1_Zk8rToikoBtDpmrtVlFP3kLcMFaUI&_nc_ad=z-m&_nc_cid=0&_nc_zt=23&_nc_ht=scontent.cdninstagram.com&_nc_gid=u507yKKpgcZcsNZt_YbKTQ&oh=00_AfjOKCNzom-_P8wrlwhqzrqNB-Vx_sZqDarwHUimf7ANZg&oe=69311D0B;Bugün bir kültür şöleninin, bir gönül buluşmasının, bir ilim ve irfan bayramının kapılarını yeniden aralıyoruz.   AK Parti Genel Merkez Teşkilat Başkanlığı Elazığ İl Koordinatörümüz Sayın Cengiz Demirkaya, AK Parti İl Başkanımız Sayın İbrahim Sencer Selmanoğlu, Elazığ Ticaret ve Sanayi Odası Başkanımız Sayın İdris Alan, protokol üyelerimiz ve STK temsilcilerimizle birlikte Elazığ Belediyesi 6. Kitap Fuarı’mızın açılışını gerçekleştirdik.  Hemşehrilerimize ve özelliklede geleceğimiz olan evlatlarımıza gösterdikleri yoğun ilgiden dolayı teşekkür ediyorum.  30 Kasım’a kadar devam edecek olan kitap fuarımıza tüm hemşehrilerimizi bekliyoruz.;
https://www.instagram.com/p/DRWoSuHDOJT/;Carousel;561;0;0;2025-11-22 12:23:46;https://scontent.cdninstagram.com/v/t51.82787-15/587589942_18292097311274237_159957568383503473_n.jpg?stp=dst-jpg_e35_tt6&_nc_cat=102&ig_cache_key=Mzc3MTM3ODkzMzIxMjk0Mzk2MA%3D%3D.3-ccb7-5&ccb=7-5&_nc_sid=58cdad&efg=eyJ2ZW5jb2RlX3RhZyI6InhwaWRzLjE0NDB4OTU5LnNkci5DMyJ9&_nc_ohc=hlkstXaEzQkQ7kNvwFPT1Wb&_nc_oc=AdlZMDlSdTc4WVarOzSteB6XhfMF5Xfh3la56HCkpaT4Sz9pn7kL6wmJ0BUChUXF_Eo&_nc_ad=z-m&_nc_cid=0&_nc_zt=23&_nc_ht=scontent.cdninstagram.com&_nc_gid=u507yKKpgcZcsNZt_YbKTQ&oh=00_AfiI8fJulLA5DAdc-MQT_GvNTa8y7TR_6X486IOGEKerrA&oe=6931027D;"Elazığ Belediyesi 6. Kitap Fuarı başladı!  Fuarımız, ziyaretçilerini ağırlıyor;   kitap kokusu, yazar buluşmaları ve kültür dolu atmosferiyle şehrimize hareket katıyor. 📚✨  📍 Ahmet Tevfik Ozan Fuar ve Kongre Merkezi ⏰ 10.00 – 21.00";
https://www.instagram.com/p/DRVFXPGjlAX/;Carousel;285;1;0;2025-11-21 21:59:19;https://scontent.cdninstagram.com/v/t51.82787-15/587707981_18292044439274237_6894191184225663230_n.jpg?stp=dst-jpg_e35_tt6&_nc_cat=104&ig_cache_key=Mzc3MDk0MzgzNTE0OTg2NTUxMQ%3D%3D.3-ccb7-5&ccb=7-5&_nc_sid=58cdad&efg=eyJ2ZW5jb2RlX3RhZyI6InhwaWRzLjExNTZ4MTQ0NS5zZHIuQzMifQ%3D%3D&_nc_ohc=WO87KchimtUQ7kNvwEQxHsr&_nc_oc=AdmeAXjFG8yGI70T_Ce_ixWLFqum7A1HMhrRjP5JLj7dkMYNmbmZJ2olM3J6NSrjCfU&_nc_ad=z-m&_nc_cid=0&_nc_zt=23&_nc_ht=scontent.cdninstagram.com&_nc_gid=u507yKKpgcZcsNZt_YbKTQ&oh=00_Afi54KkOp-vfj28kyzXR2qQYA1VNVEm2QRsgFzQpyliAgQ&oe=6930F832;"Elazığ Belediyesi 6. Kitap Fuarı Başlıyor!📚  22–30 Kasım 2025 tarihleri arasında Ahmet Tevfik Ozan Fuar ve Kongre Merkezi’nde gerçekleştirilecek olan fuar; yazar buluşmaları, söyleşiler ve imza günleriyle dolu dolu bir kültür şöleni sunuyor.  📍 Ziyaret Saatleri: 10.00 – 21.00  22 Kasım Cumartesi Programı:  	•	Abdullah Yıldız – Aile ve Namaz 📌 Söyleşi: 18.30 ✍️ İmza: 19.30 	•	Ayşe Ayaz ✍️ İmza: 15.00 	•	İslam Memiş – Paranın Şifresi 📌 Söyleşi: 16.30 ✍️ İmza: 17.30 	•	Kahraman Tazeoğlu – Psikolojik Edebiyat 📌 Söyleşi: 17.30 ✍️ İmza: 18.30 	•	Selma Argon Ersoy – Mehmet Akif Ersoy’un Torunu 📌 Söyleşi: 15.30 ✍️ İmza: 16.30 	•	Mehmet Hacısmailoğlu – Dedem Mehmet Akif Ersoy 📌 Söyleşi: 15.30 ✍️ İmza: 16.30";
https://www.instagram.com/p/DRUnNSfDOfE/;Reels;580;4;24200;2025-11-21 17:36:10;https://scontent.cdninstagram.com/v/t51.71878-15/587214936_1496231341589786_1522651165771726723_n.jpg?stp=dst-jpg_e15_tt6&_nc_cat=101&ig_cache_key=Mzc3MDgxMTIyNTAzMTM3MDY5Mg%3D%3D.3-ccb7-5&ccb=7-5&_nc_sid=58cdad&efg=eyJ2ZW5jb2RlX3RhZyI6InhwaWRzLjY0MHgzNjAuc2RyLkMzIn0%3D&_nc_ohc=eYBcTLYIW8QQ7kNvwGnM_64&_nc_oc=AdmysYj6j11InVaYQRbvQbDrc_X06mKiPl7iZ1KhfLsBBPCVretfuIE73h0BKhqQ6FU&_nc_ad=z-m&_nc_cid=0&_nc_zt=23&_nc_ht=scontent.cdninstagram.com&_nc_gid=u507yKKpgcZcsNZt_YbKTQ&oh=00_AfhTgaOolpWgQVnZsl41umvtlIsKfsoi08L6rJ5nmpnDRg&oe=6930FBDB;Biraz Nostalji 📸;
https://www.instagram.com/p/DRUjtZzDBpk/;Reels;404;1;96773;2025-11-21 17:11:14;https://scontent.cdninstagram.com/v/t51.71878-15/587707981_1772808777008865_1832729636285380775_n.jpg?stp=dst-jpg_e15_tt6&_nc_cat=107&ig_cache_key=Mzc3MDc5NTgzOTcyMDI2NjM0MA%3D%3D.3-ccb7-5&ccb=7-5&_nc_sid=58cdad&efg=eyJ2ZW5jb2RlX3RhZyI6InhwaWRzLjY0MHgxMTM2LnNkci5DMyJ9&_nc_ohc=FjX0LU2gmQYQ7kNvwEe2AS6&_nc_oc=AdkMn_uEy8hxvgHXt8UIUyXVTUkv1SeWWo6jg4NneIDYix5512EI6aZZwOHLGK8QZlE&_nc_ad=z-m&_nc_cid=0&_nc_zt=23&_nc_ht=scontent.cdninstagram.com&_nc_gid=u507yKKpgcZcsNZt_YbKTQ&oh=00_AfhVU0F5-wD90QS57ypdbTsKl0Ee6klef3pPPul9qx3Ofw&oe=6930FC69;Binlerce kitap, imza günleri, söyleşiler ve dopdolu bir kültür atmosferi… Elazığ’ın en büyük ve en kapsamlı kitap şöleni başlıyor! 📚✨  ⏰ Ziyaret Saatleri: 10.00 – 21.00 📍 Ahmet Tevfik Ozan Fuar ve Kongre Merkezi;
https://www.instagram.com/p/DRUPMCKDHTS/;Photo;540;4;0;2025-11-21 14:05:55;https://scontent.cdninstagram.com/v/t51.82787-15/587130747_18542000971063509_8170392395342330265_n.jpg?stp=dst-jpg_e35_tt6&_nc_cat=103&ig_cache_key=Mzc3MDcwNTU4NTY2MzQwNzMxNA%3D%3D.3-ccb7-5&ccb=7-5&_nc_sid=58cdad&efg=eyJ2ZW5jb2RlX3RhZyI6InhwaWRzLjE0NDB4OTYwLnNkci5DMyJ9&_nc_ohc=mILvdLVrchgQ7kNvwF95fOp&_nc_oc=AdlakVCBxJIYCSe_8ezCquUCL3CDZwOS7QZemvSKxRvhc5hDoABNJORL1Qmv2sAztbY&_nc_ad=z-m&_nc_cid=0&_nc_zt=23&_nc_ht=scontent.cdninstagram.com&_nc_gid=u507yKKpgcZcsNZt_YbKTQ&oh=00_AfiAlQr5GSSej0VY-d4GlE0Q9FqrlDEFnTIUpoJRuGtd6A&oe=69311D97;AK Parti Elazığ İl Başkanımız Sayın İbrahim Sencer Selmanoğlu, AK Parti Genel Merkez Kadın Kolları Teşkilat Başkanı Sayın Tülay Kaynarca, AK Parti Genel Merkez Kadın Kolları MKYK Üyemiz ve AK Parti İl Koordinatörümüz Sayın Nurdan Ertuğrul ile İl Kadın Kolları Başkanımız Sayın Burcu Tüver bizleri ziyaret ettiler.  Değerli misafirlerimize nazik ziyaretlerinden dolayı teşekkür ediyorum.;
https://www.instagram.com/p/DRUMzcGDP-N/;Carousel;626;0;0;2025-11-21 13:45:05;https://scontent.cdninstagram.com/v/t51.82787-15/583858138_18541998883063509_225125910663441481_n.jpg?stp=dst-jpg_e35_tt6&_nc_cat=100&ig_cache_key=Mzc3MDY5NTA5NDE4MjQwNDM4OA%3D%3D.3-ccb7-5&ccb=7-5&_nc_sid=58cdad&efg=eyJ2ZW5jb2RlX3RhZyI6InhwaWRzLjEwNjV4NzEwLnNkci5DMyJ9&_nc_ohc=cGroGApEqZsQ7kNvwGCNZ6V&_nc_oc=Adl5AZmdsVLWPvSLvKQNywXrOpf8R3CKwsXeSH6a2Y5IM3AFrBTCS7kfjkwH5Na6wAY&_nc_ad=z-m&_nc_cid=0&_nc_zt=23&_nc_ht=scontent.cdninstagram.com&_nc_gid=u507yKKpgcZcsNZt_YbKTQ&oh=00_AfgrqpqULSuVoyoM7imsEZd9d16DCTWYRer0BnKC2VRu5Q&oe=6931190D;Zafran Mahallemizdeki TOKİ Cami’sinde cuma namazımızı hemşehrilerimizle birlikte eda ettik.  Ardından Mahalle Muhtarımız Sayın Selahattin Kuşaksız ile hemşehrilerimizin çay sohbetlerine misafir olduk.;
https://www.instagram.com/p/DRRiypCjPlZ/;Carousel;457;0;0;2025-11-20 12:59:30;https://scontent-ber1-1.cdninstagram.com/v/t51.82787-15/584413390_18541847833063509_7974165548542879803_n.jpg?stp=dst-jpg_e35_tt6&_nc_cat=102&ig_cache_key=Mzc2OTk0NzM2NjQ0Nzk1MTEzOQ%3D%3D.3-ccb7-5&ccb=7-5&_nc_sid=58cdad&efg=eyJ2ZW5jb2RlX3RhZyI6InhwaWRzLjEwNjV4NzEwLnNkci5DMyJ9&_nc_ohc=39M2m60GlkYQ7kNvwGbWYF3&_nc_oc=AdkMrszmcevpySctVI9nBBK2LF1SFL3_qDr-eJKWFNOGWVJ8Sn13iHzgYqMpF6ncUAQ&_nc_ad=z-m&_nc_cid=0&_nc_zt=23&_nc_ht=scontent-ber1-1.cdninstagram.com&_nc_gid=1Z8xxDJiiHqt7XWSibG8Mg&oh=00_Afg2gq5-S94BjQSlBO7o4DBpkAmGLGw3ljFUyO9ELbanZQ&oe=693126C3;RATEM Yönetim Kurulu Başkanı Sayın M. Aydın Şerbetçioğlu, RATEM Bilişim A.Ş. Genel Müdürü Sayın Yusuf Gürsoy, Fırat Üniversitesi İletişim Fakültesi Dekanı Sayın Prof. Dr. Kenan Demirci, Kültür ve Turizm Bakanlığı Telif Hakları Genel Müdürlüğü Şube Müdürü Sayın Gülnihal Emiroğlu, Reklamcılık Vakfı Yönetim Kurulu Üyesi Sayın Aslıhan Anarat Çötelioğlu ve RATEM Yönetim Kurulu Üyesi Sayın Mustafa Melih Tarlacı’yı belediyemizde ağırladık.  Değerli misafirlerimize nazik ziyaretlerinden dolayı teşekkür ediyorum.;
https://www.instagram.com/p/DRRVMuDjCht/;Carousel;682;4;0;2025-11-20 11:00:43;https://scontent-ber1-1.cdninstagram.com/v/t51.82787-15/583655632_18541837498063509_3088312751609493812_n.jpg?stp=dst-jpg_e35_tt6&_nc_cat=110&ig_cache_key=Mzc2OTg4NzU4OTM3ODMxNjM1MA%3D%3D.3-ccb7-5&ccb=7-5&_nc_sid=58cdad&efg=eyJ2ZW5jb2RlX3RhZyI6InhwaWRzLjE0NDB4OTYwLnNkci5DMyJ9&_nc_ohc=mybFTn_FWOoQ7kNvwGkXIeh&_nc_oc=AdmwfUE9m5TpGlMdsr6d5FwiztwpnDAgRC-0q3odRtSj2lAZNwuptDf6GOG1fWp-UZM&_nc_ad=z-m&_nc_cid=0&_nc_zt=23&_nc_ht=scontent-ber1-1.cdninstagram.com&_nc_gid=1Z8xxDJiiHqt7XWSibG8Mg&oh=00_AfigrEa_li5nNM6B7RQrYgNQgRrfJnr-pS3YolGa2YEirQ&oe=69310B55;Bugün çok özel misafirlerimizi ağırladık. 😊  Kızım Zeynep ve Final Akademide eğitim gören sınıf arkadaşlarını Dünya Çocuk Hakları gününde belediyemizde ağırladık.  Çocuklarımız belediyemizi gezdi, merak ettikleri soruları sordu ve keyifli bir gün geçirdi.  Birbirinden değerli ziyaretçilerimi gözlerinden öpüyorum. 😊;
https://www.instagram.com/p/DRRNIY4DGD8/;Reels;324;2;16742;2025-11-20 09:51:25;https://scontent-ber1-1.cdninstagram.com/v/t51.71878-15/583771067_2284216592078309_3815181638112240892_n.jpg?stp=dst-jpg_e15_tt6&_nc_cat=107&ig_cache_key=Mzc2OTg1MjExNDE1NjQxMzE4MA%3D%3D.3-ccb7-5&ccb=7-5&_nc_sid=58cdad&efg=eyJ2ZW5jb2RlX3RhZyI6InhwaWRzLjY0MHgzNjAuc2RyLkMzIn0%3D&_nc_ohc=3K-RPImJzsIQ7kNvwFe1QNf&_nc_oc=AdmfE9GTG27rF0QjxCgmoJyks_sYeRWpTMcI519jCQp0MRQgS86uXWxrL7is-ngXcGE&_nc_ad=z-m&_nc_cid=0&_nc_zt=23&_nc_ht=scontent-ber1-1.cdninstagram.com&_nc_gid=1Z8xxDJiiHqt7XWSibG8Mg&oh=00_Afg-EKZ1Dx6AnplzFW0vA2rz2FCg7Ns-lLUZ-vlr9WlY5w&oe=69310B6D;6. Kitap Fuarımız Başlıyor!  22–30 Kasım 2025 tarihleri arasında Ahmet Tevfik Ozan Fuar ve Kongre Merkezi’nde buluşuyoruz!  Binlerce kitap, yazar söyleşileri ve dopdolu bir kültür atmosferi sizleri bekliyor.  ⏰ Ziyaret Saatleri: 10.00 – 21.00  Tüm halkımız davetlidir.;
https://www.instagram.com/p/DRPbcPjDNVm/;Reels;597;13;105135;2025-11-19 17:17:05;https://scontent-ber1-1.cdninstagram.com/v/t51.71878-15/583736990_1372006784713199_7820582469481086145_n.jpg?stp=dst-jpg_e15_tt6&_nc_cat=108&ig_cache_key=Mzc2OTM1MjEwMTIyNzcxMzg5NA%3D%3D.3-ccb7-5&ccb=7-5&_nc_sid=58cdad&efg=eyJ2ZW5jb2RlX3RhZyI6InhwaWRzLjY0MHgxMTM2LnNkci5DMyJ9&_nc_ohc=JnI-vZQ_HwEQ7kNvwFbSP-1&_nc_oc=AdmOCx8brXkO9-tWEkxzShuNKg7Zvht1VQZS1IZ63MaIe7E3xvwtK0ss0I6IIO7fRXo&_nc_ad=z-m&_nc_cid=0&_nc_zt=23&_nc_ht=scontent-ber1-1.cdninstagram.com&_nc_gid=1Z8xxDJiiHqt7XWSibG8Mg&oh=00_AfhMVXLepcAMPXPnWpHqT6Cqx8eJp6b1G38m-Db2oo-L3w&oe=6931209A;Beklenen gün yaklaşıyor! 🤩📚  Elazığ Belediyesi 6. Kitap Fuarı için geri sayım başladı.  Yüzlerce yayınevi, birbirinden değerli yazarlar, imza günleri ve dopdolu etkinliklerle şehrimizde büyük bir kültür şöleni başlıyor.📚🎉;
https://www.instagram.com/p/DRPVbS8DDty/;Carousel;576;2;0;2025-11-19 16:24:14;https://scontent-ber1-1.cdninstagram.com/v/t51.82787-15/582510262_18541723657063509_6127076712628037778_n.jpg?stp=dst-jpg_e35_tt6&_nc_cat=104&ig_cache_key=Mzc2OTMyNTYzNjkwNTg5MjQyNg%3D%3D.3-ccb7-5&ccb=7-5&_nc_sid=58cdad&efg=eyJ2ZW5jb2RlX3RhZyI6InhwaWRzLjEwNjV4NzEwLnNkci5DMyJ9&_nc_ohc=QE2owS-d7YwQ7kNvwG1Yb_w&_nc_oc=Adke8vWOn4oaEayj9ai6SmymaFMwww6R20-zdJRmFkg1Mby8aATL5nYTQt-tLQJerXU&_nc_ad=z-m&_nc_cid=0&_nc_zt=23&_nc_ht=scontent-ber1-1.cdninstagram.com&_nc_gid=1Z8xxDJiiHqt7XWSibG8Mg&oh=00_Afg-0cvzFfmxo--r9SDYbo1kMVdCCt8txXj6ltHanVMLaQ&oe=69312833;Elazığ’ın kültürel mirasını geleceğe taşıma hedefimiz doğrultusunda çalışmalarımızı sürdürüyoruz.  Tarihi Öğretmenevi’ndeki güçlendirme ve restorasyon sürecini yerinde inceleyerek bilgi aldık.  Tamamlandığında bu değerli yapıyı Millet Kütüphanesi ve Eğitim Müzesi olarak hemşehrilerimizin hizmetine sunacağız.;
https://www.instagram.com/p/DROy9_sjKRt/;Carousel;570;1;0;2025-11-19 11:23:08;https://scontent-ber1-1.cdninstagram.com/v/t51.82787-15/582650083_18541691218063509_6078072396012716912_n.jpg?stp=dst-jpg_e35_tt6&_nc_cat=102&ig_cache_key=Mzc2OTE3NDA5MTM3NTYwOTIwNg%3D%3D.3-ccb7-5&ccb=7-5&_nc_sid=58cdad&efg=eyJ2ZW5jb2RlX3RhZyI6InhwaWRzLjE0NDB4OTYwLnNkci5DMyJ9&_nc_ohc=jxj3MJj0tx4Q7kNvwEI0_FU&_nc_oc=AdmzqkEUW41rtRanIHYmfbJKTGA1f47GMwIl0NK70z_IEaagHcJ4_u2QkJA-xHIoEVw&_nc_ad=z-m&_nc_cid=0&_nc_zt=23&_nc_ht=scontent-ber1-1.cdninstagram.com&_nc_gid=1Z8xxDJiiHqt7XWSibG8Mg&oh=00_AfhLQrj8fqSNvpsffwv3NL1IMcLx-_npcsThfhfEUMsRrQ&oe=6931230D;Memur-Sen Genel Başkanı Sayın Ali Yalçın, Memur-Sen Elazığ İl Temsilcisi Sayın İbrahim Bahşi ve beraberindeki heyeti belediyemizde ağırladık.  Değerli misafirlerimize nazik ziyaretlerinden dolayı teşekkür ediyorum.;
https://www.instagram.com/p/DRMeAXQjDNG/;Carousel;741;10;0;2025-11-18 13:41:28;https://scontent-ber1-1.cdninstagram.com/v/t51.82787-15/583850589_18541554055063509_6297611404813232757_n.jpg?stp=dst-jpg_e35_tt6&_nc_cat=106&ig_cache_key=Mzc2ODUxODkzODcxNjg2MTc5NA%3D%3D.3-ccb7-5&ccb=7-5&_nc_sid=58cdad&efg=eyJ2ZW5jb2RlX3RhZyI6InhwaWRzLjgzMng1NTQuc2RyLkMzIn0%3D&_nc_ohc=4aTfgNiXCsgQ7kNvwFiBYIR&_nc_oc=AdnD7d9d11nhnN-RNW7E539JuqCVcCguJrXLcMwMXU7g19c7bJcGmfnokGytsizDDC4&_nc_ad=z-m&_nc_cid=0&_nc_zt=23&_nc_ht=scontent-ber1-1.cdninstagram.com&_nc_gid=1Z8xxDJiiHqt7XWSibG8Mg&oh=00_AfgyD9SoYQhTO8lIMyWIX21_YM_mJJKRVv1iCEe6r9Qv4A&oe=69312526;Kültür Mahallesi Şehit Onbaşı Adnan Aksakal Sokak’ta yürüttüğümüz asfalt yenileme çalışmalarımızı yerinde inceledik.   Mahalle Muhtarımız Sayın Murat Biter ile birlikte mahalle sakinlerimizle bir araya gelerek mahallemizin ihtiyaçlarını ve taleplerini dinledik.   Hemşehrilerimizin destek ve memnuniyeti, hizmetlerimize güç katıyor.;
https://www.instagram.com/p/DRKnGv9DJcz/;Carousel;673;7;0;2025-11-17 20:22:31;https://scontent-ber1-1.cdninstagram.com/v/t51.82787-15/583732283_18541453834063509_5876123779252818143_n.jpg?stp=dst-jpg_e35_tt6&_nc_cat=106&ig_cache_key=Mzc2Nzk5NjAxMjIyMTQ2MTQ0Ng%3D%3D.3-ccb7-5&ccb=7-5&_nc_sid=58cdad&efg=eyJ2ZW5jb2RlX3RhZyI6InhwaWRzLjEwNjV4NzEwLnNkci5DMyJ9&_nc_ohc=6MlKwP_fFW4Q7kNvwF_diS7&_nc_oc=AdlDLzCceTFqohuV7ypdZ4m_x3eaDYasQu48TwAARDIYxnuU9mz4qekBtNDyAhyf2KE&_nc_ad=z-m&_nc_cid=0&_nc_zt=23&_nc_ht=scontent-ber1-1.cdninstagram.com&_nc_gid=1Z8xxDJiiHqt7XWSibG8Mg&oh=00_Afj4udlOoIDLqRSJZUB0noFqPtNLrwNsa9YAqR34SL2gyg&oe=6930FE69;Kasım Ayı Meclis Toplantımızda, Meclis Üyelerimiz ile birlikte 2026 Yılı Mali Bütçe Görüşmeleri’ni gerçekleştirdik.  Bütçenin hazırlanması ve kabul edilmesinde emeği geçen Belediye Meclis Üyelerimize ve mesai arkadaşlarımıza teşekkür ediyorum.  Toplantımızda özellikle altyapı yenileme çalışmalarının şehrimiz için taşıdığı hayati öneme dikkat çektik.  Yılların yükünü taşıyan eski içme suyu borularını Meclis’te sergileyerek, geçmişte yaşanan sorunları somut bir biçimde ortaya koyduk ve yenilenen altyapı yatırımlarının gerekliliğini bir kez daha vurguladık.;
https://www.instagram.com/p/DRKLWT1jJ8v/;Carousel;674;8;0;2025-11-17 16:19:58;https://scontent-ber1-1.cdninstagram.com/v/t51.82787-15/583777336_18541424338063509_7988167433770618574_n.jpg?stp=dst-jpg_e35_tt6&_nc_cat=101&ig_cache_key=Mzc2Nzg3Mzk0MjA3MDI2ODYwNQ%3D%3D.3-ccb7-5&ccb=7-5&_nc_sid=58cdad&efg=eyJ2ZW5jb2RlX3RhZyI6InhwaWRzLjE0NDB4OTYwLnNkci5DMyJ9&_nc_ohc=Z5Lh5xYI6YQQ7kNvwECw6V7&_nc_oc=Adk_RdBurJOcFmvkPuV-GSlN9kgsh2j6HN-hX3wnVhTWLcw78bfPJLeSlBnReWvxF3k&_nc_ad=z-m&_nc_cid=0&_nc_zt=23&_nc_ht=scontent-ber1-1.cdninstagram.com&_nc_gid=1Z8xxDJiiHqt7XWSibG8Mg&oh=00_Afg-BL7rfh4ZJr4its98ZVcjelFwy-fAfCInTCji7jUWyA&oe=69312C9C;Ceza ve Tevkifevleri Genel Müdürümüz Sayın Enis Yavuz Yıldırım, Elazığ Cumhuriyet Başsavcımız Sayın Aşkın Yeğin ile Genel Müdür Yardımcılarımız Sayın Banu Demirci Altay, Sayın Fatih Güngör ve Sayın Fatih Kemal Süt’ü belediyemizde ağırladık.  Değerli misafirlerimize bu güzel ve anlamlı ziyaretlerinden dolayı teşekkür ediyorum.;
https://www.instagram.com/p/DRJlKP6DBJN/;Carousel;619;2;0;2025-11-17 10:46:16;https://scontent-ber1-1.cdninstagram.com/v/t51.82787-15/582006289_18541390282063509_3229639630573570201_n.jpg?stp=dst-jpg_e35_tt6&_nc_cat=100&ig_cache_key=Mzc2NzcwNTk4NzM5OTMxNTk4Mw%3D%3D.3-ccb7-5&ccb=7-5&_nc_sid=58cdad&efg=eyJ2ZW5jb2RlX3RhZyI6InhwaWRzLjE0NDB4OTYwLnNkci5DMyJ9&_nc_ohc=WG30hr1-Rj0Q7kNvwEigfdS&_nc_oc=Adn8oKRLyu2k5FCqcRHMiW2_ISA0aavk94DK6MHfhU8oWG7Ub-cjDi95kWnbtmP40-Q&_nc_ad=z-m&_nc_cid=0&_nc_zt=23&_nc_ht=scontent-ber1-1.cdninstagram.com&_nc_gid=1Z8xxDJiiHqt7XWSibG8Mg&oh=00_Afj7LYRk__WtubjctuHoAW61hU32Spm3yaHm412XESxUqw&oe=693121E6;Cumhuriyetimizin Kurucusu Gazi Mustafa Kemal Atatürk’ün Elazığ’ımıza gelişinin 88. yıl dönümü münasebetiyle düzenlenen çelenk sunma törenine katıldık.   Saygı, rahmet ve minnetle...;
https://www.instagram.com/p/DRHP7z9jEKN/;Carousel;797;0;0;2025-11-16 13:02:19;https://scontent-ber1-1.cdninstagram.com/v/t51.82787-15/581946066_18541247551063509_3426022345791594964_n.jpg?stp=dst-jpg_e35_tt6&_nc_cat=100&ig_cache_key=Mzc2NzA0OTY3NzI5NzIxOTk0Mw%3D%3D.3-ccb7-5&ccb=7-5&_nc_sid=58cdad&efg=eyJ2ZW5jb2RlX3RhZyI6InhwaWRzLjE0NDB4OTYwLnNkci5DMyJ9&_nc_ohc=ey4S6KLwJmsQ7kNvwHqIYWX&_nc_oc=AdmKFmtOE5uPVPRnl-Gt56G-XKSVKncE2UxCmJdPAujNT3IDM_SrPYxy4XPoLtp78Mw&_nc_ad=z-m&_nc_cid=0&_nc_zt=23&_nc_ht=scontent-ber1-1.cdninstagram.com&_nc_gid=1Z8xxDJiiHqt7XWSibG8Mg&oh=00_Afj741WxSqs2_Ele3nHf6hkCsd8i-o73hMDf15iOl3XqVg&oe=69311663;"AK Parti Elazığ İl Başkanımız Sayın İbrahim Sencer Selmanoğlu ile birlikte;  Şavaklılar Derneği Yüksek İstişare Kurulu Toplantısı’na katıldık.  Dernek Başkanı Sayın Mehmet Doğangün ve kıymetli yönetimine, bu değerli organizasyondan dolayı teşekkür ediyorum.";
https://www.instagram.com/p/DRFo9HhDLik/;Photo;654;1;0;2025-11-15 22:02:28;https://scontent-ber1-1.cdninstagram.com/v/t51.82787-15/581793609_18541148122063509_7366163367100579952_n.jpg?stp=dst-jpg_e35_tt6&_nc_cat=107&ig_cache_key=Mzc2NjU5Njc4NTE4NDQ4NzU4OA%3D%3D.3-ccb7-5&ccb=7-5&_nc_sid=58cdad&efg=eyJ2ZW5jb2RlX3RhZyI6InhwaWRzLjE0NDB4OTU5LnNkci5DMyJ9&_nc_ohc=lI1ysdRml_sQ7kNvwF00ymp&_nc_oc=AdkVET0t8beUVVIJVWJlFuQSHde-tP3JuQ3d0M6wwXtm2rrjnRQyc8eVIolFRNIMKnE&_nc_ad=z-m&_nc_cid=0&_nc_zt=23&_nc_ht=scontent-ber1-1.cdninstagram.com&_nc_gid=1Z8xxDJiiHqt7XWSibG8Mg&oh=00_AfjP9excasAXg85rurBmlgcecZo09jz_jz1dvTJuu0XJIA&oe=6930FAFB;Tebrikler #BizimÇocuklar 🇹🇷  2026 FIFA Dünya Kupası Avrupa Elemeleri E Grubu’nda Bulgaristan karşısında 2-0 skorla galip gelen A Millî Takımımızı yürekten kutluyorum. 👏;
https://www.instagram.com/p/DREUjojjKB3/;Reels;1334;15;102847;2025-11-15 09:45:23;https://scontent-bos5-1.cdninstagram.com/v/t51.71878-15/581035657_3722680911202238_3836362814945359235_n.jpg?stp=dst-jpg_e15_tt6&_nc_cat=100&ig_cache_key=Mzc2NjIyNTU5ODA0NjU3Njc1OQ%3D%3D.3-ccb7-5&ccb=7-5&_nc_sid=58cdad&efg=eyJ2ZW5jb2RlX3RhZyI6InhwaWRzLjY0MHgxMTM2LnNkci5DMiJ9&_nc_ohc=pMxG3rQMJVgQ7kNvwHtoylz&_nc_oc=AdkcWOuerbQ65UDCzcX8CAKvUChZSX06qDxwLWNAgq0JpzeD1czevasa_h6MDykfY-s-JcPMmt5ZcpyzHdM1uU9U&_nc_ad=z-m&_nc_cid=1087&_nc_zt=23&_nc_ht=scontent-bos5-1.cdninstagram.com&_nc_gid=wADu8khwiyMYGK9Eu6PzHw&oh=00_AfgrQeStpARccEmeNhdvfYgcbqfGT50yjcoILKGLeiF4hw&oe=69310FD7;Yağmurun toprağa düşen ilk sesiyle uyanan bir sonbahar sabahından…  Günaydın Elazığ ♥️🍂🌧️;
https://www.instagram.com/p/DRCf7EDjMfo/;Photo;437;10;0;2025-11-14 16:45:49;https://scontent-bos5-1.cdninstagram.com/v/t51.82787-15/581852873_18540956815063509_5303662873855695332_n.jpg?stp=dst-jpg_e35_tt6&_nc_cat=100&ig_cache_key=Mzc2NTcxMjYzNjY4MDY1Mjc3Ng%3D%3D.3-ccb7-5&ccb=7-5&_nc_sid=58cdad&efg=eyJ2ZW5jb2RlX3RhZyI6InhwaWRzLjE0NDB4OTU5LnNkci5DMyJ9&_nc_ohc=QhBaWSqjEWYQ7kNvwEcZnzn&_nc_oc=Adm3mzDZuQd5n1DFUvYaibit3n0ehATKfFxRAFKgHhxdpSPcfjclelWtKz49JbxrKzbMZdHRJ0K2XqMOcuLNZeJ2&_nc_ad=z-m&_nc_cid=1087&_nc_zt=23&_nc_ht=scontent-bos5-1.cdninstagram.com&_nc_gid=wADu8khwiyMYGK9Eu6PzHw&oh=00_AfhP64y3LZ65cZF_RflndLbWiPKmQo3pduiRZ95dedZWpA&oe=69312D9F;Elazığ Kültür ve Yardımlaşma Derneği Başkanı Sayın Ömer İçmeli, Elazığ Gazeteciler ve Yazarlar Cemiyeti Başkanı Sayın Mustafa Doğan ve beraberindeki heyet bizleri ziyaret ettiler.  Değerli misafirlerimize nazik ziyaretleri için teşekkür ediyorum.;
https://www.instagram.com/p/DRCcPasjAg5/;Reels;250;4;13932;2025-11-14 16:20:50;https://scontent-bos5-1.cdninstagram.com/v/t51.71878-15/584176896_857085797272848_3979025293007026740_n.jpg?stp=dst-jpg_e15_tt6&_nc_cat=102&ig_cache_key=Mzc2NTY5NjQ0MzE5NDI3OTk5Mw%3D%3D.3-ccb7-5&ccb=7-5&_nc_sid=58cdad&efg=eyJ2ZW5jb2RlX3RhZyI6InhwaWRzLjY0MHgxMTM2LnNkci5DMyJ9&_nc_ohc=eHBvTn52lT4Q7kNvwG8GZKX&_nc_oc=AdkLiTw3wtxqXL6h2e4Oo51YjzNy9BR7b8bOIZS2skGpkNo7JYko3_QtqHNqxqS42K_zDDWb_fZjibd8nbepiEmd&_nc_ad=z-m&_nc_cid=1087&_nc_zt=23&_nc_ht=scontent-bos5-1.cdninstagram.com&_nc_gid=wADu8khwiyMYGK9Eu6PzHw&oh=00_AfiK5T7dsx8oLq_KN63wNY-J1a5eryQ89D8vQQM0L7ByaA&oe=69311D7B;Ulaşım Müdürlüğümüze bağlı ekiplerimiz şehrimizin ulaşım altyapısını güçlendirmek, trafik akışını rahatlatmak ve hemşehrilerimize daha konforlu bir ulaşım deneyimi sunmak amacıyla çalışmalarına devam ediyor.🚦🛑;
https://www.instagram.com/p/DRCPXcrjOmg/;Photo;476;3;0;2025-11-14 14:21:09;https://scontent-bos5-1.cdninstagram.com/v/t51.82787-15/582333361_18540937246063509_3665067876469565188_n.jpg?stp=dst-jpg_e35_tt6&_nc_cat=105&ig_cache_key=Mzc2NTYzOTgyMDQ3NjIxMzY2NA%3D%3D.3-ccb7-5&ccb=7-5&_nc_sid=58cdad&efg=eyJ2ZW5jb2RlX3RhZyI6InhwaWRzLjE0NDB4OTU5LnNkci5DMyJ9&_nc_ohc=EDaQegrIWcEQ7kNvwEyTIgo&_nc_oc=AdnRXyvo9cCkGl1EDdgjm9Xegfa9nV5gGaFGZbV-4dG5XTg2_KzJioe7O1de6yZ5ciEwuJJR1w2JxYccmmWFSCJk&_nc_ad=z-m&_nc_cid=1087&_nc_zt=23&_nc_ht=scontent-bos5-1.cdninstagram.com&_nc_gid=wADu8khwiyMYGK9Eu6PzHw&oh=00_AfiqaRLwSkRS8bHvcTaUyPl1Tb6AfotHbEYBcXSZXd-XBg&oe=69310296;Mustafapaşa Mahallesi📍  Mustafapaşa Mahalle Muhtarımız Sayın Yusuf Çakmak’ı ve vatandaşlarımızı ziyaret ederek mahallemizde yapılan çalışmalarla ilgili değerlendirmelerde bulunduk.  Misafirperverliklerinden dolayı kendilerine teşekkür ediyorum.;
https://www.instagram.com/p/DRCJxK5jJJk/;Carousel;755;5;0;2025-11-14 13:32:14;https://scontent-bos5-1.cdninstagram.com/v/t51.82787-15/582007835_18540932398063509_5770235643654914282_n.jpg?stp=dst-jpg_e35_tt6&_nc_cat=108&ig_cache_key=Mzc2NTYxNTE4ODc4ODQzNDMyMQ%3D%3D.3-ccb7-5&ccb=7-5&_nc_sid=58cdad&efg=eyJ2ZW5jb2RlX3RhZyI6InhwaWRzLjE0NDB4MTAzOC5zZHIuQzMifQ%3D%3D&_nc_ohc=BmsskUJX8CgQ7kNvwFGVBB3&_nc_oc=Adkv1CAhjVIcYkqXIOGqy_8WhTb1tvr6faCWwn6t9SebOOYDFEtBB8yns7Bi2jZ6e4z2KEudMw4TzajF8s9qHcn8&_nc_ad=z-m&_nc_cid=1087&_nc_zt=23&_nc_ht=scontent-bos5-1.cdninstagram.com&_nc_gid=wADu8khwiyMYGK9Eu6PzHw&oh=00_AfjU3a8peNj-DAZra7qmWCYqiEE_SeVWM5hdy9gFWTIWQA&oe=693123D4;"Mustafapaşa Mahallesi📍  Mahalle Muhtarımız Sayın Yusuf Çakmak ile birlikte cuma namazımızı, mahallemizde bulunan Hasan Tahsin Paşa Cami’de hemşehrilerimizle birlikte eda ettik.  Ardından esnaf ve vatandaşlarımızla bir araya gelerek sohbet ettik; yapılan çalışmaları değerlendirip talepleri dinledik.";
https://www.instagram.com/p/DRBl_SRjDDt/;Reels;782;3;20973;2025-11-14 08:20:20;https://scontent-bos5-1.cdninstagram.com/v/t51.71878-15/581861610_1364203518534652_7070037963799099451_n.jpg?stp=dst-jpg_e15_tt6&_nc_cat=100&ig_cache_key=Mzc2NTQ1Nzg0MDEyODE0MzU5Nw%3D%3D.3-ccb7-5&ccb=7-5&_nc_sid=58cdad&efg=eyJ2ZW5jb2RlX3RhZyI6InhwaWRzLjY0MHgxMTM2LnNkci5DMyJ9&_nc_ohc=Ta9WmhS2jaMQ7kNvwHmM-zI&_nc_oc=AdlytE9XjRJGEWEOGRxLs3ci-g5pUg1qKnPLFvmpRqplWpZoiZgM5-UovLXZKTqFs3GMpavXXtg1stJY7poH8mUG&_nc_ad=z-m&_nc_cid=1087&_nc_zt=23&_nc_ht=scontent-bos5-1.cdninstagram.com&_nc_gid=wADu8khwiyMYGK9Eu6PzHw&oh=00_AfgokZcuHO8o8Fi1kLlAQON2toPTZSNOSXf9qYXQuRtB6w&oe=69310CAC;Dualarımız kabul, cumamız bereketli olsun.   Hayırlı Cumalar…🕌;
https://www.instagram.com/p/DRAoYdtjGwy/;Photo;650;2;0;2025-11-13 23:21:16;https://scontent-bos5-1.cdninstagram.com/v/t51.82787-15/583292830_18540852502063509_1783284946266076288_n.jpg?stp=dst-jpg_e35_tt6&_nc_cat=102&ig_cache_key=Mzc2NTE4Njg5MTUxMjMxMDgzNA%3D%3D.3-ccb7-5&ccb=7-5&_nc_sid=58cdad&efg=eyJ2ZW5jb2RlX3RhZyI6InhwaWRzLjExNzB4ODAwLnNkci5DMyJ9&_nc_ohc=VWgLq50WWN0Q7kNvwEmSSms&_nc_oc=AdknI2qez0TDvRf1kY8M-F2jnWty4_riRPSdmDIV9BxLFQb61kKi6UCaaVpi7c6BkGyTpNvjPlHgDQ-y50x4knbW&_nc_ad=z-m&_nc_cid=1087&_nc_zt=23&_nc_ht=scontent-bos5-1.cdninstagram.com&_nc_gid=wADu8khwiyMYGK9Eu6PzHw&oh=00_AfijZgL4PMe5Cw94m3PtSQ6W6tJOOmyAoT0701HQJHhyag&oe=69311BEC;Hırvatistan’a planlı bakım faaliyeti için giden, Tarım ve Orman Bakanlığımıza bağlı Orman Genel Müdürlüğümüze ait yangın söndürme uçağımızın düştüğü haberini büyük bir üzüntüyle öğrendim.  Kahraman pilotumuza Allah’tan rahmet, ailesine ve sevenlerine sabır diliyorum.  Milletimizin başı sağ olsun. 🇹🇷;
https://www.instagram.com/p/DRAUQ1vjCkL/;Reels;5672;41;104845;2025-11-13 20:26:06;https://scontent-bos5-1.cdninstagram.com/v/t51.71878-15/580905577_1177033757710821_2429529616106439617_n.jpg?stp=dst-jpg_e15_tt6&_nc_cat=102&ig_cache_key=Mzc2NTA5ODQwNjYyOTYxNTg4Mw%3D%3D.3-ccb7-5&ccb=7-5&_nc_sid=58cdad&efg=eyJ2ZW5jb2RlX3RhZyI6InhwaWRzLjY0MHgxMTM2LnNkci5DMyJ9&_nc_ohc=vVKsn6m3Y-UQ7kNvwErzKGs&_nc_oc=Admuxy-920rIsFH60fvn7IimmQn2RF1jNGmntsUFMnXFlTaYdUCtF6CbqgV0nM4uoZO5Zjci6bFOOdlGxMskI9v9&_nc_ad=z-m&_nc_cid=1087&_nc_zt=23&_nc_ht=scontent-bos5-1.cdninstagram.com&_nc_gid=wADu8khwiyMYGK9Eu6PzHw&oh=00_AfjTvZxrhP6gdW8MwiwVUc9eY5Db4aOG_36p9_QNOpjHow&oe=6931149E;Geceye de, gündüze de yeter Elazığ’ın ışığı… ♥️🌙;
https://www.instagram.com/p/DRAFGesjMnl/;Carousel;1234;10;0;2025-11-13 18:12:58;https://scontent-bos5-1.cdninstagram.com/v/t51.82787-15/581786054_18540817969063509_5443299899025229208_n.jpg?stp=dst-jpg_e35_tt6&_nc_cat=101&ig_cache_key=Mzc2NTAzMTcxOTA5MTg3MTYzNg%3D%3D.3-ccb7-5&ccb=7-5&_nc_sid=58cdad&efg=eyJ2ZW5jb2RlX3RhZyI6InhwaWRzLjE0NDB4OTU5LnNkci5DMyJ9&_nc_ohc=v5XOyY_eFccQ7kNvwFqVQgx&_nc_oc=Adl1jXbvlHleCY1-P96a03mj-2RXJv7jutaeL_Of5OuqyJ77ysOPW3_Fb88skhYnmgkWvxo4RCeHbtTSxXJAhKNK&_nc_ad=z-m&_nc_cid=1087&_nc_zt=23&_nc_ht=scontent-bos5-1.cdninstagram.com&_nc_gid=wADu8khwiyMYGK9Eu6PzHw&oh=00_AfgflTg2CnHCoVZGMcTxiU-5XgnCO-Va7nLoTEuIb1STgg&oe=6931023F;"📍Fırat Üniversitesi Araştırma Hastanesi   İl Başkanımız Sayın İbrahim Sencer Selmanoğlu, Palu Beyhan Belediye Başkanımız Sayın Bayram Öztürk ve Palu İlçe Başkanımız Sayın Murat Yıldırım ile birlikte;  Karakoçan İlçe Başkanımız Sayın Ülküşan Özdemir’in kıymetli babası Sayın Hacı İbrahim Halil Özdemir’i ve Kent Konseyi Başkanımız Sayın Mehmet Nafiz Koca’yı ziyaret ederek geçmiş olsun dileklerimizi ilettik.  Rabbim, acil şifalar versin.";
https://www.instagram.com/p/DQ-_ySBjBj_/;Reels;710;5;18465;2025-11-13 08:08:00;https://scontent-bos5-1.cdninstagram.com/v/t51.71878-15/581331917_900230099007015_8867961470345811162_n.jpg?stp=dst-jpg_e15_tt6&_nc_cat=111&ig_cache_key=Mzc2NDcyNjg3MDc4NTY2MTE4Mw%3D%3D.3-ccb7-5&ccb=7-5&_nc_sid=58cdad&efg=eyJ2ZW5jb2RlX3RhZyI6InhwaWRzLjY0MHgxMTM2LnNkci5DMyJ9&_nc_ohc=bBSVcUBr1IcQ7kNvwF8E_IS&_nc_oc=Adn8ia2oFLnF4cOMpCCAA0hoqft8jxk7GA9miW488CRjbQRxWYR-lOYC1ckIhaf3eXK9C4CDOEOP4RZKJXjECVdl&_nc_ad=z-m&_nc_cid=1087&_nc_zt=23&_nc_ht=scontent-bos5-1.cdninstagram.com&_nc_gid=wADu8khwiyMYGK9Eu6PzHw&oh=00_Afjb7yOU0K1Z81BIqucoxRv32GVN8qCaqmfx4ph-qAcw-g&oe=693101F9;Sonbaharın huzur veren renkleriyle yeni bir güne merhaba diyoruz.🍂🍁  Tüm hemşehrilerimize sağlık, mutluluk ve bereket dolu bir gün diliyoruz.🙋🏻‍♂️🫶;
https://www.instagram.com/p/DQ9TitBjHiE/;Carousel;836;7;0;2025-11-12 16:21:26;https://scontent-bos5-1.cdninstagram.com/v/t51.82787-15/580519450_18540656917063509_2017836981476155641_n.jpg?stp=dst-jpg_e35_tt6&_nc_cat=105&ig_cache_key=Mzc2NDI1MDgwNDc4MjY3NzIxOA%3D%3D.3-ccb7-5&ccb=7-5&_nc_sid=58cdad&efg=eyJ2ZW5jb2RlX3RhZyI6InhwaWRzLjE0NDB4MTA4MC5zZHIuQzMifQ%3D%3D&_nc_ohc=m2FUnHWBGlsQ7kNvwEbpM9H&_nc_oc=Adn_3lMpS6VuVj5sev-VYxhf4420vHCQh8OFZEs7At8gJbWsU25f2KFI_F4wihXl7rXONVJrgjDR66KuAb7SMi3K&_nc_ad=z-m&_nc_cid=1087&_nc_zt=23&_nc_ht=scontent-bos5-1.cdninstagram.com&_nc_gid=wADu8khwiyMYGK9Eu6PzHw&oh=00_AfhPQS3upONpfBD2n9Za7qCVMlY6dnaiXGWTfFbziZc0Vw&oe=693116AE;📍AK Parti Genel Merkezi/Ankara   Genel Başkanımız ve Cumhurbaşkanımız Sayın Recep Tayyip Erdoğan’ın Başkanlığında, Genişletilmiş İl Başkanları Toplantımızı gerçekleştirdik.  Toplantımızın hayırlara vesile olmasını diliyorum.;
https://www.instagram.com/p/DQ7SoUyDHPe/;Carousel;658;1;0;2025-11-11 21:34:59;https://scontent-bos5-1.cdninstagram.com/v/t51.82787-15/581641618_18540494470063509_5571859472142212385_n.jpg?stp=dst-jpg_e35_tt6&_nc_cat=107&ig_cache_key=Mzc2MzY4Mzg0MDgzODM1NDE4NA%3D%3D.3-ccb7-5&ccb=7-5&_nc_sid=58cdad&efg=eyJ2ZW5jb2RlX3RhZyI6InhwaWRzLjE0NDB4OTYwLnNkci5DMiJ9&_nc_ohc=SSewJtWl2aYQ7kNvwHA6_Xp&_nc_oc=AdlK5hk2QjgcgDnNOHuUJLQu7jDQLXPMjABvvsicoN2q01Ct6vXUjDqCZ_Y6BXhXkbvB3ITXGfUUphQ_Kd66vQE8&_nc_ad=z-m&_nc_cid=1087&_nc_zt=23&_nc_ht=scontent-bos5-1.cdninstagram.com&_nc_gid=wADu8khwiyMYGK9Eu6PzHw&oh=00_AfjNrtcZurqFuzs7uJl76yBboZuP7ZAlxFqna9KTusOioQ&oe=6930FD00;"AK Parti Genel Merkez Yerel Yönetimlerden Sorumlu Genel Başkanımız Sayın Mustafa Demir’in başkanlığında; Yerel Yönetimler Başkan Yardımcılarımız, Büyükşehir Belediye Başkanlarımız ve İl Belediye Başkanlarımız bir araya gelerek;  Yerel yönetimler alanındaki tecrübe ve çalışmalarımızı değerlendirdik. Şehirlerimizin ihtiyaçları doğrultusunda yeni projeler ve stratejiler üzerine istişarelerde bulunduk.  Milletimizin beklentilerine en nitelikli şekilde cevap verebilmek adına; daha güçlü, daha etkin ve ortak akılla şekillenen bir hizmet anlayışını hep birlikte sürdürüyoruz.  📍Ankara";
https://www.instagram.com/p/DQ7ASkiDB_M/;Photo;574;8;0;2025-11-11 18:54:44;https://scontent.cdninstagram.com/v/t51.82787-15/576075530_18540465904063509_6196462070432388526_n.jpg?stp=dst-jpg_e35_tt6&_nc_cat=104&ig_cache_key=Mzc2MzYwMzE4OTc3NDY4ODIwNA%3D%3D.3-ccb7-5&ccb=7-5&_nc_sid=58cdad&efg=eyJ2ZW5jb2RlX3RhZyI6InhwaWRzLjExNzB4ODAwLnNkci5DMyJ9&_nc_ohc=F15UNHKkacEQ7kNvwE1q7xh&_nc_oc=AdnujgrfSwsqkuD33R2JTrz8ZmqUZ0ytFKHAfF3rqQ1CUKmJ7A92j-tbBMf3EU0WfBMK2ypupugBjWphImHsFnps&_nc_ad=z-m&_nc_cid=0&_nc_zt=23&_nc_ht=scontent.cdninstagram.com&_nc_gid=cPA2KB_rZlBJvGD591t3nQ&oh=00_Afhlxvg4HcQMGB1gPiHESZKr0oonoaYijBTMTRQmwPi4Cg&oe=69310C40;Azerbaycan’dan ülkemize gelmek üzere havalanan C-130 askeri kargo uçağının düşmesi sonucu şehit olan kahraman Mehmetçiklerimize Allah’tan rahmet diliyorum.   Milletimizin başı sağ olsun. 🇹🇷;
https://www.instagram.com/p/DQ6xGDEjAeQ/;Photo;609;5;0;2025-11-11 16:41:57;https://scontent.cdninstagram.com/v/t51.82787-15/580762365_18540425005063509_7876170559626258582_n.jpg?stp=dst-jpg_e35_tt6&_nc_cat=109&ig_cache_key=Mzc2MzUzNjM1ODUxNDg4NjU0NA%3D%3D.3-ccb7-5&ccb=7-5&_nc_sid=58cdad&efg=eyJ2ZW5jb2RlX3RhZyI6InhwaWRzLjE0NDB4MTI4My5zZHIuQzMifQ%3D%3D&_nc_ohc=Ksdg6tJ8fPQQ7kNvwGP7X15&_nc_oc=AdkVPzOoobV0YJYMklOQ8PrDS0I2pZQVOrwNZ-9k-aUUvdDF-BL1hKSU5Ufw39aXqnV6XAov4PyFuQg35o6MJlNE&_nc_ad=z-m&_nc_cid=0&_nc_zt=23&_nc_ht=scontent.cdninstagram.com&_nc_gid=cPA2KB_rZlBJvGD591t3nQ&oh=00_AfiTIAcCP3PeDIqE-24Q4BpUfH0z-cyMFP0TH34o9bERDw&oe=69310297;"5 Kasım’dan bu yana kayıp olarak aranan evladımız Veysel Bilen’in cansız bedenine ulaşıldığını büyük bir üzüntüyle öğrenmiş bulunmaktayım.  Veysel evladımıza Allah’tan rahmet; ailesine, yakınlarına ve tüm hemşehrilerimize başsağlığı diliyorum.  Arama çalışmalarında büyük bir fedakârlık ve gayret ortaya koyan tüm ekiplerimize ve gönüllülerimize teşekkür ediyorum.";
https://www.instagram.com/p/DQ6qmEJDP-s/;Reels;483;14;24430;2025-11-11 15:45:48;https://scontent.cdninstagram.com/v/t51.71878-15/581109741_881777314173971_237243630391955676_n.jpg?stp=dst-jpg_e15_tt6&_nc_cat=105&ig_cache_key=Mzc2MzUwNzc3MjM2MTg2NzE4MA%3D%3D.3-ccb7-5&ccb=7-5&_nc_sid=58cdad&efg=eyJ2ZW5jb2RlX3RhZyI6InhwaWRzLjY0MHgxMTM2LnNkci5DMyJ9&_nc_ohc=Lly87igJPecQ7kNvwH42Of7&_nc_oc=AdnObumtdGzJptTuxcdp_R6Rf556a5NNqg1UVoBMwg7qfTxxVUo8pmnaikljnbu3PpsdrhmlPhmABV90osDmbFcH&_nc_ad=z-m&_nc_cid=0&_nc_zt=23&_nc_ht=scontent.cdninstagram.com&_nc_gid=cPA2KB_rZlBJvGD591t3nQ&oh=00_Afjmob4tFeLDd1wLN0Vd7nNGeDEEMcmvRC3PJMYwixmzpA&oe=69311A9F;"Fen İşleri Müdürlüğü’ne bağlı ekiplerimiz; 👷🏻‍♂️  şehrimizde ulaşımı daha güvenli, konforlu ve kesintisiz hale getirmek amacıyla asfalt yenileme çalışmalarını sürdürüyor. 🚧🚛  📍 Prof. Dr. Necmettin Erbakan Bulvarı";
https://www.instagram.com/p/DQ6E1bxDH3q/;Photo;269;3;0;2025-11-11 10:15:12;https://scontent.cdninstagram.com/v/t51.82787-15/581802565_18540325465063509_6380704811127608553_n.jpg?stp=dst-jpg_e35_tt6&_nc_cat=104&ig_cache_key=Mzc2MzM0MTcwMjc1MzcxMzY0Mg%3D%3D.3-ccb7-5&ccb=7-5&_nc_sid=58cdad&efg=eyJ2ZW5jb2RlX3RhZyI6InhwaWRzLjE0NDB4MTg4MC5zZHIuQzMifQ%3D%3D&_nc_ohc=u_7ciIvlh3MQ7kNvwG_6tN9&_nc_oc=AdkjYTAM5yeB3E_yjAMkZ_wdrhC_uTrxw5Nf7RKYLPhhlXGRXATJEsRc-d5jwylpg35BkkH8RO9O4-RRzLngwf8g&_nc_ad=z-m&_nc_cid=0&_nc_zt=23&_nc_ht=scontent.cdninstagram.com&_nc_gid=cPA2KB_rZlBJvGD591t3nQ&oh=00_AfiZIYz6T9KJeat3kYNTtPzCp14HK2pKzKHwIAvMehF95Q&oe=69311499;Bir neslin diktiği ağacın gölgesinde gelecek nesiller serinler🌱  1️⃣1️⃣ Kasım Milli Ağaçlandırma Günü’nde milletimizle birlikte fidanları toprağına kavuşturuyor, #YeşilVatanSeferberliği ile #GeleceğeNefes oluyoruz.  gelecegenefes.gov.tr;
https://www.instagram.com/p/DQ4MB2FjNe8/;Reels;467;24;66936;2025-11-10 16:46:05;https://scontent.cdninstagram.com/v/t51.71878-15/572279685_2002117570630206_8667723934801234485_n.jpg?stp=dst-jpg_e15_tt6&_nc_cat=101&ig_cache_key=Mzc2MjgxMDM5MjAyMDgzNDIzNg%3D%3D.3-ccb7-5&ccb=7-5&_nc_sid=58cdad&efg=eyJ2ZW5jb2RlX3RhZyI6InhwaWRzLjY0MHgxMTM2LnNkci5DMyJ9&_nc_ohc=Gwg2ASAujoIQ7kNvwE4mmQ4&_nc_oc=Adk3eykIhfUvMQ_M8KtBxUtX0GnrSAiW0A3IjL-lBmr1RIa4cxoGAYiDCdR9dkRVNWNVPmnHKSv9AEbQW706UJIL&_nc_ad=z-m&_nc_cid=0&_nc_zt=23&_nc_ht=scontent.cdninstagram.com&_nc_gid=cPA2KB_rZlBJvGD591t3nQ&oh=00_Afg5s7Oj2Bgq6sqaZ1Q8to-muR7qQWx9nTH6fRw_cTbwag&oe=6930FA82;Zabıta Müdürlüğü ekiplerimiz, vatandaşlarımızın sağlıklı ve güvenilir alışveriş yapabilmeleri için denetimlerini titizlikle sürdürüyor. 👮‍♂️  Düzenli olarak yapılan bu kontrollerle hem halkımızın huzuru korunuyor hem de esnafımızın daha adil ve güvenilir bir ortamda hizmet vermesi sağlanıyor.;
https://www.instagram.com/p/DQ3uGJjDNmI/;Carousel;541;1;0;2025-11-10 12:18:01;https://scontent.cdninstagram.com/v/t51.82787-15/580606245_18540029203063509_3787505613323047543_n.jpg?stp=dst-jpg_e35_tt6&_nc_cat=100&ig_cache_key=Mzc2MjY3ODczOTQ1MzYyOTEzNQ%3D%3D.3-ccb7-5&ccb=7-5&_nc_sid=58cdad&efg=eyJ2ZW5jb2RlX3RhZyI6InhwaWRzLjE0NDB4OTYwLnNkci5DMyJ9&_nc_ohc=DCPXRIucgs8Q7kNvwExn7nl&_nc_oc=AdmQtBg-EUvpiNxr9kFNWXV15aFUzguKl1tXgEAzASk5K3CA4xUNVD5nko5CeG7xy6kospzToz2TyY_unjKqkNk4&_nc_ad=z-m&_nc_cid=0&_nc_zt=23&_nc_ht=scontent.cdninstagram.com&_nc_gid=cPA2KB_rZlBJvGD591t3nQ&oh=00_Afjq7kGlAI2_3-v1kTUqo6igbDXhtbZg8exy0asJO43XyA&oe=693110AE;📍 Bünyamin Eroğlu Kültür ve Kongre Merkezi  Valimiz Sayın Numan Hatipoğlu, Milletvekilimiz Sayın Prof. Dr. Erol Keleş ve il protokolümüzle birlikte, 10 Kasım Gazi Mustafa Kemal Atatürk’ü Anma Günü münasebetiyle düzenlenen programa katıldık.  Şiir, resim ve kompozisyon dallarında düzenlenen yarışmalarda dereceye giren öğrencilerimize ödüllerini takdim ettik.  Bu vesileyle, Cumhuriyetimizin kurucusu Gazi Mustafa Kemal Atatürk’ü rahmet, minnet ve saygıyla anıyoruz.  #10Kasım;
https://www.instagram.com/p/DQ3dTgTDFaN/;Carousel;692;1;0;2025-11-10 09:51:18;https://scontent.cdninstagram.com/v/t51.82787-15/575143850_18540008653063509_2323094288020343790_n.jpg?stp=dst-jpg_e35_tt6&_nc_cat=106&ig_cache_key=Mzc2MjYwNDg4NTkxMzkzNTc0OA%3D%3D.3-ccb7-5&ccb=7-5&_nc_sid=58cdad&efg=eyJ2ZW5jb2RlX3RhZyI6InhwaWRzLjE0NDB4OTYwLnNkci5DMyJ9&_nc_ohc=7RahmDWxrTMQ7kNvwF0y4b7&_nc_oc=AdkkVaJLbVRAYaGMuJ3vb0st2j-yVytIvY36n1ZBrXWUel3EGhmE5WtI8NdTi5coeTqviHO8rXDAnaUtVAtTTjgz&_nc_ad=z-m&_nc_cid=0&_nc_zt=23&_nc_ht=scontent.cdninstagram.com&_nc_gid=cPA2KB_rZlBJvGD591t3nQ&oh=00_Afip9eNFOmD-E83W-zbOhAoVm8DdNhcp4Q-QfEPkdiI90A&oe=69310EA3;Cumhuriyetimizin kurucusu Gazi Mustafa Kemal Atatürk’ü anma programı münasebetiyle çelenk sunma törenimizi gerçekleştirdik.  Rahmet ve şükranla yâd ediyoruz...  #10Kasım;
https://www.instagram.com/p/DQ3TIW2DMxk/;Carousel;444;4;0;2025-11-10 08:22:24;https://scontent.cdninstagram.com/v/t51.82787-15/579430856_18540000895063509_1270165428250190182_n.jpg?stp=dst-jpg_e35_tt6&_nc_cat=111&ig_cache_key=Mzc2MjU2MDE0NjI5NjU2NzA4Mg%3D%3D.3-ccb7-5&ccb=7-5&_nc_sid=58cdad&efg=eyJ2ZW5jb2RlX3RhZyI6InhwaWRzLjgwMHgxMDY2LnNkci5DMyJ9&_nc_ohc=BLq7x96gdVMQ7kNvwGOeBXS&_nc_oc=AdnXZ0V6VSiJM0nnmPLG6-EJExnvJA23gI27bPCZkCmlVDj9jrnfcyqD9EqfICrB8yrSZSsaJKSE_lSx9tzzuBAz&_nc_ad=z-m&_nc_cid=0&_nc_zt=23&_nc_ht=scontent.cdninstagram.com&_nc_gid=cPA2KB_rZlBJvGD591t3nQ&oh=00_AfgGhgNvuPLIo-xgurUK_S5BQ2eDfRngjEtbSzNjBCACFw&oe=69311297;“Benim naçiz vücudum elbet bir gün toprak olacaktır, ancak Türkiye Cumhuriyeti ilelebet payidar kalacaktır.”  Cumhuriyetimizin kurucusu Gazi Mustafa Kemal Atatürk’ü, ebediyete irtihalinin 87. yıl dönümünde rahmet ve minnetle anıyorum.  Saygı, minnet ve özlemle…  #10Kasım;
https://www.instagram.com/p/DQ1X_w0jD5h/;Carousel;654;6;0;2025-11-09 14:26:26;https://scontent.cdninstagram.com/v/t51.82787-15/580503215_18539703709063509_7602808588714273044_n.jpg?stp=dst-jpg_e35_tt6&_nc_cat=110&ig_cache_key=Mzc2MjAxODU5MjU4Njc3ODQxMw%3D%3D.3-ccb7-5&ccb=7-5&_nc_sid=58cdad&efg=eyJ2ZW5jb2RlX3RhZyI6InhwaWRzLjE0NDB4OTYwLnNkci5DMyJ9&_nc_ohc=dM5Yr5L3Bq8Q7kNvwGt2B6f&_nc_oc=Adm-UcH5XLnZc_MGprYGdTB0qQPnKIJoYhU8ER3y8w5bYUjdpMYICSfpa51GZeTlMzZ4DOZlroJZ1ORuV_qbGuJz&_nc_ad=z-m&_nc_cid=0&_nc_zt=23&_nc_ht=scontent.cdninstagram.com&_nc_gid=cPA2KB_rZlBJvGD591t3nQ&oh=00_Afj2dp4RQXhkQVScReF-1u0SgvtB6uU0fqG4aKqlJxduxw&oe=69310DEB;"Genel Başkanımız ve Cumhurbaşkanımız Sayın Recep Tayyip Erdoğan’ın liderliğinde; milletimizin emanetini layıkıyla taşımaya, Elazığ’ımız için durmaksızın üretmeye ve sözümüzü eserlerle taçlandırmaya devam edeceğiz.  AK Parti Elazığ İl Başkanımız Sayın İbrahim Sencer Selmanoğlu’nu; milletvekillerimiz, teşkilatımız ve hemşehrilerimizle birlikte coşkuluyla karşılayarak İl Başkanlığımızda bir araya geldik.  Bu kutlu davada; birlik, beraberlik ve kardeşlik ruhuyla şehrimiz için çalışmaya kararlılıkla devam edeceğiz.";
https://www.instagram.com/p/DQ1IF2mDIYK/;Carousel;808;1;0;2025-11-09 12:07:27;https://scontent.cdninstagram.com/v/t51.82787-15/575724095_18539671648063509_6230691319537782120_n.jpg?stp=dst-jpg_e35_tt6&_nc_cat=111&ig_cache_key=Mzc2MTk0ODYzODc1OTkzNTIyMg%3D%3D.3-ccb7-5&ccb=7-5&_nc_sid=58cdad&efg=eyJ2ZW5jb2RlX3RhZyI6InhwaWRzLjE0NDB4OTU5LnNkci5DMyJ9&_nc_ohc=XN2cvJOikBQQ7kNvwEYBATa&_nc_oc=AdnJjMrHmR3uuQz0sqdXkXdZe_0z9oMpUd2GXAV6I7__2NMsCmHXfZg0CVoafyVIyoQmse1DRIV67-omD1COVOb8&_nc_ad=z-m&_nc_cid=0&_nc_zt=23&_nc_ht=scontent.cdninstagram.com&_nc_gid=cPA2KB_rZlBJvGD591t3nQ&oh=00_Afiz8gZFCYcl8jLMC_3MgcQVIgWYFaQOBs3jKZj5263U6w&oe=6931233C;"Daima aynı aşk, heyecan ve coşkuyla…  AK Parti Elazığ İl Başkanımız Sayın İbrahim Sencer Selmanoğlu’nu, milletvekillerimiz, teşkilatımız ve hemşehrilerimizle birlikte büyük bir coşku ve heyecanla Elazığ Havalimanı’nda karşıladık.  Bu kutlu yürüyüşte; inancımızı, birlik ruhumuzu ve azmimizi daha da büyüterek Elazığ’ımız için durmadan, yorulmadan hep birlikte koşacağız!";
https://www.instagram.com/p/DQzVuzfDIMF/;Photo;721;15;0;2025-11-08 19:28:10;https://scontent.cdninstagram.com/v/t51.82787-15/575647770_18539436958063509_4595610154648074259_n.jpg?stp=dst-jpg_e35_tt6&_nc_cat=102&ig_cache_key=Mzc2MTQ0NTY4OTEzODkwNTg2MQ%3D%3D.3-ccb7-5&ccb=7-5&_nc_sid=58cdad&efg=eyJ2ZW5jb2RlX3RhZyI6InhwaWRzLjE0NDB4MTgwMC5zZHIuQzMifQ%3D%3D&_nc_ohc=bpCMl0N1dvsQ7kNvwEElCb7&_nc_oc=AdljdJSO7SYO97agyw_h1xBmHvIy2oZmZJ45jReRh35AQZjolzuNEgdXBqpR2bdn9_8QoCqbrmHYKvd_qZFeZSlo&_nc_ad=z-m&_nc_cid=0&_nc_zt=23&_nc_ht=scontent.cdninstagram.com&_nc_gid=cPA2KB_rZlBJvGD591t3nQ&oh=00_AfgslUOL8TBms1pgvAz3IubOZtYS0cfsqpVPhIV6z0wiYg&oe=6931057F;Cumhurbaşkanımız Sayın Recep Tayyip Erdoğan’ın tensip ve takdirleriyle AK Parti Elazığ İl Başkanımız olarak atanan İbrahim Sencer Selmanoğlu’nu hep birlikte karşılıyoruz.  📅 9 Kasım Pazar 🕥 10.30 📍 Elazığ Havalimanı  Tüm hemşerilerimiz davetlidir.;
https://www.instagram.com/p/DQyvXH_DAy6/;Photo;338;2;0;2025-11-08 13:52:53;https://scontent.cdninstagram.com/v/t51.82787-15/573941795_18539357821063509_1601665958413751306_n.jpg?stp=dst-jpg_e35_tt6&_nc_cat=103&ig_cache_key=Mzc2MTI3NjkzNjExNTcxOTM1NA%3D%3D.3-ccb7-5&ccb=7-5&_nc_sid=58cdad&efg=eyJ2ZW5jb2RlX3RhZyI6InhwaWRzLjE0NDB4MTI4My5zZHIuQzMifQ%3D%3D&_nc_ohc=Gr2kBFdy1XYQ7kNvwFQFXLU&_nc_oc=AdmY_DydzVEd6vVgJjVM4nZ__Dv--S2u-9QKcDXUQYL-N3-Gt5UcZtW0ju3t3zgA3ZffZccRrtEZGIxBF41ilMbF&_nc_ad=z-m&_nc_cid=0&_nc_zt=23&_nc_ht=scontent.cdninstagram.com&_nc_gid=cPA2KB_rZlBJvGD591t3nQ&oh=00_Afiet15sKC5RRKY5eAag0HvmKSNfQpAFdxl2DBukEAe7OQ&oe=6931040B;Kocaeli’nin Dilovası ilçesinde bir fabrikada çıkan yangında hayatını kaybeden vatandaşlarımıza Allah’tan rahmet, ailelerine sabır ve başsağlığı, yaralılara acil şifalar diliyorum.  Başımız sağ olsun.;
https://www.instagram.com/p/DQyUug9DGP4/;Photo;503;11;0;2025-11-08 10:00:08;https://scontent-hou1-1.cdninstagram.com/v/t51.82787-15/574385685_18539305684063509_6719597713237015158_n.jpg?stp=dst-jpg_e35_tt6&_nc_cat=111&ig_cache_key=Mzc2MTE1OTc5NjIxNzg5Nzk3Ng%3D%3D.3-ccb7-5&ccb=7-5&_nc_sid=58cdad&efg=eyJ2ZW5jb2RlX3RhZyI6InhwaWRzLjEyMTB4MTUxMi5zZHIuQzMifQ%3D%3D&_nc_ohc=5sNWK_BY1skQ7kNvwFmtb_e&_nc_oc=Adl0s3QLtdBsIhETKCVb8GRg2cxD6VszbDzhjZpSdiLJIr5Yx2gFVHR4SQfQe3ZvuHxal07QRZSzPbYgZoZusJJ9&_nc_ad=z-m&_nc_cid=0&_nc_zt=23&_nc_ht=scontent-hou1-1.cdninstagram.com&_nc_gid=774T1PA1NVFFfT5mDuRJ3g&oh=00_Afit_zMedfdiJGnPiQCeJyiT8oAnUQzNchPknr6ewlxRjg&oe=69311888;Seza Çimento Elazığspor’umuza, Sincan Belediyesi Ankaraspor karşısında yürekten başarılar diliyorum.;
https://www.instagram.com/p/DQw-7D0jMfy/;Reels;1195;21;128778;2025-11-07 21:30:46;https://scontent-hou1-1.cdninstagram.com/v/t51.71878-15/573692862_1560432512044549_50745488186311181_n.jpg?stp=dst-jpg_e15_tt6&_nc_cat=109&ig_cache_key=Mzc2MDc4MjQyNjI5MDA0Njk2Mg%3D%3D.3-ccb7-5&ccb=7-5&_nc_sid=58cdad&efg=eyJ2ZW5jb2RlX3RhZyI6InhwaWRzLjY0MHgxMTM2LnNkci5DMyJ9&_nc_ohc=Gi_QDE0LPp0Q7kNvwGLEwdC&_nc_oc=AdnF7j2BZF2s9HACt_CQnVh-4CLjTSBM8UKv4LZvEJQSG9SYmaI3YaLGjhfgR15MwqS2dYVtK9DgobvRdSG3s0uB&_nc_ad=z-m&_nc_cid=0&_nc_zt=23&_nc_ht=scontent-hou1-1.cdninstagram.com&_nc_gid=774T1PA1NVFFfT5mDuRJ3g&oh=00_Afh8VmtZmigFmk0N1khrTM651JNmdC5_KvJomrj2pohapA&oe=6930F934;Şehrimizin her köşesini emekle ilmek ilmek dokuyoruz...;
https://www.instagram.com/p/DQwql43jNCR/;Photo;1312;49;0;2025-11-07 18:32:43;https://scontent-hou1-1.cdninstagram.com/v/t51.82787-15/573807770_18539099407063509_5719101637716317034_n.jpg?stp=dst-jpg_e35_tt6&_nc_cat=106&ig_cache_key=Mzc2MDY5MzAxMDQ4OTk4NzIxNw%3D%3D.3-ccb7-5&ccb=7-5&_nc_sid=58cdad&efg=eyJ2ZW5jb2RlX3RhZyI6InhwaWRzLjM5OXgzOTkuc2RyLkMzIn0%3D&_nc_ohc=ICyggtqb-4gQ7kNvwEn_EIA&_nc_oc=Adk7syfCpruZ1S2RYYRsKEZr0slyM9uPgg3FXE0PziqUetM3xjiu3qW4siLNHuMUxP3pPf9961RFSsS2aBCGZ3My&_nc_ad=z-m&_nc_cid=0&_nc_zt=23&_nc_ht=scontent-hou1-1.cdninstagram.com&_nc_gid=774T1PA1NVFFfT5mDuRJ3g&oh=00_Afgoy91l8L-55dyoss_twWzIKDPIJFOppzCr9gKWT-_fCw&oe=69310346;"Genel Başkanımız ve Cumhurbaşkanımız Sayın Recep Tayyip Erdoğan’ın tensipleriyle;  AK Parti Elazığ İl Başkanı olarak görevlendirilen Sayın İbrahim Sencer Selmanoğlu’nu tebrik ediyor, yeni görevinde muvaffakiyetler diliyorum.  AK Parti; millet iradesini esas alan, birlik ve beraberliği önceleyen, gönül ve hizmet siyasetini şiar edinmiş büyük bir ailedir.  Bu kutlu yolda hep birlikte, aynı inanç ve kararlılıkla şehrimize hizmet etmeye devam edeceğiz.  Aziz şehrimize ve teşkilatımıza ve hayırlı olsun.";
https://www.instagram.com/p/DQwqGsDDPRy/;Carousel;868;1;0;2025-11-07 18:28:28;https://scontent-hou1-1.cdninstagram.com/v/t51.82787-15/573892876_18539098984063509_8814977324321964901_n.jpg?stp=dst-jpg_e35_tt6&_nc_cat=111&ig_cache_key=Mzc2MDY5MDg1Nzc4MDIxMzY3NQ%3D%3D.3-ccb7-5&ccb=7-5&_nc_sid=58cdad&efg=eyJ2ZW5jb2RlX3RhZyI6InhwaWRzLjEwNjZ4NzExLnNkci5DMyJ9&_nc_ohc=gW9ICSPwsw8Q7kNvwEOYS1M&_nc_oc=AdlVnXMXBipKtQK3P8TWVty134iogLmkHXaazUq2tSeVFYMcsyag4qBlBA3Zop4C25CvdUz7JBpRqSTi8K92wH_8&_nc_ad=z-m&_nc_cid=0&_nc_zt=23&_nc_ht=scontent-hou1-1.cdninstagram.com&_nc_gid=774T1PA1NVFFfT5mDuRJ3g&oh=00_Afhhj3Cu8HH6Eeu3_nh2hmyxs_hwWEKx5e03eTxzWWW4sg&oe=693127F6;"Valimiz Sayın Numan Hatipoğlu ile birlikte; ülkemizin ve bölgemizin otomotiv sektöründeki en yeni ürün ve teknolojilerin sergilendiği Oto Show Fuarı’mızı ziyaret ettik.  9 Kasım tarihine kadar açık olacak fuarımıza tüm hemşehrilerimizi davet ediyoruz.  📍 Ahmet Tevfik Ozan Fuar ve Kongre Merkezi";
https://www.instagram.com/p/DQwj7YIjKdH/;Photo;427;1;0;2025-11-07 17:34:29;https://scontent-hou1-1.cdninstagram.com/v/t51.82787-15/576373954_18539091388063509_362726690514003972_n.jpg?stp=dst-jpg_e35_tt6&_nc_cat=101&ig_cache_key=Mzc2MDY2MzcwMDg0NDYxOTU5MQ%3D%3D.3-ccb7-5&ccb=7-5&_nc_sid=58cdad&efg=eyJ2ZW5jb2RlX3RhZyI6InhwaWRzLjE0NDB4OTU5LnNkci5DMyJ9&_nc_ohc=Wu8mApehw3gQ7kNvwGoTW9i&_nc_oc=Adm7dXtNSylAqnQmWYtuYCv9yG5RmKsMN10DjpdGAVBdUn-GELW0Ske3op1XESXU7-oteaui7p8ICsFMJ-HygCyr&_nc_ad=z-m&_nc_cid=0&_nc_zt=23&_nc_ht=scontent-hou1-1.cdninstagram.com&_nc_gid=774T1PA1NVFFfT5mDuRJ3g&oh=00_Afj13iqCcnQdYMtnE4xb5Pv0yntW5DNY3ZtPXVdBBsdT_g&oe=69310FEE;📍Elazığ Valiliği   Valimiz Sayın Numan Hatipoğlu, Elazığ TSO Başkanımız Sayın İdris Alan ve ilgili paydaşların katılımı ile  Teknova Organize Sanayi Bölgesi (OSB) Toplantımızı gerçekleştirdik.;
https://www.instagram.com/p/DQwS6VRDIz2/;Carousel;912;5;0;2025-11-07 15:05:48;https://scontent-hou1-1.cdninstagram.com/v/t51.82787-15/573689636_18539056354063509_6420786619965589556_n.jpg?stp=dst-jpg_e35_tt6&_nc_cat=102&ig_cache_key=Mzc2MDU4ODg1MDI3NjkwNDYyNg%3D%3D.3-ccb7-5&ccb=7-5&_nc_sid=58cdad&efg=eyJ2ZW5jb2RlX3RhZyI6InhwaWRzLjE0NDB4MTAxNy5zZHIuQzMifQ%3D%3D&_nc_ohc=ag9wriCGcscQ7kNvwFMG9fz&_nc_oc=AdmRKCTk272CmqQa5Geem16pQ7MJJgP7tY8fV1z4TOn9qtIExSizkLdTfIyeLYGdnnWSyZW_4FyaFbKaJK3h-lHk&_nc_ad=z-m&_nc_cid=0&_nc_zt=23&_nc_ht=scontent-hou1-1.cdninstagram.com&_nc_gid=774T1PA1NVFFfT5mDuRJ3g&oh=00_Afi1wKfd0kq_sWWjcLN4m9u8_xBLni8A8vyYkZOv9idUvw&oe=69311406;"📍Aksaray Mahallemizdeyiz  Mahalle Muhtarımız Sayın Özcan Bal ve ilgili birim müdürlüklerimizle birlikte;  altyapı çalışmalarının tamamlanmasının ardından başlayan üstyapı çalışmalarını yerinde inceledik.  Ardından esnaf ve vatandaşlarımızla bir araya gelerek yapılan çalışmalar hakkında değerlendirmelerde bulunduk, talep ve önerileri dinledik.";
https://www.instagram.com/p/DQwKxfpjOVE/;Carousel;653;6;0;2025-11-07 13:54:41;https://scontent-hou1-1.cdninstagram.com/v/t51.82787-15/574587098_18539048002063509_383731967489541384_n.jpg?stp=dst-jpg_e35_tt6&_nc_cat=106&ig_cache_key=Mzc2MDU1MzA2NDU5MjYzNzIwNg%3D%3D.3-ccb7-5&ccb=7-5&_nc_sid=58cdad&efg=eyJ2ZW5jb2RlX3RhZyI6InhwaWRzLjE0NDB4OTU5LnNkci5DMyJ9&_nc_ohc=uUEBdCW9dqsQ7kNvwHR7hS7&_nc_oc=AdmOvr2hG5YEjXHlEU1_wcl5ChGUFqVX1h9bWQNHbrAQeQdQwywN_au4WYuoNxJKiV0JGWYtzq32I6SJudiDaSfq&_nc_ad=z-m&_nc_cid=0&_nc_zt=23&_nc_ht=scontent-hou1-1.cdninstagram.com&_nc_gid=774T1PA1NVFFfT5mDuRJ3g&oh=00_AfgrfNHZqs6mfYdsr18rhw2x4mmtnp39eNkbeEgnwPt5qg&oe=693117CA;📍 Kırklar Mahallesi  Mahalle Muhtarımız Sayın Mehmet Ayhan ile birlikte, cuma namazımızı Kırklar Cami’de kıymetli hemşehrilerimizle birlikte eda ettik.  Ardından ilgili müdürlüklerimizle beraber mahallemizde devam eden altyapı ve üstyapı çalışmalarını yerinde inceleyerek değerlendirmelerde bulunduk.  Kırklar Mahallemiz, yapılan çalışmaların tamamlanmasıyla birlikte konforlu ve güvenli bir altyapı ile üstyapıya sahip olacak.;
https://www.instagram.com/p/DQuig65jFjq/;Photo;1110;16;0;2025-11-06 22:43:39;https://scontent-hou1-1.cdninstagram.com/v/t51.82787-15/573675949_18538880647063509_1131688950407081548_n.jpg?stp=dst-jpg_e35_tt6&_nc_cat=111&ig_cache_key=Mzc2MDA5NDUzNDc0ODEwMDg0Mg%3D%3D.3-ccb7-5&ccb=7-5&_nc_sid=58cdad&efg=eyJ2ZW5jb2RlX3RhZyI6InhwaWRzLjY3N3g4NjUuc2RyLkMzIn0%3D&_nc_ohc=GdsUrEqRmUYQ7kNvwFmxN3d&_nc_oc=AdmgCUOef8KPmJL265M_IP_M5OdHtPCuASKRDH8l71UyghkV1otphEm8Ph6kbH0V6oTDTS4dXtVr2IsuVoBcThjf&_nc_ad=z-m&_nc_cid=0&_nc_zt=23&_nc_ht=scontent-hou1-1.cdninstagram.com&_nc_gid=774T1PA1NVFFfT5mDuRJ3g&oh=00_Afjc4ZOED7U2ioYbTMSnN282QPxRnJyQTAYDsP2xwuGjqQ&oe=693109B0;"Gümüşkavak Mahallemizde kaybolan 11 yaşındaki evladımız Veysel’in bir an önce sağ salim bulunarak ailesine kavuşmasını diliyorum.  Arama-kurtarma çalışmalarında görev alan tüm ekiplerimize üstün gayretleri için teşekkür ediyor; evladımız bulunana kadar ekiplerimizin çalışmalarını kesintisiz bir şekilde sürdüreceğini ifade ediyorum.";
https://www.instagram.com/p/DQtmZ4sjHaN/;Carousel;937;4;0;2025-11-06 13:58:24;https://scontent-hou1-1.cdninstagram.com/v/t51.82787-15/573054291_18538779727063509_2216725294627210028_n.jpg?stp=dst-jpg_e35_tt6&_nc_cat=111&ig_cache_key=Mzc1OTgzMDE2MzY0ODE4OTU5MA%3D%3D.3-ccb7-5&ccb=7-5&_nc_sid=58cdad&efg=eyJ2ZW5jb2RlX3RhZyI6InhwaWRzLjE0NDB4OTYwLnNkci5DMyJ9&_nc_ohc=f-jstSZDqMUQ7kNvwG1T0dn&_nc_oc=Admg36kfAW2EJZmE5jaeOfB3ra62mSNARKa5UxUJ3CRV11GCcbwtqYATc_p5lNeQvYj21VElQcS9OEIp6vn6yEPO&_nc_ad=z-m&_nc_cid=0&_nc_zt=23&_nc_ht=scontent-hou1-1.cdninstagram.com&_nc_gid=774T1PA1NVFFfT5mDuRJ3g&oh=00_AfijeusRxbPCc4ftDUCjkTnmC56FZrgfDgBaxrWxUY8QEw&oe=69312FB0;Tunceli Valiliği 📍  Valimiz Sayın Numan Hatipoğlu, Bingöl Valimiz Sayın Ahmet Hamdi Usta, Bingöl Belediye Başkanımız Sayın Erdal Arıkan ve yönetim kurulu üyelerimizle birlikte, Tunceli Valimiz Sayın Şefik Aygöl ziyaret ettik.  Nazik misafirperverlikleri için Sayın Valimize teşekkür ediyorum.;
https://www.instagram.com/p/DQtg6OkDAen/;Carousel;454;0;0;2025-11-06 13:10:24;https://scontent-hou1-1.cdninstagram.com/v/t51.82787-15/573633586_18538748122063509_3822273470510352629_n.jpg?stp=dst-jpg_e35_tt6&_nc_cat=103&ig_cache_key=Mzc1OTgwNTk5Nzc1NDY2ODk4Mg%3D%3D.3-ccb7-5&ccb=7-5&_nc_sid=58cdad&efg=eyJ2ZW5jb2RlX3RhZyI6InhwaWRzLjE0NDB4OTYwLnNkci5DMyJ9&_nc_ohc=s31BnlX3IoIQ7kNvwEyLL7L&_nc_oc=AdmUmj8-vpz1LHQP2sdj3_VMY_hQpA4SccgcV8LI1p689URbpkBwwACDkn6tzbHSb-hix_wEwc8UCQpuEzkzOCOY&_nc_ad=z-m&_nc_cid=0&_nc_zt=23&_nc_ht=scontent-hou1-1.cdninstagram.com&_nc_gid=774T1PA1NVFFfT5mDuRJ3g&oh=00_AfgvKmYMQU_C9JfyC3IClOXRmxkbhpmPKKzRAnN8Rob6gg&oe=69312F2B;📍Tunceli   Tunceli Valiliği’mizin ev sahipliğinde düzenlenen Fırat Kalkınma Ajansı 2025 Yılı  Kasım Ayı Yönetim Kurulu Toplantımızı gerçekleştirdik.   Yerel kalkınma hamlesi başvuruları ile yürütülen çalışmalar hakkında kapsamlı bilgilendirmeler yapılarak şehrimizin ve bölgemizin kalkınma hedefleri doğrultusunda değerlendirmelerde bulunduk.;
https://www.instagram.com/p/DQrgt2cDDJI/;Photo;386;0;0;2025-11-05 18:30:13;https://scontent-hou1-1.cdninstagram.com/v/t51.82787-15/573287689_18538584670063509_4056141052985479986_n.jpg?stp=dst-jpg_e35_tt6&_nc_cat=107&ig_cache_key=Mzc1OTI0MjIwMjI4ODIzOTE3Ng%3D%3D.3-ccb7-5&ccb=7-5&_nc_sid=58cdad&efg=eyJ2ZW5jb2RlX3RhZyI6InhwaWRzLjE0NDB4OTYwLnNkci5DMyJ9&_nc_ohc=O5NxQ_nmPB0Q7kNvwGjLMOi&_nc_oc=AdlaDq7ZZ7k30lWi__yGZCKZw3xFQOwAw8DD2I-aE6cNQb5THKbj6eHClxyBvpso05ZcHmbAiJSCdM0jdXu7x1KR&_nc_ad=z-m&_nc_cid=0&_nc_zt=23&_nc_ht=scontent-hou1-1.cdninstagram.com&_nc_gid=774T1PA1NVFFfT5mDuRJ3g&oh=00_Afi4KEuzXo2GW6FNlaE91asCQpHP2VZmKq4yVodxgEt6oQ&oe=693115AC;EKİDER Onursal Başkanı Sayın Emrah Seçer, Sayın Akif Süt ve beraberindeki heyet bizleri ziyaret etti.  Değerli misafirlerimize nazik ziyaretlerinden dolayı teşekkür ediyorum.;
https://www.instagram.com/p/DQrSqKVDINW/;Carousel;682;0;0;2025-11-05 16:27:23;https://scontent-hou1-1.cdninstagram.com/v/t51.82787-15/573436828_18538567234063509_136817687389625698_n.jpg?stp=dst-jpg_e35_tt6&_nc_cat=101&ig_cache_key=Mzc1OTE4MDM2ODg2MDQ1OTA1OA%3D%3D.3-ccb7-5&ccb=7-5&_nc_sid=58cdad&efg=eyJ2ZW5jb2RlX3RhZyI6InhwaWRzLjE0NDB4OTYwLnNkci5DMyJ9&_nc_ohc=dFSR7Bx01d8Q7kNvwHPhNAg&_nc_oc=AdnWbNxEZjt334X-J8OlhV9znHGwW_6sufegjUVvX-EFWRd8VJ7IAIDgqD4-pQP5zWlZNiXZzHXhiIu-nR6nlhtf&_nc_ad=z-m&_nc_cid=0&_nc_zt=23&_nc_ht=scontent-hou1-1.cdninstagram.com&_nc_gid=774T1PA1NVFFfT5mDuRJ3g&oh=00_AfiW1z80OLGPxFdaUKnf_6_8OnDnO75-XBb2gJlu6T0lyA&oe=693127BC;Hicret Mahallesi | Kırkgözeler📍  Mahalle Muhtarımız Sayın Murat Gülbasan ile birlikte Şorşor Deresi’nin Kırkgözeler bölgesinde devam eden çalışmaları yerinde inceledik.  Bu alanda hayata geçireceğimiz sosyal donatı alanları ile ilgili değerlendirmelerde bulunduk.  Hemşehrilerimizin nefes alacağı, keyifle vakit geçireceği yeni yaşam alanları için çalışmalarımızı sürdürüyoruz.;
https://www.instagram.com/p/DQq1P_PjOEB/;Photo;371;0;0;2025-11-05 12:10:24;https://scontent.cdninstagram.com/v/t51.82787-15/573515604_18538515958063509_8959111025803418294_n.jpg?stp=dst-jpg_e35_tt6&_nc_cat=104&ig_cache_key=Mzc1OTA1MTAzNDE1Nzk2NTU2OQ%3D%3D.3-ccb7-5&ccb=7-5&_nc_sid=58cdad&efg=eyJ2ZW5jb2RlX3RhZyI6InhwaWRzLjE0NDB4OTYwLnNkci5DMyJ9&_nc_ohc=AIuEOrIaHsUQ7kNvwEvUIbp&_nc_oc=AdkhBZShN-ZbMbr6zaDytjFEubPG4tUy5ChdZMDi0OlGxD1_ub0IyLHs4qsah-wP9AA&_nc_ad=z-m&_nc_cid=0&_nc_zt=23&_nc_ht=scontent.cdninstagram.com&_nc_gid=n8Ht-D257LClqB5fRA4HYw&oh=00_Afi4Qds4v8oaboPEy4WtuPnpfufAAGfMiROdFDUOyIpjbw&oe=69311597;Tuhafiyeciler ve Konfeksiyoncular Odası Başkanımız Sayın Mithat Ulaş, Arıcılar Birliği Başkanı Sayın Fırat Canbay ve yönetimleri bizi ziyaret ettiler.   Değerli misafirlerimize nazik ziyaretlerinden dolayı teşekkür ediyorum.;
https://www.instagram.com/p/DQqt1IfjG5y/;Carousel;534;0;0;2025-11-05 11:05:34;https://scontent.cdninstagram.com/v/t51.82787-15/573488085_18538508584063509_6257632383845483030_n.jpg?stp=dst-jpg_e35_tt6&_nc_cat=100&ig_cache_key=Mzc1OTAxODM5NzY4MjkxMDM1Nw%3D%3D.3-ccb7-5&ccb=7-5&_nc_sid=58cdad&efg=eyJ2ZW5jb2RlX3RhZyI6InhwaWRzLjE0NDB4OTYwLnNkci5DMyJ9&_nc_ohc=SSEAeB4AX00Q7kNvwHGCEII&_nc_oc=Adkbx4vgtKMeb8VVU1yEDyNtZggOAJ1OFP8NVhndBml-51EeI2jx4pwUbUSTYcq2O7s&_nc_ad=z-m&_nc_cid=0&_nc_zt=23&_nc_ht=scontent.cdninstagram.com&_nc_gid=n8Ht-D257LClqB5fRA4HYw&oh=00_AfjkpTtS-NDArZf1ceT8GJQDfT4TQm1OA13ZPrBrIJx35w&oe=69310F3D;Türk Yerel Hizmet-Sen Sendikası Elazığ Şube Başkanı Sayın Mehmet Zafer Yetiş ve yönetimi bizleri ziyaret ettiler.   Değerli misafirlerimize nazik ziyaretlerinden dolayı teşekkür ediyorum.;
https://www.instagram.com/p/DQpWHmAjPf5/;Reels;1186;53;46564;2025-11-04 22:20:16;https://scontent.cdninstagram.com/v/t51.71878-15/574764592_839116851999255_1113413397155282967_n.jpg?stp=dst-jpg_e15_tt6&_nc_cat=111&ig_cache_key=Mzc1ODYzMjY0Mjg4ODM5ODg0MQ%3D%3D.3-ccb7-5&ccb=7-5&_nc_sid=58cdad&efg=eyJ2ZW5jb2RlX3RhZyI6InhwaWRzLjY0MHgxMTM2LnNkci5DMyJ9&_nc_ohc=H6fViFNB6-cQ7kNvwHRT6uU&_nc_oc=Adnr0jXI_SO9SmSf-r62ebVOQkhWCpE6Fz-iIfp4utp0jc4kj7MT6XbvSnIk--LQ98Y&_nc_ad=z-m&_nc_cid=0&_nc_zt=23&_nc_ht=scontent.cdninstagram.com&_nc_gid=n8Ht-D257LClqB5fRA4HYw&oh=00_Afhy_cxG5snwoL-yfHULjFtQQU0x8gYoPPIPJ1jfBCGSUA&oe=69312406;Elazığ’ımız için canla başla çalışıyoruz.;
https://www.instagram.com/p/DQpIWyijPqG/;Photo;600;4;0;2025-11-04 20:18:53;https://scontent.cdninstagram.com/v/t51.82787-15/573712712_18538305055063509_8988071894259658923_n.jpg?stp=dst-jpg_e35_tt6&_nc_cat=105&ig_cache_key=Mzc1ODU3MjExNDQ4NDcyMjMxMA%3D%3D.3-ccb7-5&ccb=7-5&_nc_sid=58cdad&efg=eyJ2ZW5jb2RlX3RhZyI6InhwaWRzLjE0NDB4MTgwMC5zZHIuQzMifQ%3D%3D&_nc_ohc=wIDC8CNZRTQQ7kNvwHkFp_0&_nc_oc=Adnwb4dBm50YXaSA9Xajn80_iypfkXLoji_KrJJYVp2Zbz-u867HmC-pvOleL4jXwl4&_nc_ad=z-m&_nc_cid=0&_nc_zt=23&_nc_ht=scontent.cdninstagram.com&_nc_gid=n8Ht-D257LClqB5fRA4HYw&oh=00_Afg1XKfkS2Gb98Mx_IsADg4IGxSpJIO1n8ryNhjSpLjxEQ&oe=6930FBB0;ELAZIĞ’IMIZDA 3.825 SOSYAL KONUTUN DAĞILIMI KESİNLEŞTİ  Aziz şehrimize hayırlı ve uğurlu olsun.;
https://www.instagram.com/p/DQouAKRjN6N/;Carousel;619;3;0;2025-11-04 16:28:36;https://scontent.cdninstagram.com/v/t51.82787-15/573169623_18538270744063509_5289444964161453640_n.jpg?stp=dst-jpg_e35_tt6&_nc_cat=100&ig_cache_key=Mzc1ODQ1NjE5OTYwODgxMzA4Nw%3D%3D.3-ccb7-5&ccb=7-5&_nc_sid=58cdad&efg=eyJ2ZW5jb2RlX3RhZyI6InhwaWRzLjE0NDB4OTYwLnNkci5DMyJ9&_nc_ohc=rNAkHkzh94QQ7kNvwGtFkrF&_nc_oc=AdmWo7WHSSfxOjPmCdJtkk-AqUnDCoLwXeYFlq_srLlhyvWIyMjqPu_s0Xqz0RjZy2A&_nc_ad=z-m&_nc_cid=0&_nc_zt=23&_nc_ht=scontent.cdninstagram.com&_nc_gid=n8Ht-D257LClqB5fRA4HYw&oh=00_AfjEOYH8gXAO0ZI9TZ4fajhf3zQWpnkWopMyJ_PF85cdrQ&oe=693119B0;"Zafran ve Yeni Mahallelerimizdeyiz.📍  Zafran Mahalle Muhtarımız Sayın Selahattin Kuşaksız, Yeni Mahalle Muhtarımız Sayın Ayhan Yılmaz ve ilgili birim müdürlerimizle birlikte,  Prof. Dr. Necmettin Erbakan Bulvarı’nın Zafran ve Yeni Mahalle sınırlarında devam eden bulvar düzenleme çalışmalarını yerinde inceledik.  Yeni yol; bölgenin ulaşım altyapısı, artan nüfus ve trafik hacmi karşısında güçlü bir alternatif haline gelecek.";
https://www.instagram.com/p/DQoemqnDLXd/;Carousel;621;2;0;2025-11-04 14:14:03;https://scontent.cdninstagram.com/v/t51.82787-15/574104135_18538254928063509_3559383405665685704_n.jpg?stp=dst-jpg_e35_tt6&_nc_cat=105&ig_cache_key=Mzc1ODM4ODQ4MTE2MTQ1MDQyMw%3D%3D.3-ccb7-5&ccb=7-5&_nc_sid=58cdad&efg=eyJ2ZW5jb2RlX3RhZyI6InhwaWRzLjE0NDB4OTU5LnNkci5DMyJ9&_nc_ohc=4OA5V9pf0kEQ7kNvwFyVW4i&_nc_oc=AdnQ8S72_BZcIIKYrEflnHs5lqKNnPgW67Fzgvzs8yFFifbdBAliaXfFhWgJEZbdwDs&_nc_ad=z-m&_nc_cid=0&_nc_zt=23&_nc_ht=scontent.cdninstagram.com&_nc_gid=n8Ht-D257LClqB5fRA4HYw&oh=00_AfiALJ4Hi__C44_hE0bHdJ9hrUTHYidattOCn-95MHY7rQ&oe=69312290;Esentepe Mahallemizdeyiz.   Muhtarımız Sayın Cihan Dağbaşı ile birlikte mahallemizde yürüttüğümüz çalışmalara ilişkin incelemelerde bulunarak hemşehrilerimizle bir araya geldik.;
https://www.instagram.com/p/DQoYOPJDGx6/;Photo;456;1;0;2025-11-04 13:18:17;https://scontent.cdninstagram.com/v/t51.82787-15/573050522_18538249534063509_5980792932386331857_n.jpg?stp=dst-jpg_e35_tt6&_nc_cat=107&ig_cache_key=Mzc1ODM2MDQyMDQ4NzU1NjIxOA%3D%3D.3-ccb7-5&ccb=7-5&_nc_sid=58cdad&efg=eyJ2ZW5jb2RlX3RhZyI6InhwaWRzLjE0NDB4OTU5LnNkci5DMyJ9&_nc_ohc=dfz9I6M0ZEQQ7kNvwE8nShl&_nc_oc=AdnGkMGKjHoaQ8wVPqvX8KRj83UVgl3ftxOMXtZFtany5dXuRGhi-hwjwU7e3OFYlCY&_nc_ad=z-m&_nc_cid=0&_nc_zt=23&_nc_ht=scontent.cdninstagram.com&_nc_gid=n8Ht-D257LClqB5fRA4HYw&oh=00_AfgesKL75eUZC7zCGunRJfZO3tFgfByHBg4uoo7w8L4s_Q&oe=69311326;Yıldız Bağları Mahalle Muhtarımız Sayın Ersin Akkoç ve kıymetli hemşehrilerimizi ziyaret ettik.  Mahallemizde devam eden ve tamamlanan çalışmalarla ilgili istişarelerde bulunduk.;
https://www.instagram.com/p/DQoOdzfjBaT/;Carousel;669;1;0;2025-11-04 11:53:01;https://scontent.cdninstagram.com/v/t51.82787-15/572895106_18538241857063509_2023337972925569695_n.jpg?stp=dst-jpg_e35_tt6&_nc_cat=109&ig_cache_key=Mzc1ODMxNzUwMDQ0MzE4NTMyOQ%3D%3D.3-ccb7-5&ccb=7-5&_nc_sid=58cdad&efg=eyJ2ZW5jb2RlX3RhZyI6InhwaWRzLjE0NDB4OTYwLnNkci5DMyJ9&_nc_ohc=wOSgfD_zBeMQ7kNvwHPLBLI&_nc_oc=AdlJyFHEzBYyJjEPPnQqJzPgM46VGsAZpFqwMcai03xT4BLoOPQI_ZEN6g1CfLlAEEU&_nc_ad=z-m&_nc_cid=0&_nc_zt=23&_nc_ht=scontent.cdninstagram.com&_nc_gid=n8Ht-D257LClqB5fRA4HYw&oh=00_Afi4W1Tdh_KfRl3_lwpH1S-c3qf28dVKT7NEI0wlHcXJow&oe=6931294B;"📍 Kültür Mahallesi  Kültür Mahallesi Muhtarımız Sayın Murat Biter ve ilgili birim müdürlerimizle birlikte;  mahallemizde tamamlanan altyapı çalışmaları sonrası başlattığımız asfalt yenileme  çalışmalarını yerinde inceledik.  Ardından vatandaşlarımızla bir araya gelerek yapılan çalışmalar hakkında değerlendirmelerde bulunduk, talepleri dinledik.";
https://www.instagram.com/p/DQm0J5KjJCC/;Reels;1539;16;59676;2025-11-03 22:44:47;https://scontent.cdninstagram.com/v/t51.71878-15/571796217_1367042431604715_8738423686605333743_n.jpg?stp=dst-jpg_e15_tt6&_nc_cat=101&ig_cache_key=Mzc1NzkyMDMxNzM2MTM5Mzc5NA%3D%3D.3-ccb7-5&ccb=7-5&_nc_sid=58cdad&efg=eyJ2ZW5jb2RlX3RhZyI6InhwaWRzLjY0MHgxMTM2LnNkci5DMyJ9&_nc_ohc=SSrSOP44YioQ7kNvwGgL83w&_nc_oc=AdlXdgJiSm5vKQ1pAZsZACLyVxu-qvE1pVLPjOYA8XT7DT4nfme2EnrB2_mMwOYVpZM&_nc_ad=z-m&_nc_cid=0&_nc_zt=23&_nc_ht=scontent.cdninstagram.com&_nc_gid=n8Ht-D257LClqB5fRA4HYw&oh=00_Afgwo3ULAQ6xTq9SlKH07O8JE7Fs1YEmc2GapaG34i94GA&oe=69312856;Bizim sevdamız, memleket sevdası…;
https://www.instagram.com/p/DQmmsCuDJrG/;Photo;414;0;0;2025-11-03 20:46:12;https://scontent.cdninstagram.com/v/t51.82787-15/574370703_18538151404063509_7869135305576655815_n.jpg?stp=dst-jpg_e35_tt6&_nc_cat=106&ig_cache_key=Mzc1Nzg2MTA5MTQzMTcxNzU3NA%3D%3D.3-ccb7-5&ccb=7-5&_nc_sid=58cdad&efg=eyJ2ZW5jb2RlX3RhZyI6InhwaWRzLjE0NDB4OTYwLnNkci5DMyJ9&_nc_ohc=9OCQH6TBGPYQ7kNvwFtt-sr&_nc_oc=AdloQkIyxF_Wx2Iu7FGJ_6jM9Mg7TXmTMvrPWDdirFBqKsrvDa2VwCHspcnZqB69NEY&_nc_ad=z-m&_nc_cid=0&_nc_zt=23&_nc_ht=scontent.cdninstagram.com&_nc_gid=n8Ht-D257LClqB5fRA4HYw&oh=00_AfgKhpGf1k8-bVD2tSadg4b7jK_5qz3HWplVQaKS2LdUPg&oe=69312E5C;Anayasa Mahkemesi Başkanımız Sayın Kadir Özkaya ve beraberindeki heyet ile birlikte, Valimiz Sayın Numan Hatipoğlu’nu ziyaret ettik.  📍 Elazığ Valiliği;
https://www.instagram.com/p/DQmaRRKDAoV/;Photo;663;1;0;2025-11-03 18:57:41;https://scontent.cdninstagram.com/v/t51.82787-15/573169606_18538135672063509_3188943983758814069_n.jpg?stp=dst-jpg_e35_tt6&_nc_cat=110&ig_cache_key=Mzc1NzgwNjQ3NDk0OTgyMjk5Nw%3D%3D.3-ccb7-5&ccb=7-5&_nc_sid=58cdad&efg=eyJ2ZW5jb2RlX3RhZyI6InhwaWRzLjk3NXg4Njkuc2RyLkMzIn0%3D&_nc_ohc=fOLpX-3e0mMQ7kNvwGQWHV4&_nc_oc=Adm7n63jJUXwliNUGiF1WVUMp5PlB0MC9VePOb45iZXa11aHFvTVpTryMlWMJnFPvJc&_nc_ad=z-m&_nc_cid=0&_nc_zt=23&_nc_ht=scontent.cdninstagram.com&_nc_gid=n8Ht-D257LClqB5fRA4HYw&oh=00_Afjb_woPEi2XBPKjvFGKp949nFuDPA-Yx7PxZlO7nAd3hw&oe=693105FF;Anayasa Mahkemesi Başkanımız Sayın Kadir Özkaya’yı, il protokolümüzle birlikte Elazığ Havalimanı’nda karşıladık.;
https://www.instagram.com/p/DQmEjGgjHeP/;Carousel;630;13;0;2025-11-03 15:47:53;https://scontent.cdninstagram.com/v/t51.82787-15/572965294_18538108447063509_7422340859350098608_n.jpg?stp=dst-jpg_e35_tt6&_nc_cat=104&ig_cache_key=Mzc1NzcxMDkzMzgyMTgwNTcwNg%3D%3D.3-ccb7-5&ccb=7-5&_nc_sid=58cdad&efg=eyJ2ZW5jb2RlX3RhZyI6InhwaWRzLjE0NDB4OTYwLnNkci5DMyJ9&_nc_ohc=4z1qsD58GEcQ7kNvwEgaqYD&_nc_oc=Adm0f4Pcgt3FWdbNSkc2TOsBZlJKMT-b66nNYB6MJ5oDsVz5nWsYjcw0hT49Ar-87Is&_nc_ad=z-m&_nc_cid=0&_nc_zt=23&_nc_ht=scontent.cdninstagram.com&_nc_gid=n8Ht-D257LClqB5fRA4HYw&oh=00_AfgwLdGd_DAlAMQv-VU6cvmKqhUWmNuPdvMutX4c-c1efA&oe=693117FD;"📍 Doğu Park | Sanayi Mahallesi  Sanayi Mahallesi Muhtarımız Sayın Adem Susalan ve ilgili birimlerimizle birlikte, eski şehirler arası otobüs terminali alanında hayata geçirdiğimiz Doğu Park projemizde devam eden çalışmaları yerinde inceledik.  Yaklaşık 22.000 m² alanda; spor–fitness sahaları, yürüyüş ve bisiklet yolları, çocuk oyun alanları, süs havuzları, kameriyeler, kafeterya, mescit ve sosyal donatı alanlarıyla bölgemize değer katacağız.";
https://www.instagram.com/p/DQl4SGHDFfX/;Carousel;1033;10;0;2025-11-03 14:00:42;https://scontent-hou1-1.cdninstagram.com/v/t51.82787-15/573175565_18538096816063509_2701469016559222742_n.jpg?stp=dst-jpg_e35_tt6&_nc_cat=108&ig_cache_key=Mzc1NzY1Njk4OTYxMTM1MzM1OA%3D%3D.3-ccb7-5&ccb=7-5&_nc_sid=58cdad&efg=eyJ2ZW5jb2RlX3RhZyI6InhwaWRzLjE0NDB4OTYwLnNkci5DMyJ9&_nc_ohc=9bmzhAchEIkQ7kNvwEUOwhN&_nc_oc=AdkbctJabJRfOY4aSzFl7tZ1lDLI9f4ZTiePGjE88mqw5YfCR2i5Aea_oy3U5fEIDaQ&_nc_ad=z-m&_nc_cid=0&_nc_zt=23&_nc_ht=scontent-hou1-1.cdninstagram.com&_nc_gid=SeaI3WuawXkDAAeKRZ9Raw&oh=00_Afh7IR6StdekIj6Jug1pV4sl3nvYdZ0XDGB2WjO9YklRpg&oe=693121F7;"📍 Güneykent Mahallesi | Seksenler Sokağı  İlgili birim müdürlerimizle birlikte; TRT 1 ekranlarında uzun yıllar gönüllere taht kuran #Seksenler dizisine ev sahipliği yapan ve atıl durumda bulunan alanda incelemelerde bulunduk.  Bu alanı yeniden düzenleyerek hemşehrilerimizin nefes alacağı, sosyal ve kültürel hayatı canlandıracak bir çekim ve yaşam merkezine dönüştürüyoruz.  Elazığ’ımıza yakışır bir projeyi hayata geçirmek için çalışmalarımız devam ediyor.";
https://www.instagram.com/p/DQl1cjbjP-z/;Carousel;799;19;0;2025-11-03 13:35:55;https://scontent-hou1-1.cdninstagram.com/v/t51.82787-15/574481690_18538094662063509_8316948630888841981_n.jpg?stp=dst-jpg_e35_tt6&_nc_cat=100&ig_cache_key=Mzc1NzY0NDUxMjYxMzkwMzg0OQ%3D%3D.3-ccb7-5&ccb=7-5&_nc_sid=58cdad&efg=eyJ2ZW5jb2RlX3RhZyI6InhwaWRzLjE0NDB4OTYwLnNkci5DMyJ9&_nc_ohc=jBeWi-jwbAIQ7kNvwFOOwPl&_nc_oc=AdnFZEIZKh8BDi2Fi1YDRLbKbdh_cVpTeyexLNWtr2oO-yrIdX0wqsNsx0QADR7aquo&_nc_ad=z-m&_nc_cid=0&_nc_zt=23&_nc_ht=scontent-hou1-1.cdninstagram.com&_nc_gid=SeaI3WuawXkDAAeKRZ9Raw&oh=00_AfgBxhMBol7sZxYEJt7xgyyb1UH26LNy7eg-R2O3-CTEUQ&oe=6930FFBE;"Elazığ’ımızı kültür ve müzeler şehri yapma hedefimiz doğrultusunda çalışmalarımıza devam ediyoruz.  Tarihimizin önemli miraslarından olan Tarihi Öğretmenevi’nde sürdürülen güçlendirme ve restorasyon çalışmalarını yerinde inceleyerek süreç hakkında bilgi aldık.  Tamamlandığında; Millet Kütüphanesi ve Eğitim Müzesi olarak şehrimizin hizmetine sunacak ve Elazığ’ımızın kültürel hafızasını geleceğe taşıyacağız.";
https://www.instagram.com/p/DQltbOFDPqK/;Photo;374;2;0;2025-11-03 12:25:50;https://scontent-hou1-1.cdninstagram.com/v/t51.82787-15/575606620_18538089241063509_587338346306527925_n.jpg?stp=dst-jpg_e35_tt6&_nc_cat=105&ig_cache_key=Mzc1NzYwOTI0Njc0NjU0MDY4Mg%3D%3D.3-ccb7-5&ccb=7-5&_nc_sid=58cdad&efg=eyJ2ZW5jb2RlX3RhZyI6InhwaWRzLjE0NDB4MTgwMC5zZHIuQzMifQ%3D%3D&_nc_ohc=MmE6dolG13kQ7kNvwHPv3WZ&_nc_oc=Adkg0Ct7M-XpomnnB4ZS_iddIQJpQLvtt5RxP9zZozabL-ocflJtfHgnZapC9f5Fyr8&_nc_ad=z-m&_nc_cid=0&_nc_zt=23&_nc_ht=scontent-hou1-1.cdninstagram.com&_nc_gid=SeaI3WuawXkDAAeKRZ9Raw&oh=00_AfhyfYSEEYt9QC6fLwhPfrs1e_cvB9oqmXAsZWZ29t9N6A&oe=69312ADD;"İlk günkü aşkla; #3Kasım2002’den bugüne, Türkiye ve millet sevdasıyla gönüllere dokunan bir birliktelik.  Mücadelenin ve Hakk’a olan inancın adıdır:  AK PARTİ 🇹🇷";
https://www.instagram.com/p/DQlUfsRjNR_/;Reels;1213;9;30173;2025-11-03 08:49:55;https://scontent-hou1-1.cdninstagram.com/v/t51.71878-15/565864572_1489981358888221_3776574875661077554_n.jpg?stp=dst-jpg_e15_tt6&_nc_cat=106&ig_cache_key=Mzc1NzQ5OTYwMjg4MzYzMDIwNw%3D%3D.3-ccb7-5&ccb=7-5&_nc_sid=58cdad&efg=eyJ2ZW5jb2RlX3RhZyI6InhwaWRzLjY0MHgxMTM2LnNkci5DMyJ9&_nc_ohc=Ue4osYuVF-4Q7kNvwHxgCvX&_nc_oc=AdmeGhjoEwlveSZyniwkODZeAjcwwRvIqPtLZnFsW32uJTaoSB0q_sTYjKOmHQV9irk&_nc_ad=z-m&_nc_cid=0&_nc_zt=23&_nc_ht=scontent-hou1-1.cdninstagram.com&_nc_gid=SeaI3WuawXkDAAeKRZ9Raw&oh=00_Afjh57loFqoq31IYxXpVl8ueO-8CwQLtV4VVrJnhe-QVQA&oe=69311D03;Sonbahar en çok sana yakışıyor Harput 🍂   Her rengin ayrı bir huzur, her köşen ayrı bir renk…🫶  Hayırlı, bereketli, sağlıklı mutlu haftalar diliyoruz.😊;
https://www.instagram.com/p/DQjfdHTjB3K/;Photo;258;0;0;2025-11-02 15:45:17;https://scontent-hou1-1.cdninstagram.com/v/t51.82787-15/574358600_18537944209063509_4621273118793141339_n.jpg?stp=dst-jpg_e35_tt6&_nc_cat=107&ig_cache_key=Mzc1Njk4NDg1NDMwNzkzNzczOA%3D%3D.3-ccb7-5&ccb=7-5&_nc_sid=58cdad&efg=eyJ2ZW5jb2RlX3RhZyI6InhwaWRzLjE0NDB4MTg0OC5zZHIuQzMifQ%3D%3D&_nc_ohc=h28-eBdISHgQ7kNvwGxji1t&_nc_oc=AdkIks2AASdFClKf0LpNh_EmvtkVQGw-fFTY0TMfqvA-7Fl63ybgxfiz7d91f0P4kUQ&_nc_ad=z-m&_nc_cid=0&_nc_zt=23&_nc_ht=scontent-hou1-1.cdninstagram.com&_nc_gid=SeaI3WuawXkDAAeKRZ9Raw&oh=00_AfjbewkYR6ZKlXNXuY4erSTs9y7sd6Hm-PPN1ZHDUduTOA&oe=6931181C;"Yüreği iyilik için çarpan herkesin #KızılayHaftası kutlu olsun.  157 yıldır sardığı her yaraya, uzattığı her yardım eline umut yükleyen; şifa bekleyenlerin parlayan hilâli olan Kızılay’ın fedakâr neferlerini gönülden selamlıyoruz.";
https://www.instagram.com/p/DQjKwy8DBpH/;Photo;394;6;0;2025-11-02 12:44:28;https://scontent-hou1-1.cdninstagram.com/v/t51.82787-15/573064156_18537924028063509_7344887136003964809_n.jpg?stp=dst-jpg_e35_tt6&_nc_cat=102&ig_cache_key=Mzc1Njg5Mzg0Nzg1MTYzNzMxOQ%3D%3D.3-ccb7-5&ccb=7-5&_nc_sid=58cdad&efg=eyJ2ZW5jb2RlX3RhZyI6InhwaWRzLjEyMTB4MTUxMy5zZHIuQzMifQ%3D%3D&_nc_ohc=wxZhMosdAnMQ7kNvwGZ6m_C&_nc_oc=AdmgjKy6FYbju2eUQuoxiJz5QnpGvGWAFZxWtk1iqGeVyEjSE3WsEkuYePx-r9h2jA8&_nc_ad=z-m&_nc_cid=0&_nc_zt=23&_nc_ht=scontent-hou1-1.cdninstagram.com&_nc_gid=SeaI3WuawXkDAAeKRZ9Raw&oh=00_AfgO_Fif2PPTSYnXNxXVn7CFVKiWjJhwrvoY47YWiXa6Ng&oe=6930FA3D;Seza Çimento Elazığspor’umuza, Muğlaspor karşısında yürekten başarılar diliyorum.;
https://www.instagram.com/p/DQhQn-2jJvt/;Reels;322;5;14686;2025-11-01 18:57:41;https://scontent-hou1-1.cdninstagram.com/v/t51.71878-15/572581642_2229152607562346_774352144513623733_n.jpg?stp=dst-jpg_e15_tt6&_nc_cat=105&ig_cache_key=Mzc1NjM1NjY4MDQ5NDY1MjM5Nw%3D%3D.3-ccb7-5&ccb=7-5&_nc_sid=58cdad&efg=eyJ2ZW5jb2RlX3RhZyI6InhwaWRzLjY0MHgxMTM2LnNkci5DMyJ9&_nc_ohc=AhKayZwOB1IQ7kNvwHlzuuJ&_nc_oc=Adl4inMw2eQiDfpv54DTV1jxyip3LohQx63aEqblu7q107YKJUREjT4kqSU5CRPDtwI&_nc_ad=z-m&_nc_cid=0&_nc_zt=23&_nc_ht=scontent-hou1-1.cdninstagram.com&_nc_gid=SeaI3WuawXkDAAeKRZ9Raw&oh=00_Afj4pESB1CGco1KzHg5-VULqGoCME9Z4jqsaDzOQULy4Hg&oe=693109F5;IHF 2027 Dünya Şampiyonası Elemeleri rövanş mücadelesinde A Millî Takımımız yarın GKRY karşısında sahaya çıkıyor.  Bu önemli karşılaşmada millilerimize güçlü bir destek vermek için hep birlikte tribünlerde yerimizi alalım!  📍 Ahmet Aytar Spor Salonu – Elazığ 🕓 2 Kasım Pazar | 16.00;
https://www.instagram.com/p/DQhP83CDD3I/;Photo;1154;8;0;2025-11-01 18:51:19;https://scontent-hou1-1.cdninstagram.com/v/t51.82787-15/572229803_18537800425063509_6201594430908681472_n.jpg?stp=dst-jpg_e35_tt6&_nc_cat=100&ig_cache_key=Mzc1NjM1MzcxNzE2MDEzMjA0MA%3D%3D.3-ccb7-5&ccb=7-5&_nc_sid=58cdad&efg=eyJ2ZW5jb2RlX3RhZyI6InhwaWRzLjE0NDB4ODEwLnNkci5DMyJ9&_nc_ohc=2WpWpqkVQxwQ7kNvwEDSfWQ&_nc_oc=AdlzI3Y3LWWF_mNdBROCsN3ZF6H-jUJvn1vFJHmaOO8vHK0LM_uQl5KET9RHkWMtxY4&_nc_ad=z-m&_nc_cid=0&_nc_zt=23&_nc_ht=scontent-hou1-1.cdninstagram.com&_nc_gid=SeaI3WuawXkDAAeKRZ9Raw&oh=00_AfiStaZMrclq85y4f2niU7ofHcA-DvqjFOFOfwCWY9qyOA&oe=693125A4;Geçirdiği rahatsızlık nedeniyle Elazığ Yol İş Sendikası Şube Genel Sekreteri Sayın Ali Erdem’e geçmiş olsun ziyaretinde bulunduk.  Rabbim acil şifalar ihsan eylesin.;
https://www.instagram.com/p/DQg-kmZDLyQ/;Carousel;578;0;0;2025-11-01 16:19:28;https://scontent-hou1-1.cdninstagram.com/v/t51.82787-15/572620563_18537776266063509_1618785976088011242_n.jpg?stp=dst-jpg_e35_tt6&_nc_cat=101&ig_cache_key=Mzc1NjI3NzI3NTA5NzM2NDUzOQ%3D%3D.3-ccb7-5&ccb=7-5&_nc_sid=58cdad&efg=eyJ2ZW5jb2RlX3RhZyI6InhwaWRzLjE0NDB4OTYwLnNkci5DMyJ9&_nc_ohc=rtTjzxmaqoQQ7kNvwGwGRWY&_nc_oc=AdkdaR8sX8hC-3p4Gf8cGu7HAKDEIqSBBGyUyC-bxkLJav2jO6nRilfbazm1HQ0yUik&_nc_ad=z-m&_nc_cid=0&_nc_zt=23&_nc_ht=scontent-hou1-1.cdninstagram.com&_nc_gid=SeaI3WuawXkDAAeKRZ9Raw&oh=00_AfjTwT1rK4LWAf2S6_pWAhnTTPt6GNbPA7XDhQwVx5XIpQ&oe=69311B5B;"Türkiye Hentbol Federasyonu Başkanımız Sayın Mesut Çebi, Yönetim Kurulu Üyeleri Sayın Sinan Başer ve Doğancan Erol, Gençlik ve Spor İl Müdürümüz Sayın Abdulsamet Eren ile Seza Elazığspor Başkanımız Sayın Ahmet Feti Yılmaz’ı belediyemizde konuk ettik.  Nazik ziyaretleri için teşekkür ediyor; Hentbol Milli Takımımızın heyecan dolu mücadelesine tüm hemşehrilerimizi davet ediyorum.  Gelin, tribünleri birlikte dolduralım, millilerimize güç olalım! 🇹🇷🤾‍♂️  📅 2 Kasım 2025 Pazar – 16.00 📍 Ahmet Aytar Spor Salonu";
https://www.instagram.com/p/DQe6TdpDGqy/;Reels;1110;28;35915;2025-10-31 21:04:00;https://scontent-hou1-1.cdninstagram.com/v/t51.71878-15/573974472_3002144339975447_2788348969102607491_n.jpg?stp=dst-jpg_e15_tt6&_nc_cat=104&ig_cache_key=Mzc1NTY5NTU2MzQ2ODQ2Njg2Ng%3D%3D.3-ccb7-5&ccb=7-5&_nc_sid=58cdad&efg=eyJ2ZW5jb2RlX3RhZyI6InhwaWRzLjY0MHgxMTM2LnNkci5DMyJ9&_nc_ohc=hXWldmE3qiIQ7kNvwG5uq_7&_nc_oc=Adl-UhXHANk839NbuIOxfaIzQmDuwdm_5aax4ijpSiLbOWgbB9orLJbsYC8FQ03iVVE&_nc_ad=z-m&_nc_cid=0&_nc_zt=23&_nc_ht=scontent-hou1-1.cdninstagram.com&_nc_gid=SeaI3WuawXkDAAeKRZ9Raw&oh=00_AfgZgoo60V1DhPsdkUEEhFtgNKno9wnkFvNpxR4UEIwEmw&oe=6930FFAF;Harput’un gölgesinde, Hüseynik’in kalbinde…  Geçmişin izlerini, maneviyatını ve tarihini taşıyan mahallemizde bir kez daha gönüllere dokunduk.;
https://www.instagram.com/p/DQe2ya6DDUh/;Photo;511;34;0;2025-10-31 20:32:58;https://scontent-hou1-1.cdninstagram.com/v/t51.82787-15/573175585_18537637834063509_2165337845738901493_n.jpg?stp=dst-jpg_e35_tt6&_nc_cat=110&ig_cache_key=Mzc1NTY4MDA5ODY1MDE3NDc1Mw%3D%3D.3-ccb7-5&ccb=7-5&_nc_sid=58cdad&efg=eyJ2ZW5jb2RlX3RhZyI6InhwaWRzLjE0NDB4OTU5LnNkci5DMyJ9&_nc_ohc=Hqpfnh7XoM8Q7kNvwE61kqH&_nc_oc=AdkU2zZaGIKWMmzKM5vAvow-0XrR-ZoiN_a1ls8bQVCXPlolw49rJRvnbDzhJhzx2yA&_nc_ad=z-m&_nc_cid=0&_nc_zt=23&_nc_ht=scontent-hou1-1.cdninstagram.com&_nc_gid=SeaI3WuawXkDAAeKRZ9Raw&oh=00_AfhwQi-i8PsPWjgKMEiAQMvhxrxYsDLv8WuY7-jiwyqlIQ&oe=69310346;"Haftalık olağan toplantılarını gerçekleştiren Gençlik Kolları Başkanımız Sayın Koray Adsız ve yönetimiyle bir araya geldik.  Azmi, heyecanı ve çalışkanlığıyla gençlerimiz; Türkiye Yüzyılı’nın mimarlarıdır.";
https://www.instagram.com/p/DQe0SP4jF9r/;Carousel;871;1;0;2025-10-31 20:11:05;https://scontent-hou1-1.cdninstagram.com/v/t51.82787-15/572954025_18537634489063509_267559776190933229_n.jpg?stp=dst-jpg_e35_tt6&_nc_cat=106&ig_cache_key=Mzc1NTY2OTA4NjA1MjA3MDY5MQ%3D%3D.3-ccb7-5&ccb=7-5&_nc_sid=58cdad&efg=eyJ2ZW5jb2RlX3RhZyI6InhwaWRzLjE0NDB4OTU5LnNkci5DMyJ9&_nc_ohc=LprcG5zCYPsQ7kNvwGpH8CK&_nc_oc=Adk37kVQnTO1xdfrv4yKT06t29VztLugu789qnaWg-JAZ3p90pkIoeHHPH2vXa2M5s0&_nc_ad=z-m&_nc_cid=0&_nc_zt=23&_nc_ht=scontent-hou1-1.cdninstagram.com&_nc_gid=SeaI3WuawXkDAAeKRZ9Raw&oh=00_AfiUAhWI_DpdMRITe5hd5FvNDE1PXAxngv7OFFeUu08mzA&oe=69311CC8;📍 AK Parti Elazığ İl Başkanlığı  Merkez İlçe Başkanımız Sayın Hasan Çalışkan ve Belediye Meclis Üyelerimizle birlikte, AK Parti Grup  Toplantımızı gerçekleştirdik.  Toplantımızın hayırlara vesile olmasını diliyorum.;
https://www.instagram.com/p/DQeXd8hiJPT/;Photo;505;2;0;2025-10-31 15:59:17;https://scontent.cdninstagram.com/v/t51.82787-15/572943421_18537596377063509_1881750589824566172_n.jpg?stp=dst-jpg_e35_tt6&_nc_cat=105&ig_cache_key=Mzc1NTU0MjM1MjE5NTI2MTM5NQ%3D%3D.3-ccb7-5&ccb=7-5&_nc_sid=58cdad&efg=eyJ2ZW5jb2RlX3RhZyI6InhwaWRzLjE0NDB4OTU5LnNkci5DMyJ9&_nc_ohc=1iqWv2NJy0wQ7kNvwEIO0wK&_nc_oc=AdmBesp7wR_BJ6-oNc_4bgRuGrHjklz6zvlu82Es6_VHb9ABQHAEkEZ3hsuVHGXCm-dXBHptowW7JRdjEjhYft4P&_nc_ad=z-m&_nc_cid=0&_nc_zt=23&_nc_ht=scontent.cdninstagram.com&_nc_gid=u7DJAiALl6aYfzRQ8OxKyA&oh=00_AfjVeBGT5VWj1wScOpAsEyPVTNT-XKG-DwwHY8DvjknT5Q&oe=6930FF90;Ulukent Mahalle Muhtarımız Sayın Mustafa Taş’ı muhtarlığında ziyaret ettik.  Mahallemizde yürütülen çalışmalara ilişkin verimli bir istişare gerçekleştirdik.  Hep birlikte daha güzel bir Ulukent için çalışmaya devam edeceğiz.;
https://www.instagram.com/p/DQeUl2oCHIs/;Carousel;603;2;0;2025-10-31 15:34:09;https://scontent.cdninstagram.com/v/t51.82787-15/571687511_18537592531063509_7900305738401835660_n.jpg?stp=dst-jpg_e35_tt6&_nc_cat=100&ig_cache_key=Mzc1NTUyOTY4MDAwMzMxMDkxMQ%3D%3D.3-ccb7-5&ccb=7-5&_nc_sid=58cdad&efg=eyJ2ZW5jb2RlX3RhZyI6InhwaWRzLjE0NDB4OTU5LnNkci5DMyJ9&_nc_ohc=EDVdANtZy2sQ7kNvwHvEyzf&_nc_oc=AdmZXHVVwVUfmoOavaVfwhuZazKiZkPDx2iuSpsvHWOYzBFtlZzd9vK2TYPiFnaZPDuXWSAulXLkx89ubpHU5SVV&_nc_ad=z-m&_nc_cid=0&_nc_zt=23&_nc_ht=scontent.cdninstagram.com&_nc_gid=u7DJAiALl6aYfzRQ8OxKyA&oh=00_Afi7ut5tkdXyJaAkI7pPVfL_XGt8Gdb-vBcjBI3CGk2wZw&oe=6931223E;Kıbrıs Şehitleri İlkokulu’ndaki öğrencilerimizle bir araya geldik.  Onlar için hayata geçirdiğimiz sahada birlikte futbol oynayarak keyifli bir gün geçirdik.  Günün yorgunluğunu çocuklarımızın neşesiyle hep birlikte attık.;
https://www.instagram.com/p/DQeMS-7CAex/;Carousel;837;3;0;2025-10-31 14:21:40;https://scontent.cdninstagram.com/v/t51.82787-15/572807436_18537582226063509_83679110786888015_n.jpg?stp=dst-jpg_e35_tt6&_nc_cat=107&ig_cache_key=Mzc1NTQ5MzE5NjI3Nzc1MjAzNg%3D%3D.3-ccb7-5&ccb=7-5&_nc_sid=58cdad&efg=eyJ2ZW5jb2RlX3RhZyI6InhwaWRzLjE0NDB4OTU5LnNkci5DMyJ9&_nc_ohc=Fra_eI7-wrQQ7kNvwGlB_Yy&_nc_oc=Adl4bHUDflcBZs3OGVGXVmf8O09NqeEdrNMxtUv0N4yImuFQDXG7aON8WoD_V4CI9H65PtHXTGhug0esd-sioaRt&_nc_ad=z-m&_nc_cid=0&_nc_zt=23&_nc_ht=scontent.cdninstagram.com&_nc_gid=u7DJAiALl6aYfzRQ8OxKyA&oh=00_AfjeRET1c7MBazMn4hx5WH6uyOElTzRkGsONe_yrNDWB2g&oe=69311C43;"Ulukent Mahallemizdeyiz.📍  Mahalle Muhtarımız Sayın Mustafa Taş ve ilgili birim müdürlerimizle birlikte;  mahallemizde tamamlanan ve sürdürülen çalışmaların yanı sıra yapımı devam eden pazar alanında incelemelerde bulunduk.  Ulukent Mahallemizin ihtiyaçlarını yerinde tespit ederek çözüme kavuşturmak için çalışmalarımız devam ediyor.";
https://www.instagram.com/p/DQeJIaWCMV4/;Carousel;760;1;0;2025-10-31 13:54:00;https://scontent.cdninstagram.com/v/t51.82787-15/572525393_18537578542063509_6537379785388615681_n.jpg?stp=dst-jpg_e35_tt6&_nc_cat=104&ig_cache_key=Mzc1NTQ3OTI3OTc0NDg3NDAwMw%3D%3D.3-ccb7-5&ccb=7-5&_nc_sid=58cdad&efg=eyJ2ZW5jb2RlX3RhZyI6InhwaWRzLjE0NDB4OTU5LnNkci5DMyJ9&_nc_ohc=itMmKlpLmKgQ7kNvwHURshq&_nc_oc=Adn8xVvdzAsEHOxNpgZcWJDxmJC44Sgsi4QNqQ6OVCZVciilYifsTITsgkKsp-U1Vldlog2INslujeCP4ADoA9Qn&_nc_ad=z-m&_nc_cid=0&_nc_zt=23&_nc_ht=scontent.cdninstagram.com&_nc_gid=u7DJAiALl6aYfzRQ8OxKyA&oh=00_AfhZL8FTMp4J0wtuIDguY77EkKjIedrX2nk-h9vsuvefJA&oe=69312813;Ulukent Hüseynik Cami 📍  Mahalle Muhtarımız Sayın Mustafa Taş ile birlikte, cuma namazımızı Ulukent Mahallemizde bulunan Hüseynik Cami’mizde hemşehrilerimizle birlikte eda ettik.  Ardından vatandaşlarımızla bir araya gelerek yapılan çalışmaları değerlendirdik.;
